file_path,molecule_index,error_message
2-Manganese/Cell_YABNEW.gmol,0,
2-Manganese/Cell_YABNEW.gmol,1,
2-Manganese/Cell_GOHRIG.gmol,0,
2-Manganese/Cell_GOHRIG.gmol,1,
2-Manganese/Cell_GOHRIG.gmol,2,
2-Manganese/Cell_GOHRIG.gmol,3,
2-Manganese/Cell_GOHRIG.gmol,4,
2-Manganese/Cell_GOHRIG.gmol,5,
2-Manganese/Cell_GOHRIG.gmol,6,
2-Manganese/Cell_GOHRIG.gmol,7,
2-Manganese/Cell_GOHRIG.gmol,8,
2-Manganese/Cell_GOHRIG.gmol,9,
8-Copper/Cell_IGIREW.gmol,0,
8-Copper/Cell_IGIREW.gmol,1,
8-Copper/Cell_IGIREW.gmol,2,
8-Copper/Cell_IGIREW.gmol,3,
3-Ruthenium/Cell_QISBOJ.gmol,0,
3-Ruthenium/Cell_QISBOJ.gmol,1,
3-Ruthenium/Cell_QISBOJ.gmol,2,
3-Ruthenium/Cell_QISBOJ.gmol,3,
3-Ruthenium/Cell_QISBOJ.gmol,4,
3-Ruthenium/Cell_QISBOJ.gmol,5,
3-Ruthenium/Cell_QISBOJ.gmol,6,
3-Ruthenium/Cell_QISBOJ.gmol,7,
3-Ruthenium/Cell_QISBOJ.gmol,8,
3-Ruthenium/Cell_QISBOJ.gmol,9,
3-Ruthenium/Cell_QISBOJ.gmol,10,
3-Ruthenium/Cell_QISBOJ.gmol,11,
3-Ruthenium/Cell_SORVUQ.gmol,0,
3-Ruthenium/Cell_SORVUQ.gmol,1,
3-Ruthenium/Cell_SORVUQ.gmol,2,
3-Ruthenium/Cell_SORVUQ.gmol,3,
3-Ruthenium/Cell_SORVUQ.gmol,4,
3-Ruthenium/Cell_SORVUQ.gmol,5,
3-Ruthenium/Cell_SORVUQ.gmol,6,
3-Ruthenium/Cell_SORVUQ.gmol,7,
7-Nickel/Cell_YONQAT.gmol,0,
7-Nickel/Cell_YONQAT.gmol,1,
7-Nickel/Cell_YONQAT.gmol,2,
7-Nickel/Cell_YONQAT.gmol,3,
7-Nickel/Cell_YONQAT.gmol,4,
3-Ruthenium/Cell_HEMMUH.gmol,0,
3-Ruthenium/Cell_HEMMUH.gmol,1,
3-Ruthenium/Cell_HEMMUH.gmol,2,
3-Ruthenium/Cell_HEMMUH.gmol,3,
3-Ruthenium/Cell_HEMMUH.gmol,4,
3-Ruthenium/Cell_HEMMUH.gmol,5,
8-Copper/Cell_QIGYOX.gmol,0,
8-Copper/Cell_QIGYOX.gmol,1,
8-Copper/Cell_QIGYOX.gmol,2,
8-Copper/Cell_QIGYOX.gmol,3,
8-Copper/Cell_QIGYOX.gmol,4,
8-Copper/Cell_QIGYOX.gmol,5,
8-Copper/Cell_QIGYOX.gmol,6,
8-Copper/Cell_QIGYOX.gmol,7,
7-Nickel/Cell_MBPRNI.gmol,0,
7-Nickel/Cell_MBPRNI.gmol,1,
1-Iron/Cell_WITQEV.gmol,0,
1-Iron/Cell_WITQEV.gmol,1,
1-Iron/Cell_WITQEV.gmol,2,
1-Iron/Cell_WITQEV.gmol,3,
1-Iron/Cell_WITQEV.gmol,4,
1-Iron/Cell_WITQEV.gmol,5,
1-Iron/Cell_WITQEV.gmol,6,
1-Iron/Cell_WITQEV.gmol,7,
1-Iron/Cell_BOXCUO.gmol,0,
1-Iron/Cell_BOXCUO.gmol,1,
1-Iron/Cell_BOXCUO.gmol,2,
1-Iron/Cell_BOXCUO.gmol,3,
6-Cobalt/Cell_CIWWAH.gmol,0,
6-Cobalt/Cell_CIWWAH.gmol,1,
6-Cobalt/Cell_CIWWAH.gmol,2,
6-Cobalt/Cell_CIWWAH.gmol,3,
6-Cobalt/Cell_CIWWAH.gmol,4,
6-Cobalt/Cell_CIWWAH.gmol,5,
6-Cobalt/Cell_CIWWAH.gmol,6,
6-Cobalt/Cell_CIWWAH.gmol,7,
6-Cobalt/Cell_CIWWAH.gmol,8,
6-Cobalt/Cell_CIWWAH.gmol,9,
6-Cobalt/Cell_CIWWAH.gmol,10,
6-Cobalt/Cell_CIWWAH.gmol,11,
6-Cobalt/Cell_COKHAL.gmol,0,
6-Cobalt/Cell_COKHAL.gmol,1,
6-Cobalt/Cell_COKHAL.gmol,2,
6-Cobalt/Cell_COKHAL.gmol,3,
6-Cobalt/Cell_COKHAL.gmol,4,
6-Cobalt/Cell_COKHAL.gmol,5,
8-Copper/Cell_WUNFUI.gmol,0,
8-Copper/Cell_WUNFUI.gmol,1,
6-Cobalt/Cell_HEVDER.gmol,0,"- Covalent bonds missing from SCOPE: ['0:Co-8:C', '0:Co-9:C', '0:Co-13:C', '0:Co-14:C']
- Additional SCOPE covalent bonds: ['2:O-64:H']
- Metal bonds missing from SCOPE: ['0:Co-8:C', '0:Co-9:C', '0:Co-13:C', '0:Co-14:C']
- Different metal coordination numbers: cell2mol=[('Co', 1, 9)], SCOPE=[('Co', 1, 5)]"
6-Cobalt/Cell_HEVDER.gmol,1,"- Covalent bonds missing from SCOPE: ['0:Co-7:C', '0:Co-9:C', '0:Co-10:C', '0:Co-44:C']
- Additional SCOPE covalent bonds: ['2:O-33:H']
- Metal bonds missing from SCOPE: ['0:Co-7:C', '0:Co-9:C', '0:Co-10:C', '0:Co-44:C']
- Different metal coordination numbers: cell2mol=[('Co', 1, 9)], SCOPE=[('Co', 1, 5)]"
6-Cobalt/Cell_HEVDER.gmol,2,"- Covalent bonds missing from SCOPE: ['0:Co-7:C', '0:Co-9:C', '0:Co-10:C', '0:Co-56:C']
- Additional SCOPE covalent bonds: ['2:O-33:H']
- Metal bonds missing from SCOPE: ['0:Co-7:C', '0:Co-9:C', '0:Co-10:C', '0:Co-56:C']
- Different metal coordination numbers: cell2mol=[('Co', 1, 9)], SCOPE=[('Co', 1, 5)]"
6-Cobalt/Cell_HEVDER.gmol,3,"- Covalent bonds missing from SCOPE: ['0:Co-8:C', '0:Co-9:C', '0:Co-13:C', '0:Co-14:C']
- Additional SCOPE covalent bonds: ['2:O-64:H']
- Metal bonds missing from SCOPE: ['0:Co-8:C', '0:Co-9:C', '0:Co-13:C', '0:Co-14:C']
- Different metal coordination numbers: cell2mol=[('Co', 1, 9)], SCOPE=[('Co', 1, 5)]"
1-Iron/Cell_PUCFID.gmol,0,
1-Iron/Cell_PUCFID.gmol,1,
1-Iron/Cell_PUCFID.gmol,2,
1-Iron/Cell_PUCFID.gmol,3,
4-Rhenium/Cell_IFALUW.gmol,0,
4-Rhenium/Cell_IFALUW.gmol,1,
4-Rhenium/Cell_IFALUW.gmol,2,
4-Rhenium/Cell_IFALUW.gmol,3,
1-Iron/Cell_SUKCEH.gmol,0,
1-Iron/Cell_SUKCEH.gmol,1,
1-Iron/Cell_SUKCEH.gmol,2,
1-Iron/Cell_SUKCEH.gmol,3,
1-Iron/Cell_SUKCEH.gmol,4,
1-Iron/Cell_SUKCEH.gmol,5,
1-Iron/Cell_SUKCEH.gmol,6,
1-Iron/Cell_SUKCEH.gmol,7,
1-Iron/Cell_SUKCEH.gmol,8,
1-Iron/Cell_SUKCEH.gmol,9,
1-Iron/Cell_SUKCEH.gmol,10,
1-Iron/Cell_SUKCEH.gmol,11,
1-Iron/Cell_SUKCEH.gmol,12,
1-Iron/Cell_SUKCEH.gmol,13,
1-Iron/Cell_SUKCEH.gmol,14,
1-Iron/Cell_SUKCEH.gmol,15,
1-Iron/Cell_SUKCEH.gmol,16,
7-Nickel/Cell_XECWEJ.gmol,0,
7-Nickel/Cell_XECWEJ.gmol,1,
7-Nickel/Cell_XECWEJ.gmol,2,
7-Nickel/Cell_XECWEJ.gmol,3,
8-Copper/Cell_TOMSUK.gmol,0,
8-Copper/Cell_TOMSUK.gmol,1,
3-Ruthenium/Cell_EBAGEV.gmol,0,
3-Ruthenium/Cell_EBAGEV.gmol,1,
3-Ruthenium/Cell_EBAGEV.gmol,2,
3-Ruthenium/Cell_EBAGEV.gmol,3,
3-Ruthenium/Cell_EBAGEV.gmol,4,
3-Ruthenium/Cell_EBAGEV.gmol,5,
3-Ruthenium/Cell_EBAGEV.gmol,6,
3-Ruthenium/Cell_EBAGEV.gmol,7,
1-Iron/Cell_AETSFE.gmol,0,
1-Iron/Cell_AETSFE.gmol,1,
1-Iron/Cell_AETSFE.gmol,2,
1-Iron/Cell_AETSFE.gmol,3,
1-Iron/Cell_AETSFE.gmol,4,
1-Iron/Cell_AETSFE.gmol,5,
1-Iron/Cell_AETSFE.gmol,6,
1-Iron/Cell_AETSFE.gmol,7,
3-Ruthenium/Cell_HOTTOZ.gmol,0,
3-Ruthenium/Cell_HOTTOZ.gmol,1,
3-Ruthenium/Cell_HOTTOZ.gmol,2,
3-Ruthenium/Cell_HOTTOZ.gmol,3,
5-Chromium/Cell_WUFVIC.gmol,0,
5-Chromium/Cell_WUFVIC.gmol,1,
5-Chromium/Cell_WUFVIC.gmol,2,
5-Chromium/Cell_WUFVIC.gmol,3,
8-Copper/Cell_EGUXUZ.gmol,0,
8-Copper/Cell_EGUXUZ.gmol,1,
8-Copper/Cell_EGUXUZ.gmol,2,
8-Copper/Cell_EGUXUZ.gmol,3,
8-Copper/Cell_EGUXUZ.gmol,4,
8-Copper/Cell_EGUXUZ.gmol,5,
8-Copper/Cell_EGUXUZ.gmol,6,
8-Copper/Cell_EGUXUZ.gmol,7,
8-Copper/Cell_EGUXUZ.gmol,8,
8-Copper/Cell_EGUXUZ.gmol,9,
8-Copper/Cell_EGUXUZ.gmol,10,
8-Copper/Cell_EGUXUZ.gmol,11,
8-Copper/Cell_EGUXUZ.gmol,12,
8-Copper/Cell_EGUXUZ.gmol,13,
8-Copper/Cell_EGUXUZ.gmol,14,
8-Copper/Cell_EGUXUZ.gmol,15,
7-Nickel/Cell_SEVMIS.gmol,0,
7-Nickel/Cell_SEVMIS.gmol,1,
1-Iron/Cell_DURDEZ.gmol,0,
1-Iron/Cell_DURDEZ.gmol,1,
1-Iron/Cell_DURDEZ.gmol,2,
1-Iron/Cell_DURDEZ.gmol,3,
7-Nickel/Cell_LEHLAN.gmol,0,
7-Nickel/Cell_LEHLAN.gmol,1,
6-Cobalt/Cell_ECIFED.gmol,0,
6-Cobalt/Cell_ECIFED.gmol,1,
6-Cobalt/Cell_ECIFED.gmol,2,
6-Cobalt/Cell_ECIFED.gmol,3,
6-Cobalt/Cell_ECIFED.gmol,4,
6-Cobalt/Cell_ECIFED.gmol,5,
6-Cobalt/Cell_ECIFED.gmol,6,
6-Cobalt/Cell_ECIFED.gmol,7,
6-Cobalt/Cell_ECIFED.gmol,8,
6-Cobalt/Cell_ECIFED.gmol,9,
3-Ruthenium/Cell_AZOWER.gmol,0,
3-Ruthenium/Cell_AZOWER.gmol,1,
3-Ruthenium/Cell_AZOWER.gmol,2,
3-Ruthenium/Cell_AZOWER.gmol,3,
3-Ruthenium/Cell_AZOWER.gmol,4,
3-Ruthenium/Cell_AZOWER.gmol,5,
8-Copper/Cell_QAPNOK.gmol,0,
8-Copper/Cell_QAPNOK.gmol,1,
8-Copper/Cell_QAPNOK.gmol,2,
8-Copper/Cell_QAPNOK.gmol,3,
8-Copper/Cell_QAPNOK.gmol,4,
8-Copper/Cell_QAPNOK.gmol,5,
8-Copper/Cell_QAPNOK.gmol,6,
8-Copper/Cell_QAPNOK.gmol,7,
8-Copper/Cell_QAPNOK.gmol,8,
8-Copper/Cell_QAPNOK.gmol,9,
8-Copper/Cell_QAPNOK.gmol,10,
8-Copper/Cell_QAPNOK.gmol,11,
8-Copper/Cell_QAPNOK.gmol,12,
8-Copper/Cell_QAPNOK.gmol,13,
8-Copper/Cell_QAPNOK.gmol,14,
8-Copper/Cell_QAPNOK.gmol,15,
7-Nickel/Cell_PECNIX.gmol,0,
7-Nickel/Cell_PECNIX.gmol,1,
7-Nickel/Cell_PECNIX.gmol,2,
7-Nickel/Cell_PECNIX.gmol,3,
7-Nickel/Cell_PECNIX.gmol,4,
8-Copper/Cell_QUBVAL.gmol,0,
8-Copper/Cell_QUBVAL.gmol,1,
8-Copper/Cell_QUBVAL.gmol,2,
8-Copper/Cell_QUBVAL.gmol,3,
8-Copper/Cell_WIXKET.gmol,0,
8-Copper/Cell_WIXKET.gmol,1,
8-Copper/Cell_WIXKET.gmol,2,
8-Copper/Cell_WIXKET.gmol,3,
8-Copper/Cell_WIXKET.gmol,4,"- Covalent bonds missing from SCOPE: ['0:Cu-9:C', '0:Cu-11:C', '0:Cu-13:C', '0:Cu-22:C']
- Metal bonds missing from SCOPE: ['0:Cu-9:C', '0:Cu-11:C', '0:Cu-13:C', '0:Cu-22:C']
- Different metal coordination numbers: cell2mol=[('Cu', 2, 9)], SCOPE=[('Cu', 2, 5)]"
8-Copper/Cell_WIXKET.gmol,5,"- Covalent bonds missing from SCOPE: ['0:Cu-9:C', '0:Cu-14:C', '0:Cu-17:C', '0:Cu-45:C']
- Metal bonds missing from SCOPE: ['0:Cu-9:C', '0:Cu-14:C', '0:Cu-17:C', '0:Cu-45:C']
- Different metal coordination numbers: cell2mol=[('Cu', 2, 9)], SCOPE=[('Cu', 2, 5)]"
8-Copper/Cell_WIXKET.gmol,6,"- Covalent bonds missing from SCOPE: ['0:Cu-6:C', '0:Cu-12:C', '0:Cu-13:C', '0:Cu-44:C']
- Metal bonds missing from SCOPE: ['0:Cu-6:C', '0:Cu-12:C', '0:Cu-13:C', '0:Cu-44:C']
- Different metal coordination numbers: cell2mol=[('Cu', 2, 9)], SCOPE=[('Cu', 2, 5)]"
8-Copper/Cell_WIXKET.gmol,7,"- Covalent bonds missing from SCOPE: ['0:Cu-7:C', '0:Cu-18:C', '0:Cu-61:C', '0:Cu-63:C']
- Metal bonds missing from SCOPE: ['0:Cu-7:C', '0:Cu-18:C', '0:Cu-61:C', '0:Cu-63:C']
- Different metal coordination numbers: cell2mol=[('Cu', 2, 9)], SCOPE=[('Cu', 2, 5)]"
6-Cobalt/Cell_MOMTUE.gmol,0,
6-Cobalt/Cell_MOMTUE.gmol,1,
6-Cobalt/Cell_MOMTUE.gmol,2,
6-Cobalt/Cell_MOMTUE.gmol,3,
6-Cobalt/Cell_MOMTUE.gmol,4,
6-Cobalt/Cell_MOMTUE.gmol,5,
6-Cobalt/Cell_MOMTUE.gmol,6,
6-Cobalt/Cell_MOMTUE.gmol,7,
6-Cobalt/Cell_LEPCOB.gmol,0,
6-Cobalt/Cell_LEPCOB.gmol,1,
6-Cobalt/Cell_LEPCOB.gmol,2,
6-Cobalt/Cell_LEPCOB.gmol,3,
1-Iron/Cell_NEJBIN.gmol,0,
1-Iron/Cell_NEJBIN.gmol,1,
1-Iron/Cell_NEJBIN.gmol,2,
1-Iron/Cell_NEJBIN.gmol,3,
1-Iron/Cell_NEJBIN.gmol,4,
1-Iron/Cell_NEJBIN.gmol,5,
1-Iron/Cell_NEJBIN.gmol,6,
1-Iron/Cell_NEJBIN.gmol,7,
5-Chromium/Cell_VOYJIC.gmol,0,
5-Chromium/Cell_VOYJIC.gmol,1,
5-Chromium/Cell_VOYJIC.gmol,2,
5-Chromium/Cell_VOYJIC.gmol,3,
8-Copper/Cell_OJOQIP.gmol,0,
8-Copper/Cell_OJOQIP.gmol,1,
8-Copper/Cell_OJOQIP.gmol,2,
8-Copper/Cell_OJOQIP.gmol,3,
7-Nickel/Cell_NAXRUB.gmol,0,
7-Nickel/Cell_NAXRUB.gmol,1,
7-Nickel/Cell_NAXRUB.gmol,2,
7-Nickel/Cell_NAXRUB.gmol,3,
7-Nickel/Cell_NAXRUB.gmol,4,
1-Iron/Cell_YOZYIW.gmol,0,
1-Iron/Cell_YOZYIW.gmol,1,
1-Iron/Cell_YOZYIW.gmol,2,
1-Iron/Cell_YOZYIW.gmol,3,
8-Copper/Cell_NIWKIO.gmol,0,
8-Copper/Cell_NIWKIO.gmol,1,
8-Copper/Cell_NIWKIO.gmol,2,
8-Copper/Cell_NIWKIO.gmol,3,
8-Copper/Cell_NIWKIO.gmol,4,
8-Copper/Cell_NIWKIO.gmol,5,
7-Nickel/Cell_REYROE.gmol,0,
7-Nickel/Cell_REYROE.gmol,1,
7-Nickel/Cell_ZEQLOZ.gmol,0,
7-Nickel/Cell_ZEQLOZ.gmol,1,
7-Nickel/Cell_ZEQLOZ.gmol,2,
7-Nickel/Cell_ZEQLOZ.gmol,3,
7-Nickel/Cell_ZEQLOZ.gmol,4,
7-Nickel/Cell_ZEQLOZ.gmol,5,
7-Nickel/Cell_ZEQLOZ.gmol,6,
7-Nickel/Cell_ZEQLOZ.gmol,7,
7-Nickel/Cell_ZEQLOZ.gmol,8,
7-Nickel/Cell_ZEQLOZ.gmol,9,
7-Nickel/Cell_ZEQLOZ.gmol,10,
7-Nickel/Cell_ZEQLOZ.gmol,11,
8-Copper/Cell_VUWPEI.gmol,0,
8-Copper/Cell_VUWPEI.gmol,1,
8-Copper/Cell_VUWPEI.gmol,2,
8-Copper/Cell_VUWPEI.gmol,3,
8-Copper/Cell_VUWPEI.gmol,4,
8-Copper/Cell_VUWPEI.gmol,5,
7-Nickel/Cell_FEFJOQ.gmol,0,
7-Nickel/Cell_FEFJOQ.gmol,1,
7-Nickel/Cell_FEFJOQ.gmol,2,
7-Nickel/Cell_FEFJOQ.gmol,3,
7-Nickel/Cell_FEFJOQ.gmol,4,
7-Nickel/Cell_FEFJOQ.gmol,5,
7-Nickel/Cell_FEFJOQ.gmol,6,
7-Nickel/Cell_FEFJOQ.gmol,7,
7-Nickel/Cell_FEFJOQ.gmol,8,
7-Nickel/Cell_FEFJOQ.gmol,9,
7-Nickel/Cell_FEFJOQ.gmol,10,
7-Nickel/Cell_FEFJOQ.gmol,11,
8-Copper/Cell_TARLOO.gmol,0,
8-Copper/Cell_TARLOO.gmol,1,
8-Copper/Cell_TARLOO.gmol,2,
8-Copper/Cell_TARLOO.gmol,3,
8-Copper/Cell_TARLOO.gmol,4,
8-Copper/Cell_TARLOO.gmol,5,
8-Copper/Cell_KEBZIB.gmol,0,
8-Copper/Cell_KEBZIB.gmol,1,
2-Manganese/Cell_OGEBEK.gmol,0,
2-Manganese/Cell_OGEBEK.gmol,1,
2-Manganese/Cell_OGEBEK.gmol,2,
2-Manganese/Cell_OGEBEK.gmol,3,
2-Manganese/Cell_OGEBEK.gmol,4,
2-Manganese/Cell_OGEBEK.gmol,5,
6-Cobalt/Cell_FITWUB.gmol,0,
6-Cobalt/Cell_FITWUB.gmol,1,
1-Iron/Cell_MEZBOI.gmol,0,
1-Iron/Cell_MEZBOI.gmol,1,
1-Iron/Cell_MEZBOI.gmol,2,
1-Iron/Cell_MEZBOI.gmol,3,
6-Cobalt/Cell_YEDKIB.gmol,0,
1-Iron/Cell_MIPLEE.gmol,0,
1-Iron/Cell_MIPLEE.gmol,1,
4-Rhenium/Cell_NUSPEW.gmol,0,
4-Rhenium/Cell_NUSPEW.gmol,1,
4-Rhenium/Cell_NUSPEW.gmol,2,
4-Rhenium/Cell_NUSPEW.gmol,3,
4-Rhenium/Cell_NUSPEW.gmol,4,
4-Rhenium/Cell_NUSPEW.gmol,5,
4-Rhenium/Cell_NUSPEW.gmol,6,
4-Rhenium/Cell_NUSPEW.gmol,7,
4-Rhenium/Cell_NUSPEW.gmol,8,
4-Rhenium/Cell_NUSPEW.gmol,9,
4-Rhenium/Cell_NUSPEW.gmol,10,
4-Rhenium/Cell_NUSPEW.gmol,11,
8-Copper/Cell_BOQBOA.gmol,0,
8-Copper/Cell_BOQBOA.gmol,1,
3-Ruthenium/Cell_YUVSIR.gmol,0,
3-Ruthenium/Cell_YUVSIR.gmol,1,
3-Ruthenium/Cell_YUVSIR.gmol,2,
3-Ruthenium/Cell_YUVSIR.gmol,3,
3-Ruthenium/Cell_YUVSIR.gmol,4,
3-Ruthenium/Cell_YUVSIR.gmol,5,
3-Ruthenium/Cell_YUVSIR.gmol,6,
3-Ruthenium/Cell_YUVSIR.gmol,7,
7-Nickel/Cell_NEYVUI.gmol,0,
7-Nickel/Cell_NEYVUI.gmol,1,
1-Iron/Cell_ZIMKOX.gmol,0,
1-Iron/Cell_ZIMKOX.gmol,1,
6-Cobalt/Cell_BAMPAH.gmol,0,
6-Cobalt/Cell_BAMPAH.gmol,1,
6-Cobalt/Cell_BAMPAH.gmol,2,
6-Cobalt/Cell_BAMPAH.gmol,3,
6-Cobalt/Cell_BAMPAH.gmol,4,
6-Cobalt/Cell_BAMPAH.gmol,5,
6-Cobalt/Cell_BAMPAH.gmol,6,
6-Cobalt/Cell_BAMPAH.gmol,7,
6-Cobalt/Cell_BAMPAH.gmol,8,
6-Cobalt/Cell_BAMPAH.gmol,9,
6-Cobalt/Cell_BAMPAH.gmol,10,
6-Cobalt/Cell_BAMPAH.gmol,11,
2-Manganese/Cell_MOTPIV.gmol,0,
2-Manganese/Cell_MOTPIV.gmol,1,
2-Manganese/Cell_MOTPIV.gmol,2,
2-Manganese/Cell_MOTPIV.gmol,3,
2-Manganese/Cell_MOTPIV.gmol,4,
2-Manganese/Cell_MOTPIV.gmol,5,
2-Manganese/Cell_MOTPIV.gmol,6,
2-Manganese/Cell_MOTPIV.gmol,7,
2-Manganese/Cell_MOTPIV.gmol,8,
2-Manganese/Cell_MOTPIV.gmol,9,
2-Manganese/Cell_MOTPIV.gmol,10,
2-Manganese/Cell_MOTPIV.gmol,11,
2-Manganese/Cell_MOTPIV.gmol,12,
2-Manganese/Cell_MOTPIV.gmol,13,
2-Manganese/Cell_MOTPIV.gmol,14,
2-Manganese/Cell_MOTPIV.gmol,15,
2-Manganese/Cell_MOTPIV.gmol,16,
2-Manganese/Cell_MOTPIV.gmol,17,
2-Manganese/Cell_MOTPIV.gmol,18,
2-Manganese/Cell_MOTPIV.gmol,19,
2-Manganese/Cell_MOTPIV.gmol,20,
2-Manganese/Cell_MOTPIV.gmol,21,
2-Manganese/Cell_MOTPIV.gmol,22,
2-Manganese/Cell_MOTPIV.gmol,23,
1-Iron/Cell_QALZUZ.gmol,0,
1-Iron/Cell_QALZUZ.gmol,1,
1-Iron/Cell_QALZUZ.gmol,2,
1-Iron/Cell_QALZUZ.gmol,3,
1-Iron/Cell_QALZUZ.gmol,4,
1-Iron/Cell_QALZUZ.gmol,5,
1-Iron/Cell_QALZUZ.gmol,6,
1-Iron/Cell_QALZUZ.gmol,7,
8-Copper/Cell_CIPJOD.gmol,0,
8-Copper/Cell_CIPJOD.gmol,1,
8-Copper/Cell_CIPJOD.gmol,2,
8-Copper/Cell_CIPJOD.gmol,3,
8-Copper/Cell_CIPJOD.gmol,4,
8-Copper/Cell_CIPJOD.gmol,5,
8-Copper/Cell_EDUNEX.gmol,0,
8-Copper/Cell_EDUNEX.gmol,1,
8-Copper/Cell_EDUNEX.gmol,2,
8-Copper/Cell_EDUNEX.gmol,3,
7-Nickel/Cell_NOCKUO.gmol,0,
7-Nickel/Cell_NOCKUO.gmol,1,
4-Rhenium/Cell_IYEXAM.gmol,0,
4-Rhenium/Cell_IYEXAM.gmol,1,
4-Rhenium/Cell_IYEXAM.gmol,2,
4-Rhenium/Cell_IYEXAM.gmol,3,
3-Ruthenium/Cell_TOTVEG.gmol,0,
3-Ruthenium/Cell_TOTVEG.gmol,1,
3-Ruthenium/Cell_TOTVEG.gmol,2,
3-Ruthenium/Cell_TOTVEG.gmol,3,
3-Ruthenium/Cell_TOTVEG.gmol,4,
3-Ruthenium/Cell_TOTVEG.gmol,5,
3-Ruthenium/Cell_TOTVEG.gmol,6,
3-Ruthenium/Cell_TOTVEG.gmol,7,
8-Copper/Cell_MOSZIE.gmol,0,
8-Copper/Cell_MOSZIE.gmol,1,
8-Copper/Cell_MOSZIE.gmol,2,
8-Copper/Cell_MOSZIE.gmol,3,
8-Copper/Cell_MOSZIE.gmol,4,
8-Copper/Cell_MOSZIE.gmol,5,
8-Copper/Cell_MOSZIE.gmol,6,
8-Copper/Cell_MOSZIE.gmol,7,
8-Copper/Cell_MOSZIE.gmol,8,
8-Copper/Cell_MOSZIE.gmol,9,
8-Copper/Cell_MOSZIE.gmol,10,
8-Copper/Cell_MOSZIE.gmol,11,
7-Nickel/Cell_IQIPAA.gmol,0,
7-Nickel/Cell_IQIPAA.gmol,1,
7-Nickel/Cell_IQIPAA.gmol,2,
7-Nickel/Cell_IQIPAA.gmol,3,
7-Nickel/Cell_IQIPAA.gmol,4,
7-Nickel/Cell_IQIPAA.gmol,5,
1-Iron/Cell_NAMJAO.gmol,0,
1-Iron/Cell_NAMJAO.gmol,1,
1-Iron/Cell_NAMJAO.gmol,2,
1-Iron/Cell_NAMJAO.gmol,3,
1-Iron/Cell_NAMJAO.gmol,4,
1-Iron/Cell_NAMJAO.gmol,5,
1-Iron/Cell_NAMJAO.gmol,6,
1-Iron/Cell_NAMJAO.gmol,7,
1-Iron/Cell_NAMJAO.gmol,8,
1-Iron/Cell_NAMJAO.gmol,9,
1-Iron/Cell_NAMJAO.gmol,10,
1-Iron/Cell_NAMJAO.gmol,11,
7-Nickel/Cell_ELAHAA.gmol,0,
7-Nickel/Cell_ELAHAA.gmol,1,
8-Copper/Cell_MUNHUA.gmol,0,
8-Copper/Cell_MUNHUA.gmol,1,
8-Copper/Cell_MUNHUA.gmol,2,
8-Copper/Cell_MUNHUA.gmol,3,
8-Copper/Cell_MUNHUA.gmol,4,
8-Copper/Cell_MUNHUA.gmol,5,
8-Copper/Cell_MUNHUA.gmol,6,
8-Copper/Cell_MUNHUA.gmol,7,
8-Copper/Cell_MUNHUA.gmol,8,
8-Copper/Cell_MUNHUA.gmol,9,
8-Copper/Cell_MUNHUA.gmol,10,
8-Copper/Cell_MUNHUA.gmol,11,
1-Iron/Cell_ZOJYOP.gmol,0,
1-Iron/Cell_ZOJYOP.gmol,1,
1-Iron/Cell_ZOJYOP.gmol,2,
1-Iron/Cell_ZOJYOP.gmol,3,
7-Nickel/Cell_QOQJAH.gmol,0,
7-Nickel/Cell_QOQJAH.gmol,1,
7-Nickel/Cell_QOQJAH.gmol,2,
7-Nickel/Cell_QOQJAH.gmol,3,
7-Nickel/Cell_QOQJAH.gmol,4,
7-Nickel/Cell_QOQJAH.gmol,5,
7-Nickel/Cell_QOQJAH.gmol,6,
7-Nickel/Cell_QOQJAH.gmol,7,
6-Cobalt/Cell_KIXKAE.gmol,0,
6-Cobalt/Cell_KIXKAE.gmol,1,
6-Cobalt/Cell_KIXKAE.gmol,2,
6-Cobalt/Cell_KIXKAE.gmol,3,
6-Cobalt/Cell_KIXKAE.gmol,4,
8-Copper/Cell_XUTXOZ.gmol,0,
8-Copper/Cell_XUTXOZ.gmol,1,
8-Copper/Cell_XUTXOZ.gmol,2,
8-Copper/Cell_XUTXOZ.gmol,3,
1-Iron/Cell_XAXDEG.gmol,0,
1-Iron/Cell_XAXDEG.gmol,1,
1-Iron/Cell_XAXDEG.gmol,2,
1-Iron/Cell_XAXDEG.gmol,3,
1-Iron/Cell_XAXDEG.gmol,4,
1-Iron/Cell_XAXDEG.gmol,5,
1-Iron/Cell_XAXDEG.gmol,6,
1-Iron/Cell_XAXDEG.gmol,7,
5-Chromium/Cell_LONMUW.gmol,0,
5-Chromium/Cell_LONMUW.gmol,1,
5-Chromium/Cell_LONMUW.gmol,2,
5-Chromium/Cell_LONMUW.gmol,3,
6-Cobalt/Cell_AVEVIH.gmol,0,
6-Cobalt/Cell_AVEVIH.gmol,1,
6-Cobalt/Cell_AVEVIH.gmol,2,
4-Rhenium/Cell_FEQFAI.gmol,0,
4-Rhenium/Cell_FEQFAI.gmol,1,
4-Rhenium/Cell_FEQFAI.gmol,2,
4-Rhenium/Cell_FEQFAI.gmol,3,
7-Nickel/Cell_YAFHOE.gmol,0,
7-Nickel/Cell_YAFHOE.gmol,1,
7-Nickel/Cell_YAFHOE.gmol,2,
7-Nickel/Cell_YAFHOE.gmol,3,
1-Iron/Cell_IFILIU.gmol,0,
1-Iron/Cell_IFILIU.gmol,1,
8-Copper/Cell_MISVUF.gmol,0,
8-Copper/Cell_MISVUF.gmol,1,
7-Nickel/Cell_KEDFUV.gmol,0,
8-Copper/Cell_BIKDIL.gmol,0,
8-Copper/Cell_BIKDIL.gmol,1,
8-Copper/Cell_BIKDIL.gmol,2,
8-Copper/Cell_BIKDIL.gmol,3,
4-Rhenium/Cell_XOLKIS.gmol,0,
4-Rhenium/Cell_XOLKIS.gmol,1,
4-Rhenium/Cell_XOLKIS.gmol,2,
4-Rhenium/Cell_XOLKIS.gmol,3,
7-Nickel/Cell_FADHEY.gmol,0,
7-Nickel/Cell_FADHEY.gmol,1,
8-Copper/Cell_QICGOB.gmol,0,
8-Copper/Cell_QICGOB.gmol,1,
8-Copper/Cell_QUXFEV.gmol,0,
8-Copper/Cell_QUXFEV.gmol,1,
8-Copper/Cell_QUXFEV.gmol,2,
8-Copper/Cell_QUXFEV.gmol,3,
8-Copper/Cell_QAGNEU.gmol,0,
8-Copper/Cell_QAGNEU.gmol,1,
8-Copper/Cell_QAGNEU.gmol,2,
8-Copper/Cell_QAGNEU.gmol,3,
8-Copper/Cell_QAGNEU.gmol,4,
8-Copper/Cell_QAGNEU.gmol,5,
8-Copper/Cell_QAGNEU.gmol,6,
8-Copper/Cell_QAGNEU.gmol,7,
8-Copper/Cell_QAGNEU.gmol,8,
8-Copper/Cell_QAGNEU.gmol,9,
8-Copper/Cell_QAGNEU.gmol,10,
8-Copper/Cell_QAGNEU.gmol,11,
8-Copper/Cell_QAGNEU.gmol,12,
8-Copper/Cell_QAGNEU.gmol,13,
8-Copper/Cell_QAGNEU.gmol,14,
8-Copper/Cell_QAGNEU.gmol,15,
8-Copper/Cell_QAGNEU.gmol,16,
8-Copper/Cell_QAGNEU.gmol,17,
8-Copper/Cell_QAGNEU.gmol,18,
8-Copper/Cell_QAGNEU.gmol,19,
8-Copper/Cell_QAGNEU.gmol,20,
8-Copper/Cell_QAGNEU.gmol,21,
8-Copper/Cell_QAGNEU.gmol,22,
8-Copper/Cell_QAGNEU.gmol,23,
8-Copper/Cell_QAGNEU.gmol,24,
8-Copper/Cell_QAGNEU.gmol,25,
8-Copper/Cell_QAGNEU.gmol,26,
8-Copper/Cell_QAGNEU.gmol,27,
8-Copper/Cell_QAGNEU.gmol,28,
8-Copper/Cell_QAGNEU.gmol,29,
8-Copper/Cell_QAGNEU.gmol,30,
8-Copper/Cell_QAGNEU.gmol,31,
8-Copper/Cell_BUDWAA.gmol,0,
8-Copper/Cell_BUDWAA.gmol,1,
7-Nickel/Cell_XUJVUT.gmol,0,
7-Nickel/Cell_XUJVUT.gmol,1,
3-Ruthenium/Cell_ODOWOT.gmol,0,
3-Ruthenium/Cell_ODOWOT.gmol,1,
8-Copper/Cell_YIMCIG.gmol,0,
8-Copper/Cell_YIMCIG.gmol,1,
1-Iron/Cell_WUKDIQ.gmol,0,
1-Iron/Cell_WUKDIQ.gmol,1,
1-Iron/Cell_WUKDIQ.gmol,2,
1-Iron/Cell_WUKDIQ.gmol,3,
1-Iron/Cell_WATJEJ.gmol,0,
1-Iron/Cell_WATJEJ.gmol,1,
1-Iron/Cell_WATJEJ.gmol,2,
1-Iron/Cell_WATJEJ.gmol,3,
3-Ruthenium/Cell_RIZVOM.gmol,0,
3-Ruthenium/Cell_RIZVOM.gmol,1,
3-Ruthenium/Cell_RIZVOM.gmol,2,
3-Ruthenium/Cell_RIZVOM.gmol,3,
4-Rhenium/Cell_RAFWEC.gmol,0,
4-Rhenium/Cell_RAFWEC.gmol,1,
4-Rhenium/Cell_RAFWEC.gmol,2,
4-Rhenium/Cell_RAFWEC.gmol,3,
4-Rhenium/Cell_RAFWEC.gmol,4,
4-Rhenium/Cell_RAFWEC.gmol,5,
4-Rhenium/Cell_RAFWEC.gmol,6,
4-Rhenium/Cell_RAFWEC.gmol,7,
6-Cobalt/Cell_IQUGEG.gmol,0,
6-Cobalt/Cell_IQUGEG.gmol,1,
6-Cobalt/Cell_IQUGEG.gmol,2,
6-Cobalt/Cell_IQUGEG.gmol,3,
8-Copper/Cell_SINMEH.gmol,0,
8-Copper/Cell_SINMEH.gmol,1,
8-Copper/Cell_SINMEH.gmol,2,
8-Copper/Cell_SINMEH.gmol,3,
8-Copper/Cell_SINMEH.gmol,4,
8-Copper/Cell_SINMEH.gmol,5,
2-Manganese/Cell_VUTGOJ.gmol,0,
2-Manganese/Cell_VUTGOJ.gmol,1,
2-Manganese/Cell_VUTGOJ.gmol,2,
2-Manganese/Cell_VUTGOJ.gmol,3,
4-Rhenium/Cell_LENGUH.gmol,0,
4-Rhenium/Cell_LENGUH.gmol,1,
4-Rhenium/Cell_LENGUH.gmol,2,
2-Manganese/Cell_CEXJEW.gmol,0,
2-Manganese/Cell_CEXJEW.gmol,1,
2-Manganese/Cell_CEXJEW.gmol,2,
2-Manganese/Cell_CEXJEW.gmol,3,
2-Manganese/Cell_CEXJEW.gmol,4,
2-Manganese/Cell_CEXJEW.gmol,5,
2-Manganese/Cell_CEXJEW.gmol,6,
2-Manganese/Cell_CEXJEW.gmol,7,
2-Manganese/Cell_CEXJEW.gmol,8,
2-Manganese/Cell_CEXJEW.gmol,9,
2-Manganese/Cell_CEXJEW.gmol,10,
2-Manganese/Cell_CEXJEW.gmol,11,
3-Ruthenium/Cell_UPESUF.gmol,0,
3-Ruthenium/Cell_UPESUF.gmol,1,
3-Ruthenium/Cell_UPESUF.gmol,2,
3-Ruthenium/Cell_UPESUF.gmol,3,
7-Nickel/Cell_BICWEQ.gmol,0,
7-Nickel/Cell_DOSSOV.gmol,0,
7-Nickel/Cell_DOSSOV.gmol,1,
7-Nickel/Cell_DOSSOV.gmol,2,
7-Nickel/Cell_DOSSOV.gmol,3,
6-Cobalt/Cell_WEVHAH.gmol,0,
6-Cobalt/Cell_WEVHAH.gmol,1,
6-Cobalt/Cell_WEVHAH.gmol,2,
6-Cobalt/Cell_WEVHAH.gmol,3,
1-Iron/Cell_LAYVOX.gmol,0,
1-Iron/Cell_LAYVOX.gmol,1,
1-Iron/Cell_LAYVOX.gmol,2,
1-Iron/Cell_LAYVOX.gmol,3,
6-Cobalt/Cell_EJOVEE.gmol,0,
6-Cobalt/Cell_EJOVEE.gmol,1,
6-Cobalt/Cell_EJOVEE.gmol,2,
6-Cobalt/Cell_EJOVEE.gmol,3,
6-Cobalt/Cell_EJOVEE.gmol,4,
6-Cobalt/Cell_EJOVEE.gmol,5,
6-Cobalt/Cell_EJOVEE.gmol,6,
6-Cobalt/Cell_EJOVEE.gmol,7,
1-Iron/Cell_ZIFFOL.gmol,0,
1-Iron/Cell_ZIFFOL.gmol,1,
1-Iron/Cell_GATNOF.gmol,0,
1-Iron/Cell_GATNOF.gmol,1,
1-Iron/Cell_GATNOF.gmol,2,
1-Iron/Cell_GATNOF.gmol,3,
8-Copper/Cell_CAJREN.gmol,0,
8-Copper/Cell_CAJREN.gmol,1,
8-Copper/Cell_CAJREN.gmol,2,
8-Copper/Cell_CAJREN.gmol,3,
8-Copper/Cell_CAJREN.gmol,4,
8-Copper/Cell_CAJREN.gmol,5,
8-Copper/Cell_CAJREN.gmol,6,
8-Copper/Cell_CAJREN.gmol,7,
4-Rhenium/Cell_OGEKAM.gmol,0,
4-Rhenium/Cell_OGEKAM.gmol,1,
4-Rhenium/Cell_OGEKAM.gmol,2,
4-Rhenium/Cell_OGEKAM.gmol,3,
7-Nickel/Cell_SEBQAS.gmol,0,
7-Nickel/Cell_SEBQAS.gmol,1,
7-Nickel/Cell_SEBQAS.gmol,2,
3-Ruthenium/Cell_FISVAF.gmol,0,
3-Ruthenium/Cell_FISVAF.gmol,1,
3-Ruthenium/Cell_FISVAF.gmol,2,
3-Ruthenium/Cell_FISVAF.gmol,3,
3-Ruthenium/Cell_FISVAF.gmol,4,
3-Ruthenium/Cell_FISVAF.gmol,5,
3-Ruthenium/Cell_FISVAF.gmol,6,
3-Ruthenium/Cell_FISVAF.gmol,7,
4-Rhenium/Cell_LIJFIT.gmol,0,
4-Rhenium/Cell_LIJFIT.gmol,1,
4-Rhenium/Cell_LIJFIT.gmol,2,
4-Rhenium/Cell_LIJFIT.gmol,3,
6-Cobalt/Cell_CILZOP.gmol,0,
6-Cobalt/Cell_CILZOP.gmol,1,
6-Cobalt/Cell_CILZOP.gmol,2,
6-Cobalt/Cell_CILZOP.gmol,3,
6-Cobalt/Cell_CILZOP.gmol,4,
6-Cobalt/Cell_CILZOP.gmol,5,
1-Iron/Cell_KIXVUJ.gmol,0,
1-Iron/Cell_KIXVUJ.gmol,1,
1-Iron/Cell_KIXVUJ.gmol,2,
1-Iron/Cell_KIXVUJ.gmol,3,
1-Iron/Cell_KIXVUJ.gmol,4,
1-Iron/Cell_KIXVUJ.gmol,5,
1-Iron/Cell_KIXVUJ.gmol,6,
1-Iron/Cell_KIXVUJ.gmol,7,
1-Iron/Cell_KIXVUJ.gmol,8,
1-Iron/Cell_KIXVUJ.gmol,9,
1-Iron/Cell_KIXVUJ.gmol,10,
1-Iron/Cell_KIXVUJ.gmol,11,
6-Cobalt/Cell_PADFEH.gmol,0,
6-Cobalt/Cell_PADFEH.gmol,1,
7-Nickel/Cell_AXITIM.gmol,0,
7-Nickel/Cell_AXITIM.gmol,1,
7-Nickel/Cell_AXITIM.gmol,2,
7-Nickel/Cell_AXITIM.gmol,3,
7-Nickel/Cell_AXITIM.gmol,4,
7-Nickel/Cell_AXITIM.gmol,5,
6-Cobalt/Cell_XEDQOP.gmol,0,
6-Cobalt/Cell_XEDQOP.gmol,1,
6-Cobalt/Cell_XEDQOP.gmol,2,
6-Cobalt/Cell_XEDQOP.gmol,3,
6-Cobalt/Cell_XEDQOP.gmol,4,
6-Cobalt/Cell_XEDQOP.gmol,5,
6-Cobalt/Cell_XEDQOP.gmol,6,
6-Cobalt/Cell_XEDQOP.gmol,7,
6-Cobalt/Cell_XEDQOP.gmol,8,
6-Cobalt/Cell_XEDQOP.gmol,9,
7-Nickel/Cell_QOBKEZ.gmol,0,
7-Nickel/Cell_QOBKEZ.gmol,1,
7-Nickel/Cell_QOBKEZ.gmol,2,
7-Nickel/Cell_QOBKEZ.gmol,3,
7-Nickel/Cell_QOBKEZ.gmol,4,
7-Nickel/Cell_QOBKEZ.gmol,5,
7-Nickel/Cell_QOBKEZ.gmol,6,
7-Nickel/Cell_QOBKEZ.gmol,7,
6-Cobalt/Cell_ECIDUR.gmol,0,
6-Cobalt/Cell_ECIDUR.gmol,1,
6-Cobalt/Cell_ECIDUR.gmol,2,
6-Cobalt/Cell_ECIDUR.gmol,3,
6-Cobalt/Cell_ECIDUR.gmol,4,
6-Cobalt/Cell_ECIDUR.gmol,5,
6-Cobalt/Cell_ECIDUR.gmol,6,
6-Cobalt/Cell_ECIDUR.gmol,7,
6-Cobalt/Cell_ECIDUR.gmol,8,
6-Cobalt/Cell_ECIDUR.gmol,9,
8-Copper/Cell_KAKWOL.gmol,0,
8-Copper/Cell_KAKWOL.gmol,1,
8-Copper/Cell_KAKWOL.gmol,2,
8-Copper/Cell_KAKWOL.gmol,3,
8-Copper/Cell_KAKWOL.gmol,4,
8-Copper/Cell_KAKWOL.gmol,5,
8-Copper/Cell_KAKWOL.gmol,6,
8-Copper/Cell_KAKWOL.gmol,7,
8-Copper/Cell_KAKWOL.gmol,8,
8-Copper/Cell_KAKWOL.gmol,9,
8-Copper/Cell_KAKWOL.gmol,10,
8-Copper/Cell_KAKWOL.gmol,11,
7-Nickel/Cell_DUKMAY.gmol,0,
3-Ruthenium/Cell_QUHPOY.gmol,0,
3-Ruthenium/Cell_QUHPOY.gmol,1,
3-Ruthenium/Cell_QUHPOY.gmol,2,
3-Ruthenium/Cell_QUHPOY.gmol,3,
8-Copper/Cell_KUGWUG.gmol,0,
8-Copper/Cell_KUGWUG.gmol,1,
8-Copper/Cell_KUGWUG.gmol,2,
8-Copper/Cell_KUGWUG.gmol,3,
8-Copper/Cell_KUGWUG.gmol,4,
8-Copper/Cell_KUGWUG.gmol,5,
8-Copper/Cell_KUGWUG.gmol,6,
8-Copper/Cell_KUGWUG.gmol,7,
8-Copper/Cell_KUGWUG.gmol,8,
8-Copper/Cell_KUGWUG.gmol,9,
8-Copper/Cell_KUGWUG.gmol,10,
8-Copper/Cell_KUGWUG.gmol,11,
7-Nickel/Cell_AKOWIH.gmol,0,
7-Nickel/Cell_AKOWIH.gmol,1,
1-Iron/Cell_HOLMOK.gmol,0,
1-Iron/Cell_HOLMOK.gmol,1,
1-Iron/Cell_HOLMOK.gmol,2,
1-Iron/Cell_HOLMOK.gmol,3,
1-Iron/Cell_HOLMOK.gmol,4,
1-Iron/Cell_HOLMOK.gmol,5,
7-Nickel/Cell_RUPTAY.gmol,0,
7-Nickel/Cell_RUPTAY.gmol,1,
7-Nickel/Cell_RUPTAY.gmol,2,
7-Nickel/Cell_RUPTAY.gmol,3,
7-Nickel/Cell_RUPTAY.gmol,4,
7-Nickel/Cell_RUPTAY.gmol,5,
8-Copper/Cell_XECHIZ.gmol,0,
8-Copper/Cell_XECHIZ.gmol,1,
8-Copper/Cell_XECHIZ.gmol,2,
8-Copper/Cell_XECHIZ.gmol,3,
1-Iron/Cell_DOYROZ.gmol,0,
1-Iron/Cell_DOYROZ.gmol,1,
1-Iron/Cell_DOYROZ.gmol,2,
1-Iron/Cell_DOYROZ.gmol,3,
1-Iron/Cell_DOYROZ.gmol,4,
1-Iron/Cell_DOYROZ.gmol,5,
1-Iron/Cell_DOYROZ.gmol,6,
1-Iron/Cell_DOYROZ.gmol,7,
7-Nickel/Cell_MIXLIO.gmol,0,
7-Nickel/Cell_MIXLIO.gmol,1,
7-Nickel/Cell_MIXLIO.gmol,2,
7-Nickel/Cell_MIXLIO.gmol,3,
8-Copper/Cell_SEWJIP.gmol,0,
8-Copper/Cell_SEWJIP.gmol,1,
8-Copper/Cell_SEWJIP.gmol,2,
8-Copper/Cell_SEWJIP.gmol,3,
8-Copper/Cell_SEWJIP.gmol,4,
8-Copper/Cell_SEWJIP.gmol,5,
7-Nickel/Cell_TOYQUV.gmol,0,
7-Nickel/Cell_TOYQUV.gmol,1,
7-Nickel/Cell_TOYQUV.gmol,2,
7-Nickel/Cell_TOYQUV.gmol,3,
1-Iron/Cell_WUQBER.gmol,0,
1-Iron/Cell_WUQBER.gmol,1,
8-Copper/Cell_DOHWED.gmol,0,
8-Copper/Cell_DOHWED.gmol,1,
8-Copper/Cell_DEVJUK.gmol,0,
8-Copper/Cell_DEVJUK.gmol,1,
8-Copper/Cell_DEVJUK.gmol,2,
8-Copper/Cell_DEVJUK.gmol,3,
3-Ruthenium/Cell_ZALGEY.gmol,0,
3-Ruthenium/Cell_ZALGEY.gmol,1,
3-Ruthenium/Cell_ZALGEY.gmol,2,
3-Ruthenium/Cell_ZALGEY.gmol,3,
3-Ruthenium/Cell_ZALGEY.gmol,4,
3-Ruthenium/Cell_ZALGEY.gmol,5,
3-Ruthenium/Cell_ZALGEY.gmol,6,
3-Ruthenium/Cell_ZALGEY.gmol,7,
3-Ruthenium/Cell_ZALGEY.gmol,8,
3-Ruthenium/Cell_ZALGEY.gmol,9,
3-Ruthenium/Cell_ZALGEY.gmol,10,
3-Ruthenium/Cell_ZALGEY.gmol,11,
8-Copper/Cell_APUYOB.gmol,0,
8-Copper/Cell_APUYOB.gmol,1,
8-Copper/Cell_WAKPEF.gmol,0,
8-Copper/Cell_WAKPEF.gmol,1,
8-Copper/Cell_WAKPEF.gmol,2,
8-Copper/Cell_WAKPEF.gmol,3,
8-Copper/Cell_WAKPEF.gmol,4,
8-Copper/Cell_WAKPEF.gmol,5,
8-Copper/Cell_WAKPEF.gmol,6,
8-Copper/Cell_WAKPEF.gmol,7,
8-Copper/Cell_WAKPEF.gmol,8,
8-Copper/Cell_WAKPEF.gmol,9,
8-Copper/Cell_WAKPEF.gmol,10,
8-Copper/Cell_WAKPEF.gmol,11,
6-Cobalt/Cell_TOLTET.gmol,0,
6-Cobalt/Cell_TOLTET.gmol,1,
6-Cobalt/Cell_TOLTET.gmol,2,
6-Cobalt/Cell_TOLTET.gmol,3,
8-Copper/Cell_CIWJOI.gmol,0,
8-Copper/Cell_KUYXAF.gmol,0,
8-Copper/Cell_KUYXAF.gmol,1,
8-Copper/Cell_KUYXAF.gmol,2,
8-Copper/Cell_KUYXAF.gmol,3,
8-Copper/Cell_KUYXAF.gmol,4,
8-Copper/Cell_KUYXAF.gmol,5,
6-Cobalt/Cell_EFOMOE.gmol,0,
6-Cobalt/Cell_EFOMOE.gmol,1,
8-Copper/Cell_WEJYIV.gmol,0,
8-Copper/Cell_WEJYIV.gmol,1,
8-Copper/Cell_WEJYIV.gmol,2,
8-Copper/Cell_WEJYIV.gmol,3,
8-Copper/Cell_WEJYIV.gmol,4,
8-Copper/Cell_WEJYIV.gmol,5,
8-Copper/Cell_WEJYIV.gmol,6,
8-Copper/Cell_WEJYIV.gmol,7,
8-Copper/Cell_WEJYIV.gmol,8,
8-Copper/Cell_WEJYIV.gmol,9,
4-Rhenium/Cell_YAYSUM.gmol,0,
4-Rhenium/Cell_YAYSUM.gmol,1,
4-Rhenium/Cell_YAYSUM.gmol,2,
4-Rhenium/Cell_YAYSUM.gmol,3,
4-Rhenium/Cell_YAYSUM.gmol,4,
4-Rhenium/Cell_YAYSUM.gmol,5,
4-Rhenium/Cell_YAYSUM.gmol,6,
4-Rhenium/Cell_YAYSUM.gmol,7,
7-Nickel/Cell_AFOMAK.gmol,0,
7-Nickel/Cell_AFOMAK.gmol,1,
7-Nickel/Cell_AFOMAK.gmol,2,
7-Nickel/Cell_AFOMAK.gmol,3,
7-Nickel/Cell_WAKKEY.gmol,0,
7-Nickel/Cell_WAKKEY.gmol,1,
7-Nickel/Cell_WAKKEY.gmol,2,
7-Nickel/Cell_WAKKEY.gmol,3,
7-Nickel/Cell_WAKKEY.gmol,4,
7-Nickel/Cell_WAKKEY.gmol,5,
7-Nickel/Cell_GIVMEF.gmol,0,
7-Nickel/Cell_GIVMEF.gmol,1,
7-Nickel/Cell_GIVMEF.gmol,2,
7-Nickel/Cell_GIVMEF.gmol,3,
6-Cobalt/Cell_XUSCIY.gmol,0,
6-Cobalt/Cell_XUSCIY.gmol,1,
6-Cobalt/Cell_XUSCIY.gmol,2,
6-Cobalt/Cell_XUSCIY.gmol,3,
6-Cobalt/Cell_XUSCIY.gmol,4,
6-Cobalt/Cell_XUSCIY.gmol,5,
6-Cobalt/Cell_XUSCIY.gmol,6,
6-Cobalt/Cell_XUSCIY.gmol,7,
5-Chromium/Cell_TOHNEJ.gmol,0,
5-Chromium/Cell_TOHNEJ.gmol,1,
3-Ruthenium/Cell_KIMLID.gmol,0,
3-Ruthenium/Cell_KIMLID.gmol,1,
3-Ruthenium/Cell_KIMLID.gmol,2,
3-Ruthenium/Cell_KIMLID.gmol,3,
8-Copper/Cell_REDZUX.gmol,0,
8-Copper/Cell_REDZUX.gmol,1,
8-Copper/Cell_VEQGUW.gmol,0,
8-Copper/Cell_VEQGUW.gmol,1,
8-Copper/Cell_VEQGUW.gmol,2,
8-Copper/Cell_VEQGUW.gmol,3,
8-Copper/Cell_JIDHOW.gmol,0,
8-Copper/Cell_YEDXAJ.gmol,0,
3-Ruthenium/Cell_PECBIJ.gmol,0,
3-Ruthenium/Cell_PECBIJ.gmol,1,
3-Ruthenium/Cell_PECBIJ.gmol,2,
3-Ruthenium/Cell_PECBIJ.gmol,3,
8-Copper/Cell_DUBVAA.gmol,0,
8-Copper/Cell_DUBVAA.gmol,1,
8-Copper/Cell_DUBVAA.gmol,2,
8-Copper/Cell_DUBVAA.gmol,3,
8-Copper/Cell_DUBVAA.gmol,4,
8-Copper/Cell_DUBVAA.gmol,5,
2-Manganese/Cell_DAHCAT.gmol,0,
2-Manganese/Cell_DAHCAT.gmol,1,
2-Manganese/Cell_DAHCAT.gmol,2,
2-Manganese/Cell_DAHCAT.gmol,3,
2-Manganese/Cell_DAHCAT.gmol,4,
2-Manganese/Cell_DAHCAT.gmol,5,
2-Manganese/Cell_DAHCAT.gmol,6,
2-Manganese/Cell_DAHCAT.gmol,7,
8-Copper/Cell_EKEJUZ.gmol,0,
8-Copper/Cell_EKEJUZ.gmol,1,
8-Copper/Cell_EKEJUZ.gmol,2,
8-Copper/Cell_EKEJUZ.gmol,3,
8-Copper/Cell_EKEJUZ.gmol,4,
8-Copper/Cell_EKEJUZ.gmol,5,
8-Copper/Cell_EKEJUZ.gmol,6,
8-Copper/Cell_EKEJUZ.gmol,7,
2-Manganese/Cell_TOTWUX.gmol,0,
2-Manganese/Cell_TOTWUX.gmol,1,
2-Manganese/Cell_YUDFOS.gmol,0,
2-Manganese/Cell_YUDFOS.gmol,1,
2-Manganese/Cell_VAYWEY.gmol,0,
2-Manganese/Cell_VAYWEY.gmol,1,
6-Cobalt/Cell_JARTAX.gmol,0,
6-Cobalt/Cell_JARTAX.gmol,1,
6-Cobalt/Cell_JARTAX.gmol,2,
6-Cobalt/Cell_JARTAX.gmol,3,
6-Cobalt/Cell_JARTAX.gmol,4,
6-Cobalt/Cell_JARTAX.gmol,5,
7-Nickel/Cell_BUGDEN.gmol,0,
7-Nickel/Cell_BUGDEN.gmol,1,
7-Nickel/Cell_BUGDEN.gmol,2,
7-Nickel/Cell_BUGDEN.gmol,3,
7-Nickel/Cell_BUGDEN.gmol,4,
7-Nickel/Cell_BUGDEN.gmol,5,
7-Nickel/Cell_BUGDEN.gmol,6,
7-Nickel/Cell_BUGDEN.gmol,7,
7-Nickel/Cell_BUGDEN.gmol,8,
7-Nickel/Cell_BUGDEN.gmol,9,
7-Nickel/Cell_BUGDEN.gmol,10,
7-Nickel/Cell_BUGDEN.gmol,11,
7-Nickel/Cell_BUGDEN.gmol,12,
7-Nickel/Cell_BUGDEN.gmol,13,
7-Nickel/Cell_BUGDEN.gmol,14,
7-Nickel/Cell_BUGDEN.gmol,15,
7-Nickel/Cell_BUGDEN.gmol,16,
7-Nickel/Cell_BUGDEN.gmol,17,
7-Nickel/Cell_BUGDEN.gmol,18,
7-Nickel/Cell_BUGDEN.gmol,19,
7-Nickel/Cell_BUGDEN.gmol,20,
7-Nickel/Cell_BUGDEN.gmol,21,
7-Nickel/Cell_BUGDEN.gmol,22,
7-Nickel/Cell_BUGDEN.gmol,23,
7-Nickel/Cell_BUGDEN.gmol,24,
7-Nickel/Cell_BUGDEN.gmol,25,
7-Nickel/Cell_BUGDEN.gmol,26,
7-Nickel/Cell_BUGDEN.gmol,27,
7-Nickel/Cell_BUGDEN.gmol,28,
7-Nickel/Cell_BUGDEN.gmol,29,
7-Nickel/Cell_BUGDEN.gmol,30,
7-Nickel/Cell_BUGDEN.gmol,31,
7-Nickel/Cell_DOZPOA.gmol,0,
7-Nickel/Cell_DOZPOA.gmol,1,
7-Nickel/Cell_DOZPOA.gmol,2,
7-Nickel/Cell_DOZPOA.gmol,3,
7-Nickel/Cell_DOZPOA.gmol,4,
7-Nickel/Cell_DOZPOA.gmol,5,
7-Nickel/Cell_NETTOX.gmol,0,
7-Nickel/Cell_NETTOX.gmol,1,
7-Nickel/Cell_NETTOX.gmol,2,
7-Nickel/Cell_NETTOX.gmol,3,
5-Chromium/Cell_JOGVOQ.gmol,0,
5-Chromium/Cell_JOGVOQ.gmol,1,
5-Chromium/Cell_JOGVOQ.gmol,2,
5-Chromium/Cell_JOGVOQ.gmol,3,
1-Iron/Cell_WUMPOL.gmol,0,
1-Iron/Cell_WUMPOL.gmol,1,
1-Iron/Cell_WUMPOL.gmol,2,
1-Iron/Cell_WUMPOL.gmol,3,
1-Iron/Cell_SAVTAN.gmol,0,
1-Iron/Cell_SAVTAN.gmol,1,
1-Iron/Cell_SAVTAN.gmol,2,
1-Iron/Cell_SAVTAN.gmol,3,
1-Iron/Cell_SAVTAN.gmol,4,
8-Copper/Cell_EVETEG.gmol,0,
8-Copper/Cell_EVETEG.gmol,1,
8-Copper/Cell_EVETEG.gmol,2,
8-Copper/Cell_EVETEG.gmol,3,
8-Copper/Cell_OROXOL.gmol,0,
8-Copper/Cell_OROXOL.gmol,1,
8-Copper/Cell_OROXOL.gmol,2,
8-Copper/Cell_OROXOL.gmol,3,
8-Copper/Cell_OROXOL.gmol,4,
8-Copper/Cell_OROXOL.gmol,5,
8-Copper/Cell_OROXOL.gmol,6,
8-Copper/Cell_OROXOL.gmol,7,
8-Copper/Cell_UDOBOE.gmol,0,
8-Copper/Cell_UDOBOE.gmol,1,
8-Copper/Cell_UDOBOE.gmol,2,
8-Copper/Cell_UDOBOE.gmol,3,
8-Copper/Cell_UDOBOE.gmol,4,
8-Copper/Cell_UDOBOE.gmol,5,
8-Copper/Cell_UDOBOE.gmol,6,
8-Copper/Cell_UDOBOE.gmol,7,
8-Copper/Cell_UDOBOE.gmol,8,
8-Copper/Cell_UDOBOE.gmol,9,
8-Copper/Cell_EMENAM.gmol,0,
8-Copper/Cell_EMENAM.gmol,1,
8-Copper/Cell_EMENAM.gmol,2,
8-Copper/Cell_EMENAM.gmol,3,
8-Copper/Cell_EMENAM.gmol,4,
8-Copper/Cell_EMENAM.gmol,5,
8-Copper/Cell_EMENAM.gmol,6,
8-Copper/Cell_EMENAM.gmol,7,
3-Ruthenium/Cell_QAJKIZ.gmol,0,
3-Ruthenium/Cell_QAJKIZ.gmol,1,
3-Ruthenium/Cell_MIKXUB.gmol,0,
3-Ruthenium/Cell_MIKXUB.gmol,1,
3-Ruthenium/Cell_MIKXUB.gmol,2,
3-Ruthenium/Cell_MIKXUB.gmol,3,
3-Ruthenium/Cell_MIKXUB.gmol,4,
3-Ruthenium/Cell_MIKXUB.gmol,5,
3-Ruthenium/Cell_MIKXUB.gmol,6,
3-Ruthenium/Cell_MIKXUB.gmol,7,
3-Ruthenium/Cell_MIKXUB.gmol,8,
3-Ruthenium/Cell_MIKXUB.gmol,9,
3-Ruthenium/Cell_MIKXUB.gmol,10,
3-Ruthenium/Cell_MIKXUB.gmol,11,
8-Copper/Cell_SUMHIS.gmol,0,
8-Copper/Cell_SUMHIS.gmol,1,
1-Iron/Cell_VAHFAO.gmol,0,
1-Iron/Cell_VAHFAO.gmol,1,
1-Iron/Cell_VAHFAO.gmol,2,
1-Iron/Cell_VAHFAO.gmol,3,
8-Copper/Cell_ZUDJIR.gmol,0,
8-Copper/Cell_ZUDJIR.gmol,1,
8-Copper/Cell_ZUDJIR.gmol,2,
8-Copper/Cell_ZUDJIR.gmol,3,
8-Copper/Cell_ZUDJIR.gmol,4,
8-Copper/Cell_ZUDJIR.gmol,5,
8-Copper/Cell_ZUDJIR.gmol,6,
8-Copper/Cell_ZUDJIR.gmol,7,
1-Iron/Cell_AQOGIX.gmol,0,
1-Iron/Cell_AQOGIX.gmol,1,
1-Iron/Cell_AQOGIX.gmol,2,
1-Iron/Cell_AQOGIX.gmol,3,
1-Iron/Cell_AQOGIX.gmol,4,
1-Iron/Cell_AQOGIX.gmol,5,
7-Nickel/Cell_VISROE.gmol,0,
7-Nickel/Cell_VISROE.gmol,1,
7-Nickel/Cell_VISROE.gmol,2,
7-Nickel/Cell_VISROE.gmol,3,
7-Nickel/Cell_VISROE.gmol,4,
7-Nickel/Cell_VISROE.gmol,5,
7-Nickel/Cell_VISROE.gmol,6,
7-Nickel/Cell_VISROE.gmol,7,
7-Nickel/Cell_VISROE.gmol,8,
7-Nickel/Cell_VISROE.gmol,9,
7-Nickel/Cell_VISROE.gmol,10,
7-Nickel/Cell_VISROE.gmol,11,
7-Nickel/Cell_VISROE.gmol,12,
7-Nickel/Cell_VISROE.gmol,13,
7-Nickel/Cell_VISROE.gmol,14,
7-Nickel/Cell_VISROE.gmol,15,
7-Nickel/Cell_DALXEV.gmol,0,
7-Nickel/Cell_DALXEV.gmol,1,
7-Nickel/Cell_DALXEV.gmol,2,
7-Nickel/Cell_DALXEV.gmol,3,
7-Nickel/Cell_DALXEV.gmol,4,
7-Nickel/Cell_DALXEV.gmol,5,
7-Nickel/Cell_DALXEV.gmol,6,
7-Nickel/Cell_DALXEV.gmol,7,
7-Nickel/Cell_DALXEV.gmol,8,
7-Nickel/Cell_DALXEV.gmol,9,
7-Nickel/Cell_DALXEV.gmol,10,
7-Nickel/Cell_DALXEV.gmol,11,
7-Nickel/Cell_DALXEV.gmol,12,
7-Nickel/Cell_DALXEV.gmol,13,
7-Nickel/Cell_DALXEV.gmol,14,
7-Nickel/Cell_DALXEV.gmol,15,
7-Nickel/Cell_DALXEV.gmol,16,
7-Nickel/Cell_DALXEV.gmol,17,
7-Nickel/Cell_DALXEV.gmol,18,
7-Nickel/Cell_DALXEV.gmol,19,
7-Nickel/Cell_DALXEV.gmol,20,
7-Nickel/Cell_DALXEV.gmol,21,
7-Nickel/Cell_DALXEV.gmol,22,
7-Nickel/Cell_DALXEV.gmol,23,
6-Cobalt/Cell_NIZDUY.gmol,0,
6-Cobalt/Cell_NIZDUY.gmol,1,
6-Cobalt/Cell_NIZDUY.gmol,2,
6-Cobalt/Cell_NIZDUY.gmol,3,
6-Cobalt/Cell_NIZDUY.gmol,4,
6-Cobalt/Cell_NIZDUY.gmol,5,
6-Cobalt/Cell_NIZDUY.gmol,6,
6-Cobalt/Cell_NIZDUY.gmol,7,
6-Cobalt/Cell_FITXAI.gmol,0,
6-Cobalt/Cell_FITXAI.gmol,1,
6-Cobalt/Cell_FITXAI.gmol,2,
6-Cobalt/Cell_FITXAI.gmol,3,
8-Copper/Cell_KINNON.gmol,0,
8-Copper/Cell_KINNON.gmol,1,
7-Nickel/Cell_DETHUI.gmol,0,
7-Nickel/Cell_DETHUI.gmol,1,
8-Copper/Cell_KEXHUQ.gmol,0,
8-Copper/Cell_KEXHUQ.gmol,1,
8-Copper/Cell_IGINES.gmol,0,
8-Copper/Cell_IGINES.gmol,1,
7-Nickel/Cell_LOKZOA.gmol,0,
7-Nickel/Cell_LOKZOA.gmol,1,
7-Nickel/Cell_TAQSUA.gmol,0,
7-Nickel/Cell_TAQSUA.gmol,1,
7-Nickel/Cell_TAQSUA.gmol,2,
7-Nickel/Cell_TAQSUA.gmol,3,
7-Nickel/Cell_TAQSUA.gmol,4,
7-Nickel/Cell_TAQSUA.gmol,5,
7-Nickel/Cell_TAQSUA.gmol,6,
7-Nickel/Cell_TAQSUA.gmol,7,
7-Nickel/Cell_TAQSUA.gmol,8,
7-Nickel/Cell_TAQSUA.gmol,9,
7-Nickel/Cell_TAQSUA.gmol,10,
7-Nickel/Cell_TAQSUA.gmol,11,
7-Nickel/Cell_TAQSUA.gmol,12,
7-Nickel/Cell_TAQSUA.gmol,13,
7-Nickel/Cell_TAQSUA.gmol,14,
7-Nickel/Cell_TAQSUA.gmol,15,
7-Nickel/Cell_TAQSUA.gmol,16,
7-Nickel/Cell_TAQSUA.gmol,17,
7-Nickel/Cell_TAQSUA.gmol,18,
7-Nickel/Cell_TAQSUA.gmol,19,
1-Iron/Cell_PUQLAP.gmol,0,
1-Iron/Cell_PUQLAP.gmol,1,
1-Iron/Cell_PUQLAP.gmol,2,
1-Iron/Cell_PUQLAP.gmol,3,
1-Iron/Cell_PUQLAP.gmol,4,
1-Iron/Cell_PUQLAP.gmol,5,
1-Iron/Cell_PUQLAP.gmol,6,
1-Iron/Cell_PUQLAP.gmol,7,
8-Copper/Cell_HAWKAR.gmol,0,
4-Rhenium/Cell_OFUFUT.gmol,0,
4-Rhenium/Cell_OFUFUT.gmol,1,
4-Rhenium/Cell_OFUFUT.gmol,2,
4-Rhenium/Cell_OFUFUT.gmol,3,
4-Rhenium/Cell_OFUFUT.gmol,4,
4-Rhenium/Cell_OFUFUT.gmol,5,
4-Rhenium/Cell_OFUFUT.gmol,6,
4-Rhenium/Cell_OFUFUT.gmol,7,
2-Manganese/Cell_JAQDEN.gmol,0,
2-Manganese/Cell_JAQDEN.gmol,1,
2-Manganese/Cell_JAQDEN.gmol,2,
2-Manganese/Cell_JAQDEN.gmol,3,
2-Manganese/Cell_JAQDEN.gmol,4,
2-Manganese/Cell_JAQDEN.gmol,5,
2-Manganese/Cell_JAQDEN.gmol,6,
2-Manganese/Cell_JAQDEN.gmol,7,
2-Manganese/Cell_JAQDEN.gmol,8,
2-Manganese/Cell_JAQDEN.gmol,9,
7-Nickel/Cell_NUTBUA.gmol,0,
7-Nickel/Cell_NUTBUA.gmol,1,
7-Nickel/Cell_NUTBUA.gmol,2,
7-Nickel/Cell_NUTBUA.gmol,3,
8-Copper/Cell_SISFEF.gmol,0,
8-Copper/Cell_SISFEF.gmol,1,
1-Iron/Cell_YAJLAW.gmol,0,
1-Iron/Cell_YAJLAW.gmol,1,
1-Iron/Cell_YAJLAW.gmol,2,
1-Iron/Cell_YAJLAW.gmol,3,
1-Iron/Cell_YAJLAW.gmol,4,
1-Iron/Cell_YAJLAW.gmol,5,
1-Iron/Cell_YAJLAW.gmol,6,
1-Iron/Cell_YAJLAW.gmol,7,
8-Copper/Cell_NEDPUI.gmol,0,
8-Copper/Cell_NEDPUI.gmol,1,
8-Copper/Cell_NEDPUI.gmol,2,
8-Copper/Cell_NEDPUI.gmol,3,
8-Copper/Cell_NEDPUI.gmol,4,
8-Copper/Cell_NEDPUI.gmol,5,
3-Ruthenium/Cell_XOTKAT.gmol,0,
3-Ruthenium/Cell_XOTKAT.gmol,1,
3-Ruthenium/Cell_XOTKAT.gmol,2,
3-Ruthenium/Cell_XOTKAT.gmol,3,
8-Copper/Cell_ROBLIF.gmol,0,
8-Copper/Cell_ROBLIF.gmol,1,
8-Copper/Cell_ROBLIF.gmol,2,
8-Copper/Cell_ROBLIF.gmol,3,
8-Copper/Cell_CUDKEU.gmol,0,
8-Copper/Cell_CUDKEU.gmol,1,
8-Copper/Cell_CUDKEU.gmol,2,
8-Copper/Cell_CUDKEU.gmol,3,
8-Copper/Cell_CUDKEU.gmol,4,
8-Copper/Cell_CUDKEU.gmol,5,
8-Copper/Cell_CUDKEU.gmol,6,
8-Copper/Cell_CUDKEU.gmol,7,
8-Copper/Cell_CUDKEU.gmol,8,
8-Copper/Cell_CUDKEU.gmol,9,
8-Copper/Cell_FIJZOP.gmol,0,
8-Copper/Cell_FIJZOP.gmol,1,
8-Copper/Cell_FIJZOP.gmol,2,
8-Copper/Cell_FIJZOP.gmol,3,
7-Nickel/Cell_JIQBUH.gmol,0,
7-Nickel/Cell_JIQBUH.gmol,1,
7-Nickel/Cell_JIQBUH.gmol,2,
7-Nickel/Cell_BEBPOP.gmol,0,
7-Nickel/Cell_BEBPOP.gmol,1,
7-Nickel/Cell_BEBPOP.gmol,2,
7-Nickel/Cell_BEBPOP.gmol,3,
8-Copper/Cell_BEQMUF.gmol,0,
8-Copper/Cell_BEQMUF.gmol,1,
6-Cobalt/Cell_WAJDOA.gmol,0,
6-Cobalt/Cell_WAJDOA.gmol,1,
6-Cobalt/Cell_WAJDOA.gmol,2,
6-Cobalt/Cell_WAJDOA.gmol,3,
6-Cobalt/Cell_VENTAL.gmol,0,
6-Cobalt/Cell_VENTAL.gmol,1,
3-Ruthenium/Cell_ADIPEL.gmol,0,
3-Ruthenium/Cell_ADIPEL.gmol,1,
3-Ruthenium/Cell_ADIPEL.gmol,2,
3-Ruthenium/Cell_ADIPEL.gmol,3,
3-Ruthenium/Cell_ADIPEL.gmol,4,
3-Ruthenium/Cell_ADIPEL.gmol,5,
3-Ruthenium/Cell_ADIPEL.gmol,6,
3-Ruthenium/Cell_ADIPEL.gmol,7,
3-Ruthenium/Cell_ADIPEL.gmol,8,
3-Ruthenium/Cell_ADIPEL.gmol,9,
3-Ruthenium/Cell_ADIPEL.gmol,10,
3-Ruthenium/Cell_ADIPEL.gmol,11,
3-Ruthenium/Cell_FEFGUT.gmol,0,
3-Ruthenium/Cell_FEFGUT.gmol,1,
3-Ruthenium/Cell_FEFGUT.gmol,2,
3-Ruthenium/Cell_FEFGUT.gmol,3,
6-Cobalt/Cell_PYITCC.gmol,0,
8-Copper/Cell_MATROP.gmol,0,
8-Copper/Cell_MATROP.gmol,1,
8-Copper/Cell_MATROP.gmol,2,
8-Copper/Cell_MATROP.gmol,3,
7-Nickel/Cell_YEHMUT.gmol,0,
7-Nickel/Cell_YEHMUT.gmol,1,
7-Nickel/Cell_YEHMUT.gmol,2,
7-Nickel/Cell_YEHMUT.gmol,3,
8-Copper/Cell_BACYUA.gmol,0,
8-Copper/Cell_BACYUA.gmol,1,
8-Copper/Cell_BACYUA.gmol,2,
8-Copper/Cell_BACYUA.gmol,3,
8-Copper/Cell_BACYUA.gmol,4,
8-Copper/Cell_BACYUA.gmol,5,
7-Nickel/Cell_WOPROJ.gmol,0,
7-Nickel/Cell_WOPROJ.gmol,1,
7-Nickel/Cell_WOPROJ.gmol,2,
7-Nickel/Cell_WOPROJ.gmol,3,
2-Manganese/Cell_EZUTUP.gmol,0,
2-Manganese/Cell_EZUTUP.gmol,1,
2-Manganese/Cell_EZUTUP.gmol,2,
2-Manganese/Cell_EZUTUP.gmol,3,
2-Manganese/Cell_EZUTUP.gmol,4,
2-Manganese/Cell_EZUTUP.gmol,5,
2-Manganese/Cell_EZUTUP.gmol,6,
2-Manganese/Cell_EZUTUP.gmol,7,
2-Manganese/Cell_EZUTUP.gmol,8,
2-Manganese/Cell_EZUTUP.gmol,9,
2-Manganese/Cell_EZUTUP.gmol,10,
2-Manganese/Cell_EZUTUP.gmol,11,
2-Manganese/Cell_EZUTUP.gmol,12,
2-Manganese/Cell_EZUTUP.gmol,13,
1-Iron/Cell_ALALAA.gmol,0,
1-Iron/Cell_ALALAA.gmol,1,
8-Copper/Cell_ROKPEP.gmol,0,
8-Copper/Cell_ROKPEP.gmol,1,
8-Copper/Cell_ROKPEP.gmol,2,
8-Copper/Cell_ROKPEP.gmol,3,
8-Copper/Cell_LAXPEI.gmol,0,
8-Copper/Cell_LAXPEI.gmol,1,
8-Copper/Cell_LAXPEI.gmol,2,
8-Copper/Cell_LAXPEI.gmol,3,
8-Copper/Cell_LAXPEI.gmol,4,
8-Copper/Cell_LAXPEI.gmol,5,
8-Copper/Cell_LAXPEI.gmol,6,
8-Copper/Cell_LAXPEI.gmol,7,
3-Ruthenium/Cell_MOSLAH.gmol,0,
3-Ruthenium/Cell_MOSLAH.gmol,1,
3-Ruthenium/Cell_MOSLAH.gmol,2,
3-Ruthenium/Cell_MOSLAH.gmol,3,
1-Iron/Cell_ZELCUQ.gmol,0,
1-Iron/Cell_ZELCUQ.gmol,1,
1-Iron/Cell_ZELCUQ.gmol,2,
1-Iron/Cell_ZELCUQ.gmol,3,
1-Iron/Cell_ZELCUQ.gmol,4,
1-Iron/Cell_ZELCUQ.gmol,5,
1-Iron/Cell_ZELCUQ.gmol,6,
1-Iron/Cell_ZELCUQ.gmol,7,
7-Nickel/Cell_VEMSAK.gmol,0,
7-Nickel/Cell_VEMSAK.gmol,1,
7-Nickel/Cell_VEMSAK.gmol,2,
7-Nickel/Cell_VEMSAK.gmol,3,
7-Nickel/Cell_VEMSAK.gmol,4,
7-Nickel/Cell_VEMSAK.gmol,5,
3-Ruthenium/Cell_IFEYUN.gmol,0,
3-Ruthenium/Cell_IFEYUN.gmol,1,
3-Ruthenium/Cell_IFEYUN.gmol,2,
3-Ruthenium/Cell_IFEYUN.gmol,3,
8-Copper/Cell_YISLUH.gmol,0,
8-Copper/Cell_YISLUH.gmol,1,
8-Copper/Cell_YISLUH.gmol,2,
8-Copper/Cell_YISLUH.gmol,3,
1-Iron/Cell_XOSMIE.gmol,0,
1-Iron/Cell_XOSMIE.gmol,1,
6-Cobalt/Cell_VULJOD.gmol,0,
6-Cobalt/Cell_VULJOD.gmol,1,
6-Cobalt/Cell_VULJOD.gmol,2,
6-Cobalt/Cell_VULJOD.gmol,3,
6-Cobalt/Cell_VULJOD.gmol,4,
6-Cobalt/Cell_VULJOD.gmol,5,
6-Cobalt/Cell_VULJOD.gmol,6,
6-Cobalt/Cell_VULJOD.gmol,7,
6-Cobalt/Cell_VULJOD.gmol,8,
6-Cobalt/Cell_VULJOD.gmol,9,
6-Cobalt/Cell_VULJOD.gmol,10,
6-Cobalt/Cell_VULJOD.gmol,11,
1-Iron/Cell_OROBEF.gmol,0,
1-Iron/Cell_OROBEF.gmol,1,
1-Iron/Cell_OROBEF.gmol,2,
1-Iron/Cell_OROBEF.gmol,3,
1-Iron/Cell_OROBEF.gmol,4,
1-Iron/Cell_OROBEF.gmol,5,
1-Iron/Cell_OROBEF.gmol,6,
1-Iron/Cell_OROBEF.gmol,7,
1-Iron/Cell_OROBEF.gmol,8,
1-Iron/Cell_OROBEF.gmol,9,
7-Nickel/Cell_FUGBOZ.gmol,0,
7-Nickel/Cell_FUGBOZ.gmol,1,
7-Nickel/Cell_FUGBOZ.gmol,2,
7-Nickel/Cell_FUGBOZ.gmol,3,
7-Nickel/Cell_FUGBOZ.gmol,4,
7-Nickel/Cell_FUGBOZ.gmol,5,
8-Copper/Cell_PAFZUR.gmol,0,
8-Copper/Cell_PAFZUR.gmol,1,
7-Nickel/Cell_SOZCOC.gmol,0,
7-Nickel/Cell_SOZCOC.gmol,1,
7-Nickel/Cell_SOZCOC.gmol,2,
7-Nickel/Cell_SOZCOC.gmol,3,
6-Cobalt/Cell_VAWGIL.gmol,0,
6-Cobalt/Cell_VAWGIL.gmol,1,
6-Cobalt/Cell_VAWGIL.gmol,2,
6-Cobalt/Cell_VAWGIL.gmol,3,
6-Cobalt/Cell_VAWGIL.gmol,4,
6-Cobalt/Cell_VAWGIL.gmol,5,
6-Cobalt/Cell_WELPIM.gmol,0,
6-Cobalt/Cell_WELPIM.gmol,1,
6-Cobalt/Cell_WELPIM.gmol,2,
6-Cobalt/Cell_WELPIM.gmol,3,
6-Cobalt/Cell_WELPIM.gmol,4,
6-Cobalt/Cell_WELPIM.gmol,5,
6-Cobalt/Cell_WELPIM.gmol,6,
6-Cobalt/Cell_WELPIM.gmol,7,
6-Cobalt/Cell_CPMBIC.gmol,0,
6-Cobalt/Cell_CPMBIC.gmol,1,
1-Iron/Cell_BAPGIJ.gmol,0,
1-Iron/Cell_BAPGIJ.gmol,1,
1-Iron/Cell_BAPGIJ.gmol,2,
1-Iron/Cell_BAPGIJ.gmol,3,
7-Nickel/Cell_CASWIC.gmol,0,
7-Nickel/Cell_CASWIC.gmol,1,
7-Nickel/Cell_CASWIC.gmol,2,
7-Nickel/Cell_CASWIC.gmol,3,
8-Copper/Cell_HODVUR.gmol,0,
8-Copper/Cell_HODVUR.gmol,1,
8-Copper/Cell_LALJUF.gmol,0,
8-Copper/Cell_LALJUF.gmol,1,
8-Copper/Cell_LALJUF.gmol,2,
8-Copper/Cell_LALJUF.gmol,3,
6-Cobalt/Cell_BENKAI.gmol,0,
7-Nickel/Cell_BEZDIV.gmol,0,
7-Nickel/Cell_BEZDIV.gmol,1,
7-Nickel/Cell_BEZDIV.gmol,2,
7-Nickel/Cell_BEZDIV.gmol,3,
7-Nickel/Cell_BEZDIV.gmol,4,
7-Nickel/Cell_BEZDIV.gmol,5,
7-Nickel/Cell_BEZDIV.gmol,6,
7-Nickel/Cell_BEZDIV.gmol,7,
3-Ruthenium/Cell_CAGLAY.gmol,0,
3-Ruthenium/Cell_CAGLAY.gmol,1,
3-Ruthenium/Cell_CAGLAY.gmol,2,
3-Ruthenium/Cell_CAGLAY.gmol,3,
7-Nickel/Cell_HACYEP.gmol,0,
7-Nickel/Cell_HACYEP.gmol,1,
7-Nickel/Cell_HACYEP.gmol,2,
7-Nickel/Cell_HACYEP.gmol,3,
7-Nickel/Cell_HACYEP.gmol,4,
7-Nickel/Cell_HACYEP.gmol,5,
7-Nickel/Cell_HACYEP.gmol,6,
7-Nickel/Cell_HACYEP.gmol,7,
7-Nickel/Cell_HACYEP.gmol,8,
7-Nickel/Cell_HACYEP.gmol,9,
7-Nickel/Cell_HACYEP.gmol,10,
7-Nickel/Cell_HACYEP.gmol,11,
8-Copper/Cell_JUHXIT.gmol,0,
8-Copper/Cell_JUHXIT.gmol,1,
1-Iron/Cell_XIHVIT.gmol,0,
1-Iron/Cell_XIHVIT.gmol,1,
1-Iron/Cell_XIHVIT.gmol,2,
1-Iron/Cell_XIHVIT.gmol,3,
1-Iron/Cell_XIHVIT.gmol,4,
1-Iron/Cell_XIHVIT.gmol,5,
6-Cobalt/Cell_WINTUK.gmol,0,
6-Cobalt/Cell_WINTUK.gmol,1,
6-Cobalt/Cell_WINTUK.gmol,2,
6-Cobalt/Cell_WINTUK.gmol,3,
6-Cobalt/Cell_WINTUK.gmol,4,
6-Cobalt/Cell_WINTUK.gmol,5,
6-Cobalt/Cell_WINTUK.gmol,6,
6-Cobalt/Cell_WINTUK.gmol,7,
6-Cobalt/Cell_WINTUK.gmol,8,
6-Cobalt/Cell_WINTUK.gmol,9,
6-Cobalt/Cell_WINTUK.gmol,10,
6-Cobalt/Cell_WINTUK.gmol,11,
6-Cobalt/Cell_WINTUK.gmol,12,
6-Cobalt/Cell_WINTUK.gmol,13,
6-Cobalt/Cell_WINTUK.gmol,14,
6-Cobalt/Cell_WINTUK.gmol,15,
2-Manganese/Cell_ZERDIJ.gmol,0,
2-Manganese/Cell_ZERDIJ.gmol,1,
3-Ruthenium/Cell_IXANUR.gmol,0,
3-Ruthenium/Cell_IXANUR.gmol,1,
3-Ruthenium/Cell_IXANUR.gmol,2,
3-Ruthenium/Cell_IXANUR.gmol,3,
3-Ruthenium/Cell_IXANUR.gmol,4,
3-Ruthenium/Cell_IXANUR.gmol,5,
7-Nickel/Cell_RADLEO.gmol,0,
7-Nickel/Cell_RADLEO.gmol,1,
7-Nickel/Cell_RADLEO.gmol,2,
7-Nickel/Cell_RADLEO.gmol,3,
8-Copper/Cell_AKETUF.gmol,0,
8-Copper/Cell_AKETUF.gmol,1,
8-Copper/Cell_VAGYOU.gmol,0,
8-Copper/Cell_VAGYOU.gmol,1,
8-Copper/Cell_VAGYOU.gmol,2,
8-Copper/Cell_VAGYOU.gmol,3,
7-Nickel/Cell_SOGVUG.gmol,0,
7-Nickel/Cell_SOGVUG.gmol,1,
4-Rhenium/Cell_KAYNUU.gmol,0,
4-Rhenium/Cell_KAYNUU.gmol,1,
4-Rhenium/Cell_KAYNUU.gmol,2,
4-Rhenium/Cell_KAYNUU.gmol,3,
4-Rhenium/Cell_KAYNUU.gmol,4,
4-Rhenium/Cell_KAYNUU.gmol,5,
6-Cobalt/Cell_IFADOJ.gmol,0,
1-Iron/Cell_YUXPIT.gmol,0,
1-Iron/Cell_YUXPIT.gmol,1,
1-Iron/Cell_YUXPIT.gmol,2,
1-Iron/Cell_YUXPIT.gmol,3,
7-Nickel/Cell_YORXOT.gmol,0,
7-Nickel/Cell_YORXOT.gmol,1,
6-Cobalt/Cell_ZZZBLD02.gmol,0,
6-Cobalt/Cell_ZZZBLD02.gmol,1,
6-Cobalt/Cell_ZZZBLD02.gmol,2,
6-Cobalt/Cell_ZZZBLD02.gmol,3,
2-Manganese/Cell_UQUBAK.gmol,0,
2-Manganese/Cell_UQUBAK.gmol,1,
2-Manganese/Cell_UQUBAK.gmol,2,
2-Manganese/Cell_UQUBAK.gmol,3,
5-Chromium/Cell_ZAXCEI.gmol,0,
5-Chromium/Cell_ZAXCEI.gmol,1,
5-Chromium/Cell_ZAXCEI.gmol,2,
5-Chromium/Cell_ZAXCEI.gmol,3,
4-Rhenium/Cell_IBAXOY.gmol,0,
4-Rhenium/Cell_IBAXOY.gmol,1,
4-Rhenium/Cell_IBAXOY.gmol,2,
4-Rhenium/Cell_IBAXOY.gmol,3,
3-Ruthenium/Cell_EDAYEN.gmol,0,
3-Ruthenium/Cell_EDAYEN.gmol,1,
3-Ruthenium/Cell_EDAYEN.gmol,2,
3-Ruthenium/Cell_EDAYEN.gmol,3,
7-Nickel/Cell_UXOBEQ.gmol,0,
7-Nickel/Cell_UXOBEQ.gmol,1,
7-Nickel/Cell_UXOBEQ.gmol,2,
7-Nickel/Cell_UXOBEQ.gmol,3,
6-Cobalt/Cell_LEBVOE01.gmol,0,
6-Cobalt/Cell_LEBVOE01.gmol,1,
6-Cobalt/Cell_LEBVOE01.gmol,2,
6-Cobalt/Cell_LEBVOE01.gmol,3,
6-Cobalt/Cell_LEBVOE01.gmol,4,
6-Cobalt/Cell_LEBVOE01.gmol,5,
6-Cobalt/Cell_LEBVOE01.gmol,6,
6-Cobalt/Cell_LEBVOE01.gmol,7,
6-Cobalt/Cell_LEBVOE01.gmol,8,
6-Cobalt/Cell_LEBVOE01.gmol,9,
6-Cobalt/Cell_LEBVOE01.gmol,10,
6-Cobalt/Cell_LEBVOE01.gmol,11,
8-Copper/Cell_QOTKIU.gmol,0,
8-Copper/Cell_QOTKIU.gmol,1,
6-Cobalt/Cell_MIYJAG.gmol,0,
6-Cobalt/Cell_MIYJAG.gmol,1,
6-Cobalt/Cell_MIYJAG.gmol,2,
6-Cobalt/Cell_MIYJAG.gmol,3,
6-Cobalt/Cell_MIYJAG.gmol,4,
6-Cobalt/Cell_MIYJAG.gmol,5,
6-Cobalt/Cell_MIYJAG.gmol,6,
6-Cobalt/Cell_MIYJAG.gmol,7,
6-Cobalt/Cell_MIYJAG.gmol,8,
6-Cobalt/Cell_MIYJAG.gmol,9,
6-Cobalt/Cell_MIYJAG.gmol,10,
6-Cobalt/Cell_MIYJAG.gmol,11,
6-Cobalt/Cell_MIYJAG.gmol,12,
6-Cobalt/Cell_MIYJAG.gmol,13,
6-Cobalt/Cell_MIYJAG.gmol,14,
6-Cobalt/Cell_MIYJAG.gmol,15,
6-Cobalt/Cell_MIYJAG.gmol,16,
6-Cobalt/Cell_MIYJAG.gmol,17,
6-Cobalt/Cell_MIYJAG.gmol,18,
6-Cobalt/Cell_MIYJAG.gmol,19,
6-Cobalt/Cell_MIYJAG.gmol,20,
6-Cobalt/Cell_MIYJAG.gmol,21,
6-Cobalt/Cell_MIYJAG.gmol,22,
6-Cobalt/Cell_MIYJAG.gmol,23,
3-Ruthenium/Cell_ABUGOU.gmol,0,
3-Ruthenium/Cell_ABUGOU.gmol,1,
3-Ruthenium/Cell_ABUGOU.gmol,2,
3-Ruthenium/Cell_ABUGOU.gmol,3,
3-Ruthenium/Cell_ABUGOU.gmol,4,
3-Ruthenium/Cell_ABUGOU.gmol,5,
3-Ruthenium/Cell_ABUGOU.gmol,6,
3-Ruthenium/Cell_ABUGOU.gmol,7,
7-Nickel/Cell_JOPFUR.gmol,0,
7-Nickel/Cell_JOPFUR.gmol,1,
7-Nickel/Cell_JOPFUR.gmol,2,
7-Nickel/Cell_JOPFUR.gmol,3,
7-Nickel/Cell_JOPFUR.gmol,4,
7-Nickel/Cell_JOPFUR.gmol,5,
7-Nickel/Cell_JOPFUR.gmol,6,
7-Nickel/Cell_JOPFUR.gmol,7,
1-Iron/Cell_HIRGUK.gmol,0,
1-Iron/Cell_HIRGUK.gmol,1,
7-Nickel/Cell_FOGQOI.gmol,0,
7-Nickel/Cell_FOGQOI.gmol,1,
7-Nickel/Cell_FOGQOI.gmol,2,
7-Nickel/Cell_FOGQOI.gmol,3,
7-Nickel/Cell_FOGQOI.gmol,4,
7-Nickel/Cell_FOGQOI.gmol,5,
7-Nickel/Cell_FOGQOI.gmol,6,
7-Nickel/Cell_FOGQOI.gmol,7,
6-Cobalt/Cell_XIYHOD.gmol,0,
6-Cobalt/Cell_XIYHOD.gmol,1,
6-Cobalt/Cell_XIYHOD.gmol,2,
6-Cobalt/Cell_XIYHOD.gmol,3,
6-Cobalt/Cell_OMOHED.gmol,0,
6-Cobalt/Cell_OMOHED.gmol,1,
6-Cobalt/Cell_OMOHED.gmol,2,
6-Cobalt/Cell_OMOHED.gmol,3,
6-Cobalt/Cell_OMOHED.gmol,4,
6-Cobalt/Cell_OMOHED.gmol,5,
6-Cobalt/Cell_OMOHED.gmol,6,
6-Cobalt/Cell_OMOHED.gmol,7,
1-Iron/Cell_IZAFEW03.gmol,0,
1-Iron/Cell_IZAFEW03.gmol,1,
1-Iron/Cell_IZAFEW03.gmol,2,
1-Iron/Cell_IZAFEW03.gmol,3,
1-Iron/Cell_IZAFEW03.gmol,4,
1-Iron/Cell_IZAFEW03.gmol,5,
1-Iron/Cell_IZAFEW03.gmol,6,
1-Iron/Cell_IZAFEW03.gmol,7,
1-Iron/Cell_IZAFEW03.gmol,8,
1-Iron/Cell_IZAFEW03.gmol,9,
1-Iron/Cell_IZAFEW03.gmol,10,
1-Iron/Cell_IZAFEW03.gmol,11,
6-Cobalt/Cell_LADCIC.gmol,0,
6-Cobalt/Cell_LADCIC.gmol,1,
7-Nickel/Cell_PECSUM.gmol,0,
7-Nickel/Cell_PECSUM.gmol,1,
8-Copper/Cell_KEQRAZ.gmol,0,
8-Copper/Cell_KEQRAZ.gmol,1,
8-Copper/Cell_KEQRAZ.gmol,2,
8-Copper/Cell_KEQRAZ.gmol,3,
8-Copper/Cell_KEQRAZ.gmol,4,
8-Copper/Cell_KEQRAZ.gmol,5,
8-Copper/Cell_KEQRAZ.gmol,6,
8-Copper/Cell_KEQRAZ.gmol,7,
8-Copper/Cell_KEQRAZ.gmol,8,
8-Copper/Cell_KEQRAZ.gmol,9,
8-Copper/Cell_KEQRAZ.gmol,10,
8-Copper/Cell_KEQRAZ.gmol,11,
8-Copper/Cell_KEQRAZ.gmol,12,
8-Copper/Cell_KEQRAZ.gmol,13,
8-Copper/Cell_KEQRAZ.gmol,14,
8-Copper/Cell_KEQRAZ.gmol,15,
8-Copper/Cell_KEQRAZ.gmol,16,
8-Copper/Cell_KEQRAZ.gmol,17,
8-Copper/Cell_KEQRAZ.gmol,18,
8-Copper/Cell_KEQRAZ.gmol,19,
8-Copper/Cell_KEQRAZ.gmol,20,
8-Copper/Cell_KEQRAZ.gmol,21,
8-Copper/Cell_KEQRAZ.gmol,22,
8-Copper/Cell_KEQRAZ.gmol,23,
8-Copper/Cell_KEQRAZ.gmol,24,
8-Copper/Cell_KEQRAZ.gmol,25,
8-Copper/Cell_KEQRAZ.gmol,26,
8-Copper/Cell_KEQRAZ.gmol,27,
8-Copper/Cell_KEQRAZ.gmol,28,
8-Copper/Cell_KEQRAZ.gmol,29,
8-Copper/Cell_KEQRAZ.gmol,30,
8-Copper/Cell_KEQRAZ.gmol,31,
8-Copper/Cell_KEQRAZ.gmol,32,
8-Copper/Cell_KEQRAZ.gmol,33,
8-Copper/Cell_KEQRAZ.gmol,34,
8-Copper/Cell_KEQRAZ.gmol,35,
8-Copper/Cell_KEQRAZ.gmol,36,
8-Copper/Cell_KEQRAZ.gmol,37,
8-Copper/Cell_KEQRAZ.gmol,38,
8-Copper/Cell_KEQRAZ.gmol,39,
8-Copper/Cell_GAXDUH.gmol,0,
8-Copper/Cell_GAXDUH.gmol,1,
8-Copper/Cell_GAXDUH.gmol,2,
8-Copper/Cell_GAXDUH.gmol,3,
7-Nickel/Cell_COMBOW.gmol,0,
7-Nickel/Cell_COMBOW.gmol,1,
7-Nickel/Cell_COMBOW.gmol,2,
7-Nickel/Cell_COMBOW.gmol,3,
7-Nickel/Cell_COMBOW.gmol,4,
7-Nickel/Cell_COMBOW.gmol,5,
7-Nickel/Cell_LONGAW.gmol,0,
7-Nickel/Cell_LONGAW.gmol,1,
7-Nickel/Cell_LONGAW.gmol,2,
7-Nickel/Cell_LONGAW.gmol,3,
7-Nickel/Cell_MEDCOO.gmol,0,
7-Nickel/Cell_MEDCOO.gmol,1,
7-Nickel/Cell_MEDCOO.gmol,2,
7-Nickel/Cell_MEDCOO.gmol,3,
7-Nickel/Cell_MEDCOO.gmol,4,
7-Nickel/Cell_MEDCOO.gmol,5,
6-Cobalt/Cell_CEFTEM.gmol,0,
6-Cobalt/Cell_CEFTEM.gmol,1,
6-Cobalt/Cell_CEFTEM.gmol,2,
6-Cobalt/Cell_CEFTEM.gmol,3,
6-Cobalt/Cell_CEFTEM.gmol,4,
6-Cobalt/Cell_CEFTEM.gmol,5,
6-Cobalt/Cell_CEFTEM.gmol,6,
6-Cobalt/Cell_CEFTEM.gmol,7,
8-Copper/Cell_TUTSUX.gmol,0,
8-Copper/Cell_YOGNAK.gmol,0,
8-Copper/Cell_YOGNAK.gmol,1,
8-Copper/Cell_YOGNAK.gmol,2,
8-Copper/Cell_YOGNAK.gmol,3,
6-Cobalt/Cell_HAHKAF.gmol,0,
6-Cobalt/Cell_HAHKAF.gmol,1,
6-Cobalt/Cell_HAHKAF.gmol,2,
6-Cobalt/Cell_HAHKAF.gmol,3,
6-Cobalt/Cell_HAHKAF.gmol,4,
6-Cobalt/Cell_HAHKAF.gmol,5,
7-Nickel/Cell_TIVZIJ.gmol,0,
7-Nickel/Cell_TIVZIJ.gmol,1,
1-Iron/Cell_FOTZET.gmol,0,
1-Iron/Cell_FOTZET.gmol,1,
1-Iron/Cell_FOTZET.gmol,2,
1-Iron/Cell_FOTZET.gmol,3,
7-Nickel/Cell_NOJTAJ.gmol,0,
7-Nickel/Cell_NOJTAJ.gmol,1,
7-Nickel/Cell_NOJTAJ.gmol,2,
7-Nickel/Cell_XUMXUZ.gmol,0,
7-Nickel/Cell_XUMXUZ.gmol,1,
7-Nickel/Cell_XUMXUZ.gmol,2,
7-Nickel/Cell_XUMXUZ.gmol,3,
7-Nickel/Cell_XUMXUZ.gmol,4,
7-Nickel/Cell_XUMXUZ.gmol,5,
7-Nickel/Cell_XUMXUZ.gmol,6,
7-Nickel/Cell_XUMXUZ.gmol,7,
1-Iron/Cell_MOSLAJ.gmol,0,
1-Iron/Cell_MOSLAJ.gmol,1,
1-Iron/Cell_MOSLAJ.gmol,2,
1-Iron/Cell_MOSLAJ.gmol,3,
1-Iron/Cell_MOSLAJ.gmol,4,
1-Iron/Cell_MOSLAJ.gmol,5,
1-Iron/Cell_MOSLAJ.gmol,6,
1-Iron/Cell_MOSLAJ.gmol,7,
3-Ruthenium/Cell_QEMROS.gmol,0,
3-Ruthenium/Cell_QEMROS.gmol,1,
3-Ruthenium/Cell_QEMROS.gmol,2,
3-Ruthenium/Cell_QEMROS.gmol,3,
8-Copper/Cell_WUQZAM.gmol,0,
8-Copper/Cell_WUQZAM.gmol,1,
8-Copper/Cell_WUQZAM.gmol,2,
8-Copper/Cell_WUQZAM.gmol,3,
4-Rhenium/Cell_XUJKOD.gmol,0,
4-Rhenium/Cell_XUJKOD.gmol,1,
4-Rhenium/Cell_XUJKOD.gmol,2,
4-Rhenium/Cell_XUJKOD.gmol,3,
6-Cobalt/Cell_DANHOR.gmol,0,
6-Cobalt/Cell_DANHOR.gmol,1,
6-Cobalt/Cell_DANHOR.gmol,2,
6-Cobalt/Cell_DANHOR.gmol,3,
8-Copper/Cell_YEXVIH.gmol,0,
8-Copper/Cell_YEXVIH.gmol,1,
8-Copper/Cell_UZIBAI.gmol,0,
8-Copper/Cell_UZIBAI.gmol,1,
7-Nickel/Cell_DOZQIV.gmol,0,
7-Nickel/Cell_DOZQIV.gmol,1,
7-Nickel/Cell_DOZQIV.gmol,2,
7-Nickel/Cell_DOZQIV.gmol,3,
7-Nickel/Cell_DOZQIV.gmol,4,
7-Nickel/Cell_DOZQIV.gmol,5,
7-Nickel/Cell_DOZQIV.gmol,6,
7-Nickel/Cell_DOZQIV.gmol,7,
8-Copper/Cell_GEKLAJ.gmol,0,
8-Copper/Cell_GEKLAJ.gmol,1,
8-Copper/Cell_GEKLAJ.gmol,2,
1-Iron/Cell_POMSIU.gmol,0,
1-Iron/Cell_POMSIU.gmol,1,
6-Cobalt/Cell_BODZEA.gmol,0,
6-Cobalt/Cell_BODZEA.gmol,1,
6-Cobalt/Cell_BODZEA.gmol,2,
6-Cobalt/Cell_BODZEA.gmol,3,
6-Cobalt/Cell_BODZEA.gmol,4,
6-Cobalt/Cell_BODZEA.gmol,5,
6-Cobalt/Cell_BODZEA.gmol,6,
6-Cobalt/Cell_BODZEA.gmol,7,
6-Cobalt/Cell_BODZEA.gmol,8,
6-Cobalt/Cell_BODZEA.gmol,9,
6-Cobalt/Cell_BODZEA.gmol,10,
6-Cobalt/Cell_BODZEA.gmol,11,
6-Cobalt/Cell_BODZEA.gmol,12,
6-Cobalt/Cell_BODZEA.gmol,13,
6-Cobalt/Cell_BODZEA.gmol,14,
6-Cobalt/Cell_BODZEA.gmol,15,
7-Nickel/Cell_ZZZAYJ20.gmol,0,
7-Nickel/Cell_ZZZAYJ20.gmol,1,
7-Nickel/Cell_ZZZAYJ20.gmol,2,
7-Nickel/Cell_ZZZAYJ20.gmol,3,
6-Cobalt/Cell_JOYNEQ.gmol,0,
6-Cobalt/Cell_JOYNEQ.gmol,1,
8-Copper/Cell_ABOVEV.gmol,0,
6-Cobalt/Cell_QUCBOG.gmol,0,
6-Cobalt/Cell_QUCBOG.gmol,1,
6-Cobalt/Cell_QUCBOG.gmol,2,
6-Cobalt/Cell_QUCBOG.gmol,3,
6-Cobalt/Cell_QUCBOG.gmol,4,
6-Cobalt/Cell_QUCBOG.gmol,5,
6-Cobalt/Cell_QUCBOG.gmol,6,
6-Cobalt/Cell_QUCBOG.gmol,7,
6-Cobalt/Cell_QUCBOG.gmol,8,
6-Cobalt/Cell_QUCBOG.gmol,9,
6-Cobalt/Cell_QUCBOG.gmol,10,
6-Cobalt/Cell_QUCBOG.gmol,11,
6-Cobalt/Cell_QUCBOG.gmol,12,
6-Cobalt/Cell_QUCBOG.gmol,13,
6-Cobalt/Cell_QUCBOG.gmol,14,
6-Cobalt/Cell_QUCBOG.gmol,15,
6-Cobalt/Cell_QUCBOG.gmol,16,
6-Cobalt/Cell_QUCBOG.gmol,17,
6-Cobalt/Cell_QUCBOG.gmol,18,
6-Cobalt/Cell_QUCBOG.gmol,19,
8-Copper/Cell_AHAFEU.gmol,0,
8-Copper/Cell_AHAFEU.gmol,1,
8-Copper/Cell_AHAFEU.gmol,2,
7-Nickel/Cell_NECRET.gmol,0,
7-Nickel/Cell_NECRET.gmol,1,
7-Nickel/Cell_NECRET.gmol,2,
7-Nickel/Cell_NECRET.gmol,3,
7-Nickel/Cell_NECRET.gmol,4,
7-Nickel/Cell_NECRET.gmol,5,
8-Copper/Cell_ZAQYAR.gmol,0,
8-Copper/Cell_ZAQYAR.gmol,1,
8-Copper/Cell_ZAQYAR.gmol,2,
8-Copper/Cell_ZAQYAR.gmol,3,
8-Copper/Cell_ZAQYAR.gmol,4,
8-Copper/Cell_ZAQYAR.gmol,5,
8-Copper/Cell_ZAQYAR.gmol,6,
8-Copper/Cell_ZAQYAR.gmol,7,
8-Copper/Cell_BAFMOK.gmol,0,
8-Copper/Cell_BAFMOK.gmol,1,
8-Copper/Cell_BAFMOK.gmol,2,
8-Copper/Cell_BAFMOK.gmol,3,
8-Copper/Cell_OSULOF.gmol,0,
8-Copper/Cell_OSULOF.gmol,1,
8-Copper/Cell_OSULOF.gmol,2,
8-Copper/Cell_OSULOF.gmol,3,
6-Cobalt/Cell_DOXBEX.gmol,0,
6-Cobalt/Cell_DOXBEX.gmol,1,
6-Cobalt/Cell_DOXBEX.gmol,2,
6-Cobalt/Cell_DOXBEX.gmol,3,
6-Cobalt/Cell_DOXBEX.gmol,4,
6-Cobalt/Cell_DOXBEX.gmol,5,
8-Copper/Cell_KUPDEF.gmol,0,
8-Copper/Cell_KUPDEF.gmol,1,
8-Copper/Cell_KUPDEF.gmol,2,
8-Copper/Cell_KUPDEF.gmol,3,
8-Copper/Cell_KUPDEF.gmol,4,
8-Copper/Cell_KUPDEF.gmol,5,
8-Copper/Cell_KUPDEF.gmol,6,
8-Copper/Cell_KUPDEF.gmol,7,
8-Copper/Cell_VEGHOF.gmol,0,
8-Copper/Cell_VEGHOF.gmol,1,
8-Copper/Cell_VEGHOF.gmol,2,
6-Cobalt/Cell_KASJOE.gmol,0,
6-Cobalt/Cell_KASJOE.gmol,1,
6-Cobalt/Cell_KASJOE.gmol,2,
6-Cobalt/Cell_KASJOE.gmol,3,
6-Cobalt/Cell_KASJOE.gmol,4,
6-Cobalt/Cell_KASJOE.gmol,5,
6-Cobalt/Cell_KASJOE.gmol,6,
6-Cobalt/Cell_KASJOE.gmol,7,
8-Copper/Cell_UCENUO.gmol,0,
8-Copper/Cell_UCENUO.gmol,1,
6-Cobalt/Cell_FONBIU.gmol,0,
6-Cobalt/Cell_FONBIU.gmol,1,
1-Iron/Cell_IXARAB.gmol,0,
1-Iron/Cell_IXARAB.gmol,1,
7-Nickel/Cell_SEGXIN.gmol,0,
7-Nickel/Cell_SEGXIN.gmol,1,
7-Nickel/Cell_SEGXIN.gmol,2,
7-Nickel/Cell_SEGXIN.gmol,3,
2-Manganese/Cell_WIJWIW.gmol,0,
2-Manganese/Cell_WIJWIW.gmol,1,
2-Manganese/Cell_WIJWIW.gmol,2,
2-Manganese/Cell_WIJWIW.gmol,3,
2-Manganese/Cell_WIJWIW.gmol,4,
2-Manganese/Cell_WIJWIW.gmol,5,
2-Manganese/Cell_WIJWIW.gmol,6,
2-Manganese/Cell_WIJWIW.gmol,7,
2-Manganese/Cell_WIJWIW.gmol,8,
2-Manganese/Cell_WIJWIW.gmol,9,
2-Manganese/Cell_WIJWIW.gmol,10,
2-Manganese/Cell_WIJWIW.gmol,11,
7-Nickel/Cell_CUHPIG.gmol,0,
7-Nickel/Cell_CUHPIG.gmol,1,
7-Nickel/Cell_CUHPIG.gmol,2,
1-Iron/Cell_SEHTUW.gmol,0,
1-Iron/Cell_SEHTUW.gmol,1,
1-Iron/Cell_SEHTUW.gmol,2,
1-Iron/Cell_SEHTUW.gmol,3,
8-Copper/Cell_HOZXUR.gmol,0,
8-Copper/Cell_HOZXUR.gmol,1,
8-Copper/Cell_HOZXUR.gmol,2,
8-Copper/Cell_HOZXUR.gmol,3,
8-Copper/Cell_HOZXUR.gmol,4,
8-Copper/Cell_HOZXUR.gmol,5,
8-Copper/Cell_HOZXUR.gmol,6,
8-Copper/Cell_HOZXUR.gmol,7,
8-Copper/Cell_VILCEB.gmol,0,
8-Copper/Cell_VILCEB.gmol,1,
8-Copper/Cell_VILCEB.gmol,2,
8-Copper/Cell_VILCEB.gmol,3,
8-Copper/Cell_VILCEB.gmol,4,
8-Copper/Cell_VILCEB.gmol,5,
8-Copper/Cell_VILCEB.gmol,6,
8-Copper/Cell_VILCEB.gmol,7,
6-Cobalt/Cell_NALYOP01.gmol,0,
6-Cobalt/Cell_NALYOP01.gmol,1,
6-Cobalt/Cell_NALYOP01.gmol,2,
6-Cobalt/Cell_NALYOP01.gmol,3,
8-Copper/Cell_FOZNEP.gmol,0,
8-Copper/Cell_FOZNEP.gmol,1,
8-Copper/Cell_FOZNEP.gmol,2,
8-Copper/Cell_FOZNEP.gmol,3,
8-Copper/Cell_FOZNEP.gmol,4,
8-Copper/Cell_FOZNEP.gmol,5,
8-Copper/Cell_FOZNEP.gmol,6,
8-Copper/Cell_FOZNEP.gmol,7,
8-Copper/Cell_FOZNEP.gmol,8,
8-Copper/Cell_FOZNEP.gmol,9,
8-Copper/Cell_FOZNEP.gmol,10,
8-Copper/Cell_FOZNEP.gmol,11,
8-Copper/Cell_FOZNEP.gmol,12,
8-Copper/Cell_FOZNEP.gmol,13,
8-Copper/Cell_FOZNEP.gmol,14,
8-Copper/Cell_FOZNEP.gmol,15,
8-Copper/Cell_FOZNEP.gmol,16,
8-Copper/Cell_FOZNEP.gmol,17,
8-Copper/Cell_FOZNEP.gmol,18,
8-Copper/Cell_FOZNEP.gmol,19,
8-Copper/Cell_LUGLIJ.gmol,0,
8-Copper/Cell_LUGLIJ.gmol,1,
8-Copper/Cell_VICJOH.gmol,0,
8-Copper/Cell_VICJOH.gmol,1,
8-Copper/Cell_VICJOH.gmol,2,
8-Copper/Cell_VICJOH.gmol,3,
4-Rhenium/Cell_JAPPIA.gmol,0,
4-Rhenium/Cell_JAPPIA.gmol,1,
4-Rhenium/Cell_JAPPIA.gmol,2,
4-Rhenium/Cell_JAPPIA.gmol,3,
4-Rhenium/Cell_JAPPIA.gmol,4,
4-Rhenium/Cell_JAPPIA.gmol,5,
8-Copper/Cell_MODSIJ.gmol,0,
8-Copper/Cell_MODSIJ.gmol,1,
8-Copper/Cell_MODSIJ.gmol,2,
8-Copper/Cell_MODSIJ.gmol,3,
8-Copper/Cell_MODSIJ.gmol,4,
8-Copper/Cell_MODSIJ.gmol,5,
8-Copper/Cell_MODSIJ.gmol,6,
8-Copper/Cell_MODSIJ.gmol,7,
4-Rhenium/Cell_KOGFAP.gmol,0,
4-Rhenium/Cell_KOGFAP.gmol,1,
1-Iron/Cell_ZURWUE.gmol,0,
1-Iron/Cell_ZURWUE.gmol,1,
1-Iron/Cell_ZURWUE.gmol,2,
1-Iron/Cell_ZURWUE.gmol,3,
1-Iron/Cell_ZURWUE.gmol,4,
1-Iron/Cell_ZURWUE.gmol,5,
1-Iron/Cell_ZURWUE.gmol,6,
1-Iron/Cell_ZURWUE.gmol,7,
8-Copper/Cell_JOHJAS.gmol,0,
8-Copper/Cell_JOHJAS.gmol,1,
8-Copper/Cell_JOHJAS.gmol,2,
8-Copper/Cell_JOHJAS.gmol,3,
7-Nickel/Cell_PAJGUD.gmol,0,
7-Nickel/Cell_PAJGUD.gmol,1,
7-Nickel/Cell_PAJGUD.gmol,2,
7-Nickel/Cell_PAJGUD.gmol,3,
1-Iron/Cell_ALILOX.gmol,0,
1-Iron/Cell_ALILOX.gmol,1,
1-Iron/Cell_ALILOX.gmol,2,
1-Iron/Cell_ALILOX.gmol,3,
1-Iron/Cell_ALILOX.gmol,4,
1-Iron/Cell_ALILOX.gmol,5,
1-Iron/Cell_ALILOX.gmol,6,
1-Iron/Cell_ALILOX.gmol,7,
6-Cobalt/Cell_EZOHEG.gmol,0,
6-Cobalt/Cell_EZOHEG.gmol,1,
6-Cobalt/Cell_EZOHEG.gmol,2,
6-Cobalt/Cell_EZOHEG.gmol,3,
6-Cobalt/Cell_EZOHEG.gmol,4,
6-Cobalt/Cell_EZOHEG.gmol,5,
6-Cobalt/Cell_EZOHEG.gmol,6,
6-Cobalt/Cell_EZOHEG.gmol,7,
6-Cobalt/Cell_EZOHEG.gmol,8,
6-Cobalt/Cell_EZOHEG.gmol,9,
6-Cobalt/Cell_EZOHEG.gmol,10,
6-Cobalt/Cell_EZOHEG.gmol,11,
3-Ruthenium/Cell_LEXFOJ.gmol,0,
3-Ruthenium/Cell_LEXFOJ.gmol,1,
3-Ruthenium/Cell_LEXFOJ.gmol,2,
3-Ruthenium/Cell_LEXFOJ.gmol,3,
3-Ruthenium/Cell_LEXFOJ.gmol,4,
3-Ruthenium/Cell_LEXFOJ.gmol,5,
3-Ruthenium/Cell_LEXFOJ.gmol,6,
3-Ruthenium/Cell_LEXFOJ.gmol,7,
3-Ruthenium/Cell_LEXFOJ.gmol,8,
3-Ruthenium/Cell_LEXFOJ.gmol,9,
3-Ruthenium/Cell_LEXFOJ.gmol,10,
3-Ruthenium/Cell_LEXFOJ.gmol,11,
3-Ruthenium/Cell_LEXFOJ.gmol,12,
3-Ruthenium/Cell_LEXFOJ.gmol,13,
3-Ruthenium/Cell_LEXFOJ.gmol,14,
3-Ruthenium/Cell_LEXFOJ.gmol,15,
3-Ruthenium/Cell_LEXFOJ.gmol,16,
3-Ruthenium/Cell_LEXFOJ.gmol,17,
3-Ruthenium/Cell_LEXFOJ.gmol,18,
3-Ruthenium/Cell_LEXFOJ.gmol,19,
3-Ruthenium/Cell_LEXFOJ.gmol,20,
3-Ruthenium/Cell_LEXFOJ.gmol,21,
3-Ruthenium/Cell_LEXFOJ.gmol,22,
3-Ruthenium/Cell_LEXFOJ.gmol,23,
8-Copper/Cell_BEBTEJ.gmol,0,
8-Copper/Cell_BEBTEJ.gmol,1,
8-Copper/Cell_BEBTEJ.gmol,2,
8-Copper/Cell_BEBTEJ.gmol,3,
6-Cobalt/Cell_PAMSUT.gmol,0,
6-Cobalt/Cell_PAMSUT.gmol,1,
6-Cobalt/Cell_PAMSUT.gmol,2,
6-Cobalt/Cell_PAMSUT.gmol,3,
8-Copper/Cell_HIJMAR.gmol,0,
8-Copper/Cell_HIJMAR.gmol,1,
8-Copper/Cell_HIJMAR.gmol,2,
8-Copper/Cell_HIJMAR.gmol,3,
8-Copper/Cell_HIJMAR.gmol,4,
8-Copper/Cell_HIJMAR.gmol,5,
8-Copper/Cell_HIJMAR.gmol,6,
8-Copper/Cell_HIJMAR.gmol,7,
8-Copper/Cell_NOGLIG.gmol,0,
8-Copper/Cell_NOGLIG.gmol,1,
8-Copper/Cell_NOGLIG.gmol,2,
8-Copper/Cell_NOGLIG.gmol,3,
8-Copper/Cell_NOGLIG.gmol,4,
8-Copper/Cell_NOGLIG.gmol,5,
8-Copper/Cell_NOGLIG.gmol,6,
8-Copper/Cell_NOGLIG.gmol,7,
5-Chromium/Cell_VOWRAA.gmol,0,
5-Chromium/Cell_VOWRAA.gmol,1,
5-Chromium/Cell_VOWRAA.gmol,2,
5-Chromium/Cell_VOWRAA.gmol,3,
5-Chromium/Cell_VOWRAA.gmol,4,
5-Chromium/Cell_VOWRAA.gmol,5,
5-Chromium/Cell_VOWRAA.gmol,6,
5-Chromium/Cell_VOWRAA.gmol,7,
8-Copper/Cell_AJISAP.gmol,0,
8-Copper/Cell_AJISAP.gmol,1,
8-Copper/Cell_FALWUN.gmol,0,
8-Copper/Cell_FALWUN.gmol,1,
7-Nickel/Cell_PEMENI.gmol,0,
7-Nickel/Cell_PEMENI.gmol,1,
7-Nickel/Cell_PEMENI.gmol,2,
7-Nickel/Cell_PEMENI.gmol,3,
7-Nickel/Cell_PEMENI.gmol,4,
7-Nickel/Cell_PEMENI.gmol,5,
7-Nickel/Cell_PEMENI.gmol,6,
7-Nickel/Cell_PEMENI.gmol,7,
4-Rhenium/Cell_LOLMOO.gmol,0,
4-Rhenium/Cell_LOLMOO.gmol,1,
4-Rhenium/Cell_LOLMOO.gmol,2,
4-Rhenium/Cell_LOLMOO.gmol,3,
4-Rhenium/Cell_LOLMOO.gmol,4,
4-Rhenium/Cell_LOLMOO.gmol,5,
4-Rhenium/Cell_LOLMOO.gmol,6,
4-Rhenium/Cell_LOLMOO.gmol,7,
7-Nickel/Cell_TUWMEE.gmol,0,
7-Nickel/Cell_TUWMEE.gmol,1,
7-Nickel/Cell_TUWMEE.gmol,2,
7-Nickel/Cell_TUWMEE.gmol,3,
7-Nickel/Cell_TUWMEE.gmol,4,
7-Nickel/Cell_TUWMEE.gmol,5,
7-Nickel/Cell_TIGGEW.gmol,0,
7-Nickel/Cell_TIGGEW.gmol,1,
7-Nickel/Cell_TIGGEW.gmol,2,
7-Nickel/Cell_TIGGEW.gmol,3,
7-Nickel/Cell_TIGGEW.gmol,4,
7-Nickel/Cell_TIGGEW.gmol,5,
7-Nickel/Cell_TIGGEW.gmol,6,
7-Nickel/Cell_TIGGEW.gmol,7,
7-Nickel/Cell_TIGGEW.gmol,8,
7-Nickel/Cell_TIGGEW.gmol,9,
6-Cobalt/Cell_DOPCOC.gmol,0,
6-Cobalt/Cell_DOPCOC.gmol,1,
6-Cobalt/Cell_DOPCOC.gmol,2,
6-Cobalt/Cell_DOPCOC.gmol,3,
6-Cobalt/Cell_DOPCOC.gmol,4,
6-Cobalt/Cell_DOPCOC.gmol,5,
6-Cobalt/Cell_DOPCOC.gmol,6,
6-Cobalt/Cell_DOPCOC.gmol,7,
1-Iron/Cell_OSELOO.gmol,0,
1-Iron/Cell_OSELOO.gmol,1,
1-Iron/Cell_OSELOO.gmol,2,
1-Iron/Cell_OSELOO.gmol,3,
1-Iron/Cell_OSELOO.gmol,4,
1-Iron/Cell_OSELOO.gmol,5,
1-Iron/Cell_OSELOO.gmol,6,
1-Iron/Cell_OSELOO.gmol,7,
6-Cobalt/Cell_ENCYCO.gmol,0,
6-Cobalt/Cell_ENCYCO.gmol,1,
6-Cobalt/Cell_ENCYCO.gmol,2,
6-Cobalt/Cell_ENCYCO.gmol,3,
6-Cobalt/Cell_ENCYCO.gmol,4,
6-Cobalt/Cell_ENCYCO.gmol,5,
6-Cobalt/Cell_ENCYCO.gmol,6,
6-Cobalt/Cell_ENCYCO.gmol,7,
8-Copper/Cell_DEYXIR.gmol,0,
8-Copper/Cell_DEYXIR.gmol,1,
8-Copper/Cell_DEYXIR.gmol,2,
8-Copper/Cell_DEYXIR.gmol,3,
8-Copper/Cell_DEYXIR.gmol,4,
8-Copper/Cell_DEYXIR.gmol,5,
8-Copper/Cell_DEYXIR.gmol,6,
8-Copper/Cell_DEYXIR.gmol,7,
5-Chromium/Cell_HERVEF.gmol,0,
5-Chromium/Cell_HERVEF.gmol,1,
5-Chromium/Cell_HERVEF.gmol,2,
5-Chromium/Cell_HERVEF.gmol,3,
5-Chromium/Cell_HERVEF.gmol,4,
5-Chromium/Cell_HERVEF.gmol,5,
5-Chromium/Cell_HERVEF.gmol,6,
5-Chromium/Cell_HERVEF.gmol,7,
7-Nickel/Cell_RAWPIQ.gmol,0,
7-Nickel/Cell_RAWPIQ.gmol,1,
7-Nickel/Cell_RAWPIQ.gmol,2,
7-Nickel/Cell_RAWPIQ.gmol,3,
7-Nickel/Cell_RAWPIQ.gmol,4,
7-Nickel/Cell_RAWPIQ.gmol,5,
7-Nickel/Cell_RAWPIQ.gmol,6,
7-Nickel/Cell_RAWPIQ.gmol,7,
7-Nickel/Cell_RAWPIQ.gmol,8,
7-Nickel/Cell_RAWPIQ.gmol,9,
7-Nickel/Cell_RAWPIQ.gmol,10,
7-Nickel/Cell_RAWPIQ.gmol,11,
5-Chromium/Cell_ZATWOI.gmol,0,
5-Chromium/Cell_ZATWOI.gmol,1,
5-Chromium/Cell_ZATWOI.gmol,2,
5-Chromium/Cell_ZATWOI.gmol,3,
5-Chromium/Cell_ZATWOI.gmol,4,
5-Chromium/Cell_ZATWOI.gmol,5,
5-Chromium/Cell_ZATWOI.gmol,6,
5-Chromium/Cell_ZATWOI.gmol,7,
6-Cobalt/Cell_XITQEX.gmol,0,
6-Cobalt/Cell_XITQEX.gmol,1,
3-Ruthenium/Cell_GAFQIN.gmol,0,
3-Ruthenium/Cell_GAFQIN.gmol,1,
3-Ruthenium/Cell_GAFQIN.gmol,2,
3-Ruthenium/Cell_GAFQIN.gmol,3,
4-Rhenium/Cell_VOFCAV.gmol,0,
4-Rhenium/Cell_VOFCAV.gmol,1,
4-Rhenium/Cell_VOFCAV.gmol,2,
4-Rhenium/Cell_VOFCAV.gmol,3,
2-Manganese/Cell_TUJRIC.gmol,0,
2-Manganese/Cell_TUJRIC.gmol,1,
1-Iron/Cell_VUTZOC.gmol,0,
1-Iron/Cell_VUTZOC.gmol,1,
1-Iron/Cell_VUTZOC.gmol,2,
1-Iron/Cell_VUTZOC.gmol,3,
1-Iron/Cell_VUTZOC.gmol,4,
1-Iron/Cell_VUTZOC.gmol,5,
1-Iron/Cell_VUTZOC.gmol,6,
1-Iron/Cell_VUTZOC.gmol,7,
1-Iron/Cell_VUTZOC.gmol,8,
1-Iron/Cell_VUTZOC.gmol,9,
1-Iron/Cell_VUTZOC.gmol,10,
1-Iron/Cell_VUTZOC.gmol,11,
1-Iron/Cell_VUTZOC.gmol,12,
1-Iron/Cell_VUTZOC.gmol,13,
1-Iron/Cell_VUTZOC.gmol,14,
1-Iron/Cell_VUTZOC.gmol,15,
1-Iron/Cell_VUTZOC.gmol,16,
1-Iron/Cell_VUTZOC.gmol,17,
1-Iron/Cell_VUTZOC.gmol,18,
1-Iron/Cell_VUTZOC.gmol,19,
1-Iron/Cell_VUTZOC.gmol,20,
1-Iron/Cell_VUTZOC.gmol,21,
1-Iron/Cell_VUTZOC.gmol,22,
1-Iron/Cell_VUTZOC.gmol,23,
1-Iron/Cell_VUTZOC.gmol,24,
1-Iron/Cell_VUTZOC.gmol,25,
1-Iron/Cell_VUTZOC.gmol,26,
1-Iron/Cell_VUTZOC.gmol,27,
1-Iron/Cell_VUTZOC.gmol,28,
1-Iron/Cell_VUTZOC.gmol,29,
1-Iron/Cell_VUTZOC.gmol,30,
1-Iron/Cell_VUTZOC.gmol,31,
1-Iron/Cell_VUTZOC.gmol,32,
1-Iron/Cell_VUTZOC.gmol,33,
1-Iron/Cell_VUTZOC.gmol,34,
1-Iron/Cell_VUTZOC.gmol,35,
3-Ruthenium/Cell_PIFDAK.gmol,0,
3-Ruthenium/Cell_PIFDAK.gmol,1,
3-Ruthenium/Cell_PIFDAK.gmol,2,
3-Ruthenium/Cell_PIFDAK.gmol,3,
3-Ruthenium/Cell_PIFDAK.gmol,4,
3-Ruthenium/Cell_PIFDAK.gmol,5,
8-Copper/Cell_GAYHOF.gmol,0,
8-Copper/Cell_GAYHOF.gmol,1,
8-Copper/Cell_XARPOV.gmol,0,
8-Copper/Cell_XARPOV.gmol,1,
7-Nickel/Cell_FOCRUM.gmol,0,
7-Nickel/Cell_FOCRUM.gmol,1,
7-Nickel/Cell_SAENNI.gmol,0,
7-Nickel/Cell_SAENNI.gmol,1,
7-Nickel/Cell_SAENNI.gmol,2,
7-Nickel/Cell_SAENNI.gmol,3,
7-Nickel/Cell_SAENNI.gmol,4,
7-Nickel/Cell_SAENNI.gmol,5,
7-Nickel/Cell_SAENNI.gmol,6,
7-Nickel/Cell_SAENNI.gmol,7,
2-Manganese/Cell_KESLEB.gmol,0,
2-Manganese/Cell_KESLEB.gmol,1,
2-Manganese/Cell_KESLEB.gmol,2,
2-Manganese/Cell_KESLEB.gmol,3,
2-Manganese/Cell_KESLEB.gmol,4,
2-Manganese/Cell_KESLEB.gmol,5,
2-Manganese/Cell_KESLEB.gmol,6,
2-Manganese/Cell_KESLEB.gmol,7,
8-Copper/Cell_AGIHII.gmol,0,
8-Copper/Cell_SIFJAV.gmol,0,
8-Copper/Cell_SIFJAV.gmol,1,
8-Copper/Cell_SIFJAV.gmol,2,
8-Copper/Cell_SIFJAV.gmol,3,
8-Copper/Cell_SIFJAV.gmol,4,
8-Copper/Cell_SIFJAV.gmol,5,
8-Copper/Cell_SIFJAV.gmol,6,
8-Copper/Cell_SIFJAV.gmol,7,
8-Copper/Cell_SIFJAV.gmol,8,
8-Copper/Cell_SIFJAV.gmol,9,
8-Copper/Cell_SIFJAV.gmol,10,
8-Copper/Cell_SIFJAV.gmol,11,
8-Copper/Cell_LEQKUP.gmol,0,
8-Copper/Cell_LEQKUP.gmol,1,
8-Copper/Cell_LEQKUP.gmol,2,
8-Copper/Cell_LEQKUP.gmol,3,
2-Manganese/Cell_TEFDUE.gmol,0,
2-Manganese/Cell_TEFDUE.gmol,1,
2-Manganese/Cell_TEFDUE.gmol,2,
2-Manganese/Cell_TEFDUE.gmol,3,
2-Manganese/Cell_TEFDUE.gmol,4,
2-Manganese/Cell_TEFDUE.gmol,5,
2-Manganese/Cell_TEFDUE.gmol,6,
2-Manganese/Cell_TEFDUE.gmol,7,
8-Copper/Cell_KEYCAU.gmol,0,
8-Copper/Cell_KEYCAU.gmol,1,
7-Nickel/Cell_OXOXNI.gmol,0,
7-Nickel/Cell_OXOXNI.gmol,1,
7-Nickel/Cell_OXOXNI.gmol,2,
7-Nickel/Cell_OXOXNI.gmol,3,
7-Nickel/Cell_OXOXNI.gmol,4,
7-Nickel/Cell_OXOXNI.gmol,5,
8-Copper/Cell_CAFTOT.gmol,0,
8-Copper/Cell_CAFTOT.gmol,1,
8-Copper/Cell_CAFTOT.gmol,2,
8-Copper/Cell_CAFTOT.gmol,3,
1-Iron/Cell_APUDUM.gmol,0,
1-Iron/Cell_APUDUM.gmol,1,
4-Rhenium/Cell_FAQQIY.gmol,0,
4-Rhenium/Cell_FAQQIY.gmol,1,
4-Rhenium/Cell_FAQQIY.gmol,2,
4-Rhenium/Cell_FAQQIY.gmol,3,
4-Rhenium/Cell_FAQQIY.gmol,4,
4-Rhenium/Cell_FAQQIY.gmol,5,
4-Rhenium/Cell_FAQQIY.gmol,6,
4-Rhenium/Cell_FAQQIY.gmol,7,
4-Rhenium/Cell_FAQQIY.gmol,8,
4-Rhenium/Cell_FAQQIY.gmol,9,
4-Rhenium/Cell_FAQQIY.gmol,10,
4-Rhenium/Cell_FAQQIY.gmol,11,
4-Rhenium/Cell_FAQQIY.gmol,12,
4-Rhenium/Cell_FAQQIY.gmol,13,
4-Rhenium/Cell_FAQQIY.gmol,14,
4-Rhenium/Cell_FAQQIY.gmol,15,
4-Rhenium/Cell_FAQQIY.gmol,16,
4-Rhenium/Cell_FAQQIY.gmol,17,
4-Rhenium/Cell_FAQQIY.gmol,18,
4-Rhenium/Cell_FAQQIY.gmol,19,
6-Cobalt/Cell_ROFLON.gmol,0,
6-Cobalt/Cell_ROFLON.gmol,1,
6-Cobalt/Cell_ROFLON.gmol,2,
6-Cobalt/Cell_ROFLON.gmol,3,
4-Rhenium/Cell_IMEVAY.gmol,0,
4-Rhenium/Cell_IMEVAY.gmol,1,
4-Rhenium/Cell_IMEVAY.gmol,2,
4-Rhenium/Cell_IMEVAY.gmol,3,
8-Copper/Cell_BUNVIR.gmol,0,
8-Copper/Cell_BUNVIR.gmol,1,
8-Copper/Cell_BUNVIR.gmol,2,
8-Copper/Cell_BUNVIR.gmol,3,
8-Copper/Cell_BUNVIR.gmol,4,
8-Copper/Cell_BUNVIR.gmol,5,
8-Copper/Cell_BUNVIR.gmol,6,
8-Copper/Cell_BUNVIR.gmol,7,
8-Copper/Cell_BUNVIR.gmol,8,
8-Copper/Cell_BUNVIR.gmol,9,
8-Copper/Cell_BUNVIR.gmol,10,
8-Copper/Cell_BUNVIR.gmol,11,
8-Copper/Cell_BUNVIR.gmol,12,
8-Copper/Cell_BUNVIR.gmol,13,
8-Copper/Cell_BUNVIR.gmol,14,
8-Copper/Cell_BUNVIR.gmol,15,
8-Copper/Cell_BUNVIR.gmol,16,
8-Copper/Cell_BUNVIR.gmol,17,
8-Copper/Cell_BUNVIR.gmol,18,
8-Copper/Cell_BUNVIR.gmol,19,
8-Copper/Cell_BUNVIR.gmol,20,
8-Copper/Cell_BUNVIR.gmol,21,
8-Copper/Cell_BUNVIR.gmol,22,
8-Copper/Cell_BUNVIR.gmol,23,
6-Cobalt/Cell_LALSUM.gmol,0,
6-Cobalt/Cell_LALSUM.gmol,1,
6-Cobalt/Cell_LALSUM.gmol,2,
6-Cobalt/Cell_LALSUM.gmol,3,
7-Nickel/Cell_PATQEG.gmol,0,
7-Nickel/Cell_PATQEG.gmol,1,
7-Nickel/Cell_PATQEG.gmol,2,
7-Nickel/Cell_PATQEG.gmol,3,
3-Ruthenium/Cell_TAVWAR.gmol,0,
3-Ruthenium/Cell_TAVWAR.gmol,1,
3-Ruthenium/Cell_TAVWAR.gmol,2,
3-Ruthenium/Cell_TAVWAR.gmol,3,
3-Ruthenium/Cell_TAVWAR.gmol,4,
3-Ruthenium/Cell_TAVWAR.gmol,5,
3-Ruthenium/Cell_TAVWAR.gmol,6,
3-Ruthenium/Cell_TAVWAR.gmol,7,
4-Rhenium/Cell_WAFDEP.gmol,0,
4-Rhenium/Cell_WAFDEP.gmol,1,
4-Rhenium/Cell_WAFDEP.gmol,2,
4-Rhenium/Cell_WAFDEP.gmol,3,
3-Ruthenium/Cell_BEBQAA.gmol,0,
3-Ruthenium/Cell_BEBQAA.gmol,1,
8-Copper/Cell_VICMIE.gmol,0,
8-Copper/Cell_VICMIE.gmol,1,
8-Copper/Cell_VICMIE.gmol,2,
8-Copper/Cell_VICMIE.gmol,3,
8-Copper/Cell_VICMIE.gmol,4,
8-Copper/Cell_VICMIE.gmol,5,
8-Copper/Cell_VICMIE.gmol,6,
8-Copper/Cell_VICMIE.gmol,7,
8-Copper/Cell_VICMIE.gmol,8,
8-Copper/Cell_VICMIE.gmol,9,
8-Copper/Cell_VICMIE.gmol,10,
8-Copper/Cell_VICMIE.gmol,11,
8-Copper/Cell_PAZZAS.gmol,0,
8-Copper/Cell_PAZZAS.gmol,1,
8-Copper/Cell_PAZZAS.gmol,2,
8-Copper/Cell_PAZZAS.gmol,3,
8-Copper/Cell_CINWOM.gmol,0,
8-Copper/Cell_CINWOM.gmol,1,
8-Copper/Cell_CINWOM.gmol,2,
8-Copper/Cell_CINWOM.gmol,3,
8-Copper/Cell_CINWOM.gmol,4,
8-Copper/Cell_CINWOM.gmol,5,
8-Copper/Cell_CINWOM.gmol,6,
8-Copper/Cell_CINWOM.gmol,7,
8-Copper/Cell_CINWOM.gmol,8,
8-Copper/Cell_CINWOM.gmol,9,
8-Copper/Cell_CINWOM.gmol,10,
8-Copper/Cell_CINWOM.gmol,11,
8-Copper/Cell_CINWOM.gmol,12,
8-Copper/Cell_CINWOM.gmol,13,
8-Copper/Cell_CINWOM.gmol,14,
8-Copper/Cell_CINWOM.gmol,15,
6-Cobalt/Cell_EKOKEV.gmol,0,
6-Cobalt/Cell_EKOKEV.gmol,1,
6-Cobalt/Cell_EKOKEV.gmol,2,
6-Cobalt/Cell_EKOKEV.gmol,3,
6-Cobalt/Cell_EKOKEV.gmol,4,
6-Cobalt/Cell_EKOKEV.gmol,5,
6-Cobalt/Cell_EKOKEV.gmol,6,
6-Cobalt/Cell_EKOKEV.gmol,7,
6-Cobalt/Cell_EKOKEV.gmol,8,
6-Cobalt/Cell_EKOKEV.gmol,9,
6-Cobalt/Cell_EKOKEV.gmol,10,
6-Cobalt/Cell_EKOKEV.gmol,11,
3-Ruthenium/Cell_JUBYAG.gmol,0,
3-Ruthenium/Cell_JUBYAG.gmol,1,
8-Copper/Cell_IBUVEJ.gmol,0,
8-Copper/Cell_IBUVEJ.gmol,1,
8-Copper/Cell_IBUVEJ.gmol,2,
8-Copper/Cell_IBUVEJ.gmol,3,
7-Nickel/Cell_DIMREW13.gmol,0,
7-Nickel/Cell_DIMREW13.gmol,1,
7-Nickel/Cell_QASCUI.gmol,0,
7-Nickel/Cell_QASCUI.gmol,1,
7-Nickel/Cell_QASCUI.gmol,2,
7-Nickel/Cell_QASCUI.gmol,3,
7-Nickel/Cell_HIRKIC.gmol,0,
7-Nickel/Cell_HIRKIC.gmol,1,
7-Nickel/Cell_HIRKIC.gmol,2,
7-Nickel/Cell_HIRKIC.gmol,3,
1-Iron/Cell_DISWIM.gmol,0,
1-Iron/Cell_DISWIM.gmol,1,
1-Iron/Cell_DISWIM.gmol,2,
1-Iron/Cell_DISWIM.gmol,3,
1-Iron/Cell_DISWIM.gmol,4,
1-Iron/Cell_DISWIM.gmol,5,
1-Iron/Cell_DISWIM.gmol,6,
1-Iron/Cell_DISWIM.gmol,7,
1-Iron/Cell_DISWIM.gmol,8,
1-Iron/Cell_DISWIM.gmol,9,
1-Iron/Cell_DISWIM.gmol,10,
1-Iron/Cell_DISWIM.gmol,11,
1-Iron/Cell_DISWIM.gmol,12,
1-Iron/Cell_DISWIM.gmol,13,
1-Iron/Cell_DISWIM.gmol,14,
1-Iron/Cell_DISWIM.gmol,15,
1-Iron/Cell_DISWIM.gmol,16,
1-Iron/Cell_DISWIM.gmol,17,
1-Iron/Cell_DISWIM.gmol,18,
1-Iron/Cell_DISWIM.gmol,19,
1-Iron/Cell_DISWIM.gmol,20,
1-Iron/Cell_DISWIM.gmol,21,
1-Iron/Cell_DISWIM.gmol,22,
1-Iron/Cell_DISWIM.gmol,23,
1-Iron/Cell_DISWIM.gmol,24,
1-Iron/Cell_DISWIM.gmol,25,
1-Iron/Cell_DISWIM.gmol,26,
1-Iron/Cell_DISWIM.gmol,27,
8-Copper/Cell_WOJGEJ.gmol,0,
8-Copper/Cell_WOJGEJ.gmol,1,
8-Copper/Cell_WOJGEJ.gmol,2,
8-Copper/Cell_WOJGEJ.gmol,3,
8-Copper/Cell_TCHZCU.gmol,0,
8-Copper/Cell_TCHZCU.gmol,1,
8-Copper/Cell_TCHZCU.gmol,2,
8-Copper/Cell_TCHZCU.gmol,3,
8-Copper/Cell_TCHZCU.gmol,4,
8-Copper/Cell_TCHZCU.gmol,5,
8-Copper/Cell_TCHZCU.gmol,6,
8-Copper/Cell_TCHZCU.gmol,7,
8-Copper/Cell_TCHZCU.gmol,8,
8-Copper/Cell_TCHZCU.gmol,9,
8-Copper/Cell_TCHZCU.gmol,10,
8-Copper/Cell_TCHZCU.gmol,11,
8-Copper/Cell_TCHZCU.gmol,12,
8-Copper/Cell_TCHZCU.gmol,13,
8-Copper/Cell_TCHZCU.gmol,14,
8-Copper/Cell_TCHZCU.gmol,15,
8-Copper/Cell_TCHZCU.gmol,16,
8-Copper/Cell_TCHZCU.gmol,17,
8-Copper/Cell_TCHZCU.gmol,18,
8-Copper/Cell_TCHZCU.gmol,19,
8-Copper/Cell_TCHZCU.gmol,20,
8-Copper/Cell_TCHZCU.gmol,21,
8-Copper/Cell_TCHZCU.gmol,22,
8-Copper/Cell_TCHZCU.gmol,23,
4-Rhenium/Cell_COCPRE.gmol,0,
4-Rhenium/Cell_COCPRE.gmol,1,
4-Rhenium/Cell_COCPRE.gmol,2,
4-Rhenium/Cell_COCPRE.gmol,3,
6-Cobalt/Cell_HIMHUH.gmol,0,
6-Cobalt/Cell_HIMHUH.gmol,1,
6-Cobalt/Cell_HIMHUH.gmol,2,
6-Cobalt/Cell_HIMHUH.gmol,3,
6-Cobalt/Cell_HIMHUH.gmol,4,
6-Cobalt/Cell_HIMHUH.gmol,5,
6-Cobalt/Cell_HIMHUH.gmol,6,
6-Cobalt/Cell_HIMHUH.gmol,7,
1-Iron/Cell_GAVXAC.gmol,0,
1-Iron/Cell_GAVXAC.gmol,1,
1-Iron/Cell_GAVXAC.gmol,2,
1-Iron/Cell_GAVXAC.gmol,3,
1-Iron/Cell_GAVXAC.gmol,4,
1-Iron/Cell_GAVXAC.gmol,5,
1-Iron/Cell_GAVXAC.gmol,6,
1-Iron/Cell_GAVXAC.gmol,7,
7-Nickel/Cell_RUYZAN.gmol,0,
7-Nickel/Cell_RUYZAN.gmol,1,
7-Nickel/Cell_RUYZAN.gmol,2,
7-Nickel/Cell_RUYZAN.gmol,3,
7-Nickel/Cell_RUYZAN.gmol,4,
7-Nickel/Cell_RUYZAN.gmol,5,
7-Nickel/Cell_RUYZAN.gmol,6,
7-Nickel/Cell_RUYZAN.gmol,7,
8-Copper/Cell_AJETER.gmol,0,
8-Copper/Cell_AJETER.gmol,1,
8-Copper/Cell_AJETER.gmol,2,
8-Copper/Cell_AJETER.gmol,3,
8-Copper/Cell_RAHMIX.gmol,0,
8-Copper/Cell_RAHMIX.gmol,1,
8-Copper/Cell_RAHMIX.gmol,2,
8-Copper/Cell_RAHMIX.gmol,3,
8-Copper/Cell_RAHMIX.gmol,4,
8-Copper/Cell_RAHMIX.gmol,5,
8-Copper/Cell_RAHMIX.gmol,6,
8-Copper/Cell_RAHMIX.gmol,7,
8-Copper/Cell_RAHMIX.gmol,8,
8-Copper/Cell_RAHMIX.gmol,9,
8-Copper/Cell_RAHMIX.gmol,10,
8-Copper/Cell_RAHMIX.gmol,11,
2-Manganese/Cell_ETOGOK.gmol,0,
2-Manganese/Cell_ETOGOK.gmol,1,
1-Iron/Cell_OWIGUX.gmol,0,
1-Iron/Cell_OWIGUX.gmol,1,
1-Iron/Cell_OWIGUX.gmol,2,
1-Iron/Cell_OWIGUX.gmol,3,
1-Iron/Cell_OWIGUX.gmol,4,
1-Iron/Cell_OWIGUX.gmol,5,
1-Iron/Cell_OWIGUX.gmol,6,
1-Iron/Cell_OWIGUX.gmol,7,
1-Iron/Cell_OWIGUX.gmol,8,
1-Iron/Cell_OWIGUX.gmol,9,
1-Iron/Cell_OWIGUX.gmol,10,
1-Iron/Cell_OWIGUX.gmol,11,
2-Manganese/Cell_WUQGIA.gmol,0,
2-Manganese/Cell_WUQGIA.gmol,1,
6-Cobalt/Cell_MEBXIB.gmol,0,
6-Cobalt/Cell_MEBXIB.gmol,1,
7-Nickel/Cell_FOTXAO.gmol,0,
7-Nickel/Cell_FOTXAO.gmol,1,
7-Nickel/Cell_FOTXAO.gmol,2,
7-Nickel/Cell_FOTXAO.gmol,3,
7-Nickel/Cell_FOTXAO.gmol,4,
7-Nickel/Cell_FOTXAO.gmol,5,
7-Nickel/Cell_FOTXAO.gmol,6,
7-Nickel/Cell_FOTXAO.gmol,7,
5-Chromium/Cell_QEYKAG.gmol,0,
5-Chromium/Cell_QEYKAG.gmol,1,
5-Chromium/Cell_QEYKAG.gmol,2,
5-Chromium/Cell_QEYKAG.gmol,3,
1-Iron/Cell_KADZOG.gmol,0,
1-Iron/Cell_KADZOG.gmol,1,
1-Iron/Cell_KADZOG.gmol,2,
1-Iron/Cell_KADZOG.gmol,3,
1-Iron/Cell_GAVBEK.gmol,0,
1-Iron/Cell_GAVBEK.gmol,1,
1-Iron/Cell_GAVBEK.gmol,2,
1-Iron/Cell_GAVBEK.gmol,3,
8-Copper/Cell_RAJREB.gmol,0,
8-Copper/Cell_RAJREB.gmol,1,
8-Copper/Cell_RAJREB.gmol,2,
8-Copper/Cell_RAJREB.gmol,3,
3-Ruthenium/Cell_TUWMUU.gmol,0,
3-Ruthenium/Cell_TUWMUU.gmol,1,
3-Ruthenium/Cell_TUWMUU.gmol,2,
3-Ruthenium/Cell_TUWMUU.gmol,3,
3-Ruthenium/Cell_TUWMUU.gmol,4,
3-Ruthenium/Cell_TUWMUU.gmol,5,
3-Ruthenium/Cell_TUWMUU.gmol,6,
3-Ruthenium/Cell_TUWMUU.gmol,7,
4-Rhenium/Cell_SAMVIL.gmol,0,
4-Rhenium/Cell_SAMVIL.gmol,1,
4-Rhenium/Cell_SAMVIL.gmol,2,
4-Rhenium/Cell_SAMVIL.gmol,3,
8-Copper/Cell_TAVLAG.gmol,0,
8-Copper/Cell_TAVLAG.gmol,1,
5-Chromium/Cell_NASPIG.gmol,0,
5-Chromium/Cell_NASPIG.gmol,1,
5-Chromium/Cell_NASPIG.gmol,2,
5-Chromium/Cell_NASPIG.gmol,3,
2-Manganese/Cell_ATEJIU.gmol,0,
2-Manganese/Cell_ATEJIU.gmol,1,
2-Manganese/Cell_ATEJIU.gmol,2,
2-Manganese/Cell_ATEJIU.gmol,3,
2-Manganese/Cell_ATEJIU.gmol,4,
2-Manganese/Cell_ATEJIU.gmol,5,
2-Manganese/Cell_ATEJIU.gmol,6,
2-Manganese/Cell_ATEJIU.gmol,7,
2-Manganese/Cell_ATEJIU.gmol,8,
2-Manganese/Cell_ATEJIU.gmol,9,
2-Manganese/Cell_ATEJIU.gmol,10,
2-Manganese/Cell_ATEJIU.gmol,11,
6-Cobalt/Cell_IFOMUO.gmol,0,
6-Cobalt/Cell_IFOMUO.gmol,1,
6-Cobalt/Cell_IFOMUO.gmol,2,
6-Cobalt/Cell_IFOMUO.gmol,3,
6-Cobalt/Cell_IFOMUO.gmol,4,
6-Cobalt/Cell_IFOMUO.gmol,5,
6-Cobalt/Cell_IFOMUO.gmol,6,
6-Cobalt/Cell_IFOMUO.gmol,7,
5-Chromium/Cell_GALKIN.gmol,0,
5-Chromium/Cell_GALKIN.gmol,1,
5-Chromium/Cell_GALKIN.gmol,2,
5-Chromium/Cell_GALKIN.gmol,3,
5-Chromium/Cell_GALKIN.gmol,4,
5-Chromium/Cell_GALKIN.gmol,5,
5-Chromium/Cell_GALKIN.gmol,6,
5-Chromium/Cell_GALKIN.gmol,7,
5-Chromium/Cell_GALKIN.gmol,8,
5-Chromium/Cell_GALKIN.gmol,9,
5-Chromium/Cell_GALKIN.gmol,10,
5-Chromium/Cell_GALKIN.gmol,11,
5-Chromium/Cell_GALKIN.gmol,12,
5-Chromium/Cell_GALKIN.gmol,13,
5-Chromium/Cell_GALKIN.gmol,14,
5-Chromium/Cell_GALKIN.gmol,15,
8-Copper/Cell_ETURUH.gmol,0,
8-Copper/Cell_ETURUH.gmol,1,
8-Copper/Cell_ETURUH.gmol,2,
8-Copper/Cell_ETURUH.gmol,3,
8-Copper/Cell_ETURUH.gmol,4,
8-Copper/Cell_ETURUH.gmol,5,
8-Copper/Cell_ETURUH.gmol,6,
8-Copper/Cell_ETURUH.gmol,7,
8-Copper/Cell_ETURUH.gmol,8,
8-Copper/Cell_ETURUH.gmol,9,
8-Copper/Cell_ETURUH.gmol,10,
8-Copper/Cell_ETURUH.gmol,11,
8-Copper/Cell_ETURUH.gmol,12,
8-Copper/Cell_ETURUH.gmol,13,
8-Copper/Cell_ETURUH.gmol,14,
8-Copper/Cell_ETURUH.gmol,15,
8-Copper/Cell_ETURUH.gmol,16,
8-Copper/Cell_ETURUH.gmol,17,
8-Copper/Cell_ETURUH.gmol,18,
8-Copper/Cell_ETURUH.gmol,19,
8-Copper/Cell_ETURUH.gmol,20,
8-Copper/Cell_ETURUH.gmol,21,
8-Copper/Cell_ETURUH.gmol,22,
8-Copper/Cell_ETURUH.gmol,23,
7-Nickel/Cell_WICLOK.gmol,0,
7-Nickel/Cell_WICLOK.gmol,1,
7-Nickel/Cell_WICLOK.gmol,2,
7-Nickel/Cell_WICLOK.gmol,3,
7-Nickel/Cell_WICLOK.gmol,4,
7-Nickel/Cell_WICLOK.gmol,5,
8-Copper/Cell_DOVDEX.gmol,0,
8-Copper/Cell_DOVDEX.gmol,1,
8-Copper/Cell_DOVDEX.gmol,2,
8-Copper/Cell_DOVDEX.gmol,3,
8-Copper/Cell_DOVDEX.gmol,4,
8-Copper/Cell_DOVDEX.gmol,5,
4-Rhenium/Cell_VAVCUR.gmol,0,
4-Rhenium/Cell_VAVCUR.gmol,1,
3-Ruthenium/Cell_XAFJUJ.gmol,0,
3-Ruthenium/Cell_XAFJUJ.gmol,1,
3-Ruthenium/Cell_XAFJUJ.gmol,2,
3-Ruthenium/Cell_XAFJUJ.gmol,3,
8-Copper/Cell_BEMJAF.gmol,0,
8-Copper/Cell_BEMJAF.gmol,1,
7-Nickel/Cell_YACLUJ.gmol,0,
7-Nickel/Cell_YACLUJ.gmol,1,
7-Nickel/Cell_YACLUJ.gmol,2,
7-Nickel/Cell_YACLUJ.gmol,3,
1-Iron/Cell_WERMEM.gmol,0,
1-Iron/Cell_WERMEM.gmol,1,
1-Iron/Cell_WERMEM.gmol,2,
1-Iron/Cell_WERMEM.gmol,3,
3-Ruthenium/Cell_ESUTUH.gmol,0,
3-Ruthenium/Cell_ESUTUH.gmol,1,
3-Ruthenium/Cell_ESUTUH.gmol,2,
3-Ruthenium/Cell_ESUTUH.gmol,3,
3-Ruthenium/Cell_ESUTUH.gmol,4,
3-Ruthenium/Cell_ESUTUH.gmol,5,
3-Ruthenium/Cell_ESUTUH.gmol,6,
3-Ruthenium/Cell_ESUTUH.gmol,7,
7-Nickel/Cell_MOBBEN.gmol,0,
7-Nickel/Cell_MOBBEN.gmol,1,
1-Iron/Cell_TAVHOO.gmol,0,
1-Iron/Cell_TAVHOO.gmol,1,
1-Iron/Cell_TAVHOO.gmol,2,
1-Iron/Cell_TAVHOO.gmol,3,
8-Copper/Cell_SODZIU.gmol,0,
8-Copper/Cell_SODZIU.gmol,1,
8-Copper/Cell_SODZIU.gmol,2,
8-Copper/Cell_SODZIU.gmol,3,
8-Copper/Cell_AYAYIK.gmol,0,
8-Copper/Cell_AYAYIK.gmol,1,
8-Copper/Cell_AYAYIK.gmol,2,
8-Copper/Cell_AYAYIK.gmol,3,
8-Copper/Cell_AYAYIK.gmol,4,
8-Copper/Cell_AYAYIK.gmol,5,
6-Cobalt/Cell_EKAVER.gmol,0,
6-Cobalt/Cell_EKAVER.gmol,1,
1-Iron/Cell_IYIJOR.gmol,0,
1-Iron/Cell_IYIJOR.gmol,1,
1-Iron/Cell_IYIJOR.gmol,2,
1-Iron/Cell_IYIJOR.gmol,3,
1-Iron/Cell_IYIJOR.gmol,4,
1-Iron/Cell_IYIJOR.gmol,5,
1-Iron/Cell_IYIJOR.gmol,6,
1-Iron/Cell_IYIJOR.gmol,7,
1-Iron/Cell_IYIJOR.gmol,8,
1-Iron/Cell_IYIJOR.gmol,9,
1-Iron/Cell_IYIJOR.gmol,10,
1-Iron/Cell_IYIJOR.gmol,11,
1-Iron/Cell_IYIJOR.gmol,12,
1-Iron/Cell_IYIJOR.gmol,13,
1-Iron/Cell_IYIJOR.gmol,14,
1-Iron/Cell_IYIJOR.gmol,15,
1-Iron/Cell_IYIJOR.gmol,16,
1-Iron/Cell_IYIJOR.gmol,17,
1-Iron/Cell_IYIJOR.gmol,18,
1-Iron/Cell_IYIJOR.gmol,19,
1-Iron/Cell_IYIJOR.gmol,20,
1-Iron/Cell_IYIJOR.gmol,21,
1-Iron/Cell_IYIJOR.gmol,22,
1-Iron/Cell_IYIJOR.gmol,23,
1-Iron/Cell_IYIJOR.gmol,24,
1-Iron/Cell_IYIJOR.gmol,25,
1-Iron/Cell_IYIJOR.gmol,26,
1-Iron/Cell_IYIJOR.gmol,27,
1-Iron/Cell_IYIJOR.gmol,28,
1-Iron/Cell_IYIJOR.gmol,29,
1-Iron/Cell_IYIJOR.gmol,30,
1-Iron/Cell_IYIJOR.gmol,31,
1-Iron/Cell_IYIJOR.gmol,32,
1-Iron/Cell_IYIJOR.gmol,33,
1-Iron/Cell_IYIJOR.gmol,34,
1-Iron/Cell_IYIJOR.gmol,35,
1-Iron/Cell_IYIJOR.gmol,36,
1-Iron/Cell_IYIJOR.gmol,37,
1-Iron/Cell_IYIJOR.gmol,38,
1-Iron/Cell_IYIJOR.gmol,39,
7-Nickel/Cell_VIKDAV.gmol,0,
7-Nickel/Cell_VIKDAV.gmol,1,
7-Nickel/Cell_VIKDAV.gmol,2,
7-Nickel/Cell_ZEQDIL.gmol,0,
7-Nickel/Cell_ZEQDIL.gmol,1,
7-Nickel/Cell_ZEQDIL.gmol,2,
7-Nickel/Cell_ZEQDIL.gmol,3,
7-Nickel/Cell_ZEQDIL.gmol,4,
7-Nickel/Cell_ZEQDIL.gmol,5,
7-Nickel/Cell_ZEQDIL.gmol,6,
7-Nickel/Cell_ZEQDIL.gmol,7,
7-Nickel/Cell_ZEQDIL.gmol,8,
7-Nickel/Cell_ZEQDIL.gmol,9,
7-Nickel/Cell_ZEQDIL.gmol,10,
7-Nickel/Cell_ZEQDIL.gmol,11,
2-Manganese/Cell_NAYMUY.gmol,0,
2-Manganese/Cell_NAYMUY.gmol,1,
2-Manganese/Cell_NAYMUY.gmol,2,
2-Manganese/Cell_NAYMUY.gmol,3,
2-Manganese/Cell_NAYMUY.gmol,4,
2-Manganese/Cell_NAYMUY.gmol,5,
2-Manganese/Cell_NAYMUY.gmol,6,
2-Manganese/Cell_NAYMUY.gmol,7,
6-Cobalt/Cell_KIFQIB.gmol,0,
6-Cobalt/Cell_KIFQIB.gmol,1,
6-Cobalt/Cell_KIFQIB.gmol,2,
6-Cobalt/Cell_KIFQIB.gmol,3,
6-Cobalt/Cell_KIFQIB.gmol,4,
6-Cobalt/Cell_KIFQIB.gmol,5,
6-Cobalt/Cell_KIFQIB.gmol,6,
6-Cobalt/Cell_KIFQIB.gmol,7,
1-Iron/Cell_QORFAG.gmol,0,
1-Iron/Cell_QORFAG.gmol,1,
1-Iron/Cell_QORFAG.gmol,2,
1-Iron/Cell_QORFAG.gmol,3,
1-Iron/Cell_QORFAG.gmol,4,
1-Iron/Cell_QORFAG.gmol,5,
1-Iron/Cell_QORFAG.gmol,6,
1-Iron/Cell_QORFAG.gmol,7,
1-Iron/Cell_QORFAG.gmol,8,
1-Iron/Cell_QORFAG.gmol,9,
1-Iron/Cell_QORFAG.gmol,10,
1-Iron/Cell_QORFAG.gmol,11,
1-Iron/Cell_QORFAG.gmol,12,
1-Iron/Cell_QORFAG.gmol,13,
1-Iron/Cell_QORFAG.gmol,14,
1-Iron/Cell_QORFAG.gmol,15,
1-Iron/Cell_QORFAG.gmol,16,
1-Iron/Cell_QORFAG.gmol,17,
1-Iron/Cell_QORFAG.gmol,18,
1-Iron/Cell_QORFAG.gmol,19,
1-Iron/Cell_QORFAG.gmol,20,
1-Iron/Cell_QORFAG.gmol,21,
1-Iron/Cell_QORFAG.gmol,22,
1-Iron/Cell_QORFAG.gmol,23,
1-Iron/Cell_QORFAG.gmol,24,
1-Iron/Cell_QORFAG.gmol,25,
1-Iron/Cell_QORFAG.gmol,26,
1-Iron/Cell_QORFAG.gmol,27,
1-Iron/Cell_QORFAG.gmol,28,
1-Iron/Cell_QORFAG.gmol,29,
1-Iron/Cell_QORFAG.gmol,30,
1-Iron/Cell_QORFAG.gmol,31,
1-Iron/Cell_BIPWUV.gmol,0,
1-Iron/Cell_BIPWUV.gmol,1,
1-Iron/Cell_BIPWUV.gmol,2,
1-Iron/Cell_BIPWUV.gmol,3,
1-Iron/Cell_BIPWUV.gmol,4,
1-Iron/Cell_BIPWUV.gmol,5,
1-Iron/Cell_BIPWUV.gmol,6,
1-Iron/Cell_BIPWUV.gmol,7,
1-Iron/Cell_BIPWUV.gmol,8,
1-Iron/Cell_BIPWUV.gmol,9,
1-Iron/Cell_BIPWUV.gmol,10,
1-Iron/Cell_BIPWUV.gmol,11,
8-Copper/Cell_FOSTAK.gmol,0,
8-Copper/Cell_FOSTAK.gmol,1,
8-Copper/Cell_FOSTAK.gmol,2,
8-Copper/Cell_FOSTAK.gmol,3,
6-Cobalt/Cell_TOTWEE.gmol,0,
6-Cobalt/Cell_TOTWEE.gmol,1,
6-Cobalt/Cell_TOTWEE.gmol,2,
6-Cobalt/Cell_TOTWEE.gmol,3,
1-Iron/Cell_GOJFIU.gmol,0,
1-Iron/Cell_GOJFIU.gmol,1,
6-Cobalt/Cell_YETBOP.gmol,0,
6-Cobalt/Cell_YETBOP.gmol,1,
6-Cobalt/Cell_YETBOP.gmol,2,
6-Cobalt/Cell_YETBOP.gmol,3,
7-Nickel/Cell_RIYJEO.gmol,0,
7-Nickel/Cell_RIYJEO.gmol,1,
7-Nickel/Cell_RIYJEO.gmol,2,
7-Nickel/Cell_RIYJEO.gmol,3,
7-Nickel/Cell_RIYJEO.gmol,4,
7-Nickel/Cell_RIYJEO.gmol,5,
7-Nickel/Cell_RIYJEO.gmol,6,
7-Nickel/Cell_RIYJEO.gmol,7,
7-Nickel/Cell_RIYJEO.gmol,8,
7-Nickel/Cell_RIYJEO.gmol,9,
7-Nickel/Cell_RIYJEO.gmol,10,
7-Nickel/Cell_RIYJEO.gmol,11,
7-Nickel/Cell_RIYJEO.gmol,12,
7-Nickel/Cell_RIYJEO.gmol,13,
7-Nickel/Cell_RIYJEO.gmol,14,
7-Nickel/Cell_RIYJEO.gmol,15,
7-Nickel/Cell_RIYJEO.gmol,16,
7-Nickel/Cell_RIYJEO.gmol,17,
7-Nickel/Cell_RIYJEO.gmol,18,
7-Nickel/Cell_RIYJEO.gmol,19,
7-Nickel/Cell_RIYJEO.gmol,20,
7-Nickel/Cell_RIYJEO.gmol,21,
7-Nickel/Cell_RIYJEO.gmol,22,
7-Nickel/Cell_RIYJEO.gmol,23,
1-Iron/Cell_VUYMOS.gmol,0,
7-Nickel/Cell_LARTIK.gmol,0,
7-Nickel/Cell_LARTIK.gmol,1,
8-Copper/Cell_VAPSOX.gmol,0,
8-Copper/Cell_VAPSOX.gmol,1,
8-Copper/Cell_VAPSOX.gmol,2,
8-Copper/Cell_VAPSOX.gmol,3,
8-Copper/Cell_VAPSOX.gmol,4,
8-Copper/Cell_VAPSOX.gmol,5,
2-Manganese/Cell_URADOJ.gmol,0,
2-Manganese/Cell_URADOJ.gmol,1,
2-Manganese/Cell_URADOJ.gmol,2,
2-Manganese/Cell_URADOJ.gmol,3,
2-Manganese/Cell_URADOJ.gmol,4,
2-Manganese/Cell_URADOJ.gmol,5,
8-Copper/Cell_SILGEC.gmol,0,
8-Copper/Cell_SILGEC.gmol,1,
8-Copper/Cell_SILGEC.gmol,2,
8-Copper/Cell_SILGEC.gmol,3,
1-Iron/Cell_ZEKRIQ.gmol,0,
1-Iron/Cell_ZEKRIQ.gmol,1,
1-Iron/Cell_ZEKRIQ.gmol,2,
1-Iron/Cell_ZEKRIQ.gmol,3,
1-Iron/Cell_ZEKRIQ.gmol,4,
1-Iron/Cell_ZEKRIQ.gmol,5,
1-Iron/Cell_ZEKRIQ.gmol,6,
1-Iron/Cell_ZEKRIQ.gmol,7,
1-Iron/Cell_ZEKRIQ.gmol,8,
1-Iron/Cell_ZEKRIQ.gmol,9,
1-Iron/Cell_ZEKRIQ.gmol,10,
1-Iron/Cell_ZEKRIQ.gmol,11,
6-Cobalt/Cell_MUGYAQ01.gmol,0,
6-Cobalt/Cell_MUGYAQ01.gmol,1,
8-Copper/Cell_MIPTAH.gmol,0,
8-Copper/Cell_MIPTAH.gmol,1,
8-Copper/Cell_MIPTAH.gmol,2,
8-Copper/Cell_MIPTAH.gmol,3,
8-Copper/Cell_MIPTAH.gmol,4,
8-Copper/Cell_MIPTAH.gmol,5,
8-Copper/Cell_MIPTAH.gmol,6,
8-Copper/Cell_MIPTAH.gmol,7,
8-Copper/Cell_PULPOB.gmol,0,
8-Copper/Cell_PULPOB.gmol,1,
8-Copper/Cell_PULPOB.gmol,2,
8-Copper/Cell_PULPOB.gmol,3,
8-Copper/Cell_PULPOB.gmol,4,
8-Copper/Cell_PULPOB.gmol,5,
8-Copper/Cell_PULPOB.gmol,6,
8-Copper/Cell_PULPOB.gmol,7,
8-Copper/Cell_PULPOB.gmol,8,
8-Copper/Cell_PULPOB.gmol,9,
8-Copper/Cell_PULPOB.gmol,10,
8-Copper/Cell_PULPOB.gmol,11,
7-Nickel/Cell_MASVAD.gmol,0,
2-Manganese/Cell_KEBXOF.gmol,0,
2-Manganese/Cell_KEBXOF.gmol,1,
2-Manganese/Cell_OMEKOG.gmol,0,
2-Manganese/Cell_OMEKOG.gmol,1,
2-Manganese/Cell_OMEKOG.gmol,2,
2-Manganese/Cell_OMEKOG.gmol,3,
2-Manganese/Cell_OMEKOG.gmol,4,
2-Manganese/Cell_OMEKOG.gmol,5,
2-Manganese/Cell_OMEKOG.gmol,6,
2-Manganese/Cell_OMEKOG.gmol,7,
8-Copper/Cell_XUYVUJ.gmol,0,
8-Copper/Cell_XUYVUJ.gmol,1,
8-Copper/Cell_XUYVUJ.gmol,2,
8-Copper/Cell_XUYVUJ.gmol,3,
1-Iron/Cell_HIKGEQ.gmol,0,
1-Iron/Cell_HIKGEQ.gmol,1,
1-Iron/Cell_HIKGEQ.gmol,2,
1-Iron/Cell_HIKGEQ.gmol,3,
1-Iron/Cell_HIKGEQ.gmol,4,
1-Iron/Cell_HIKGEQ.gmol,5,
1-Iron/Cell_HIKGEQ.gmol,6,
1-Iron/Cell_HIKGEQ.gmol,7,
6-Cobalt/Cell_XAGCOZ.gmol,0,
6-Cobalt/Cell_XAGCOZ.gmol,1,
3-Ruthenium/Cell_CHPYRU.gmol,0,
3-Ruthenium/Cell_CHPYRU.gmol,1,
3-Ruthenium/Cell_CHPYRU.gmol,2,
3-Ruthenium/Cell_CHPYRU.gmol,3,
1-Iron/Cell_RUCYIY.gmol,0,
1-Iron/Cell_RUCYIY.gmol,1,
1-Iron/Cell_RUCYIY.gmol,2,
6-Cobalt/Cell_UBUZOI.gmol,0,
6-Cobalt/Cell_UBUZOI.gmol,1,
6-Cobalt/Cell_UBUZOI.gmol,2,
6-Cobalt/Cell_UBUZOI.gmol,3,
6-Cobalt/Cell_YECLUP.gmol,0,
6-Cobalt/Cell_YECLUP.gmol,1,
6-Cobalt/Cell_YECLUP.gmol,2,
6-Cobalt/Cell_YECLUP.gmol,3,
6-Cobalt/Cell_YECLUP.gmol,4,
6-Cobalt/Cell_YECLUP.gmol,5,
6-Cobalt/Cell_YECLUP.gmol,6,
6-Cobalt/Cell_YECLUP.gmol,7,
6-Cobalt/Cell_YECLUP.gmol,8,
6-Cobalt/Cell_YECLUP.gmol,9,
6-Cobalt/Cell_YECLUP.gmol,10,
6-Cobalt/Cell_YECLUP.gmol,11,
6-Cobalt/Cell_YECLUP.gmol,12,
6-Cobalt/Cell_YECLUP.gmol,13,
6-Cobalt/Cell_YECLUP.gmol,14,
6-Cobalt/Cell_YECLUP.gmol,15,
8-Copper/Cell_ZONKOE.gmol,0,
8-Copper/Cell_ZONKOE.gmol,1,
8-Copper/Cell_ZONKOE.gmol,2,
8-Copper/Cell_ZONKOE.gmol,3,
8-Copper/Cell_ZONKOE.gmol,4,
8-Copper/Cell_ZONKOE.gmol,5,
8-Copper/Cell_ZONKOE.gmol,6,
8-Copper/Cell_ZONKOE.gmol,7,
8-Copper/Cell_ZONKOE.gmol,8,
8-Copper/Cell_ZONKOE.gmol,9,
8-Copper/Cell_ZONKOE.gmol,10,
8-Copper/Cell_ZONKOE.gmol,11,
8-Copper/Cell_ZONKOE.gmol,12,
8-Copper/Cell_ZONKOE.gmol,13,
8-Copper/Cell_ZONKOE.gmol,14,
8-Copper/Cell_ZONKOE.gmol,15,
8-Copper/Cell_ZONKOE.gmol,16,
8-Copper/Cell_ZONKOE.gmol,17,
8-Copper/Cell_ZONKOE.gmol,18,
8-Copper/Cell_ZONKOE.gmol,19,
1-Iron/Cell_TOBMON.gmol,0,
2-Manganese/Cell_LECCEC.gmol,0,
2-Manganese/Cell_LECCEC.gmol,1,
8-Copper/Cell_POXLIX.gmol,0,
8-Copper/Cell_POXLIX.gmol,1,
8-Copper/Cell_POXLIX.gmol,2,
8-Copper/Cell_POXLIX.gmol,3,
8-Copper/Cell_POXLIX.gmol,4,
8-Copper/Cell_POXLIX.gmol,5,
8-Copper/Cell_POXLIX.gmol,6,
8-Copper/Cell_POXLIX.gmol,7,
8-Copper/Cell_TOPYAA.gmol,0,
8-Copper/Cell_TOPYAA.gmol,1,
8-Copper/Cell_TOPYAA.gmol,2,
8-Copper/Cell_TOPYAA.gmol,3,
8-Copper/Cell_TOPYAA.gmol,4,
8-Copper/Cell_TOPYAA.gmol,5,
8-Copper/Cell_TOPYAA.gmol,6,
8-Copper/Cell_TOPYAA.gmol,7,
3-Ruthenium/Cell_TIBFIW.gmol,0,
3-Ruthenium/Cell_TIBFIW.gmol,1,
8-Copper/Cell_JEDVAQ.gmol,0,
8-Copper/Cell_JEDVAQ.gmol,1,
8-Copper/Cell_BOJBAF.gmol,0,
8-Copper/Cell_BOJBAF.gmol,1,
8-Copper/Cell_BOJBAF.gmol,2,
8-Copper/Cell_BOJBAF.gmol,3,
8-Copper/Cell_BOJBAF.gmol,4,
8-Copper/Cell_BOJBAF.gmol,5,
8-Copper/Cell_BOJBAF.gmol,6,
8-Copper/Cell_BOJBAF.gmol,7,
8-Copper/Cell_BOJBAF.gmol,8,
8-Copper/Cell_BOJBAF.gmol,9,
8-Copper/Cell_BOJBAF.gmol,10,
8-Copper/Cell_BOJBAF.gmol,11,
8-Copper/Cell_EWABOV.gmol,0,
8-Copper/Cell_EWABOV.gmol,1,
8-Copper/Cell_EWABOV.gmol,2,
8-Copper/Cell_EWABOV.gmol,3,
8-Copper/Cell_EWABOV.gmol,4,
8-Copper/Cell_EWABOV.gmol,5,
8-Copper/Cell_EWABOV.gmol,6,
8-Copper/Cell_EWABOV.gmol,7,
8-Copper/Cell_EWABOV.gmol,8,
8-Copper/Cell_EWABOV.gmol,9,
8-Copper/Cell_EWABOV.gmol,10,
8-Copper/Cell_EWABOV.gmol,11,
8-Copper/Cell_GEDWEU.gmol,0,
8-Copper/Cell_GEDWEU.gmol,1,
6-Cobalt/Cell_RIMQAF.gmol,0,
6-Cobalt/Cell_RIMQAF.gmol,1,
6-Cobalt/Cell_RIMQAF.gmol,2,
6-Cobalt/Cell_RIMQAF.gmol,3,
6-Cobalt/Cell_RIMQAF.gmol,4,
6-Cobalt/Cell_RIMQAF.gmol,5,
6-Cobalt/Cell_RIMQAF.gmol,6,
6-Cobalt/Cell_RIMQAF.gmol,7,
6-Cobalt/Cell_RIMQAF.gmol,8,
6-Cobalt/Cell_RIMQAF.gmol,9,
6-Cobalt/Cell_RIMQAF.gmol,10,
6-Cobalt/Cell_RIMQAF.gmol,11,
3-Ruthenium/Cell_AGOHUZ.gmol,0,
3-Ruthenium/Cell_AGOHUZ.gmol,1,
3-Ruthenium/Cell_AGOHUZ.gmol,2,
3-Ruthenium/Cell_AGOHUZ.gmol,3,
3-Ruthenium/Cell_AGOHUZ.gmol,4,
3-Ruthenium/Cell_AGOHUZ.gmol,5,
3-Ruthenium/Cell_MIKHIA.gmol,0,
3-Ruthenium/Cell_MIKHIA.gmol,1,
7-Nickel/Cell_YIJGII.gmol,0,
7-Nickel/Cell_YIJGII.gmol,1,
8-Copper/Cell_HEFRUF.gmol,0,
8-Copper/Cell_HEFRUF.gmol,1,
8-Copper/Cell_HEFRUF.gmol,2,
8-Copper/Cell_HEFRUF.gmol,3,
8-Copper/Cell_HEFRUF.gmol,4,
8-Copper/Cell_HEFRUF.gmol,5,
8-Copper/Cell_HEFRUF.gmol,6,
8-Copper/Cell_HEFRUF.gmol,7,
8-Copper/Cell_PUVGAO.gmol,0,
8-Copper/Cell_PUVGAO.gmol,1,
8-Copper/Cell_PUVGAO.gmol,2,
8-Copper/Cell_PUVGAO.gmol,3,
8-Copper/Cell_OBEHUZ.gmol,0,
8-Copper/Cell_OBEHUZ.gmol,1,
8-Copper/Cell_OBEHUZ.gmol,2,
8-Copper/Cell_OBEHUZ.gmol,3,
8-Copper/Cell_OBEHUZ.gmol,4,
8-Copper/Cell_OBEHUZ.gmol,5,
8-Copper/Cell_OBEHUZ.gmol,6,
8-Copper/Cell_OBEHUZ.gmol,7,
4-Rhenium/Cell_XAHRON.gmol,0,
4-Rhenium/Cell_XAHRON.gmol,1,
8-Copper/Cell_PIMFUP.gmol,0,
8-Copper/Cell_PIMFUP.gmol,1,
1-Iron/Cell_TEKHIC.gmol,0,
1-Iron/Cell_TEKHIC.gmol,1,
1-Iron/Cell_TEKHIC.gmol,2,
1-Iron/Cell_TEKHIC.gmol,3,
7-Nickel/Cell_LOLNAC.gmol,0,
7-Nickel/Cell_LOLNAC.gmol,1,
7-Nickel/Cell_LOLNAC.gmol,2,
7-Nickel/Cell_LOLNAC.gmol,3,
5-Chromium/Cell_LONRUC.gmol,0,
5-Chromium/Cell_LONRUC.gmol,1,
5-Chromium/Cell_LONRUC.gmol,2,
5-Chromium/Cell_LONRUC.gmol,3,
5-Chromium/Cell_LONRUC.gmol,4,
5-Chromium/Cell_LONRUC.gmol,5,
5-Chromium/Cell_LONRUC.gmol,6,
5-Chromium/Cell_LONRUC.gmol,7,
5-Chromium/Cell_LONRUC.gmol,8,
5-Chromium/Cell_LONRUC.gmol,9,
5-Chromium/Cell_LONRUC.gmol,10,
5-Chromium/Cell_LONRUC.gmol,11,
5-Chromium/Cell_LONRUC.gmol,12,
5-Chromium/Cell_LONRUC.gmol,13,
5-Chromium/Cell_LONRUC.gmol,14,
5-Chromium/Cell_LONRUC.gmol,15,
8-Copper/Cell_IBUGET.gmol,0,
8-Copper/Cell_IBUGET.gmol,1,
8-Copper/Cell_IBUGET.gmol,2,
8-Copper/Cell_IBUGET.gmol,3,
8-Copper/Cell_IBUGET.gmol,4,
8-Copper/Cell_IBUGET.gmol,5,
8-Copper/Cell_IBUGET.gmol,6,
8-Copper/Cell_IBUGET.gmol,7,
8-Copper/Cell_IBUGET.gmol,8,
8-Copper/Cell_IBUGET.gmol,9,
8-Copper/Cell_IBUGET.gmol,10,
8-Copper/Cell_IBUGET.gmol,11,
5-Chromium/Cell_ISURUK.gmol,0,
5-Chromium/Cell_ISURUK.gmol,1,
5-Chromium/Cell_ISURUK.gmol,2,
5-Chromium/Cell_ISURUK.gmol,3,
8-Copper/Cell_LAVJUP.gmol,0,
8-Copper/Cell_LAVJUP.gmol,1,
8-Copper/Cell_LAVJUP.gmol,2,
8-Copper/Cell_LAVJUP.gmol,3,
8-Copper/Cell_LAVJUP.gmol,4,
8-Copper/Cell_LAVJUP.gmol,5,
8-Copper/Cell_YIXWUA.gmol,0,
2-Manganese/Cell_ZESJIS.gmol,0,
3-Ruthenium/Cell_XIZYUC.gmol,0,
3-Ruthenium/Cell_XIZYUC.gmol,1,
3-Ruthenium/Cell_XIZYUC.gmol,2,
3-Ruthenium/Cell_XIZYUC.gmol,3,
3-Ruthenium/Cell_XIZYUC.gmol,4,
3-Ruthenium/Cell_XIZYUC.gmol,5,
3-Ruthenium/Cell_XIZYUC.gmol,6,
3-Ruthenium/Cell_XIZYUC.gmol,7,
3-Ruthenium/Cell_XIZYUC.gmol,8,
3-Ruthenium/Cell_XIZYUC.gmol,9,
3-Ruthenium/Cell_XIZYUC.gmol,10,
3-Ruthenium/Cell_XIZYUC.gmol,11,
3-Ruthenium/Cell_XIZYUC.gmol,12,
3-Ruthenium/Cell_XIZYUC.gmol,13,
3-Ruthenium/Cell_XIZYUC.gmol,14,
3-Ruthenium/Cell_XIZYUC.gmol,15,
3-Ruthenium/Cell_XIZYUC.gmol,16,
3-Ruthenium/Cell_XIZYUC.gmol,17,
3-Ruthenium/Cell_XIZYUC.gmol,18,
3-Ruthenium/Cell_XIZYUC.gmol,19,
3-Ruthenium/Cell_XIZYUC.gmol,20,
3-Ruthenium/Cell_XIZYUC.gmol,21,
3-Ruthenium/Cell_XIZYUC.gmol,22,
3-Ruthenium/Cell_XIZYUC.gmol,23,
7-Nickel/Cell_DAXYOS.gmol,0,
7-Nickel/Cell_DAXYOS.gmol,1,
7-Nickel/Cell_DAXYOS.gmol,2,
7-Nickel/Cell_DAXYOS.gmol,3,
7-Nickel/Cell_DAXYOS.gmol,4,
7-Nickel/Cell_DAXYOS.gmol,5,
7-Nickel/Cell_DAXYOS.gmol,6,
7-Nickel/Cell_DAXYOS.gmol,7,
8-Copper/Cell_HAYHAS.gmol,0,
8-Copper/Cell_HAYHAS.gmol,1,
6-Cobalt/Cell_XAFPOJ.gmol,0,
6-Cobalt/Cell_XAFPOJ.gmol,1,
6-Cobalt/Cell_XAFPOJ.gmol,2,
8-Copper/Cell_AVIFAO.gmol,0,
8-Copper/Cell_AVIFAO.gmol,1,
8-Copper/Cell_AVIFAO.gmol,2,
8-Copper/Cell_AVIFAO.gmol,3,
8-Copper/Cell_AVIFAO.gmol,4,
8-Copper/Cell_AVIFAO.gmol,5,
8-Copper/Cell_AVIFAO.gmol,6,
8-Copper/Cell_AVIFAO.gmol,7,
7-Nickel/Cell_EFIXEW.gmol,0,
7-Nickel/Cell_EFIXEW.gmol,1,
7-Nickel/Cell_EFIXEW.gmol,2,
7-Nickel/Cell_EFIXEW.gmol,3,
7-Nickel/Cell_EFIXEW.gmol,4,
7-Nickel/Cell_EFIXEW.gmol,5,
7-Nickel/Cell_EFIXEW.gmol,6,
7-Nickel/Cell_EFIXEW.gmol,7,
7-Nickel/Cell_EFIXEW.gmol,8,
7-Nickel/Cell_EFIXEW.gmol,9,
7-Nickel/Cell_EFIXEW.gmol,10,
7-Nickel/Cell_EFIXEW.gmol,11,
8-Copper/Cell_UGAJIW.gmol,0,
8-Copper/Cell_UGAJIW.gmol,1,
8-Copper/Cell_UGAJIW.gmol,2,
8-Copper/Cell_UGAJIW.gmol,3,
7-Nickel/Cell_TOXNIS10.gmol,0,
7-Nickel/Cell_TOXNIS10.gmol,1,
7-Nickel/Cell_TOXNIS10.gmol,2,
7-Nickel/Cell_TOXNIS10.gmol,3,
7-Nickel/Cell_TOXNIS10.gmol,4,
8-Copper/Cell_LOGHIA.gmol,0,
8-Copper/Cell_LOGHIA.gmol,1,
8-Copper/Cell_LOGHIA.gmol,2,
8-Copper/Cell_LOGHIA.gmol,3,
8-Copper/Cell_LOGHIA.gmol,4,
8-Copper/Cell_LOGHIA.gmol,5,
8-Copper/Cell_LOGHIA.gmol,6,
8-Copper/Cell_LOGHIA.gmol,7,
6-Cobalt/Cell_DOLGOC.gmol,0,
6-Cobalt/Cell_DOLGOC.gmol,1,
6-Cobalt/Cell_DOLGOC.gmol,2,
6-Cobalt/Cell_DOLGOC.gmol,3,
7-Nickel/Cell_OROPAN.gmol,0,
1-Iron/Cell_NONXIX.gmol,0,
1-Iron/Cell_NONXIX.gmol,1,
1-Iron/Cell_NONXIX.gmol,2,
1-Iron/Cell_NONXIX.gmol,3,
1-Iron/Cell_NONXIX.gmol,4,
1-Iron/Cell_NONXIX.gmol,5,
1-Iron/Cell_NONXIX.gmol,6,
1-Iron/Cell_NONXIX.gmol,7,
8-Copper/Cell_UNAXOY.gmol,0,
8-Copper/Cell_GUCHAQ.gmol,0,
8-Copper/Cell_GUCHAQ.gmol,1,
8-Copper/Cell_GUCHAQ.gmol,2,
8-Copper/Cell_GUCHAQ.gmol,3,
1-Iron/Cell_SUYROT.gmol,0,
1-Iron/Cell_SUYROT.gmol,1,
1-Iron/Cell_SUYROT.gmol,2,
1-Iron/Cell_SUYROT.gmol,3,
3-Ruthenium/Cell_UCAZED.gmol,0,
3-Ruthenium/Cell_UCAZED.gmol,1,
3-Ruthenium/Cell_UCAZED.gmol,2,
3-Ruthenium/Cell_UCAZED.gmol,3,
3-Ruthenium/Cell_UCAZED.gmol,4,
3-Ruthenium/Cell_UCAZED.gmol,5,
3-Ruthenium/Cell_UCAZED.gmol,6,
3-Ruthenium/Cell_UCAZED.gmol,7,
1-Iron/Cell_VIJQUB.gmol,0,
1-Iron/Cell_VIJQUB.gmol,1,
1-Iron/Cell_VIJQUB.gmol,2,
1-Iron/Cell_VIJQUB.gmol,3,
8-Copper/Cell_MADXAT.gmol,0,
8-Copper/Cell_MADXAT.gmol,1,
8-Copper/Cell_MADXAT.gmol,2,
8-Copper/Cell_MADXAT.gmol,3,
8-Copper/Cell_MADXAT.gmol,4,
8-Copper/Cell_MADXAT.gmol,5,
8-Copper/Cell_MADXAT.gmol,6,
8-Copper/Cell_MADXAT.gmol,7,
8-Copper/Cell_MADXAT.gmol,8,
8-Copper/Cell_MADXAT.gmol,9,
8-Copper/Cell_MADXAT.gmol,10,
8-Copper/Cell_MADXAT.gmol,11,
6-Cobalt/Cell_CINYAA.gmol,0,
6-Cobalt/Cell_CINYAA.gmol,1,
1-Iron/Cell_HUNBEZ.gmol,0,
1-Iron/Cell_HUNBEZ.gmol,1,
1-Iron/Cell_HUNBEZ.gmol,2,
1-Iron/Cell_HUNBEZ.gmol,3,
1-Iron/Cell_PEJQIF.gmol,0,
1-Iron/Cell_PEJQIF.gmol,1,
1-Iron/Cell_PEJQIF.gmol,2,
1-Iron/Cell_PEJQIF.gmol,3,
1-Iron/Cell_PEJQIF.gmol,4,
1-Iron/Cell_PEJQIF.gmol,5,
6-Cobalt/Cell_GAVYOS.gmol,0,
6-Cobalt/Cell_GAVYOS.gmol,1,
6-Cobalt/Cell_GAVYOS.gmol,2,
6-Cobalt/Cell_GAVYOS.gmol,3,
6-Cobalt/Cell_REJDIV.gmol,0,
6-Cobalt/Cell_REJDIV.gmol,1,
6-Cobalt/Cell_REJDIV.gmol,2,
6-Cobalt/Cell_REJDIV.gmol,3,
6-Cobalt/Cell_REJDIV.gmol,4,
6-Cobalt/Cell_REJDIV.gmol,5,
6-Cobalt/Cell_REJDIV.gmol,6,
6-Cobalt/Cell_REJDIV.gmol,7,
2-Manganese/Cell_YANLIK.gmol,0,
2-Manganese/Cell_YANLIK.gmol,1,
2-Manganese/Cell_YANLIK.gmol,2,
2-Manganese/Cell_YANLIK.gmol,3,
2-Manganese/Cell_YANLIK.gmol,4,
2-Manganese/Cell_YANLIK.gmol,5,
2-Manganese/Cell_YANLIK.gmol,6,
2-Manganese/Cell_YANLIK.gmol,7,
2-Manganese/Cell_YANLIK.gmol,8,
2-Manganese/Cell_YANLIK.gmol,9,
2-Manganese/Cell_YANLIK.gmol,10,
2-Manganese/Cell_YANLIK.gmol,11,
6-Cobalt/Cell_QQQAPP01.gmol,0,
6-Cobalt/Cell_QQQAPP01.gmol,1,
6-Cobalt/Cell_QQQAPP01.gmol,2,
6-Cobalt/Cell_QQQAPP01.gmol,3,
8-Copper/Cell_RURXAD.gmol,0,
8-Copper/Cell_RURXAD.gmol,1,
8-Copper/Cell_RURXAD.gmol,2,
8-Copper/Cell_RURXAD.gmol,3,
7-Nickel/Cell_ZOHRAR.gmol,0,
7-Nickel/Cell_ZOHRAR.gmol,1,
7-Nickel/Cell_ZOHRAR.gmol,2,
7-Nickel/Cell_ZOHRAR.gmol,3,
7-Nickel/Cell_VEVPIW.gmol,0,
7-Nickel/Cell_VEVPIW.gmol,1,
3-Ruthenium/Cell_NOMHAY.gmol,0,
3-Ruthenium/Cell_NOMHAY.gmol,1,
3-Ruthenium/Cell_NOMHAY.gmol,2,
3-Ruthenium/Cell_NOMHAY.gmol,3,
8-Copper/Cell_FUMZIZ.gmol,0,
8-Copper/Cell_FUMZIZ.gmol,1,
8-Copper/Cell_FUMZIZ.gmol,2,
8-Copper/Cell_FUMZIZ.gmol,3,
8-Copper/Cell_EHUKUO.gmol,0,
8-Copper/Cell_EHUKUO.gmol,1,
8-Copper/Cell_EHUKUO.gmol,2,
8-Copper/Cell_EHUKUO.gmol,3,
8-Copper/Cell_EHUKUO.gmol,4,
8-Copper/Cell_EHUKUO.gmol,5,
8-Copper/Cell_EHUKUO.gmol,6,
8-Copper/Cell_EHUKUO.gmol,7,
7-Nickel/Cell_GIFGEI.gmol,0,
7-Nickel/Cell_GIFGEI.gmol,1,
7-Nickel/Cell_GIFGEI.gmol,2,
7-Nickel/Cell_GIFGEI.gmol,3,
5-Chromium/Cell_DOSGOI.gmol,0,
5-Chromium/Cell_DOSGOI.gmol,1,
6-Cobalt/Cell_GOFGAJ.gmol,0,
6-Cobalt/Cell_GOFGAJ.gmol,1,
7-Nickel/Cell_LHISNI.gmol,0,
7-Nickel/Cell_LHISNI.gmol,1,
7-Nickel/Cell_LHISNI.gmol,2,
7-Nickel/Cell_LHISNI.gmol,3,
8-Copper/Cell_TIXSEA.gmol,0,
8-Copper/Cell_TIXSEA.gmol,1,
8-Copper/Cell_TIXSEA.gmol,2,
8-Copper/Cell_TIXSEA.gmol,3,
8-Copper/Cell_TIXSEA.gmol,4,
8-Copper/Cell_TIXSEA.gmol,5,
2-Manganese/Cell_GEMZON.gmol,0,
2-Manganese/Cell_GEMZON.gmol,1,
2-Manganese/Cell_GEMZON.gmol,2,
2-Manganese/Cell_GEMZON.gmol,3,
2-Manganese/Cell_GEMZON.gmol,4,
2-Manganese/Cell_GEMZON.gmol,5,
8-Copper/Cell_PIXXIE.gmol,0,
8-Copper/Cell_PIXXIE.gmol,1,
8-Copper/Cell_PIXXIE.gmol,2,
8-Copper/Cell_PIXXIE.gmol,3,
7-Nickel/Cell_IQIMON.gmol,0,
7-Nickel/Cell_IQIMON.gmol,1,
3-Ruthenium/Cell_MINNUU.gmol,0,
3-Ruthenium/Cell_MINNUU.gmol,1,
3-Ruthenium/Cell_MINNUU.gmol,2,
3-Ruthenium/Cell_MINNUU.gmol,3,
7-Nickel/Cell_INUBIC.gmol,0,
7-Nickel/Cell_INUBIC.gmol,1,
7-Nickel/Cell_INUBIC.gmol,2,
7-Nickel/Cell_INUBIC.gmol,3,
7-Nickel/Cell_INUBIC.gmol,4,
7-Nickel/Cell_INUBIC.gmol,5,
7-Nickel/Cell_INUBIC.gmol,6,
7-Nickel/Cell_INUBIC.gmol,7,
7-Nickel/Cell_INUBIC.gmol,8,
7-Nickel/Cell_INUBIC.gmol,9,
7-Nickel/Cell_INUBIC.gmol,10,
7-Nickel/Cell_INUBIC.gmol,11,
7-Nickel/Cell_INUBIC.gmol,12,
7-Nickel/Cell_INUBIC.gmol,13,
7-Nickel/Cell_INUBIC.gmol,14,
7-Nickel/Cell_INUBIC.gmol,15,
7-Nickel/Cell_INUBIC.gmol,16,
7-Nickel/Cell_INUBIC.gmol,17,
7-Nickel/Cell_INUBIC.gmol,18,
7-Nickel/Cell_INUBIC.gmol,19,
7-Nickel/Cell_INUBIC.gmol,20,
7-Nickel/Cell_INUBIC.gmol,21,
7-Nickel/Cell_INUBIC.gmol,22,
7-Nickel/Cell_INUBIC.gmol,23,
8-Copper/Cell_MUYGIW.gmol,0,
8-Copper/Cell_MUYGIW.gmol,1,
8-Copper/Cell_MUYGIW.gmol,2,
8-Copper/Cell_MUYGIW.gmol,3,
6-Cobalt/Cell_CAKKUW.gmol,0,
6-Cobalt/Cell_CAKKUW.gmol,1,
6-Cobalt/Cell_CAKKUW.gmol,2,
6-Cobalt/Cell_CAKKUW.gmol,3,
7-Nickel/Cell_HEJFEK.gmol,0,
7-Nickel/Cell_HEJFEK.gmol,1,
7-Nickel/Cell_HEJFEK.gmol,2,
7-Nickel/Cell_HEJFEK.gmol,3,
3-Ruthenium/Cell_UDIDAM.gmol,0,
3-Ruthenium/Cell_UDIDAM.gmol,1,
3-Ruthenium/Cell_UDIDAM.gmol,2,
3-Ruthenium/Cell_UDIDAM.gmol,3,
3-Ruthenium/Cell_UDIDAM.gmol,4,
3-Ruthenium/Cell_UDIDAM.gmol,5,
3-Ruthenium/Cell_IFAYET.gmol,0,
3-Ruthenium/Cell_IFAYET.gmol,1,
3-Ruthenium/Cell_IFAYET.gmol,2,
3-Ruthenium/Cell_IFAYET.gmol,3,
3-Ruthenium/Cell_IFAYET.gmol,4,
3-Ruthenium/Cell_IFAYET.gmol,5,
3-Ruthenium/Cell_IFAYET.gmol,6,
3-Ruthenium/Cell_IFAYET.gmol,7,
7-Nickel/Cell_LANKAP.gmol,0,
7-Nickel/Cell_LANKAP.gmol,1,
7-Nickel/Cell_LANKAP.gmol,2,
7-Nickel/Cell_LANKAP.gmol,3,
7-Nickel/Cell_LANKAP.gmol,4,
7-Nickel/Cell_LANKAP.gmol,5,
7-Nickel/Cell_LANKAP.gmol,6,
7-Nickel/Cell_LANKAP.gmol,7,
7-Nickel/Cell_HAWHUJ.gmol,0,
7-Nickel/Cell_HAWHUJ.gmol,1,
7-Nickel/Cell_RUBQEL.gmol,0,
7-Nickel/Cell_RUBQEL.gmol,1,
8-Copper/Cell_HOHLEY.gmol,0,
8-Copper/Cell_HOHLEY.gmol,1,
7-Nickel/Cell_BIJTAR.gmol,0,
7-Nickel/Cell_BIJTAR.gmol,1,
6-Cobalt/Cell_ATUFAW.gmol,0,
6-Cobalt/Cell_ATUFAW.gmol,1,
6-Cobalt/Cell_ATUFAW.gmol,2,
6-Cobalt/Cell_ATUFAW.gmol,3,
2-Manganese/Cell_QUKQES.gmol,0,
2-Manganese/Cell_QUKQES.gmol,1,
2-Manganese/Cell_QUKQES.gmol,2,
2-Manganese/Cell_QUKQES.gmol,3,
2-Manganese/Cell_QUKQES.gmol,4,
2-Manganese/Cell_QUKQES.gmol,5,
7-Nickel/Cell_KELMAQ.gmol,0,
7-Nickel/Cell_KELMAQ.gmol,1,
7-Nickel/Cell_KELMAQ.gmol,2,
3-Ruthenium/Cell_GIDBEC.gmol,0,
3-Ruthenium/Cell_GIDBEC.gmol,1,
3-Ruthenium/Cell_GIDBEC.gmol,2,
3-Ruthenium/Cell_GIDBEC.gmol,3,
3-Ruthenium/Cell_GIDBEC.gmol,4,
3-Ruthenium/Cell_GIDBEC.gmol,5,
3-Ruthenium/Cell_GIDBEC.gmol,6,
3-Ruthenium/Cell_GIDBEC.gmol,7,
6-Cobalt/Cell_NIGVUU.gmol,0,
6-Cobalt/Cell_NIGVUU.gmol,1,
6-Cobalt/Cell_NIGVUU.gmol,2,
6-Cobalt/Cell_NIGVUU.gmol,3,
6-Cobalt/Cell_NIGVUU.gmol,4,
6-Cobalt/Cell_NIGVUU.gmol,5,
6-Cobalt/Cell_NIGVUU.gmol,6,
6-Cobalt/Cell_NIGVUU.gmol,7,
6-Cobalt/Cell_NIGVUU.gmol,8,
6-Cobalt/Cell_NIGVUU.gmol,9,
6-Cobalt/Cell_NIGVUU.gmol,10,
6-Cobalt/Cell_NIGVUU.gmol,11,
6-Cobalt/Cell_NIGVUU.gmol,12,
6-Cobalt/Cell_NIGVUU.gmol,13,
6-Cobalt/Cell_NIGVUU.gmol,14,
6-Cobalt/Cell_NIGVUU.gmol,15,
6-Cobalt/Cell_NIGVUU.gmol,16,
6-Cobalt/Cell_NIGVUU.gmol,17,
6-Cobalt/Cell_NIGVUU.gmol,18,
6-Cobalt/Cell_NIGVUU.gmol,19,
8-Copper/Cell_GIJPEX.gmol,0,
8-Copper/Cell_GIJPEX.gmol,1,
8-Copper/Cell_GIJPEX.gmol,2,
8-Copper/Cell_GIJPEX.gmol,3,
3-Ruthenium/Cell_PEHYEJ.gmol,0,
3-Ruthenium/Cell_PEHYEJ.gmol,1,
3-Ruthenium/Cell_PEHYEJ.gmol,2,
3-Ruthenium/Cell_PEHYEJ.gmol,3,
3-Ruthenium/Cell_UFUYOL.gmol,0,
3-Ruthenium/Cell_UFUYOL.gmol,1,
3-Ruthenium/Cell_UFUYOL.gmol,2,
3-Ruthenium/Cell_UFUYOL.gmol,3,
3-Ruthenium/Cell_UFUYOL.gmol,4,
3-Ruthenium/Cell_UFUYOL.gmol,5,
3-Ruthenium/Cell_UFUYOL.gmol,6,
3-Ruthenium/Cell_UFUYOL.gmol,7,
3-Ruthenium/Cell_UFUYOL.gmol,8,
3-Ruthenium/Cell_UFUYOL.gmol,9,
3-Ruthenium/Cell_UFUYOL.gmol,10,
3-Ruthenium/Cell_UFUYOL.gmol,11,
1-Iron/Cell_DELPOZ01.gmol,0,
1-Iron/Cell_DELPOZ01.gmol,1,
1-Iron/Cell_DELPOZ01.gmol,2,
1-Iron/Cell_DELPOZ01.gmol,3,
1-Iron/Cell_DELPOZ01.gmol,4,
1-Iron/Cell_DELPOZ01.gmol,5,
1-Iron/Cell_DELPOZ01.gmol,6,
1-Iron/Cell_DELPOZ01.gmol,7,
1-Iron/Cell_DELPOZ01.gmol,8,
1-Iron/Cell_DELPOZ01.gmol,9,
1-Iron/Cell_DELPOZ01.gmol,10,
1-Iron/Cell_DELPOZ01.gmol,11,
1-Iron/Cell_DELPOZ01.gmol,12,
1-Iron/Cell_DELPOZ01.gmol,13,
1-Iron/Cell_DELPOZ01.gmol,14,
1-Iron/Cell_DELPOZ01.gmol,15,
8-Copper/Cell_NOTNOB.gmol,0,
8-Copper/Cell_NOTNOB.gmol,1,
2-Manganese/Cell_MAMFEM.gmol,0,
2-Manganese/Cell_MAMFEM.gmol,1,
3-Ruthenium/Cell_ENAXOG.gmol,0,
3-Ruthenium/Cell_ENAXOG.gmol,1,
3-Ruthenium/Cell_ENAXOG.gmol,2,
3-Ruthenium/Cell_ENAXOG.gmol,3,
3-Ruthenium/Cell_ENAXOG.gmol,4,
3-Ruthenium/Cell_ENAXOG.gmol,5,
3-Ruthenium/Cell_ENAXOG.gmol,6,
3-Ruthenium/Cell_ENAXOG.gmol,7,
1-Iron/Cell_ATUQOV.gmol,0,
1-Iron/Cell_ATUQOV.gmol,1,
1-Iron/Cell_ATUQOV.gmol,2,
1-Iron/Cell_ATUQOV.gmol,3,
2-Manganese/Cell_UJIQAI.gmol,0,
2-Manganese/Cell_UJIQAI.gmol,1,
2-Manganese/Cell_UJIQAI.gmol,2,
2-Manganese/Cell_UJIQAI.gmol,3,
7-Nickel/Cell_QOTHEN.gmol,0,
7-Nickel/Cell_QOTHEN.gmol,1,
7-Nickel/Cell_QOTHEN.gmol,2,
7-Nickel/Cell_QOTHEN.gmol,3,
7-Nickel/Cell_QOTHEN.gmol,4,
7-Nickel/Cell_QOTHEN.gmol,5,
7-Nickel/Cell_QOTHEN.gmol,6,
7-Nickel/Cell_QOTHEN.gmol,7,
7-Nickel/Cell_EWUSEW.gmol,0,
7-Nickel/Cell_EWUSEW.gmol,1,
7-Nickel/Cell_EWUSEW.gmol,2,
7-Nickel/Cell_EWUSEW.gmol,3,
1-Iron/Cell_KEYVOC.gmol,0,
1-Iron/Cell_KEYVOC.gmol,1,
5-Chromium/Cell_TERGAZ.gmol,0,
5-Chromium/Cell_TERGAZ.gmol,1,
5-Chromium/Cell_TERGAZ.gmol,2,
5-Chromium/Cell_TERGAZ.gmol,3,
3-Ruthenium/Cell_TAJFUF.gmol,0,
3-Ruthenium/Cell_TAJFUF.gmol,1,
3-Ruthenium/Cell_TAJFUF.gmol,2,
3-Ruthenium/Cell_TAJFUF.gmol,3,
5-Chromium/Cell_BEKGEF.gmol,0,
5-Chromium/Cell_BEKGEF.gmol,1,
5-Chromium/Cell_BEKGEF.gmol,2,
5-Chromium/Cell_BEKGEF.gmol,3,
3-Ruthenium/Cell_PUKZIE.gmol,0,
3-Ruthenium/Cell_PUKZIE.gmol,1,
8-Copper/Cell_ILEDOT.gmol,0,
8-Copper/Cell_ILEDOT.gmol,1,
8-Copper/Cell_ILEDOT.gmol,2,
8-Copper/Cell_ILEDOT.gmol,3,
8-Copper/Cell_ILEDOT.gmol,4,
8-Copper/Cell_ILEDOT.gmol,5,
8-Copper/Cell_ILEDOT.gmol,6,
8-Copper/Cell_ILEDOT.gmol,7,
8-Copper/Cell_ILEDOT.gmol,8,
8-Copper/Cell_ILEDOT.gmol,9,
8-Copper/Cell_ILEDOT.gmol,10,
8-Copper/Cell_ILEDOT.gmol,11,
3-Ruthenium/Cell_UBISIK.gmol,0,
3-Ruthenium/Cell_UBISIK.gmol,1,
3-Ruthenium/Cell_UBISIK.gmol,2,
3-Ruthenium/Cell_UBISIK.gmol,3,
4-Rhenium/Cell_NOMJIJ.gmol,0,
4-Rhenium/Cell_NOMJIJ.gmol,1,
4-Rhenium/Cell_NOMJIJ.gmol,2,
4-Rhenium/Cell_NOMJIJ.gmol,3,
8-Copper/Cell_YAVLIR.gmol,0,
8-Copper/Cell_YAVLIR.gmol,1,
8-Copper/Cell_LEWSOX.gmol,0,
8-Copper/Cell_LEWSOX.gmol,1,
8-Copper/Cell_LEWSOX.gmol,2,
8-Copper/Cell_LEWSOX.gmol,3,
8-Copper/Cell_LEWSOX.gmol,4,
8-Copper/Cell_LEWSOX.gmol,5,
7-Nickel/Cell_VUNJIZ.gmol,0,
7-Nickel/Cell_VUNJIZ.gmol,1,
7-Nickel/Cell_VUNJIZ.gmol,2,
7-Nickel/Cell_VUNJIZ.gmol,3,
6-Cobalt/Cell_LAJYUR.gmol,0,
6-Cobalt/Cell_LAJYUR.gmol,1,
7-Nickel/Cell_LETJUQ.gmol,0,
7-Nickel/Cell_LETJUQ.gmol,1,
7-Nickel/Cell_LETJUQ.gmol,2,
7-Nickel/Cell_LETJUQ.gmol,3,
8-Copper/Cell_LASNOJ.gmol,0,
8-Copper/Cell_LASNOJ.gmol,1,
8-Copper/Cell_LASNOJ.gmol,2,
8-Copper/Cell_LASNOJ.gmol,3,
3-Ruthenium/Cell_KIVROW.gmol,0,
3-Ruthenium/Cell_KIVROW.gmol,1,
3-Ruthenium/Cell_KIVROW.gmol,2,
3-Ruthenium/Cell_KIVROW.gmol,3,
3-Ruthenium/Cell_KIVROW.gmol,4,
3-Ruthenium/Cell_KIVROW.gmol,5,
3-Ruthenium/Cell_KIVROW.gmol,6,
3-Ruthenium/Cell_KIVROW.gmol,7,
6-Cobalt/Cell_WIRQUL.gmol,0,
6-Cobalt/Cell_WIRQUL.gmol,1,
6-Cobalt/Cell_WIRQUL.gmol,2,
6-Cobalt/Cell_WIRQUL.gmol,3,
6-Cobalt/Cell_WIRQUL.gmol,4,
6-Cobalt/Cell_WIRQUL.gmol,5,
6-Cobalt/Cell_WIRQUL.gmol,6,
6-Cobalt/Cell_WIRQUL.gmol,7,
6-Cobalt/Cell_WIRQUL.gmol,8,
6-Cobalt/Cell_WIRQUL.gmol,9,
3-Ruthenium/Cell_TAFDOV.gmol,0,
3-Ruthenium/Cell_TAFDOV.gmol,1,
3-Ruthenium/Cell_TAFDOV.gmol,2,
3-Ruthenium/Cell_TAFDOV.gmol,3,
3-Ruthenium/Cell_TAFDOV.gmol,4,
3-Ruthenium/Cell_TAFDOV.gmol,5,
3-Ruthenium/Cell_TAFDOV.gmol,6,
3-Ruthenium/Cell_TAFDOV.gmol,7,
1-Iron/Cell_DEXPAX05.gmol,0,
1-Iron/Cell_DEXPAX05.gmol,1,
1-Iron/Cell_DEXPAX05.gmol,2,
1-Iron/Cell_DEXPAX05.gmol,3,
1-Iron/Cell_DEXPAX05.gmol,4,
1-Iron/Cell_DEXPAX05.gmol,5,
5-Chromium/Cell_QIKRIL.gmol,0,
5-Chromium/Cell_QIKRIL.gmol,1,
5-Chromium/Cell_QIKRIL.gmol,2,
5-Chromium/Cell_QIKRIL.gmol,3,
5-Chromium/Cell_QIKRIL.gmol,4,
5-Chromium/Cell_QIKRIL.gmol,5,
5-Chromium/Cell_QIKRIL.gmol,6,
5-Chromium/Cell_QIKRIL.gmol,7,
8-Copper/Cell_ZIHYIB.gmol,0,
8-Copper/Cell_ZIHYIB.gmol,1,
8-Copper/Cell_ZIHYIB.gmol,2,
8-Copper/Cell_ZIHYIB.gmol,3,
8-Copper/Cell_ZIHYIB.gmol,4,
8-Copper/Cell_ZIHYIB.gmol,5,
8-Copper/Cell_ZIHYIB.gmol,6,
8-Copper/Cell_ZIHYIB.gmol,7,
8-Copper/Cell_ZIHYIB.gmol,8,
8-Copper/Cell_ZIHYIB.gmol,9,
8-Copper/Cell_ZIHYIB.gmol,10,
8-Copper/Cell_ZIHYIB.gmol,11,
8-Copper/Cell_ZIHYIB.gmol,12,
8-Copper/Cell_ZIHYIB.gmol,13,
8-Copper/Cell_ZIHYIB.gmol,14,
8-Copper/Cell_ZIHYIB.gmol,15,
8-Copper/Cell_WUDPIW.gmol,0,
8-Copper/Cell_WUDPIW.gmol,1,
8-Copper/Cell_WUDPIW.gmol,2,
8-Copper/Cell_WUDPIW.gmol,3,
8-Copper/Cell_WUDPIW.gmol,4,
8-Copper/Cell_WUDPIW.gmol,5,
8-Copper/Cell_WUDPIW.gmol,6,
8-Copper/Cell_WUDPIW.gmol,7,
8-Copper/Cell_CAFBAP.gmol,0,
8-Copper/Cell_CAFBAP.gmol,1,
8-Copper/Cell_CAFBAP.gmol,2,
8-Copper/Cell_CAFBAP.gmol,3,
3-Ruthenium/Cell_RAFDAG.gmol,0,
3-Ruthenium/Cell_RAFDAG.gmol,1,
3-Ruthenium/Cell_RAFDAG.gmol,2,
3-Ruthenium/Cell_RAFDAG.gmol,3,
3-Ruthenium/Cell_RAFDAG.gmol,4,
3-Ruthenium/Cell_RAFDAG.gmol,5,
3-Ruthenium/Cell_RAFDAG.gmol,6,
3-Ruthenium/Cell_RAFDAG.gmol,7,
3-Ruthenium/Cell_RAFDAG.gmol,8,
3-Ruthenium/Cell_RAFDAG.gmol,9,
3-Ruthenium/Cell_RAFDAG.gmol,10,
3-Ruthenium/Cell_RAFDAG.gmol,11,
3-Ruthenium/Cell_RAFDAG.gmol,12,
3-Ruthenium/Cell_RAFDAG.gmol,13,
3-Ruthenium/Cell_RAFDAG.gmol,14,
3-Ruthenium/Cell_RAFDAG.gmol,15,
6-Cobalt/Cell_BOGMOA.gmol,0,
6-Cobalt/Cell_BOGMOA.gmol,1,
8-Copper/Cell_AGOHAF.gmol,0,
8-Copper/Cell_AGOHAF.gmol,1,
8-Copper/Cell_AGOHAF.gmol,2,
8-Copper/Cell_ZALVOA.gmol,0,
8-Copper/Cell_ZALVOA.gmol,1,
8-Copper/Cell_ZALVOA.gmol,2,
8-Copper/Cell_ZALVOA.gmol,3,
8-Copper/Cell_TETBOK.gmol,0,
8-Copper/Cell_TETBOK.gmol,1,
1-Iron/Cell_QACVUN.gmol,0,
1-Iron/Cell_QACVUN.gmol,1,
1-Iron/Cell_QACVUN.gmol,2,
1-Iron/Cell_QACVUN.gmol,3,
6-Cobalt/Cell_LEPRAA.gmol,0,
6-Cobalt/Cell_LEPRAA.gmol,1,
8-Copper/Cell_ELERAQ.gmol,0,
8-Copper/Cell_ELERAQ.gmol,1,
1-Iron/Cell_ATAVEX.gmol,0,
1-Iron/Cell_ATAVEX.gmol,1,
1-Iron/Cell_ATAVEX.gmol,2,
1-Iron/Cell_ATAVEX.gmol,3,
8-Copper/Cell_XAZTEY.gmol,0,
8-Copper/Cell_XAZTEY.gmol,1,
6-Cobalt/Cell_QOKWUI.gmol,0,
6-Cobalt/Cell_QOKWUI.gmol,1,
6-Cobalt/Cell_QOKWUI.gmol,2,
6-Cobalt/Cell_QOKWUI.gmol,3,
1-Iron/Cell_DEMBOP.gmol,0,
1-Iron/Cell_DEMBOP.gmol,1,
1-Iron/Cell_DEMBOP.gmol,2,
1-Iron/Cell_DEMBOP.gmol,3,
5-Chromium/Cell_WESLAH.gmol,0,
5-Chromium/Cell_WESLAH.gmol,1,
5-Chromium/Cell_WESLAH.gmol,2,
5-Chromium/Cell_WESLAH.gmol,3,
5-Chromium/Cell_WESLAH.gmol,4,
5-Chromium/Cell_WESLAH.gmol,5,
5-Chromium/Cell_WESLAH.gmol,6,
5-Chromium/Cell_WESLAH.gmol,7,
5-Chromium/Cell_WESLAH.gmol,8,
5-Chromium/Cell_WESLAH.gmol,9,
5-Chromium/Cell_WESLAH.gmol,10,
5-Chromium/Cell_WESLAH.gmol,11,
3-Ruthenium/Cell_YOQJIY.gmol,0,
3-Ruthenium/Cell_YOQJIY.gmol,1,
3-Ruthenium/Cell_YOQJIY.gmol,2,
3-Ruthenium/Cell_YOQJIY.gmol,3,
8-Copper/Cell_COCVEV.gmol,0,
8-Copper/Cell_COCVEV.gmol,1,
8-Copper/Cell_COCVEV.gmol,2,
8-Copper/Cell_COCVEV.gmol,3,
8-Copper/Cell_COCVEV.gmol,4,
8-Copper/Cell_COCVEV.gmol,5,
8-Copper/Cell_COCVEV.gmol,6,
8-Copper/Cell_COCVEV.gmol,7,
8-Copper/Cell_COCVEV.gmol,8,
8-Copper/Cell_COCVEV.gmol,9,
8-Copper/Cell_COCVEV.gmol,10,
8-Copper/Cell_COCVEV.gmol,11,
8-Copper/Cell_COCVEV.gmol,12,
8-Copper/Cell_COCVEV.gmol,13,
8-Copper/Cell_COCVEV.gmol,14,
8-Copper/Cell_COCVEV.gmol,15,
8-Copper/Cell_COCVEV.gmol,16,
8-Copper/Cell_COCVEV.gmol,17,
8-Copper/Cell_COCVEV.gmol,18,
8-Copper/Cell_COCVEV.gmol,19,
4-Rhenium/Cell_GILKIY.gmol,0,
4-Rhenium/Cell_GILKIY.gmol,1,
4-Rhenium/Cell_GILKIY.gmol,2,
4-Rhenium/Cell_GILKIY.gmol,3,
4-Rhenium/Cell_GILKIY.gmol,4,
4-Rhenium/Cell_GILKIY.gmol,5,
4-Rhenium/Cell_GILKIY.gmol,6,
4-Rhenium/Cell_GILKIY.gmol,7,
8-Copper/Cell_TIHLUU.gmol,0,
8-Copper/Cell_TIHLUU.gmol,1,
8-Copper/Cell_TIHLUU.gmol,2,
8-Copper/Cell_TIHLUU.gmol,3,
8-Copper/Cell_TIHLUU.gmol,4,
8-Copper/Cell_TIHLUU.gmol,5,
8-Copper/Cell_TIHLUU.gmol,6,
8-Copper/Cell_TIHLUU.gmol,7,
7-Nickel/Cell_QOVPIA.gmol,0,
7-Nickel/Cell_QOVPIA.gmol,1,
7-Nickel/Cell_QOVPIA.gmol,2,
7-Nickel/Cell_QOVPIA.gmol,3,
7-Nickel/Cell_QOVPIA.gmol,4,
7-Nickel/Cell_QOVPIA.gmol,5,
7-Nickel/Cell_QOVPIA.gmol,6,
7-Nickel/Cell_QOVPIA.gmol,7,
8-Copper/Cell_JUSFIO.gmol,0,
8-Copper/Cell_JUSFIO.gmol,1,
8-Copper/Cell_JUSFIO.gmol,2,
8-Copper/Cell_JUSFIO.gmol,3,
7-Nickel/Cell_YEFKUP.gmol,0,
7-Nickel/Cell_YEFKUP.gmol,1,
7-Nickel/Cell_TITRAQ.gmol,0,
7-Nickel/Cell_TITRAQ.gmol,1,
7-Nickel/Cell_TITRAQ.gmol,2,
7-Nickel/Cell_TITRAQ.gmol,3,
8-Copper/Cell_BUXYEZ.gmol,0,
8-Copper/Cell_BUXYEZ.gmol,1,
8-Copper/Cell_BUXYEZ.gmol,2,
8-Copper/Cell_BUXYEZ.gmol,3,
8-Copper/Cell_RUNYOP.gmol,0,
8-Copper/Cell_RUNYOP.gmol,1,
8-Copper/Cell_RUNYOP.gmol,2,
8-Copper/Cell_RUNYOP.gmol,3,
3-Ruthenium/Cell_JUHZUK.gmol,0,
3-Ruthenium/Cell_JUHZUK.gmol,1,
3-Ruthenium/Cell_JUHZUK.gmol,2,
3-Ruthenium/Cell_JUHZUK.gmol,3,
3-Ruthenium/Cell_JUHZUK.gmol,4,
3-Ruthenium/Cell_JUHZUK.gmol,5,
3-Ruthenium/Cell_GEXFEX.gmol,0,
3-Ruthenium/Cell_GEXFEX.gmol,1,
2-Manganese/Cell_QALTAA.gmol,0,
2-Manganese/Cell_QALTAA.gmol,1,
8-Copper/Cell_JALVAW.gmol,0,
8-Copper/Cell_JALVAW.gmol,1,
8-Copper/Cell_DUZYUT.gmol,0,
8-Copper/Cell_DUZYUT.gmol,1,
2-Manganese/Cell_OBUCAP.gmol,0,
2-Manganese/Cell_OBUCAP.gmol,1,
2-Manganese/Cell_OBUCAP.gmol,2,
2-Manganese/Cell_OBUCAP.gmol,3,
6-Cobalt/Cell_IVUQOH.gmol,0,
6-Cobalt/Cell_IVUQOH.gmol,1,
6-Cobalt/Cell_IVUQOH.gmol,2,
6-Cobalt/Cell_IVUQOH.gmol,3,
6-Cobalt/Cell_DILDUY.gmol,0,
6-Cobalt/Cell_DILDUY.gmol,1,
8-Copper/Cell_YEFHIA.gmol,0,
8-Copper/Cell_YEFHIA.gmol,1,
8-Copper/Cell_YEFHIA.gmol,2,
8-Copper/Cell_YEFHIA.gmol,3,
1-Iron/Cell_OSUBUA.gmol,0,
1-Iron/Cell_OSUBUA.gmol,1,
1-Iron/Cell_OSUBUA.gmol,2,
1-Iron/Cell_OSUBUA.gmol,3,
1-Iron/Cell_OSUBUA.gmol,4,
1-Iron/Cell_OSUBUA.gmol,5,
1-Iron/Cell_OSUBUA.gmol,6,
1-Iron/Cell_OSUBUA.gmol,7,
1-Iron/Cell_OSUBUA.gmol,8,
1-Iron/Cell_OSUBUA.gmol,9,
1-Iron/Cell_OSUBUA.gmol,10,
1-Iron/Cell_OSUBUA.gmol,11,
1-Iron/Cell_OSUBUA.gmol,12,
1-Iron/Cell_OSUBUA.gmol,13,
1-Iron/Cell_OSUBUA.gmol,14,
1-Iron/Cell_OSUBUA.gmol,15,
1-Iron/Cell_OSUBUA.gmol,16,
1-Iron/Cell_OSUBUA.gmol,17,
1-Iron/Cell_OSUBUA.gmol,18,
1-Iron/Cell_OSUBUA.gmol,19,
1-Iron/Cell_OSUBUA.gmol,20,
1-Iron/Cell_OSUBUA.gmol,21,
1-Iron/Cell_OSUBUA.gmol,22,
1-Iron/Cell_OSUBUA.gmol,23,
8-Copper/Cell_TAKVOS.gmol,0,
8-Copper/Cell_TAKVOS.gmol,1,
6-Cobalt/Cell_FPTBCO.gmol,0,
6-Cobalt/Cell_FPTBCO.gmol,1,
2-Manganese/Cell_DUBGIS.gmol,0,
2-Manganese/Cell_DUBGIS.gmol,1,
2-Manganese/Cell_DUBGIS.gmol,2,
2-Manganese/Cell_DUBGIS.gmol,3,
2-Manganese/Cell_DUBGIS.gmol,4,
2-Manganese/Cell_DUBGIS.gmol,5,
2-Manganese/Cell_DUBGIS.gmol,6,
2-Manganese/Cell_DUBGIS.gmol,7,
2-Manganese/Cell_DUBGIS.gmol,8,
2-Manganese/Cell_DUBGIS.gmol,9,
2-Manganese/Cell_DUBGIS.gmol,10,
2-Manganese/Cell_DUBGIS.gmol,11,
2-Manganese/Cell_DUBGIS.gmol,12,
2-Manganese/Cell_DUBGIS.gmol,13,
2-Manganese/Cell_DUBGIS.gmol,14,
2-Manganese/Cell_DUBGIS.gmol,15,
2-Manganese/Cell_DUBGIS.gmol,16,
2-Manganese/Cell_DUBGIS.gmol,17,
2-Manganese/Cell_DUBGIS.gmol,18,
2-Manganese/Cell_DUBGIS.gmol,19,
7-Nickel/Cell_YANWIT.gmol,0,
8-Copper/Cell_FOQLIG.gmol,0,
8-Copper/Cell_FOQLIG.gmol,1,
8-Copper/Cell_FOQLIG.gmol,2,
8-Copper/Cell_FOQLIG.gmol,3,
8-Copper/Cell_QASWEM.gmol,0,
8-Copper/Cell_QASWEM.gmol,1,
8-Copper/Cell_EYAMAU.gmol,0,
8-Copper/Cell_EYAMAU.gmol,1,
8-Copper/Cell_EYAMAU.gmol,2,
8-Copper/Cell_EYAMAU.gmol,3,
8-Copper/Cell_EYAMAU.gmol,4,
8-Copper/Cell_EYAMAU.gmol,5,
8-Copper/Cell_EYAMAU.gmol,6,
8-Copper/Cell_EYAMAU.gmol,7,
8-Copper/Cell_EYAMAU.gmol,8,
8-Copper/Cell_EYAMAU.gmol,9,
8-Copper/Cell_EYAMAU.gmol,10,
8-Copper/Cell_EYAMAU.gmol,11,
3-Ruthenium/Cell_KIMLOJ.gmol,0,
3-Ruthenium/Cell_KIMLOJ.gmol,1,
8-Copper/Cell_JIRMED.gmol,0,
8-Copper/Cell_JIRMED.gmol,1,
8-Copper/Cell_JIRMED.gmol,2,
8-Copper/Cell_JIRMED.gmol,3,
8-Copper/Cell_FEWMAY.gmol,0,
8-Copper/Cell_FEWMAY.gmol,1,
7-Nickel/Cell_WABGOW.gmol,0,
7-Nickel/Cell_WABGOW.gmol,1,
6-Cobalt/Cell_WAYLOZ.gmol,0,
6-Cobalt/Cell_WAYLOZ.gmol,1,
6-Cobalt/Cell_WAYLOZ.gmol,2,
6-Cobalt/Cell_WAYLOZ.gmol,3,
7-Nickel/Cell_LANBUZ.gmol,0,
7-Nickel/Cell_LANBUZ.gmol,1,
7-Nickel/Cell_LANBUZ.gmol,2,
7-Nickel/Cell_LANBUZ.gmol,3,
3-Ruthenium/Cell_KESYEP.gmol,0,
3-Ruthenium/Cell_KESYEP.gmol,1,
3-Ruthenium/Cell_KESYEP.gmol,2,
3-Ruthenium/Cell_KESYEP.gmol,3,
3-Ruthenium/Cell_KESYEP.gmol,4,
3-Ruthenium/Cell_KESYEP.gmol,5,
2-Manganese/Cell_DIXJEC.gmol,0,
2-Manganese/Cell_DIXJEC.gmol,1,
7-Nickel/Cell_VIXWEE.gmol,0,
7-Nickel/Cell_VIXWEE.gmol,1,
7-Nickel/Cell_VIXWEE.gmol,2,
7-Nickel/Cell_VIXWEE.gmol,3,
6-Cobalt/Cell_TUVYUF.gmol,0,
6-Cobalt/Cell_TUVYUF.gmol,1,
8-Copper/Cell_GUVLIU.gmol,0,
8-Copper/Cell_GUVLIU.gmol,1,
8-Copper/Cell_GUVLIU.gmol,2,
8-Copper/Cell_GUVLIU.gmol,3,
6-Cobalt/Cell_PIGYUC.gmol,0,
6-Cobalt/Cell_PIGYUC.gmol,1,
6-Cobalt/Cell_PIGYUC.gmol,2,
6-Cobalt/Cell_PIGYUC.gmol,3,
6-Cobalt/Cell_PIGYUC.gmol,4,
6-Cobalt/Cell_PIGYUC.gmol,5,
6-Cobalt/Cell_PIGYUC.gmol,6,
6-Cobalt/Cell_PIGYUC.gmol,7,
8-Copper/Cell_GUGWEK.gmol,0,
8-Copper/Cell_GUGWEK.gmol,1,
8-Copper/Cell_GUGWEK.gmol,2,
8-Copper/Cell_GUGWEK.gmol,3,
8-Copper/Cell_GUGWEK.gmol,4,
8-Copper/Cell_GUGWEK.gmol,5,
8-Copper/Cell_GUGWEK.gmol,6,
8-Copper/Cell_GUGWEK.gmol,7,
3-Ruthenium/Cell_GECGEA.gmol,0,
3-Ruthenium/Cell_GECGEA.gmol,1,
8-Copper/Cell_VIQZEA.gmol,0,
8-Copper/Cell_VIQZEA.gmol,1,
8-Copper/Cell_VIQZEA.gmol,2,
8-Copper/Cell_VIQZEA.gmol,3,
8-Copper/Cell_YABLIX.gmol,0,
8-Copper/Cell_YABLIX.gmol,1,
8-Copper/Cell_YABLIX.gmol,2,
8-Copper/Cell_YABLIX.gmol,3,
3-Ruthenium/Cell_NEBGAF.gmol,0,
3-Ruthenium/Cell_NEBGAF.gmol,1,
3-Ruthenium/Cell_NEBGAF.gmol,2,
3-Ruthenium/Cell_NEBGAF.gmol,3,
3-Ruthenium/Cell_NEBGAF.gmol,4,
3-Ruthenium/Cell_NEBGAF.gmol,5,
3-Ruthenium/Cell_NEBGAF.gmol,6,
3-Ruthenium/Cell_NEBGAF.gmol,7,
3-Ruthenium/Cell_NEBGAF.gmol,8,
3-Ruthenium/Cell_NEBGAF.gmol,9,
8-Copper/Cell_BUJLOH.gmol,0,
8-Copper/Cell_BUJLOH.gmol,1,
8-Copper/Cell_BUJLOH.gmol,2,
8-Copper/Cell_BUJLOH.gmol,3,
8-Copper/Cell_BUJLOH.gmol,4,
8-Copper/Cell_BUJLOH.gmol,5,
8-Copper/Cell_OBIYAZ.gmol,0,
8-Copper/Cell_OBIYAZ.gmol,1,
8-Copper/Cell_OBIYAZ.gmol,2,
8-Copper/Cell_OBIYAZ.gmol,3,
8-Copper/Cell_OBIYAZ.gmol,4,
8-Copper/Cell_OBIYAZ.gmol,5,
6-Cobalt/Cell_NOPRIU.gmol,0,
6-Cobalt/Cell_NOPRIU.gmol,1,
6-Cobalt/Cell_NOPRIU.gmol,2,
6-Cobalt/Cell_NOPRIU.gmol,3,
1-Iron/Cell_XUYYOG.gmol,0,
1-Iron/Cell_XUYYOG.gmol,1,
1-Iron/Cell_XUYYOG.gmol,2,
1-Iron/Cell_XUYYOG.gmol,3,
1-Iron/Cell_XUYYOG.gmol,4,
1-Iron/Cell_XUYYOG.gmol,5,
1-Iron/Cell_XUYYOG.gmol,6,
1-Iron/Cell_XUYYOG.gmol,7,
1-Iron/Cell_XUYYOG.gmol,8,
1-Iron/Cell_XUYYOG.gmol,9,
1-Iron/Cell_XUYYOG.gmol,10,
1-Iron/Cell_XUYYOG.gmol,11,
8-Copper/Cell_DESKUH.gmol,0,
8-Copper/Cell_DESKUH.gmol,1,
8-Copper/Cell_DESKUH.gmol,2,
8-Copper/Cell_DESKUH.gmol,3,
8-Copper/Cell_DESKUH.gmol,4,
8-Copper/Cell_DESKUH.gmol,5,
8-Copper/Cell_DESKUH.gmol,6,
8-Copper/Cell_DESKUH.gmol,7,
7-Nickel/Cell_YAQGAB.gmol,0,
7-Nickel/Cell_YAQGAB.gmol,1,
7-Nickel/Cell_YAQGAB.gmol,2,
7-Nickel/Cell_YAQGAB.gmol,3,
1-Iron/Cell_JIWNUY.gmol,0,
1-Iron/Cell_JIWNUY.gmol,1,
1-Iron/Cell_JIWNUY.gmol,2,
1-Iron/Cell_JIWNUY.gmol,3,
6-Cobalt/Cell_LIKMUQ.gmol,0,
6-Cobalt/Cell_LIKMUQ.gmol,1,
6-Cobalt/Cell_LIKMUQ.gmol,2,
6-Cobalt/Cell_LIKMUQ.gmol,3,
6-Cobalt/Cell_LIKMUQ.gmol,4,
6-Cobalt/Cell_LIKMUQ.gmol,5,
6-Cobalt/Cell_LIKMUQ.gmol,6,
6-Cobalt/Cell_LIKMUQ.gmol,7,
6-Cobalt/Cell_DUHJEV.gmol,0,
6-Cobalt/Cell_DUHJEV.gmol,1,
6-Cobalt/Cell_DUHJEV.gmol,2,
6-Cobalt/Cell_DUHJEV.gmol,3,
6-Cobalt/Cell_DUHJEV.gmol,4,
6-Cobalt/Cell_DUHJEV.gmol,5,
6-Cobalt/Cell_DUHJEV.gmol,6,
6-Cobalt/Cell_DUHJEV.gmol,7,
1-Iron/Cell_BUYBIG.gmol,0,
1-Iron/Cell_BUYBIG.gmol,1,
1-Iron/Cell_BUYBIG.gmol,2,
1-Iron/Cell_BUYBIG.gmol,3,
7-Nickel/Cell_NIGLUM.gmol,0,
7-Nickel/Cell_NIGLUM.gmol,1,
7-Nickel/Cell_NIGLUM.gmol,2,
7-Nickel/Cell_WAKSEH.gmol,0,
7-Nickel/Cell_WAKSEH.gmol,1,
7-Nickel/Cell_WAKSEH.gmol,2,
7-Nickel/Cell_WAKSEH.gmol,3,
7-Nickel/Cell_WAKSEH.gmol,4,
7-Nickel/Cell_WAKSEH.gmol,5,
7-Nickel/Cell_WAKSEH.gmol,6,
7-Nickel/Cell_WAKSEH.gmol,7,
7-Nickel/Cell_WAKSEH.gmol,8,
7-Nickel/Cell_WAKSEH.gmol,9,
7-Nickel/Cell_WAKSEH.gmol,10,
7-Nickel/Cell_WAKSEH.gmol,11,
7-Nickel/Cell_HADFAU.gmol,0,
7-Nickel/Cell_HADFAU.gmol,1,
7-Nickel/Cell_HADFAU.gmol,2,
7-Nickel/Cell_HADFAU.gmol,3,
7-Nickel/Cell_HADFAU.gmol,4,
7-Nickel/Cell_HADFAU.gmol,5,
3-Ruthenium/Cell_YEJQOW.gmol,0,
3-Ruthenium/Cell_YEJQOW.gmol,1,
7-Nickel/Cell_UJIYAO.gmol,0,
7-Nickel/Cell_UJIYAO.gmol,1,
7-Nickel/Cell_UJIYAO.gmol,2,
7-Nickel/Cell_UJIYAO.gmol,3,
7-Nickel/Cell_UJIYAO.gmol,4,
7-Nickel/Cell_UJIYAO.gmol,5,
7-Nickel/Cell_UJIYAO.gmol,6,
7-Nickel/Cell_UJIYAO.gmol,7,
7-Nickel/Cell_UJIYAO.gmol,8,
7-Nickel/Cell_UJIYAO.gmol,9,
7-Nickel/Cell_UJIYAO.gmol,10,
7-Nickel/Cell_UJIYAO.gmol,11,
7-Nickel/Cell_UJIYAO.gmol,12,
7-Nickel/Cell_UJIYAO.gmol,13,
7-Nickel/Cell_UJIYAO.gmol,14,
7-Nickel/Cell_UJIYAO.gmol,15,
7-Nickel/Cell_UJIYAO.gmol,16,
7-Nickel/Cell_UJIYAO.gmol,17,
7-Nickel/Cell_UJIYAO.gmol,18,
7-Nickel/Cell_UJIYAO.gmol,19,
7-Nickel/Cell_UJIYAO.gmol,20,
7-Nickel/Cell_UJIYAO.gmol,21,
7-Nickel/Cell_UJIYAO.gmol,22,
7-Nickel/Cell_UJIYAO.gmol,23,
7-Nickel/Cell_LAMNUJ.gmol,0,
7-Nickel/Cell_LAMNUJ.gmol,1,
8-Copper/Cell_UHERUU.gmol,0,
8-Copper/Cell_UHERUU.gmol,1,
8-Copper/Cell_UHERUU.gmol,2,
8-Copper/Cell_UHERUU.gmol,3,
8-Copper/Cell_UHERUU.gmol,4,
8-Copper/Cell_UHERUU.gmol,5,
8-Copper/Cell_UHERUU.gmol,6,
8-Copper/Cell_UHERUU.gmol,7,
8-Copper/Cell_UHERUU.gmol,8,
8-Copper/Cell_UHERUU.gmol,9,
1-Iron/Cell_RISJIN.gmol,0,
1-Iron/Cell_RISJIN.gmol,1,
1-Iron/Cell_RISJIN.gmol,2,
1-Iron/Cell_RISJIN.gmol,3,
1-Iron/Cell_RISJIN.gmol,4,
1-Iron/Cell_RISJIN.gmol,5,
1-Iron/Cell_RISJIN.gmol,6,
1-Iron/Cell_RISJIN.gmol,7,
1-Iron/Cell_RISJIN.gmol,8,
1-Iron/Cell_RISJIN.gmol,9,
8-Copper/Cell_AGAWAJ.gmol,0,
8-Copper/Cell_NIBQEV.gmol,0,
8-Copper/Cell_NIBQEV.gmol,1,
8-Copper/Cell_NIBQEV.gmol,2,
8-Copper/Cell_NIBQEV.gmol,3,
8-Copper/Cell_NIBQEV.gmol,4,
8-Copper/Cell_NIBQEV.gmol,5,
2-Manganese/Cell_DIGGUX.gmol,0,
2-Manganese/Cell_DIGGUX.gmol,1,
2-Manganese/Cell_DIGGUX.gmol,2,
2-Manganese/Cell_DIGGUX.gmol,3,
8-Copper/Cell_ENCCBP10.gmol,0,
8-Copper/Cell_ENCCBP10.gmol,1,
8-Copper/Cell_ENCCBP10.gmol,2,
8-Copper/Cell_ENCCBP10.gmol,3,
3-Ruthenium/Cell_QEXSEU.gmol,0,
3-Ruthenium/Cell_QEXSEU.gmol,1,
3-Ruthenium/Cell_QEXSEU.gmol,2,
3-Ruthenium/Cell_QEXSEU.gmol,3,
3-Ruthenium/Cell_QEXSEU.gmol,4,
3-Ruthenium/Cell_QEXSEU.gmol,5,
8-Copper/Cell_XIGYOB.gmol,0,
8-Copper/Cell_XIGYOB.gmol,1,
7-Nickel/Cell_HUDXOV.gmol,0,
7-Nickel/Cell_HUDXOV.gmol,1,
8-Copper/Cell_XAXDEI.gmol,0,
8-Copper/Cell_XAXDEI.gmol,1,
8-Copper/Cell_XAXDEI.gmol,2,
8-Copper/Cell_XAXDEI.gmol,3,
8-Copper/Cell_XAXDEI.gmol,4,
8-Copper/Cell_XAXDEI.gmol,5,
8-Copper/Cell_XAXDEI.gmol,6,
8-Copper/Cell_XAXDEI.gmol,7,
8-Copper/Cell_ITEJUN.gmol,0,
8-Copper/Cell_ITEJUN.gmol,1,
7-Nickel/Cell_MASWEI.gmol,0,
8-Copper/Cell_FEBHAY.gmol,0,
8-Copper/Cell_FEBHAY.gmol,1,
8-Copper/Cell_FEBHAY.gmol,2,
8-Copper/Cell_FEBHAY.gmol,3,
6-Cobalt/Cell_LOBQOJ.gmol,0,
6-Cobalt/Cell_LOBQOJ.gmol,1,
6-Cobalt/Cell_LOBQOJ.gmol,2,
6-Cobalt/Cell_LOBQOJ.gmol,3,
7-Nickel/Cell_HUMXOD.gmol,0,
7-Nickel/Cell_HUMXOD.gmol,1,
7-Nickel/Cell_HUMXOD.gmol,2,
7-Nickel/Cell_HUMXOD.gmol,3,
7-Nickel/Cell_HUMXOD.gmol,4,
7-Nickel/Cell_HUMXOD.gmol,5,
7-Nickel/Cell_HUMXOD.gmol,6,
7-Nickel/Cell_HUMXOD.gmol,7,
8-Copper/Cell_TYTREN.gmol,0,
8-Copper/Cell_TYTREN.gmol,1,
8-Copper/Cell_TYTREN.gmol,2,
8-Copper/Cell_TYTREN.gmol,3,
8-Copper/Cell_TYTREN.gmol,4,
8-Copper/Cell_TYTREN.gmol,5,
8-Copper/Cell_TYTREN.gmol,6,
8-Copper/Cell_TYTREN.gmol,7,
8-Copper/Cell_POXMAQ.gmol,0,
8-Copper/Cell_POXMAQ.gmol,1,
8-Copper/Cell_POXMAQ.gmol,2,
8-Copper/Cell_POXMAQ.gmol,3,
4-Rhenium/Cell_BACDER.gmol,0,
4-Rhenium/Cell_BACDER.gmol,1,
4-Rhenium/Cell_BACDER.gmol,2,
4-Rhenium/Cell_BACDER.gmol,3,
2-Manganese/Cell_IPUHEH.gmol,0,
2-Manganese/Cell_IPUHEH.gmol,1,
2-Manganese/Cell_IPUHEH.gmol,2,
2-Manganese/Cell_IPUHEH.gmol,3,
7-Nickel/Cell_NACZIB.gmol,0,
7-Nickel/Cell_NACZIB.gmol,1,
7-Nickel/Cell_NACZIB.gmol,2,
7-Nickel/Cell_NACZIB.gmol,3,
7-Nickel/Cell_NACZIB.gmol,4,
7-Nickel/Cell_NACZIB.gmol,5,
7-Nickel/Cell_NACZIB.gmol,6,
7-Nickel/Cell_NACZIB.gmol,7,
7-Nickel/Cell_BIBGIE.gmol,0,
7-Nickel/Cell_BIBGIE.gmol,1,
7-Nickel/Cell_BIBGIE.gmol,2,
7-Nickel/Cell_BIBGIE.gmol,3,
6-Cobalt/Cell_SOYWEI.gmol,0,
6-Cobalt/Cell_SOYWEI.gmol,1,
8-Copper/Cell_WUGDIM.gmol,0,
8-Copper/Cell_WUGDIM.gmol,1,
8-Copper/Cell_WUGDIM.gmol,2,
8-Copper/Cell_WUGDIM.gmol,3,
8-Copper/Cell_WUGDIM.gmol,4,
8-Copper/Cell_WUGDIM.gmol,5,
8-Copper/Cell_WUGDIM.gmol,6,
8-Copper/Cell_WUGDIM.gmol,7,
7-Nickel/Cell_SAQREI.gmol,0,
7-Nickel/Cell_SAQREI.gmol,1,
7-Nickel/Cell_SAQREI.gmol,2,
7-Nickel/Cell_SAQREI.gmol,3,
7-Nickel/Cell_SAQREI.gmol,4,
7-Nickel/Cell_SAQREI.gmol,5,
7-Nickel/Cell_SAQREI.gmol,6,
6-Cobalt/Cell_OHAYUR.gmol,0,
6-Cobalt/Cell_OHAYUR.gmol,1,
2-Manganese/Cell_HILHOZ.gmol,0,
2-Manganese/Cell_HILHOZ.gmol,1,
8-Copper/Cell_YODSIU.gmol,0,
8-Copper/Cell_YODSIU.gmol,1,
8-Copper/Cell_YODSIU.gmol,2,
8-Copper/Cell_YODSIU.gmol,3,
8-Copper/Cell_YODSIU.gmol,4,
8-Copper/Cell_YODSIU.gmol,5,
8-Copper/Cell_YODSIU.gmol,6,
8-Copper/Cell_YODSIU.gmol,7,
8-Copper/Cell_YESZIG.gmol,0,
8-Copper/Cell_YESZIG.gmol,1,
8-Copper/Cell_YESZIG.gmol,2,
8-Copper/Cell_YESZIG.gmol,3,
8-Copper/Cell_YESZIG.gmol,4,
8-Copper/Cell_YESZIG.gmol,5,
8-Copper/Cell_YESZIG.gmol,6,
8-Copper/Cell_YESZIG.gmol,7,
8-Copper/Cell_YESZIG.gmol,8,
8-Copper/Cell_YESZIG.gmol,9,
8-Copper/Cell_YESZIG.gmol,10,
8-Copper/Cell_YESZIG.gmol,11,
8-Copper/Cell_YESZIG.gmol,12,
8-Copper/Cell_YESZIG.gmol,13,
8-Copper/Cell_YESZIG.gmol,14,
8-Copper/Cell_YESZIG.gmol,15,
6-Cobalt/Cell_HIPLOI.gmol,0,
6-Cobalt/Cell_HIPLOI.gmol,1,
7-Nickel/Cell_JUSXED.gmol,0,
7-Nickel/Cell_JUSXED.gmol,1,
7-Nickel/Cell_JUSXED.gmol,2,
7-Nickel/Cell_JUSXED.gmol,3,
7-Nickel/Cell_JUSXED.gmol,4,
7-Nickel/Cell_JUSXED.gmol,5,
7-Nickel/Cell_JUSXED.gmol,6,
7-Nickel/Cell_JUSXED.gmol,7,
8-Copper/Cell_NIJVEH.gmol,0,
8-Copper/Cell_NIJVEH.gmol,1,
8-Copper/Cell_NIJVEH.gmol,2,
8-Copper/Cell_NIJVEH.gmol,3,
8-Copper/Cell_NIJVEH.gmol,4,
8-Copper/Cell_NIJVEH.gmol,5,
8-Copper/Cell_NIJVEH.gmol,6,
8-Copper/Cell_NIJVEH.gmol,7,
7-Nickel/Cell_TICCOA.gmol,0,
7-Nickel/Cell_TICCOA.gmol,1,
8-Copper/Cell_REHNIC.gmol,0,
8-Copper/Cell_REHNIC.gmol,1,
8-Copper/Cell_REHNIC.gmol,2,
8-Copper/Cell_REHNIC.gmol,3,
8-Copper/Cell_REHNIC.gmol,4,
8-Copper/Cell_REHNIC.gmol,5,
8-Copper/Cell_REHNIC.gmol,6,
8-Copper/Cell_REHNIC.gmol,7,
8-Copper/Cell_REHNIC.gmol,8,
8-Copper/Cell_REHNIC.gmol,9,
8-Copper/Cell_REHNIC.gmol,10,
8-Copper/Cell_REHNIC.gmol,11,
8-Copper/Cell_ALIMOY.gmol,0,
8-Copper/Cell_ALIMOY.gmol,1,
8-Copper/Cell_ALIMOY.gmol,2,
8-Copper/Cell_ALIMOY.gmol,3,
8-Copper/Cell_PUGMOV.gmol,0,
8-Copper/Cell_PUGMOV.gmol,1,
8-Copper/Cell_PUGMOV.gmol,2,
8-Copper/Cell_PUGMOV.gmol,3,
3-Ruthenium/Cell_LAYLAA.gmol,0,
3-Ruthenium/Cell_LAYLAA.gmol,1,
3-Ruthenium/Cell_LAYLAA.gmol,2,
3-Ruthenium/Cell_LAYLAA.gmol,3,
3-Ruthenium/Cell_LAYLAA.gmol,4,
3-Ruthenium/Cell_LAYLAA.gmol,5,
6-Cobalt/Cell_MECCIG.gmol,0,
6-Cobalt/Cell_MECCIG.gmol,1,
6-Cobalt/Cell_MECCIG.gmol,2,
7-Nickel/Cell_QELPAZ.gmol,0,
7-Nickel/Cell_QELPAZ.gmol,1,
7-Nickel/Cell_QELPAZ.gmol,2,
7-Nickel/Cell_OSUMIZ.gmol,0,
7-Nickel/Cell_OSUMIZ.gmol,1,
7-Nickel/Cell_OSUMIZ.gmol,2,
7-Nickel/Cell_OSUMIZ.gmol,3,
7-Nickel/Cell_OSUMIZ.gmol,4,
7-Nickel/Cell_OSUMIZ.gmol,5,
7-Nickel/Cell_OSUMIZ.gmol,6,
7-Nickel/Cell_OSUMIZ.gmol,7,
8-Copper/Cell_FOCCEG.gmol,0,
8-Copper/Cell_FOCCEG.gmol,1,
8-Copper/Cell_FOCCEG.gmol,2,
8-Copper/Cell_FOCCEG.gmol,3,
1-Iron/Cell_SEWLUD.gmol,0,
1-Iron/Cell_SEWLUD.gmol,1,
1-Iron/Cell_SEWLUD.gmol,2,
1-Iron/Cell_SEWLUD.gmol,3,
1-Iron/Cell_SEWLUD.gmol,4,
1-Iron/Cell_SEWLUD.gmol,5,
1-Iron/Cell_SEWLUD.gmol,6,
1-Iron/Cell_SEWLUD.gmol,7,
1-Iron/Cell_SEWLUD.gmol,8,
1-Iron/Cell_SEWLUD.gmol,9,
1-Iron/Cell_SEWLUD.gmol,10,
1-Iron/Cell_SEWLUD.gmol,11,
1-Iron/Cell_SEWLUD.gmol,12,
1-Iron/Cell_SEWLUD.gmol,13,
1-Iron/Cell_SEWLUD.gmol,14,
1-Iron/Cell_SEWLUD.gmol,15,
1-Iron/Cell_SEWLUD.gmol,16,
1-Iron/Cell_SEWLUD.gmol,17,
1-Iron/Cell_SEWLUD.gmol,18,
1-Iron/Cell_SEWLUD.gmol,19,
1-Iron/Cell_SEWLUD.gmol,20,
1-Iron/Cell_SEWLUD.gmol,21,
1-Iron/Cell_SEWLUD.gmol,22,
1-Iron/Cell_SEWLUD.gmol,23,
1-Iron/Cell_SEWLUD.gmol,24,
1-Iron/Cell_SEWLUD.gmol,25,
1-Iron/Cell_SEWLUD.gmol,26,
1-Iron/Cell_SEWLUD.gmol,27,
6-Cobalt/Cell_VIQKIR.gmol,0,
6-Cobalt/Cell_VIQKIR.gmol,1,
8-Copper/Cell_ZUBSOE.gmol,0,
8-Copper/Cell_ZUBSOE.gmol,1,
8-Copper/Cell_DAJCIB.gmol,0,
8-Copper/Cell_DAJCIB.gmol,1,
8-Copper/Cell_DAJCIB.gmol,2,
8-Copper/Cell_DAJCIB.gmol,3,
8-Copper/Cell_DAJCIB.gmol,4,
8-Copper/Cell_DAJCIB.gmol,5,
8-Copper/Cell_DAJCIB.gmol,6,
8-Copper/Cell_DAJCIB.gmol,7,
7-Nickel/Cell_WICQUW.gmol,0,
7-Nickel/Cell_WICQUW.gmol,1,
8-Copper/Cell_YUYBOJ.gmol,0,
8-Copper/Cell_YUYBOJ.gmol,1,
8-Copper/Cell_YUYBOJ.gmol,2,
8-Copper/Cell_YUYBOJ.gmol,3,
7-Nickel/Cell_HITFOH.gmol,0,
7-Nickel/Cell_HITFOH.gmol,1,
7-Nickel/Cell_WEWCEI.gmol,0,
7-Nickel/Cell_WEWCEI.gmol,1,
7-Nickel/Cell_WEWCEI.gmol,2,
7-Nickel/Cell_WEWCEI.gmol,3,
6-Cobalt/Cell_CTEPCO10.gmol,0,
6-Cobalt/Cell_CTEPCO10.gmol,1,
6-Cobalt/Cell_CTEPCO10.gmol,2,
6-Cobalt/Cell_CTEPCO10.gmol,3,
6-Cobalt/Cell_CTEPCO10.gmol,4,
6-Cobalt/Cell_CTEPCO10.gmol,5,
6-Cobalt/Cell_CTEPCO10.gmol,6,
6-Cobalt/Cell_CTEPCO10.gmol,7,
6-Cobalt/Cell_CTEPCO10.gmol,8,
6-Cobalt/Cell_CTEPCO10.gmol,9,
6-Cobalt/Cell_CTEPCO10.gmol,10,
6-Cobalt/Cell_CTEPCO10.gmol,11,
1-Iron/Cell_YISVUR.gmol,0,
1-Iron/Cell_YISVUR.gmol,1,
1-Iron/Cell_YISVUR.gmol,2,
1-Iron/Cell_YISVUR.gmol,3,
8-Copper/Cell_WIPQUH.gmol,0,
8-Copper/Cell_WIPQUH.gmol,1,
8-Copper/Cell_WIPQUH.gmol,2,
8-Copper/Cell_WIPQUH.gmol,3,
3-Ruthenium/Cell_HESRAY.gmol,0,
3-Ruthenium/Cell_HESRAY.gmol,1,
3-Ruthenium/Cell_HESRAY.gmol,2,
3-Ruthenium/Cell_HESRAY.gmol,3,
3-Ruthenium/Cell_HESRAY.gmol,4,
3-Ruthenium/Cell_HESRAY.gmol,5,
1-Iron/Cell_QITBEA.gmol,0,
1-Iron/Cell_QITBEA.gmol,1,
1-Iron/Cell_QITBEA.gmol,2,
1-Iron/Cell_QITBEA.gmol,3,
6-Cobalt/Cell_DUJDOB.gmol,0,
6-Cobalt/Cell_DUJDOB.gmol,1,
8-Copper/Cell_GOBHOV.gmol,0,
8-Copper/Cell_GOBHOV.gmol,1,
8-Copper/Cell_GOBHOV.gmol,2,
8-Copper/Cell_GOBHOV.gmol,3,
8-Copper/Cell_ALISAQ.gmol,0,
8-Copper/Cell_ALISAQ.gmol,1,
8-Copper/Cell_ALISAQ.gmol,2,
8-Copper/Cell_ALISAQ.gmol,3,
8-Copper/Cell_ALISAQ.gmol,4,
8-Copper/Cell_ALISAQ.gmol,5,
8-Copper/Cell_ALISAQ.gmol,6,
8-Copper/Cell_ALISAQ.gmol,7,
6-Cobalt/Cell_DETBEM.gmol,0,
6-Cobalt/Cell_DETBEM.gmol,1,
6-Cobalt/Cell_DETBEM.gmol,2,
6-Cobalt/Cell_DETBEM.gmol,3,
7-Nickel/Cell_ZIWSAC.gmol,0,
7-Nickel/Cell_ZIWSAC.gmol,1,
7-Nickel/Cell_ZIWSAC.gmol,2,
7-Nickel/Cell_ZIWSAC.gmol,3,
7-Nickel/Cell_ZIWSAC.gmol,4,
7-Nickel/Cell_ZIWSAC.gmol,5,
7-Nickel/Cell_ZIWSAC.gmol,6,
7-Nickel/Cell_ZIWSAC.gmol,7,
6-Cobalt/Cell_TEVXUQ.gmol,0,
6-Cobalt/Cell_TEVXUQ.gmol,1,
6-Cobalt/Cell_TEVXUQ.gmol,2,
6-Cobalt/Cell_TEVXUQ.gmol,3,
5-Chromium/Cell_GOCWIE.gmol,0,
5-Chromium/Cell_GOCWIE.gmol,1,
3-Ruthenium/Cell_VAHJIX.gmol,0,
3-Ruthenium/Cell_VAHJIX.gmol,1,
3-Ruthenium/Cell_VAHJIX.gmol,2,
3-Ruthenium/Cell_VAHJIX.gmol,3,
7-Nickel/Cell_AQIRAV.gmol,0,
7-Nickel/Cell_AQIRAV.gmol,1,
2-Manganese/Cell_KEFYUQ.gmol,0,
2-Manganese/Cell_KEFYUQ.gmol,1,
2-Manganese/Cell_KEFYUQ.gmol,2,
2-Manganese/Cell_KEFYUQ.gmol,3,
6-Cobalt/Cell_WEWFUZ.gmol,0,
6-Cobalt/Cell_WEWFUZ.gmol,1,
6-Cobalt/Cell_WEWFUZ.gmol,2,
6-Cobalt/Cell_WEWFUZ.gmol,3,
6-Cobalt/Cell_WEWFUZ.gmol,4,
6-Cobalt/Cell_WEWFUZ.gmol,5,
6-Cobalt/Cell_WEWFUZ.gmol,6,
6-Cobalt/Cell_WEWFUZ.gmol,7,
6-Cobalt/Cell_WEWFUZ.gmol,8,
6-Cobalt/Cell_WEWFUZ.gmol,9,
6-Cobalt/Cell_WEWFUZ.gmol,10,
6-Cobalt/Cell_WEWFUZ.gmol,11,
6-Cobalt/Cell_WEWFUZ.gmol,12,
6-Cobalt/Cell_WEWFUZ.gmol,13,
6-Cobalt/Cell_WEWFUZ.gmol,14,
6-Cobalt/Cell_WEWFUZ.gmol,15,
6-Cobalt/Cell_WEWFUZ.gmol,16,
6-Cobalt/Cell_WEWFUZ.gmol,17,
6-Cobalt/Cell_WEWFUZ.gmol,18,
6-Cobalt/Cell_WEWFUZ.gmol,19,
6-Cobalt/Cell_WEWFUZ.gmol,20,
6-Cobalt/Cell_WEWFUZ.gmol,21,
6-Cobalt/Cell_WEWFUZ.gmol,22,
6-Cobalt/Cell_WEWFUZ.gmol,23,
6-Cobalt/Cell_WEWFUZ.gmol,24,
6-Cobalt/Cell_WEWFUZ.gmol,25,
6-Cobalt/Cell_WEWFUZ.gmol,26,
6-Cobalt/Cell_WEWFUZ.gmol,27,
8-Copper/Cell_QOBFUL.gmol,0,
8-Copper/Cell_QOBFUL.gmol,1,
8-Copper/Cell_QOBFUL.gmol,2,
8-Copper/Cell_QOBFUL.gmol,3,
8-Copper/Cell_QOBFUL.gmol,4,
8-Copper/Cell_QOBFUL.gmol,5,
8-Copper/Cell_QOBFUL.gmol,6,
8-Copper/Cell_QOBFUL.gmol,7,
8-Copper/Cell_QOBFUL.gmol,8,
8-Copper/Cell_QOBFUL.gmol,9,
8-Copper/Cell_QOBFUL.gmol,10,
8-Copper/Cell_QOBFUL.gmol,11,
3-Ruthenium/Cell_NUGMUZ.gmol,0,
3-Ruthenium/Cell_NUGMUZ.gmol,1,
3-Ruthenium/Cell_NUGMUZ.gmol,2,
3-Ruthenium/Cell_NUGMUZ.gmol,3,
3-Ruthenium/Cell_NUGMUZ.gmol,4,
3-Ruthenium/Cell_NUGMUZ.gmol,5,
3-Ruthenium/Cell_NUGMUZ.gmol,6,
3-Ruthenium/Cell_NUGMUZ.gmol,7,
7-Nickel/Cell_ABOTNI.gmol,0,
7-Nickel/Cell_ABOTNI.gmol,1,
7-Nickel/Cell_OMEYUA.gmol,0,
7-Nickel/Cell_OMEYUA.gmol,1,
7-Nickel/Cell_OMEYUA.gmol,2,
7-Nickel/Cell_OMEYUA.gmol,3,
6-Cobalt/Cell_XIMRIV.gmol,0,
6-Cobalt/Cell_XIMRIV.gmol,1,
8-Copper/Cell_EJEKOT.gmol,0,
8-Copper/Cell_EJEKOT.gmol,1,
8-Copper/Cell_EJEKOT.gmol,2,
8-Copper/Cell_EJEKOT.gmol,3,
1-Iron/Cell_YIMYEZ.gmol,0,
1-Iron/Cell_YIMYEZ.gmol,1,
1-Iron/Cell_YIMYEZ.gmol,2,
1-Iron/Cell_YIMYEZ.gmol,3,
1-Iron/Cell_YIMYEZ.gmol,4,
1-Iron/Cell_YIMYEZ.gmol,5,
2-Manganese/Cell_SEPPEJ.gmol,0,
2-Manganese/Cell_SEPPEJ.gmol,1,
2-Manganese/Cell_SEPPEJ.gmol,2,
2-Manganese/Cell_SEPPEJ.gmol,3,
2-Manganese/Cell_SEPPEJ.gmol,4,
2-Manganese/Cell_SEPPEJ.gmol,5,
6-Cobalt/Cell_LEFMOY.gmol,0,
1-Iron/Cell_KCROFE.gmol,0,
1-Iron/Cell_KCROFE.gmol,1,
1-Iron/Cell_KCROFE.gmol,2,
4-Rhenium/Cell_MIWYAT.gmol,0,
4-Rhenium/Cell_MIWYAT.gmol,1,
4-Rhenium/Cell_MIWYAT.gmol,2,
4-Rhenium/Cell_MIWYAT.gmol,3,
6-Cobalt/Cell_DEBJEB.gmol,0,
6-Cobalt/Cell_DEBJEB.gmol,1,
6-Cobalt/Cell_DEBJEB.gmol,2,
6-Cobalt/Cell_DEBJEB.gmol,3,
7-Nickel/Cell_PARCET.gmol,0,
8-Copper/Cell_KOKGAT.gmol,0,
8-Copper/Cell_KOKGAT.gmol,1,
4-Rhenium/Cell_MOYGAJ.gmol,0,
4-Rhenium/Cell_MOYGAJ.gmol,1,
4-Rhenium/Cell_MOYGAJ.gmol,2,
4-Rhenium/Cell_MOYGAJ.gmol,3,
4-Rhenium/Cell_MOYGAJ.gmol,4,
4-Rhenium/Cell_MOYGAJ.gmol,5,
4-Rhenium/Cell_MOYGAJ.gmol,6,
4-Rhenium/Cell_MOYGAJ.gmol,7,
8-Copper/Cell_TIHMUU.gmol,0,
8-Copper/Cell_TIHMUU.gmol,1,
1-Iron/Cell_XILTUH.gmol,0,
1-Iron/Cell_XILTUH.gmol,1,
1-Iron/Cell_GIGHOU.gmol,0,
1-Iron/Cell_GIGHOU.gmol,1,
1-Iron/Cell_GIGHOU.gmol,2,
1-Iron/Cell_GIGHOU.gmol,3,
8-Copper/Cell_USOSOM.gmol,0,
8-Copper/Cell_USOSOM.gmol,1,
8-Copper/Cell_CAJNAE.gmol,0,
8-Copper/Cell_CAJNAE.gmol,1,
8-Copper/Cell_CAJNAE.gmol,2,
8-Copper/Cell_CAJNAE.gmol,3,
8-Copper/Cell_CAJNAE.gmol,4,
8-Copper/Cell_CAJNAE.gmol,5,
8-Copper/Cell_CAJNAE.gmol,6,
8-Copper/Cell_CAJNAE.gmol,7,
8-Copper/Cell_CAJNAE.gmol,8,
8-Copper/Cell_CAJNAE.gmol,9,
8-Copper/Cell_CAJNAE.gmol,10,
8-Copper/Cell_CAJNAE.gmol,11,
6-Cobalt/Cell_MINZEO.gmol,0,
6-Cobalt/Cell_MINZEO.gmol,1,
6-Cobalt/Cell_MINZEO.gmol,2,
6-Cobalt/Cell_MINZEO.gmol,3,
6-Cobalt/Cell_MINZEO.gmol,4,
6-Cobalt/Cell_MINZEO.gmol,5,
6-Cobalt/Cell_MINZEO.gmol,6,
6-Cobalt/Cell_MINZEO.gmol,7,
7-Nickel/Cell_HIMYAD.gmol,0,
7-Nickel/Cell_HIMYAD.gmol,1,
4-Rhenium/Cell_WOSROL.gmol,0,
4-Rhenium/Cell_WOSROL.gmol,1,
8-Copper/Cell_BEJVAQ.gmol,0,
8-Copper/Cell_BEJVAQ.gmol,1,
8-Copper/Cell_BEJVAQ.gmol,2,
8-Copper/Cell_BEJVAQ.gmol,3,
8-Copper/Cell_BEJVAQ.gmol,4,
8-Copper/Cell_BEJVAQ.gmol,5,
8-Copper/Cell_BEJVAQ.gmol,6,
8-Copper/Cell_BEJVAQ.gmol,7,
8-Copper/Cell_BEJVAQ.gmol,8,
8-Copper/Cell_BEJVAQ.gmol,9,
8-Copper/Cell_BEJVAQ.gmol,10,
8-Copper/Cell_BEJVAQ.gmol,11,
7-Nickel/Cell_WEHMAZ.gmol,0,
7-Nickel/Cell_WEHMAZ.gmol,1,
8-Copper/Cell_DAYQOL.gmol,0,
8-Copper/Cell_DAYQOL.gmol,1,
7-Nickel/Cell_GIVMAB.gmol,0,
7-Nickel/Cell_GIVMAB.gmol,1,
6-Cobalt/Cell_ADEQEI.gmol,0,
6-Cobalt/Cell_ADEQEI.gmol,1,
8-Copper/Cell_EROXUG.gmol,0,
8-Copper/Cell_EROXUG.gmol,1,
8-Copper/Cell_EROXUG.gmol,2,
8-Copper/Cell_EROXUG.gmol,3,
1-Iron/Cell_SIWVAV.gmol,0,
1-Iron/Cell_SIWVAV.gmol,1,
2-Manganese/Cell_MAMCOS.gmol,0,
2-Manganese/Cell_MAMCOS.gmol,1,
2-Manganese/Cell_MAMCOS.gmol,2,
2-Manganese/Cell_MAMCOS.gmol,3,
2-Manganese/Cell_MAMCOS.gmol,4,
2-Manganese/Cell_MAMCOS.gmol,5,
2-Manganese/Cell_MAMCOS.gmol,6,
2-Manganese/Cell_MAMCOS.gmol,7,
8-Copper/Cell_KAHMIS.gmol,0,
7-Nickel/Cell_SIRSEU.gmol,0,
7-Nickel/Cell_SIRSEU.gmol,1,
7-Nickel/Cell_SIRSEU.gmol,2,
7-Nickel/Cell_SIRSEU.gmol,3,
7-Nickel/Cell_SIRSEU.gmol,4,
7-Nickel/Cell_SIRSEU.gmol,5,
7-Nickel/Cell_SIRSEU.gmol,6,
7-Nickel/Cell_SIRSEU.gmol,7,
8-Copper/Cell_FABCAP.gmol,0,
8-Copper/Cell_FABCAP.gmol,1,
8-Copper/Cell_FABCAP.gmol,2,
8-Copper/Cell_FABCAP.gmol,3,
8-Copper/Cell_FABCAP.gmol,4,
8-Copper/Cell_FABCAP.gmol,5,
8-Copper/Cell_FABCAP.gmol,6,
8-Copper/Cell_FABCAP.gmol,7,
8-Copper/Cell_SAYNEN.gmol,0,
8-Copper/Cell_SAYNEN.gmol,1,
8-Copper/Cell_SAYNEN.gmol,2,
8-Copper/Cell_SAYNEN.gmol,3,
8-Copper/Cell_SAYNEN.gmol,4,
8-Copper/Cell_SAYNEN.gmol,5,
8-Copper/Cell_SAYNEN.gmol,6,
8-Copper/Cell_SAYNEN.gmol,7,
7-Nickel/Cell_XALRIO.gmol,0,
7-Nickel/Cell_XALRIO.gmol,1,
7-Nickel/Cell_XALRIO.gmol,2,
7-Nickel/Cell_XALRIO.gmol,3,
8-Copper/Cell_LAQLUL.gmol,0,
8-Copper/Cell_LAQLUL.gmol,1,
8-Copper/Cell_LOSLOV.gmol,0,
8-Copper/Cell_LOSLOV.gmol,1,
8-Copper/Cell_LOSLOV.gmol,2,
8-Copper/Cell_LOSLOV.gmol,3,
8-Copper/Cell_LOSLOV.gmol,4,
8-Copper/Cell_LOSLOV.gmol,5,
8-Copper/Cell_LOSLOV.gmol,6,
8-Copper/Cell_LOSLOV.gmol,7,
8-Copper/Cell_ITEDAM.gmol,0,
8-Copper/Cell_ITEDAM.gmol,1,
8-Copper/Cell_ITEDAM.gmol,2,
8-Copper/Cell_ITEDAM.gmol,3,
8-Copper/Cell_ITEDAM.gmol,4,
8-Copper/Cell_ITEDAM.gmol,5,
8-Copper/Cell_ITEDAM.gmol,6,
8-Copper/Cell_ITEDAM.gmol,7,
1-Iron/Cell_MALGAI.gmol,0,
1-Iron/Cell_MALGAI.gmol,1,
1-Iron/Cell_MALGAI.gmol,2,
1-Iron/Cell_MALGAI.gmol,3,
6-Cobalt/Cell_REYLUF.gmol,0,
6-Cobalt/Cell_REYLUF.gmol,1,
6-Cobalt/Cell_REYLUF.gmol,2,
6-Cobalt/Cell_REYLUF.gmol,3,
2-Manganese/Cell_HAYFEU.gmol,0,
2-Manganese/Cell_HAYFEU.gmol,1,
6-Cobalt/Cell_YOKRUL.gmol,0,
6-Cobalt/Cell_YOKRUL.gmol,1,
6-Cobalt/Cell_YOKRUL.gmol,2,
6-Cobalt/Cell_YOKRUL.gmol,3,
6-Cobalt/Cell_YOKRUL.gmol,4,
6-Cobalt/Cell_YOKRUL.gmol,5,
6-Cobalt/Cell_YOKRUL.gmol,6,
6-Cobalt/Cell_YOKRUL.gmol,7,
4-Rhenium/Cell_ZELTAO.gmol,0,
4-Rhenium/Cell_ZELTAO.gmol,1,
4-Rhenium/Cell_ZELTAO.gmol,2,
4-Rhenium/Cell_ZELTAO.gmol,3,
6-Cobalt/Cell_VARWER.gmol,0,
6-Cobalt/Cell_VARWER.gmol,1,
6-Cobalt/Cell_VARWER.gmol,2,
6-Cobalt/Cell_VARWER.gmol,3,
6-Cobalt/Cell_VARWER.gmol,4,
6-Cobalt/Cell_VARWER.gmol,5,
6-Cobalt/Cell_VARWER.gmol,6,
6-Cobalt/Cell_VARWER.gmol,7,
6-Cobalt/Cell_VARWER.gmol,8,
6-Cobalt/Cell_VARWER.gmol,9,
6-Cobalt/Cell_VARWER.gmol,10,
6-Cobalt/Cell_VARWER.gmol,11,
6-Cobalt/Cell_VARWER.gmol,12,
6-Cobalt/Cell_VARWER.gmol,13,
6-Cobalt/Cell_VARWER.gmol,14,
6-Cobalt/Cell_VARWER.gmol,15,
1-Iron/Cell_LUWSUS.gmol,0,
1-Iron/Cell_LUWSUS.gmol,1,
1-Iron/Cell_LUWSUS.gmol,2,
1-Iron/Cell_LUWSUS.gmol,3,
7-Nickel/Cell_ZAMFIC.gmol,0,
8-Copper/Cell_HOGTUU.gmol,0,
8-Copper/Cell_HOGTUU.gmol,1,
8-Copper/Cell_HOGTUU.gmol,2,
8-Copper/Cell_HOGTUU.gmol,3,
6-Cobalt/Cell_NAMJIV.gmol,0,
6-Cobalt/Cell_NAMJIV.gmol,1,
6-Cobalt/Cell_NAMJIV.gmol,2,
6-Cobalt/Cell_NAMJIV.gmol,3,
8-Copper/Cell_FIPSUS.gmol,0,
8-Copper/Cell_FIPSUS.gmol,1,
8-Copper/Cell_FIPSUS.gmol,2,
8-Copper/Cell_FIPSUS.gmol,3,
6-Cobalt/Cell_WODYUM.gmol,0,
6-Cobalt/Cell_WODYUM.gmol,1,
6-Cobalt/Cell_WODYUM.gmol,2,
6-Cobalt/Cell_WODYUM.gmol,3,
7-Nickel/Cell_WIVQOI.gmol,0,
7-Nickel/Cell_WIVQOI.gmol,1,
7-Nickel/Cell_WIVQOI.gmol,2,
7-Nickel/Cell_WIVQOI.gmol,3,
8-Copper/Cell_NUSXUV.gmol,0,
8-Copper/Cell_NUSXUV.gmol,1,
8-Copper/Cell_NUSXUV.gmol,2,
8-Copper/Cell_NUSXUV.gmol,3,
8-Copper/Cell_NUSXUV.gmol,4,
8-Copper/Cell_NUSXUV.gmol,5,
8-Copper/Cell_NUSXUV.gmol,6,
8-Copper/Cell_NUSXUV.gmol,7,
8-Copper/Cell_NUSXUV.gmol,8,
8-Copper/Cell_NUSXUV.gmol,9,
8-Copper/Cell_NUSXUV.gmol,10,
8-Copper/Cell_NUSXUV.gmol,11,
7-Nickel/Cell_AZEREC.gmol,0,
7-Nickel/Cell_CERTOK.gmol,0,
7-Nickel/Cell_CERTOK.gmol,1,
8-Copper/Cell_XEYHOB.gmol,0,
8-Copper/Cell_XEYHOB.gmol,1,
8-Copper/Cell_XEYHOB.gmol,2,
8-Copper/Cell_XEYHOB.gmol,3,
8-Copper/Cell_AGIHOO.gmol,0,
8-Copper/Cell_AGIHOO.gmol,1,
1-Iron/Cell_NAJXAB.gmol,0,
1-Iron/Cell_NAJXAB.gmol,1,
1-Iron/Cell_NAJXAB.gmol,2,
1-Iron/Cell_NAJXAB.gmol,3,
1-Iron/Cell_NAJXAB.gmol,4,
1-Iron/Cell_NAJXAB.gmol,5,
1-Iron/Cell_NAJXAB.gmol,6,
1-Iron/Cell_NAJXAB.gmol,7,
1-Iron/Cell_NAJXAB.gmol,8,
1-Iron/Cell_NAJXAB.gmol,9,
8-Copper/Cell_HARDUC.gmol,0,
8-Copper/Cell_HARDUC.gmol,1,
8-Copper/Cell_HARDUC.gmol,2,
8-Copper/Cell_HARDUC.gmol,3,
8-Copper/Cell_GOBHUB.gmol,0,
8-Copper/Cell_GOBHUB.gmol,1,
8-Copper/Cell_GOBHUB.gmol,2,
8-Copper/Cell_GOBHUB.gmol,3,
8-Copper/Cell_SUYYEQ.gmol,0,
8-Copper/Cell_GAMHOU.gmol,0,
8-Copper/Cell_GAMHOU.gmol,1,
8-Copper/Cell_GAMHOU.gmol,2,
8-Copper/Cell_GAMHOU.gmol,3,
3-Ruthenium/Cell_SARFEZ.gmol,0,
3-Ruthenium/Cell_SARFEZ.gmol,1,
3-Ruthenium/Cell_SARFEZ.gmol,2,
3-Ruthenium/Cell_SARFEZ.gmol,3,
3-Ruthenium/Cell_SARFEZ.gmol,4,
3-Ruthenium/Cell_SARFEZ.gmol,5,
3-Ruthenium/Cell_SARFEZ.gmol,6,
3-Ruthenium/Cell_SARFEZ.gmol,7,
3-Ruthenium/Cell_TUMKES.gmol,0,
3-Ruthenium/Cell_TUMKES.gmol,1,
3-Ruthenium/Cell_TUMKES.gmol,2,
3-Ruthenium/Cell_TUMKES.gmol,3,
8-Copper/Cell_ELAHOO.gmol,0,
8-Copper/Cell_ELAHOO.gmol,1,
8-Copper/Cell_ELAHOO.gmol,2,
8-Copper/Cell_ELAHOO.gmol,3,
8-Copper/Cell_ELAHOO.gmol,4,
8-Copper/Cell_ELAHOO.gmol,5,
8-Copper/Cell_ELAHOO.gmol,6,
8-Copper/Cell_ELAHOO.gmol,7,
5-Chromium/Cell_HIWSIP.gmol,0,
5-Chromium/Cell_HIWSIP.gmol,1,
5-Chromium/Cell_HIWSIP.gmol,2,
5-Chromium/Cell_HIWSIP.gmol,3,
5-Chromium/Cell_HIWSIP.gmol,4,
5-Chromium/Cell_HIWSIP.gmol,5,
5-Chromium/Cell_HIWSIP.gmol,6,
5-Chromium/Cell_HIWSIP.gmol,7,
5-Chromium/Cell_HIWSIP.gmol,8,
5-Chromium/Cell_HIWSIP.gmol,9,
6-Cobalt/Cell_RUPPUO.gmol,0,
6-Cobalt/Cell_RUPPUO.gmol,1,
6-Cobalt/Cell_RUPPUO.gmol,2,
6-Cobalt/Cell_RUPPUO.gmol,3,
4-Rhenium/Cell_LAYDEW.gmol,0,
4-Rhenium/Cell_LAYDEW.gmol,1,
4-Rhenium/Cell_LAYDEW.gmol,2,
4-Rhenium/Cell_LAYDEW.gmol,3,
4-Rhenium/Cell_LAYDEW.gmol,4,
4-Rhenium/Cell_LAYDEW.gmol,5,
4-Rhenium/Cell_LAYDEW.gmol,6,
4-Rhenium/Cell_LAYDEW.gmol,7,
3-Ruthenium/Cell_TEZGAJ.gmol,0,
3-Ruthenium/Cell_TEZGAJ.gmol,1,
3-Ruthenium/Cell_TEZGAJ.gmol,2,
3-Ruthenium/Cell_TEZGAJ.gmol,3,
3-Ruthenium/Cell_TEZGAJ.gmol,4,
3-Ruthenium/Cell_TEZGAJ.gmol,5,
3-Ruthenium/Cell_TEZGAJ.gmol,6,
3-Ruthenium/Cell_TEZGAJ.gmol,7,
8-Copper/Cell_LAFWOG.gmol,0,
8-Copper/Cell_LAFWOG.gmol,1,
8-Copper/Cell_LAFWOG.gmol,2,
8-Copper/Cell_LAFWOG.gmol,3,
4-Rhenium/Cell_DANTOB.gmol,0,
4-Rhenium/Cell_DANTOB.gmol,1,
2-Manganese/Cell_OFABON.gmol,0,
2-Manganese/Cell_OFABON.gmol,1,
2-Manganese/Cell_OFABON.gmol,2,
2-Manganese/Cell_OFABON.gmol,3,
3-Ruthenium/Cell_XEBHEU.gmol,0,
3-Ruthenium/Cell_XEBHEU.gmol,1,
3-Ruthenium/Cell_XEBHEU.gmol,2,
3-Ruthenium/Cell_XEBHEU.gmol,3,
7-Nickel/Cell_IYOSIY.gmol,0,
7-Nickel/Cell_IYOSIY.gmol,1,
7-Nickel/Cell_IYOSIY.gmol,2,
7-Nickel/Cell_IYOSIY.gmol,3,
7-Nickel/Cell_IYOSIY.gmol,4,
7-Nickel/Cell_IYOSIY.gmol,5,
7-Nickel/Cell_IYOSIY.gmol,6,
7-Nickel/Cell_IYOSIY.gmol,7,
7-Nickel/Cell_IYOSIY.gmol,8,
7-Nickel/Cell_IYOSIY.gmol,9,
7-Nickel/Cell_IYOSIY.gmol,10,
7-Nickel/Cell_IYOSIY.gmol,11,
7-Nickel/Cell_IYOSIY.gmol,12,
7-Nickel/Cell_IYOSIY.gmol,13,
7-Nickel/Cell_IYOSIY.gmol,14,
7-Nickel/Cell_IYOSIY.gmol,15,
6-Cobalt/Cell_MAJKOY.gmol,0,
6-Cobalt/Cell_MAJKOY.gmol,1,
7-Nickel/Cell_KAJBAZ.gmol,0,
7-Nickel/Cell_KAJBAZ.gmol,1,
7-Nickel/Cell_KAJBAZ.gmol,2,
7-Nickel/Cell_KAJBAZ.gmol,3,
8-Copper/Cell_GOWVAS.gmol,0,
8-Copper/Cell_GOWVAS.gmol,1,
8-Copper/Cell_GOWVAS.gmol,2,
8-Copper/Cell_GOWVAS.gmol,3,
7-Nickel/Cell_CEBKEA.gmol,0,
7-Nickel/Cell_CEBKEA.gmol,1,
7-Nickel/Cell_CEBKEA.gmol,2,
7-Nickel/Cell_CEBKEA.gmol,3,
8-Copper/Cell_LURTAT.gmol,0,
8-Copper/Cell_LURTAT.gmol,1,
8-Copper/Cell_LURTAT.gmol,2,
8-Copper/Cell_LURTAT.gmol,3,
8-Copper/Cell_LURTAT.gmol,4,
8-Copper/Cell_LURTAT.gmol,5,
8-Copper/Cell_LURTAT.gmol,6,
8-Copper/Cell_LURTAT.gmol,7,
8-Copper/Cell_LURTAT.gmol,8,
8-Copper/Cell_LURTAT.gmol,9,
8-Copper/Cell_LURTAT.gmol,10,
8-Copper/Cell_LURTAT.gmol,11,
1-Iron/Cell_SOQLIT.gmol,0,
1-Iron/Cell_SOQLIT.gmol,1,
1-Iron/Cell_SOQLIT.gmol,2,
1-Iron/Cell_SOQLIT.gmol,3,
7-Nickel/Cell_IKEQOH.gmol,0,
7-Nickel/Cell_IKEQOH.gmol,1,
7-Nickel/Cell_IKEQOH.gmol,2,
7-Nickel/Cell_IKEQOH.gmol,3,
7-Nickel/Cell_IKEQOH.gmol,4,
7-Nickel/Cell_IKEQOH.gmol,5,
7-Nickel/Cell_IKEQOH.gmol,6,
7-Nickel/Cell_IKEQOH.gmol,7,
8-Copper/Cell_CAPGIJ.gmol,0,
8-Copper/Cell_CAPGIJ.gmol,1,
8-Copper/Cell_CAPGIJ.gmol,2,
8-Copper/Cell_CAPGIJ.gmol,3,
6-Cobalt/Cell_JUTQOG.gmol,0,
6-Cobalt/Cell_JUTQOG.gmol,1,
6-Cobalt/Cell_JUTQOG.gmol,2,
6-Cobalt/Cell_JUTQOG.gmol,3,
6-Cobalt/Cell_JUTQOG.gmol,4,
6-Cobalt/Cell_JUTQOG.gmol,5,
6-Cobalt/Cell_JUTQOG.gmol,6,
6-Cobalt/Cell_JUTQOG.gmol,7,
7-Nickel/Cell_REXFIJ.gmol,0,
7-Nickel/Cell_REXFIJ.gmol,1,
7-Nickel/Cell_REXFIJ.gmol,2,
7-Nickel/Cell_REXFIJ.gmol,3,
6-Cobalt/Cell_DAMTES.gmol,0,
6-Cobalt/Cell_DAMTES.gmol,1,
6-Cobalt/Cell_DAMTES.gmol,2,
6-Cobalt/Cell_DAMTES.gmol,3,
6-Cobalt/Cell_DAMTES.gmol,4,
6-Cobalt/Cell_DAMTES.gmol,5,
6-Cobalt/Cell_DAMTES.gmol,6,
6-Cobalt/Cell_DAMTES.gmol,7,
6-Cobalt/Cell_DAMTES.gmol,8,
6-Cobalt/Cell_DAMTES.gmol,9,
6-Cobalt/Cell_DAMTES.gmol,10,
6-Cobalt/Cell_DAMTES.gmol,11,
6-Cobalt/Cell_DAMTES.gmol,12,
6-Cobalt/Cell_DAMTES.gmol,13,
6-Cobalt/Cell_DAMTES.gmol,14,
6-Cobalt/Cell_DAMTES.gmol,15,
8-Copper/Cell_TINTOA.gmol,0,
8-Copper/Cell_TINTOA.gmol,1,
8-Copper/Cell_MIHNEY.gmol,0,
8-Copper/Cell_MIHNEY.gmol,1,
8-Copper/Cell_MIHNEY.gmol,2,
8-Copper/Cell_MIHNEY.gmol,3,
8-Copper/Cell_MIHNEY.gmol,4,
8-Copper/Cell_MIHNEY.gmol,5,
8-Copper/Cell_MIHNEY.gmol,6,
8-Copper/Cell_MIHNEY.gmol,7,
8-Copper/Cell_EDAHIA.gmol,0,
6-Cobalt/Cell_CIQVUW.gmol,0,
6-Cobalt/Cell_CIQVUW.gmol,1,
6-Cobalt/Cell_CIQVUW.gmol,2,
6-Cobalt/Cell_CIQVUW.gmol,3,
6-Cobalt/Cell_CIQVUW.gmol,4,
6-Cobalt/Cell_CIQVUW.gmol,5,
6-Cobalt/Cell_XOPYEH.gmol,0,
6-Cobalt/Cell_XOPYEH.gmol,1,
6-Cobalt/Cell_XOPYEH.gmol,2,
6-Cobalt/Cell_XOPYEH.gmol,3,
8-Copper/Cell_NIZTOG.gmol,0,
8-Copper/Cell_NIZTOG.gmol,1,
8-Copper/Cell_NIZTOG.gmol,2,
8-Copper/Cell_NIZTOG.gmol,3,
8-Copper/Cell_NIZTOG.gmol,4,
8-Copper/Cell_NIZTOG.gmol,5,
8-Copper/Cell_NIZTOG.gmol,6,
8-Copper/Cell_NIZTOG.gmol,7,
8-Copper/Cell_NIZTOG.gmol,8,
8-Copper/Cell_NIZTOG.gmol,9,
4-Rhenium/Cell_IWOZID.gmol,0,
4-Rhenium/Cell_IWOZID.gmol,1,
4-Rhenium/Cell_IWOZID.gmol,2,
4-Rhenium/Cell_IWOZID.gmol,3,
4-Rhenium/Cell_IWOZID.gmol,4,
2-Manganese/Cell_JAXWIP.gmol,0,
2-Manganese/Cell_JAXWIP.gmol,1,
2-Manganese/Cell_JAXWIP.gmol,2,
2-Manganese/Cell_JAXWIP.gmol,3,
2-Manganese/Cell_JAXWIP.gmol,4,
2-Manganese/Cell_JAXWIP.gmol,5,
2-Manganese/Cell_JAXWIP.gmol,6,
2-Manganese/Cell_JAXWIP.gmol,7,
2-Manganese/Cell_JAXWIP.gmol,8,
4-Rhenium/Cell_PAYHEE.gmol,0,
4-Rhenium/Cell_PAYHEE.gmol,1,
4-Rhenium/Cell_PAYHEE.gmol,2,
4-Rhenium/Cell_PAYHEE.gmol,3,
4-Rhenium/Cell_PAYHEE.gmol,4,
4-Rhenium/Cell_PAYHEE.gmol,5,
4-Rhenium/Cell_PAYHEE.gmol,6,
4-Rhenium/Cell_PAYHEE.gmol,7,
4-Rhenium/Cell_PAYHEE.gmol,8,
4-Rhenium/Cell_PAYHEE.gmol,9,
2-Manganese/Cell_LOYBIK.gmol,0,
2-Manganese/Cell_LOYBIK.gmol,1,
2-Manganese/Cell_LOYBIK.gmol,2,
2-Manganese/Cell_LOYBIK.gmol,3,
7-Nickel/Cell_VIGLOP.gmol,0,
7-Nickel/Cell_VIGLOP.gmol,1,
7-Nickel/Cell_VIGLOP.gmol,2,
7-Nickel/Cell_VIGLOP.gmol,3,
7-Nickel/Cell_SIVSIA.gmol,0,
7-Nickel/Cell_SIVSIA.gmol,1,
7-Nickel/Cell_SIVSIA.gmol,2,
7-Nickel/Cell_SIVSIA.gmol,3,
6-Cobalt/Cell_MUGDOH.gmol,0,
6-Cobalt/Cell_MUGDOH.gmol,1,
6-Cobalt/Cell_MUGDOH.gmol,2,
6-Cobalt/Cell_MUGDOH.gmol,3,
8-Copper/Cell_VAYYEA.gmol,0,
8-Copper/Cell_VAYYEA.gmol,1,
8-Copper/Cell_VAYYEA.gmol,2,
8-Copper/Cell_VAYYEA.gmol,3,
8-Copper/Cell_VAYYEA.gmol,4,
8-Copper/Cell_VAYYEA.gmol,5,
1-Iron/Cell_EJEDUV.gmol,0,
1-Iron/Cell_EJEDUV.gmol,1,
6-Cobalt/Cell_BEQZEF.gmol,0,
6-Cobalt/Cell_BEQZEF.gmol,1,
6-Cobalt/Cell_BEQZEF.gmol,2,
6-Cobalt/Cell_BEQZEF.gmol,3,
3-Ruthenium/Cell_HISTEJ.gmol,0,
3-Ruthenium/Cell_HISTEJ.gmol,1,
3-Ruthenium/Cell_HISTEJ.gmol,2,
3-Ruthenium/Cell_HISTEJ.gmol,3,
6-Cobalt/Cell_PECHOV.gmol,0,
6-Cobalt/Cell_PECHOV.gmol,1,
6-Cobalt/Cell_PECHOV.gmol,2,
6-Cobalt/Cell_PECHOV.gmol,3,
6-Cobalt/Cell_PECHOV.gmol,4,
6-Cobalt/Cell_PECHOV.gmol,5,
6-Cobalt/Cell_PECHOV.gmol,6,
6-Cobalt/Cell_PECHOV.gmol,7,
6-Cobalt/Cell_PECHOV.gmol,8,
6-Cobalt/Cell_PECHOV.gmol,9,
6-Cobalt/Cell_PECHOV.gmol,10,
6-Cobalt/Cell_PECHOV.gmol,11,
7-Nickel/Cell_TUKHOY.gmol,0,
7-Nickel/Cell_TUKHOY.gmol,1,
7-Nickel/Cell_TUKHOY.gmol,2,
7-Nickel/Cell_TUKHOY.gmol,3,
8-Copper/Cell_XESPUI.gmol,0,
8-Copper/Cell_XESPUI.gmol,1,
8-Copper/Cell_XESPUI.gmol,2,
8-Copper/Cell_XESPUI.gmol,3,
8-Copper/Cell_DEJFUT.gmol,0,"- Covalent bonds missing from SCOPE: ['0:Cu-9:C', '0:Cu-15:C', '0:Cu-16:C']
- Metal bonds missing from SCOPE: ['0:Cu-9:C', '0:Cu-15:C', '0:Cu-16:C']
- Different metal coordination numbers: cell2mol=[('Cu', 2, 9)], SCOPE=[('Cu', 2, 6)]"
8-Copper/Cell_DEJFUT.gmol,1,"- Covalent bonds missing from SCOPE: ['0:Cu-7:C', '0:Cu-11:C', '0:Cu-12:C']
- Metal bonds missing from SCOPE: ['0:Cu-7:C', '0:Cu-11:C', '0:Cu-12:C']
- Different metal coordination numbers: cell2mol=[('Cu', 2, 9)], SCOPE=[('Cu', 2, 6)]"
8-Copper/Cell_DEJFUT.gmol,2,"- Covalent bonds missing from SCOPE: ['0:Cu-9:C', '0:Cu-15:C', '0:Cu-16:C']
- Metal bonds missing from SCOPE: ['0:Cu-9:C', '0:Cu-15:C', '0:Cu-16:C']
- Different metal coordination numbers: cell2mol=[('Cu', 2, 9)], SCOPE=[('Cu', 2, 6)]"
8-Copper/Cell_DEJFUT.gmol,3,"- Covalent bonds missing from SCOPE: ['0:Cu-6:C', '0:Cu-10:C', '0:Cu-11:C']
- Metal bonds missing from SCOPE: ['0:Cu-6:C', '0:Cu-10:C', '0:Cu-11:C']
- Different metal coordination numbers: cell2mol=[('Cu', 2, 9)], SCOPE=[('Cu', 2, 6)]"
2-Manganese/Cell_NENNAX.gmol,0,
2-Manganese/Cell_NENNAX.gmol,1,
2-Manganese/Cell_NENNAX.gmol,2,
2-Manganese/Cell_NENNAX.gmol,3,
2-Manganese/Cell_NENNAX.gmol,4,
2-Manganese/Cell_NENNAX.gmol,5,
6-Cobalt/Cell_XULQUR.gmol,0,
6-Cobalt/Cell_XULQUR.gmol,1,
6-Cobalt/Cell_XULQUR.gmol,2,
6-Cobalt/Cell_XULQUR.gmol,3,
6-Cobalt/Cell_XULQUR.gmol,4,
6-Cobalt/Cell_XULQUR.gmol,5,
6-Cobalt/Cell_XULQUR.gmol,6,
6-Cobalt/Cell_XULQUR.gmol,7,
7-Nickel/Cell_NASHUM.gmol,0,
7-Nickel/Cell_NASHUM.gmol,1,
7-Nickel/Cell_NASHUM.gmol,2,
7-Nickel/Cell_NASHUM.gmol,3,
7-Nickel/Cell_VIMCUR.gmol,0,
7-Nickel/Cell_VIMCUR.gmol,1,
5-Chromium/Cell_JEPPOM.gmol,0,
5-Chromium/Cell_JEPPOM.gmol,1,
5-Chromium/Cell_JEPPOM.gmol,2,
5-Chromium/Cell_JEPPOM.gmol,3,
5-Chromium/Cell_JEPPOM.gmol,4,
5-Chromium/Cell_JEPPOM.gmol,5,
5-Chromium/Cell_JEPPOM.gmol,6,
5-Chromium/Cell_JEPPOM.gmol,7,
7-Nickel/Cell_LUVLEU.gmol,0,
7-Nickel/Cell_LUVLEU.gmol,1,
7-Nickel/Cell_LUVLEU.gmol,2,
7-Nickel/Cell_LUVLEU.gmol,3,
2-Manganese/Cell_WIBLUO.gmol,0,
2-Manganese/Cell_WIBLUO.gmol,1,
2-Manganese/Cell_WIBLUO.gmol,2,
2-Manganese/Cell_WIBLUO.gmol,3,
6-Cobalt/Cell_QOSKOY.gmol,0,
6-Cobalt/Cell_QOSKOY.gmol,1,
6-Cobalt/Cell_YUBROE.gmol,0,
3-Ruthenium/Cell_ZEQKEL.gmol,0,
3-Ruthenium/Cell_ZEQKEL.gmol,1,
6-Cobalt/Cell_XUWKEG.gmol,0,
6-Cobalt/Cell_XUWKEG.gmol,1,
6-Cobalt/Cell_XUWKEG.gmol,2,
6-Cobalt/Cell_XUWKEG.gmol,3,
6-Cobalt/Cell_XUWKEG.gmol,4,
6-Cobalt/Cell_XUWKEG.gmol,5,
6-Cobalt/Cell_XUWKEG.gmol,6,
6-Cobalt/Cell_XUWKEG.gmol,7,
6-Cobalt/Cell_XUWKEG.gmol,8,
6-Cobalt/Cell_XUWKEG.gmol,9,
6-Cobalt/Cell_XUWKEG.gmol,10,
6-Cobalt/Cell_XUWKEG.gmol,11,
6-Cobalt/Cell_XUWKEG.gmol,12,
6-Cobalt/Cell_XUWKEG.gmol,13,
6-Cobalt/Cell_XUWKEG.gmol,14,
6-Cobalt/Cell_XUWKEG.gmol,15,
6-Cobalt/Cell_XUWKEG.gmol,16,
6-Cobalt/Cell_XUWKEG.gmol,17,
6-Cobalt/Cell_XUWKEG.gmol,18,
6-Cobalt/Cell_XUWKEG.gmol,19,
6-Cobalt/Cell_XUWKEG.gmol,20,
6-Cobalt/Cell_XUWKEG.gmol,21,
6-Cobalt/Cell_XUWKEG.gmol,22,
6-Cobalt/Cell_XUWKEG.gmol,23,
6-Cobalt/Cell_WUXQIP.gmol,0,
6-Cobalt/Cell_WUXQIP.gmol,1,
7-Nickel/Cell_OMEDOA.gmol,0,
8-Copper/Cell_SOVREC.gmol,0,
8-Copper/Cell_SOVREC.gmol,1,
1-Iron/Cell_IDUBOY.gmol,0,
1-Iron/Cell_IDUBOY.gmol,1,
1-Iron/Cell_IDUBOY.gmol,2,
1-Iron/Cell_IDUBOY.gmol,3,
1-Iron/Cell_IDUBOY.gmol,4,
1-Iron/Cell_IDUBOY.gmol,5,
1-Iron/Cell_IDUBOY.gmol,6,
1-Iron/Cell_IDUBOY.gmol,7,
8-Copper/Cell_TATTEP.gmol,0,
8-Copper/Cell_TATTEP.gmol,1,
8-Copper/Cell_TATTEP.gmol,2,
8-Copper/Cell_TATTEP.gmol,3,
8-Copper/Cell_TATTEP.gmol,4,
8-Copper/Cell_TATTEP.gmol,5,
8-Copper/Cell_TATTEP.gmol,6,
8-Copper/Cell_TATTEP.gmol,7,
8-Copper/Cell_TATTEP.gmol,8,"- Covalent bonds missing from SCOPE: ['0:Cu-4:N', '0:Cu-26:N', '0:Cu-46:N']
- Metal bonds missing from SCOPE: ['0:Cu-4:N', '0:Cu-26:N', '0:Cu-46:N']
- Different metal coordination numbers: cell2mol=[('Cu', 1, 5)], SCOPE=[('Cu', 1, 2)]"
8-Copper/Cell_TATTEP.gmol,9,"- Covalent bonds missing from SCOPE: ['0:Cu-4:N', '0:Cu-46:N', '0:Cu-60:N']
- Metal bonds missing from SCOPE: ['0:Cu-4:N', '0:Cu-46:N', '0:Cu-60:N']
- Different metal coordination numbers: cell2mol=[('Cu', 1, 5)], SCOPE=[('Cu', 1, 2)]"
8-Copper/Cell_TATTEP.gmol,10,"- Covalent bonds missing from SCOPE: ['0:Cu-7:N', '0:Cu-46:N', '0:Cu-51:N']
- Metal bonds missing from SCOPE: ['0:Cu-7:N', '0:Cu-46:N', '0:Cu-51:N']
- Different metal coordination numbers: cell2mol=[('Cu', 1, 5)], SCOPE=[('Cu', 1, 2)]"
8-Copper/Cell_TATTEP.gmol,11,"- Covalent bonds missing from SCOPE: ['0:Cu-7:N', '0:Cu-46:N', '0:Cu-51:N']
- Metal bonds missing from SCOPE: ['0:Cu-7:N', '0:Cu-46:N', '0:Cu-51:N']
- Different metal coordination numbers: cell2mol=[('Cu', 1, 5)], SCOPE=[('Cu', 1, 2)]"
4-Rhenium/Cell_HIYKEG.gmol,0,
4-Rhenium/Cell_HIYKEG.gmol,1,
4-Rhenium/Cell_HIYKEG.gmol,2,
4-Rhenium/Cell_HIYKEG.gmol,3,
4-Rhenium/Cell_HIYKEG.gmol,4,
4-Rhenium/Cell_HIYKEG.gmol,5,
4-Rhenium/Cell_HIYKEG.gmol,6,
4-Rhenium/Cell_HIYKEG.gmol,7,
7-Nickel/Cell_HMACNI.gmol,0,
7-Nickel/Cell_HMACNI.gmol,1,
7-Nickel/Cell_HMACNI.gmol,2,
7-Nickel/Cell_HMACNI.gmol,3,
7-Nickel/Cell_HMACNI.gmol,4,
7-Nickel/Cell_HMACNI.gmol,5,
7-Nickel/Cell_HMACNI.gmol,6,
7-Nickel/Cell_HMACNI.gmol,7,
7-Nickel/Cell_GAFBUN.gmol,0,
7-Nickel/Cell_GAFBUN.gmol,1,
7-Nickel/Cell_GAFBUN.gmol,2,
7-Nickel/Cell_GAFBUN.gmol,3,
8-Copper/Cell_CUGXUY.gmol,0,
8-Copper/Cell_CUGXUY.gmol,1,
8-Copper/Cell_CUGXUY.gmol,2,
8-Copper/Cell_CUGXUY.gmol,3,
8-Copper/Cell_CUGXUY.gmol,4,
8-Copper/Cell_CUGXUY.gmol,5,
8-Copper/Cell_CUGXUY.gmol,6,
8-Copper/Cell_CUGXUY.gmol,7,
3-Ruthenium/Cell_BOXTEQ.gmol,0,
3-Ruthenium/Cell_BOXTEQ.gmol,1,
3-Ruthenium/Cell_BOXTEQ.gmol,2,
3-Ruthenium/Cell_BOXTEQ.gmol,3,
3-Ruthenium/Cell_BOXTEQ.gmol,4,
3-Ruthenium/Cell_BOXTEQ.gmol,5,
3-Ruthenium/Cell_BOXTEQ.gmol,6,
3-Ruthenium/Cell_BOXTEQ.gmol,7,
7-Nickel/Cell_VALDIX.gmol,0,
7-Nickel/Cell_VALDIX.gmol,1,
7-Nickel/Cell_TEWYID.gmol,0,
7-Nickel/Cell_TEWYID.gmol,1,
6-Cobalt/Cell_UGAJAO.gmol,0,
6-Cobalt/Cell_UGAJAO.gmol,1,
6-Cobalt/Cell_VAVNEO.gmol,0,
6-Cobalt/Cell_VAVNEO.gmol,1,
6-Cobalt/Cell_VAVNEO.gmol,2,
6-Cobalt/Cell_VAVNEO.gmol,3,
6-Cobalt/Cell_VAVNEO.gmol,4,
6-Cobalt/Cell_VAVNEO.gmol,5,
6-Cobalt/Cell_VAVNEO.gmol,6,
6-Cobalt/Cell_VAVNEO.gmol,7,
8-Copper/Cell_VUNKEX.gmol,0,
8-Copper/Cell_VUNKEX.gmol,1,
8-Copper/Cell_VUNKEX.gmol,2,
8-Copper/Cell_VUNKEX.gmol,3,
1-Iron/Cell_SOBCIX.gmol,0,
1-Iron/Cell_SOBCIX.gmol,1,
1-Iron/Cell_SOBCIX.gmol,2,
1-Iron/Cell_SOBCIX.gmol,3,
8-Copper/Cell_GOXZIC.gmol,0,
8-Copper/Cell_GOXZIC.gmol,1,
8-Copper/Cell_GOXZIC.gmol,2,
8-Copper/Cell_GOXZIC.gmol,3,
8-Copper/Cell_GOXZIC.gmol,4,
8-Copper/Cell_GOXZIC.gmol,5,
8-Copper/Cell_GOXZIC.gmol,6,
8-Copper/Cell_GOXZIC.gmol,7,
8-Copper/Cell_OJUPEO.gmol,0,
8-Copper/Cell_OJUPEO.gmol,1,
2-Manganese/Cell_YANLAC01.gmol,0,
2-Manganese/Cell_YANLAC01.gmol,1,
2-Manganese/Cell_YANLAC01.gmol,2,
2-Manganese/Cell_YANLAC01.gmol,3,
2-Manganese/Cell_YANLAC01.gmol,4,
2-Manganese/Cell_YANLAC01.gmol,5,
2-Manganese/Cell_YANLAC01.gmol,6,
2-Manganese/Cell_YANLAC01.gmol,7,
2-Manganese/Cell_YANLAC01.gmol,8,
2-Manganese/Cell_YANLAC01.gmol,9,
2-Manganese/Cell_YANLAC01.gmol,10,
2-Manganese/Cell_YANLAC01.gmol,11,
7-Nickel/Cell_UWILUI.gmol,0,
7-Nickel/Cell_UWILUI.gmol,1,
7-Nickel/Cell_UWILUI.gmol,2,
7-Nickel/Cell_UWILUI.gmol,3,
8-Copper/Cell_IMITUU.gmol,0,
8-Copper/Cell_IMITUU.gmol,1,
8-Copper/Cell_IMITUU.gmol,2,
8-Copper/Cell_IMITUU.gmol,3,
4-Rhenium/Cell_FAWLIZ.gmol,0,
4-Rhenium/Cell_FAWLIZ.gmol,1,
4-Rhenium/Cell_FAWLIZ.gmol,2,
4-Rhenium/Cell_FAWLIZ.gmol,3,
4-Rhenium/Cell_FAWLIZ.gmol,4,
4-Rhenium/Cell_FAWLIZ.gmol,5,
4-Rhenium/Cell_FAWLIZ.gmol,6,
4-Rhenium/Cell_FAWLIZ.gmol,7,
4-Rhenium/Cell_WAFDUF.gmol,0,
4-Rhenium/Cell_WAFDUF.gmol,1,
4-Rhenium/Cell_WAFDUF.gmol,2,
4-Rhenium/Cell_WAFDUF.gmol,3,
1-Iron/Cell_MOWTEY.gmol,0,
1-Iron/Cell_MOWTEY.gmol,1,
1-Iron/Cell_MOWTEY.gmol,2,
1-Iron/Cell_MOWTEY.gmol,3,
1-Iron/Cell_MOWTEY.gmol,4,
1-Iron/Cell_MOWTEY.gmol,5,
1-Iron/Cell_MOWTEY.gmol,6,
1-Iron/Cell_MOWTEY.gmol,7,
8-Copper/Cell_WEGJEZ.gmol,0,
8-Copper/Cell_WEGJEZ.gmol,1,
8-Copper/Cell_WEGJEZ.gmol,2,
8-Copper/Cell_WEGJEZ.gmol,3,
8-Copper/Cell_WEGJEZ.gmol,4,
8-Copper/Cell_WEGJEZ.gmol,5,
8-Copper/Cell_WEGJEZ.gmol,6,
8-Copper/Cell_WEGJEZ.gmol,7,
8-Copper/Cell_WEGJEZ.gmol,8,
8-Copper/Cell_WEGJEZ.gmol,9,
8-Copper/Cell_WEGJEZ.gmol,10,
8-Copper/Cell_WEGJEZ.gmol,11,
3-Ruthenium/Cell_WISVUS.gmol,0,
3-Ruthenium/Cell_WISVUS.gmol,1,
3-Ruthenium/Cell_WISVUS.gmol,2,
3-Ruthenium/Cell_WISVUS.gmol,3,
3-Ruthenium/Cell_WISVUS.gmol,4,
3-Ruthenium/Cell_WISVUS.gmol,5,
3-Ruthenium/Cell_WISVUS.gmol,6,
3-Ruthenium/Cell_WISVUS.gmol,7,
7-Nickel/Cell_NIBKUF.gmol,0,
7-Nickel/Cell_NIBKUF.gmol,1,
7-Nickel/Cell_NIBKUF.gmol,2,
8-Copper/Cell_DILCAD.gmol,0,
8-Copper/Cell_DILCAD.gmol,1,
8-Copper/Cell_BABNAV.gmol,0,
8-Copper/Cell_BABNAV.gmol,1,
8-Copper/Cell_BABNAV.gmol,2,
8-Copper/Cell_BABNAV.gmol,3,
8-Copper/Cell_BAHVUB.gmol,0,
8-Copper/Cell_BAHVUB.gmol,1,
8-Copper/Cell_BAHVUB.gmol,2,
8-Copper/Cell_BAHVUB.gmol,3,
8-Copper/Cell_BAHVUB.gmol,4,
8-Copper/Cell_BAHVUB.gmol,5,
8-Copper/Cell_BAHVUB.gmol,6,
8-Copper/Cell_BAHVUB.gmol,7,
7-Nickel/Cell_AJADIZ.gmol,0,
7-Nickel/Cell_AJADIZ.gmol,1,
7-Nickel/Cell_AJADIZ.gmol,2,
7-Nickel/Cell_AJADIZ.gmol,3,
1-Iron/Cell_ABIJEB.gmol,0,
1-Iron/Cell_ABIJEB.gmol,1,
1-Iron/Cell_ABIJEB.gmol,2,
1-Iron/Cell_ABIJEB.gmol,3,
8-Copper/Cell_GUPTOA.gmol,0,
8-Copper/Cell_GUPTOA.gmol,1,
8-Copper/Cell_GUPTOA.gmol,2,
8-Copper/Cell_GUPTOA.gmol,3,
7-Nickel/Cell_FEYBUJ.gmol,0,
7-Nickel/Cell_FEYBUJ.gmol,1,
7-Nickel/Cell_FEYBUJ.gmol,2,
7-Nickel/Cell_FEYBUJ.gmol,3,
5-Chromium/Cell_HABWEO.gmol,0,
5-Chromium/Cell_HABWEO.gmol,1,
5-Chromium/Cell_HABWEO.gmol,2,
5-Chromium/Cell_HABWEO.gmol,3,
5-Chromium/Cell_HABWEO.gmol,4,
5-Chromium/Cell_HABWEO.gmol,5,
5-Chromium/Cell_HABWEO.gmol,6,
5-Chromium/Cell_HABWEO.gmol,7,
5-Chromium/Cell_HABWEO.gmol,8,
5-Chromium/Cell_HABWEO.gmol,9,
5-Chromium/Cell_HABWEO.gmol,10,
5-Chromium/Cell_HABWEO.gmol,11,
5-Chromium/Cell_HABWEO.gmol,12,
5-Chromium/Cell_HABWEO.gmol,13,
5-Chromium/Cell_HABWEO.gmol,14,
5-Chromium/Cell_HABWEO.gmol,15,
3-Ruthenium/Cell_WOBBEU.gmol,0,
3-Ruthenium/Cell_WOBBEU.gmol,1,
8-Copper/Cell_NOKLAC.gmol,0,
8-Copper/Cell_NOKLAC.gmol,1,
8-Copper/Cell_NOKLAC.gmol,2,
8-Copper/Cell_NOKLAC.gmol,3,
8-Copper/Cell_SOJJEJ.gmol,0,
8-Copper/Cell_SOJJEJ.gmol,1,
7-Nickel/Cell_PADYIF.gmol,0,
7-Nickel/Cell_PADYIF.gmol,1,
7-Nickel/Cell_PADYIF.gmol,2,
7-Nickel/Cell_PADYIF.gmol,3,
1-Iron/Cell_PUQLIX.gmol,0,
1-Iron/Cell_PUQLIX.gmol,1,
1-Iron/Cell_PUQLIX.gmol,2,
1-Iron/Cell_PUQLIX.gmol,3,
7-Nickel/Cell_AFEKIG.gmol,0,
7-Nickel/Cell_AFEKIG.gmol,1,
7-Nickel/Cell_AFEKIG.gmol,2,
7-Nickel/Cell_AFEKIG.gmol,3,
7-Nickel/Cell_JUVVOL.gmol,0,
7-Nickel/Cell_JUVVOL.gmol,1,
7-Nickel/Cell_JUVVOL.gmol,2,
7-Nickel/Cell_JUVVOL.gmol,3,
8-Copper/Cell_VUMKAQ.gmol,0,
8-Copper/Cell_VUMKAQ.gmol,1,
8-Copper/Cell_VUMKAQ.gmol,2,
8-Copper/Cell_VUMKAQ.gmol,3,
8-Copper/Cell_VUMKAQ.gmol,4,
8-Copper/Cell_VUMKAQ.gmol,5,
8-Copper/Cell_YOSSUV.gmol,0,
8-Copper/Cell_YOSSUV.gmol,1,
8-Copper/Cell_YOSSUV.gmol,2,
8-Copper/Cell_YOSSUV.gmol,3,
3-Ruthenium/Cell_MIKDIU.gmol,0,
3-Ruthenium/Cell_MIKDIU.gmol,1,
3-Ruthenium/Cell_MIKDIU.gmol,2,
3-Ruthenium/Cell_MIKDIU.gmol,3,
3-Ruthenium/Cell_MIKDIU.gmol,4,
3-Ruthenium/Cell_MIKDIU.gmol,5,
3-Ruthenium/Cell_MIKDIU.gmol,6,
3-Ruthenium/Cell_MIKDIU.gmol,7,
7-Nickel/Cell_DUKHID.gmol,0,
7-Nickel/Cell_DUKHID.gmol,1,
7-Nickel/Cell_IPEYOR.gmol,0,
7-Nickel/Cell_IPEYOR.gmol,1,
7-Nickel/Cell_IPEYOR.gmol,2,
7-Nickel/Cell_IPEYOR.gmol,3,
6-Cobalt/Cell_EHAWUH.gmol,0,
6-Cobalt/Cell_EHAWUH.gmol,1,
6-Cobalt/Cell_EHAWUH.gmol,2,
6-Cobalt/Cell_EHAWUH.gmol,3,
6-Cobalt/Cell_EHAWUH.gmol,4,
6-Cobalt/Cell_EHAWUH.gmol,5,
6-Cobalt/Cell_TAJGEU.gmol,0,
6-Cobalt/Cell_TAJGEU.gmol,1,
6-Cobalt/Cell_TAJGEU.gmol,2,
6-Cobalt/Cell_TAJGEU.gmol,3,
6-Cobalt/Cell_NATBER.gmol,0,
6-Cobalt/Cell_NATBER.gmol,1,
6-Cobalt/Cell_NATBER.gmol,2,
6-Cobalt/Cell_NATBER.gmol,3,
6-Cobalt/Cell_NATBER.gmol,4,
6-Cobalt/Cell_NATBER.gmol,5,
6-Cobalt/Cell_NATBER.gmol,6,
6-Cobalt/Cell_NATBER.gmol,7,
6-Cobalt/Cell_NATBER.gmol,8,
6-Cobalt/Cell_NATBER.gmol,9,
6-Cobalt/Cell_NATBER.gmol,10,
6-Cobalt/Cell_NATBER.gmol,11,
6-Cobalt/Cell_NATBER.gmol,12,
6-Cobalt/Cell_NATBER.gmol,13,
6-Cobalt/Cell_NATBER.gmol,14,
6-Cobalt/Cell_NATBER.gmol,15,
7-Nickel/Cell_MUFXIU.gmol,0,"- Covalent bonds missing from SCOPE: ['0:Ni-58:C', '0:Ni-64:C', '47:C-53:H', '48:C-54:H']
- Metal bonds missing from SCOPE: ['0:Ni-58:C', '0:Ni-64:C']
- Different metal coordination numbers: cell2mol=[('Ni', 2, 6)], SCOPE=[('Ni', 2, 4)]"
7-Nickel/Cell_MUFXIU.gmol,1,"- Covalent bonds missing from SCOPE: ['0:Ni-24:C', '0:Ni-58:C', '20:C-21:H', '48:C-49:H']
- Metal bonds missing from SCOPE: ['0:Ni-24:C', '0:Ni-58:C']
- Different metal coordination numbers: cell2mol=[('Ni', 2, 6)], SCOPE=[('Ni', 2, 4)]"
7-Nickel/Cell_NUZKUP.gmol,0,
7-Nickel/Cell_NUZKUP.gmol,1,
7-Nickel/Cell_NUZKUP.gmol,2,
3-Ruthenium/Cell_CIDFIE.gmol,0,
3-Ruthenium/Cell_CIDFIE.gmol,1,
3-Ruthenium/Cell_CIDFIE.gmol,2,
3-Ruthenium/Cell_CIDFIE.gmol,3,
4-Rhenium/Cell_AMONUL.gmol,0,
4-Rhenium/Cell_AMONUL.gmol,1,
4-Rhenium/Cell_AMONUL.gmol,2,
4-Rhenium/Cell_AMONUL.gmol,3,
6-Cobalt/Cell_KOLTUD.gmol,0,
6-Cobalt/Cell_KOLTUD.gmol,1,
6-Cobalt/Cell_KOLTUD.gmol,2,
6-Cobalt/Cell_KOLTUD.gmol,3,
6-Cobalt/Cell_KOLTUD.gmol,4,
6-Cobalt/Cell_KOLTUD.gmol,5,
6-Cobalt/Cell_KOLTUD.gmol,6,
6-Cobalt/Cell_KOLTUD.gmol,7,
6-Cobalt/Cell_KOLTUD.gmol,8,
6-Cobalt/Cell_KOLTUD.gmol,9,
6-Cobalt/Cell_KOLTUD.gmol,10,
6-Cobalt/Cell_KOLTUD.gmol,11,
8-Copper/Cell_UGANIA.gmol,0,
8-Copper/Cell_UGANIA.gmol,1,
8-Copper/Cell_UGANIA.gmol,2,
8-Copper/Cell_UGANIA.gmol,3,
8-Copper/Cell_ELIXED.gmol,0,
8-Copper/Cell_ELIXED.gmol,1,
6-Cobalt/Cell_NUZCUG.gmol,0,
6-Cobalt/Cell_NUZCUG.gmol,1,
6-Cobalt/Cell_NUZCUG.gmol,2,
6-Cobalt/Cell_NUZCUG.gmol,3,
6-Cobalt/Cell_NUZCUG.gmol,4,
6-Cobalt/Cell_NUZCUG.gmol,5,
6-Cobalt/Cell_NUZCUG.gmol,6,
6-Cobalt/Cell_NUZCUG.gmol,7,
8-Copper/Cell_NIDTEZ.gmol,0,
8-Copper/Cell_NIDTEZ.gmol,1,
8-Copper/Cell_NIDTEZ.gmol,2,
8-Copper/Cell_REKFIW.gmol,0,
8-Copper/Cell_REKFIW.gmol,1,
8-Copper/Cell_REKFIW.gmol,2,
8-Copper/Cell_REKFIW.gmol,3,
2-Manganese/Cell_MEIMMN.gmol,0,
2-Manganese/Cell_MEIMMN.gmol,1,
2-Manganese/Cell_MEIMMN.gmol,2,
2-Manganese/Cell_MEIMMN.gmol,3,
6-Cobalt/Cell_QOYMAU.gmol,0,
6-Cobalt/Cell_QOYMAU.gmol,1,
7-Nickel/Cell_YEWTOJ.gmol,0,
7-Nickel/Cell_YEWTOJ.gmol,1,
7-Nickel/Cell_YEWTOJ.gmol,2,
7-Nickel/Cell_YEWTOJ.gmol,3,
7-Nickel/Cell_YEWTOJ.gmol,4,
7-Nickel/Cell_YEWTOJ.gmol,5,
7-Nickel/Cell_YEWTOJ.gmol,6,
7-Nickel/Cell_YEWTOJ.gmol,7,
7-Nickel/Cell_YEWTOJ.gmol,8,
7-Nickel/Cell_YEWTOJ.gmol,9,
7-Nickel/Cell_YEWTOJ.gmol,10,
7-Nickel/Cell_YEWTOJ.gmol,11,
6-Cobalt/Cell_BICHEA.gmol,0,
6-Cobalt/Cell_BICHEA.gmol,1,
6-Cobalt/Cell_BICHEA.gmol,2,
6-Cobalt/Cell_BICHEA.gmol,3,
6-Cobalt/Cell_BICHEA.gmol,4,
6-Cobalt/Cell_BICHEA.gmol,5,
6-Cobalt/Cell_BICHEA.gmol,6,
6-Cobalt/Cell_BICHEA.gmol,7,
6-Cobalt/Cell_BICHEA.gmol,8,
6-Cobalt/Cell_BICHEA.gmol,9,
6-Cobalt/Cell_BICHEA.gmol,10,
6-Cobalt/Cell_BICHEA.gmol,11,
6-Cobalt/Cell_BICHEA.gmol,12,
6-Cobalt/Cell_BICHEA.gmol,13,
6-Cobalt/Cell_BICHEA.gmol,14,
6-Cobalt/Cell_BICHEA.gmol,15,
7-Nickel/Cell_NIGLYC12.gmol,0,
7-Nickel/Cell_NIGLYC12.gmol,1,
3-Ruthenium/Cell_VIQMOA.gmol,0,
3-Ruthenium/Cell_VIQMOA.gmol,1,
8-Copper/Cell_UNAJUR.gmol,0,
8-Copper/Cell_UNAJUR.gmol,1,
3-Ruthenium/Cell_REWNAI.gmol,0,
3-Ruthenium/Cell_REWNAI.gmol,1,
3-Ruthenium/Cell_REWNAI.gmol,2,
3-Ruthenium/Cell_REWNAI.gmol,3,
8-Copper/Cell_XUZLUA.gmol,0,
8-Copper/Cell_XUZLUA.gmol,1,
8-Copper/Cell_XUZLUA.gmol,2,
8-Copper/Cell_XUZLUA.gmol,3,
8-Copper/Cell_XUZLUA.gmol,4,
8-Copper/Cell_XUZLUA.gmol,5,
8-Copper/Cell_XUZLUA.gmol,6,
8-Copper/Cell_XUZLUA.gmol,7,
7-Nickel/Cell_KOBREZ.gmol,0,
7-Nickel/Cell_KOBREZ.gmol,1,
7-Nickel/Cell_KOBREZ.gmol,2,
7-Nickel/Cell_KOBREZ.gmol,3,
6-Cobalt/Cell_LUMZEZ.gmol,0,
6-Cobalt/Cell_LUMZEZ.gmol,1,
6-Cobalt/Cell_LUMZEZ.gmol,2,
6-Cobalt/Cell_LUMZEZ.gmol,3,
6-Cobalt/Cell_LUMZEZ.gmol,4,
6-Cobalt/Cell_LUMZEZ.gmol,5,
1-Iron/Cell_DAWKES.gmol,0,
1-Iron/Cell_DAWKES.gmol,1,
1-Iron/Cell_DAWKES.gmol,2,
1-Iron/Cell_DAWKES.gmol,3,
7-Nickel/Cell_RECYAC.gmol,0,
7-Nickel/Cell_RECYAC.gmol,1,
1-Iron/Cell_EKAGOP.gmol,0,
1-Iron/Cell_EKAGOP.gmol,1,
7-Nickel/Cell_FAJDOJ.gmol,0,
7-Nickel/Cell_FAJDOJ.gmol,1,
7-Nickel/Cell_FAJDOJ.gmol,2,
7-Nickel/Cell_FAJDOJ.gmol,3,
7-Nickel/Cell_FAJDOJ.gmol,4,
7-Nickel/Cell_FAJDOJ.gmol,5,
7-Nickel/Cell_FAJDOJ.gmol,6,
7-Nickel/Cell_FAJDOJ.gmol,7,
7-Nickel/Cell_FAJDOJ.gmol,8,
7-Nickel/Cell_FAJDOJ.gmol,9,
7-Nickel/Cell_FAJDOJ.gmol,10,
7-Nickel/Cell_FAJDOJ.gmol,11,
7-Nickel/Cell_FAJDOJ.gmol,12,
7-Nickel/Cell_FAJDOJ.gmol,13,
7-Nickel/Cell_FAJDOJ.gmol,14,
7-Nickel/Cell_FAJDOJ.gmol,15,
1-Iron/Cell_EDISOA.gmol,0,
1-Iron/Cell_EDISOA.gmol,1,
8-Copper/Cell_SELSIO.gmol,0,
3-Ruthenium/Cell_MUHMAF.gmol,0,
3-Ruthenium/Cell_MUHMAF.gmol,1,
3-Ruthenium/Cell_MUHMAF.gmol,2,
3-Ruthenium/Cell_MUHMAF.gmol,3,
3-Ruthenium/Cell_MUHMAF.gmol,4,
3-Ruthenium/Cell_MUHMAF.gmol,5,
3-Ruthenium/Cell_MUHMAF.gmol,6,
3-Ruthenium/Cell_MUHMAF.gmol,7,
3-Ruthenium/Cell_MUHMAF.gmol,8,
3-Ruthenium/Cell_MUHMAF.gmol,9,
3-Ruthenium/Cell_MUHMAF.gmol,10,
3-Ruthenium/Cell_MUHMAF.gmol,11,
3-Ruthenium/Cell_MUHMAF.gmol,12,
3-Ruthenium/Cell_MUHMAF.gmol,13,
3-Ruthenium/Cell_MUHMAF.gmol,14,
3-Ruthenium/Cell_MUHMAF.gmol,15,
3-Ruthenium/Cell_MUHMAF.gmol,16,
3-Ruthenium/Cell_MUHMAF.gmol,17,
3-Ruthenium/Cell_MUHMAF.gmol,18,
3-Ruthenium/Cell_MUHMAF.gmol,19,
3-Ruthenium/Cell_MUHMAF.gmol,20,
3-Ruthenium/Cell_MUHMAF.gmol,21,
3-Ruthenium/Cell_MUHMAF.gmol,22,
3-Ruthenium/Cell_MUHMAF.gmol,23,
3-Ruthenium/Cell_MUHMAF.gmol,24,
3-Ruthenium/Cell_MUHMAF.gmol,25,
3-Ruthenium/Cell_MUHMAF.gmol,26,
3-Ruthenium/Cell_MUHMAF.gmol,27,
3-Ruthenium/Cell_MUHMAF.gmol,28,
3-Ruthenium/Cell_MUHMAF.gmol,29,
3-Ruthenium/Cell_MUHMAF.gmol,30,
3-Ruthenium/Cell_MUHMAF.gmol,31,
8-Copper/Cell_QORHAG.gmol,0,
8-Copper/Cell_QORHAG.gmol,1,
8-Copper/Cell_QORHAG.gmol,2,
8-Copper/Cell_QORHAG.gmol,3,
8-Copper/Cell_QORHAG.gmol,4,
8-Copper/Cell_QORHAG.gmol,5,
8-Copper/Cell_QORHAG.gmol,6,
8-Copper/Cell_QORHAG.gmol,7,
8-Copper/Cell_QICGIV.gmol,0,
8-Copper/Cell_QICGIV.gmol,1,
8-Copper/Cell_QICGIV.gmol,2,
8-Copper/Cell_QICGIV.gmol,3,
8-Copper/Cell_QICGIV.gmol,4,
8-Copper/Cell_QICGIV.gmol,5,
6-Cobalt/Cell_DIANCO10.gmol,0,
6-Cobalt/Cell_DIANCO10.gmol,1,
6-Cobalt/Cell_DIANCO10.gmol,2,
6-Cobalt/Cell_DIANCO10.gmol,3,
6-Cobalt/Cell_DIANCO10.gmol,4,
6-Cobalt/Cell_DIANCO10.gmol,5,
6-Cobalt/Cell_DIANCO10.gmol,6,
6-Cobalt/Cell_DIANCO10.gmol,7,
6-Cobalt/Cell_HOVHUX.gmol,0,
6-Cobalt/Cell_HOVHUX.gmol,1,
6-Cobalt/Cell_HOVHUX.gmol,2,
6-Cobalt/Cell_HOVHUX.gmol,3,
6-Cobalt/Cell_HOVHUX.gmol,4,
6-Cobalt/Cell_HOVHUX.gmol,5,
6-Cobalt/Cell_HOVHUX.gmol,6,
6-Cobalt/Cell_HOVHUX.gmol,7,
6-Cobalt/Cell_HOVHUX.gmol,8,
6-Cobalt/Cell_HOVHUX.gmol,9,
6-Cobalt/Cell_HOVHUX.gmol,10,
6-Cobalt/Cell_HOVHUX.gmol,11,
6-Cobalt/Cell_HOVHUX.gmol,12,
6-Cobalt/Cell_HOVHUX.gmol,13,
6-Cobalt/Cell_HOVHUX.gmol,14,
6-Cobalt/Cell_HOVHUX.gmol,15,
8-Copper/Cell_WAZBIK.gmol,0,
8-Copper/Cell_WAZBIK.gmol,1,
8-Copper/Cell_WAZBIK.gmol,2,
8-Copper/Cell_WAZBIK.gmol,3,
8-Copper/Cell_WAZBIK.gmol,4,
8-Copper/Cell_WAZBIK.gmol,5,
8-Copper/Cell_WAZBIK.gmol,6,
8-Copper/Cell_WAZBIK.gmol,7,
6-Cobalt/Cell_ZOJWUS.gmol,0,
6-Cobalt/Cell_ZOJWUS.gmol,1,
6-Cobalt/Cell_ZOJWUS.gmol,2,
6-Cobalt/Cell_ZOJWUS.gmol,3,
6-Cobalt/Cell_ZOJWUS.gmol,4,
6-Cobalt/Cell_ZOJWUS.gmol,5,
6-Cobalt/Cell_ZOJWUS.gmol,6,
6-Cobalt/Cell_ZOJWUS.gmol,7,
6-Cobalt/Cell_ZOJWUS.gmol,8,
6-Cobalt/Cell_ZOJWUS.gmol,9,
6-Cobalt/Cell_ZOJWUS.gmol,10,
6-Cobalt/Cell_ZOJWUS.gmol,11,
5-Chromium/Cell_UDURUJ.gmol,0,
5-Chromium/Cell_UDURUJ.gmol,1,
5-Chromium/Cell_UDURUJ.gmol,2,
5-Chromium/Cell_UDURUJ.gmol,3,
7-Nickel/Cell_WIZNOJ.gmol,0,
7-Nickel/Cell_WIZNOJ.gmol,1,
3-Ruthenium/Cell_ZICTUA.gmol,0,
3-Ruthenium/Cell_ZICTUA.gmol,1,
3-Ruthenium/Cell_ZICTUA.gmol,2,
3-Ruthenium/Cell_ZICTUA.gmol,3,
3-Ruthenium/Cell_ZICTUA.gmol,4,
3-Ruthenium/Cell_ZICTUA.gmol,5,
7-Nickel/Cell_ADUXIJ.gmol,0,
7-Nickel/Cell_ADUXIJ.gmol,1,
7-Nickel/Cell_ADUXIJ.gmol,2,
7-Nickel/Cell_ADUXIJ.gmol,3,
4-Rhenium/Cell_VABWAW.gmol,0,
4-Rhenium/Cell_VABWAW.gmol,1,
4-Rhenium/Cell_VABWAW.gmol,2,
4-Rhenium/Cell_VABWAW.gmol,3,
4-Rhenium/Cell_VABWAW.gmol,4,
4-Rhenium/Cell_VABWAW.gmol,5,
4-Rhenium/Cell_VABWAW.gmol,6,
4-Rhenium/Cell_VABWAW.gmol,7,
4-Rhenium/Cell_VABWAW.gmol,8,
4-Rhenium/Cell_VABWAW.gmol,9,
4-Rhenium/Cell_VABWAW.gmol,10,
4-Rhenium/Cell_VABWAW.gmol,11,
8-Copper/Cell_LEJVUS.gmol,0,
8-Copper/Cell_LEJVUS.gmol,1,
8-Copper/Cell_LEJVUS.gmol,2,
8-Copper/Cell_LEJVUS.gmol,3,
8-Copper/Cell_LEJVUS.gmol,4,
8-Copper/Cell_LEJVUS.gmol,5,
8-Copper/Cell_NURZEF.gmol,0,
8-Copper/Cell_NURZEF.gmol,1,
8-Copper/Cell_NURZEF.gmol,2,
8-Copper/Cell_NURZEF.gmol,3,
8-Copper/Cell_NURZEF.gmol,4,
8-Copper/Cell_NURZEF.gmol,5,
8-Copper/Cell_NURZEF.gmol,6,
8-Copper/Cell_NURZEF.gmol,7,
2-Manganese/Cell_OLENAU.gmol,0,
2-Manganese/Cell_OLENAU.gmol,1,
2-Manganese/Cell_OLENAU.gmol,2,
2-Manganese/Cell_OLENAU.gmol,3,
8-Copper/Cell_TIVTEX.gmol,0,
8-Copper/Cell_TIVTEX.gmol,1,
8-Copper/Cell_TIVTEX.gmol,2,
8-Copper/Cell_TIVTEX.gmol,3,
8-Copper/Cell_TIVTEX.gmol,4,
8-Copper/Cell_TIVTEX.gmol,5,
8-Copper/Cell_LALSOG.gmol,0,
8-Copper/Cell_LALSOG.gmol,1,
8-Copper/Cell_ZUDXIF.gmol,0,
8-Copper/Cell_ZUDXIF.gmol,1,
8-Copper/Cell_ZUDXIF.gmol,2,
8-Copper/Cell_ZUDXIF.gmol,3,
3-Ruthenium/Cell_ZIPLIT.gmol,0,
3-Ruthenium/Cell_ZIPLIT.gmol,1,
8-Copper/Cell_VOKHIM.gmol,0,
8-Copper/Cell_VOKHIM.gmol,1,
8-Copper/Cell_VOKHIM.gmol,2,
8-Copper/Cell_VOKHIM.gmol,3,
8-Copper/Cell_VOKHIM.gmol,4,
8-Copper/Cell_VOKHIM.gmol,5,
7-Nickel/Cell_JAXFIX.gmol,0,
7-Nickel/Cell_JAXFIX.gmol,1,
3-Ruthenium/Cell_KOWZAA.gmol,0,
3-Ruthenium/Cell_KOWZAA.gmol,1,
3-Ruthenium/Cell_KOWZAA.gmol,2,
3-Ruthenium/Cell_KOWZAA.gmol,3,
7-Nickel/Cell_ILUDUP.gmol,0,
7-Nickel/Cell_ILUDUP.gmol,1,
7-Nickel/Cell_ILUDUP.gmol,2,
7-Nickel/Cell_ILUDUP.gmol,3,
4-Rhenium/Cell_NOJMEE.gmol,0,
4-Rhenium/Cell_NOJMEE.gmol,1,
4-Rhenium/Cell_NOJMEE.gmol,2,
4-Rhenium/Cell_NOJMEE.gmol,3,
4-Rhenium/Cell_NOJMEE.gmol,4,
4-Rhenium/Cell_NOJMEE.gmol,5,
4-Rhenium/Cell_NOJMEE.gmol,6,
4-Rhenium/Cell_NOJMEE.gmol,7,
7-Nickel/Cell_LUCJEY.gmol,0,
7-Nickel/Cell_LUCJEY.gmol,1,
7-Nickel/Cell_LUCJEY.gmol,2,
7-Nickel/Cell_LUCJEY.gmol,3,
7-Nickel/Cell_AMUYOY.gmol,0,
7-Nickel/Cell_AMUYOY.gmol,1,
7-Nickel/Cell_AMUYOY.gmol,2,
7-Nickel/Cell_AMUYOY.gmol,3,
3-Ruthenium/Cell_KEQDIU.gmol,0,
3-Ruthenium/Cell_KEQDIU.gmol,1,
3-Ruthenium/Cell_KEQDIU.gmol,2,
3-Ruthenium/Cell_KEQDIU.gmol,3,
3-Ruthenium/Cell_KEQDIU.gmol,4,
3-Ruthenium/Cell_KEQDIU.gmol,5,
6-Cobalt/Cell_AROCEP.gmol,0,
8-Copper/Cell_MAMFAH.gmol,0,
8-Copper/Cell_MAMFAH.gmol,1,
8-Copper/Cell_GLYCUD.gmol,0,
8-Copper/Cell_GLYCUD.gmol,1,
8-Copper/Cell_GLYCUD.gmol,2,
8-Copper/Cell_GLYCUD.gmol,3,
2-Manganese/Cell_MOLKUV.gmol,0,
2-Manganese/Cell_MOLKUV.gmol,1,
4-Rhenium/Cell_FAWQID.gmol,0,
4-Rhenium/Cell_FAWQID.gmol,1,
4-Rhenium/Cell_FAWQID.gmol,2,
4-Rhenium/Cell_FAWQID.gmol,3,
8-Copper/Cell_BAHQEI.gmol,0,
8-Copper/Cell_BAHQEI.gmol,1,
8-Copper/Cell_BAHQEI.gmol,2,
8-Copper/Cell_BAHQEI.gmol,3,
7-Nickel/Cell_BIJNOX.gmol,0,
7-Nickel/Cell_BIJNOX.gmol,1,
7-Nickel/Cell_BIJNOX.gmol,2,
7-Nickel/Cell_BIJNOX.gmol,3,
7-Nickel/Cell_BIJNOX.gmol,4,
7-Nickel/Cell_BIJNOX.gmol,5,
7-Nickel/Cell_QOVNEV.gmol,0,
7-Nickel/Cell_QOVNEV.gmol,1,
7-Nickel/Cell_QOVNEV.gmol,2,
7-Nickel/Cell_QOVNEV.gmol,3,
8-Copper/Cell_HIDQIU.gmol,0,
8-Copper/Cell_HIDQIU.gmol,1,
8-Copper/Cell_HIDQIU.gmol,2,
8-Copper/Cell_HIDQIU.gmol,3,
6-Cobalt/Cell_XAJXEL.gmol,0,
6-Cobalt/Cell_XAJXEL.gmol,1,
6-Cobalt/Cell_XAJXEL.gmol,2,
6-Cobalt/Cell_XAJXEL.gmol,3,
6-Cobalt/Cell_XAJXEL.gmol,4,
6-Cobalt/Cell_XAJXEL.gmol,5,
6-Cobalt/Cell_XAJXEL.gmol,6,
6-Cobalt/Cell_XAJXEL.gmol,7,
6-Cobalt/Cell_XAJXEL.gmol,8,
6-Cobalt/Cell_XAJXEL.gmol,9,
6-Cobalt/Cell_XAJXEL.gmol,10,
6-Cobalt/Cell_XAJXEL.gmol,11,
6-Cobalt/Cell_XAJXEL.gmol,12,
6-Cobalt/Cell_XAJXEL.gmol,13,
6-Cobalt/Cell_XAJXEL.gmol,14,
6-Cobalt/Cell_XAJXEL.gmol,15,
8-Copper/Cell_ZAMDOG.gmol,0,
8-Copper/Cell_ZAMDOG.gmol,1,
8-Copper/Cell_ZAMDOG.gmol,2,
8-Copper/Cell_ZAMDOG.gmol,3,
8-Copper/Cell_WUNDUE.gmol,0,
8-Copper/Cell_WUNDUE.gmol,1,
8-Copper/Cell_WUNDUE.gmol,2,
8-Copper/Cell_WUNDUE.gmol,3,
7-Nickel/Cell_BIZHOI.gmol,0,
1-Iron/Cell_HILVAB.gmol,0,
1-Iron/Cell_HILVAB.gmol,1,
1-Iron/Cell_HILVAB.gmol,2,
1-Iron/Cell_HILVAB.gmol,3,
6-Cobalt/Cell_CASXIG.gmol,0,
6-Cobalt/Cell_CASXIG.gmol,1,
6-Cobalt/Cell_CASXIG.gmol,2,
6-Cobalt/Cell_CASXIG.gmol,3,
6-Cobalt/Cell_CASXIG.gmol,4,
6-Cobalt/Cell_CASXIG.gmol,5,
6-Cobalt/Cell_CASXIG.gmol,6,
6-Cobalt/Cell_CASXIG.gmol,7,
1-Iron/Cell_LUJNOU.gmol,0,
1-Iron/Cell_LUJNOU.gmol,1,
1-Iron/Cell_LUJNOU.gmol,2,
1-Iron/Cell_LUJNOU.gmol,3,
1-Iron/Cell_LUJNOU.gmol,4,
1-Iron/Cell_LUJNOU.gmol,5,
1-Iron/Cell_LUJNOU.gmol,6,
1-Iron/Cell_LUJNOU.gmol,7,
7-Nickel/Cell_TUZYIW.gmol,0,
7-Nickel/Cell_TUZYIW.gmol,1,
7-Nickel/Cell_TUZYIW.gmol,2,
7-Nickel/Cell_TUZYIW.gmol,3,
7-Nickel/Cell_TUZYIW.gmol,4,
7-Nickel/Cell_TUZYIW.gmol,5,
7-Nickel/Cell_TUZYIW.gmol,6,
7-Nickel/Cell_TUZYIW.gmol,7,
8-Copper/Cell_GEKCUW.gmol,0,
8-Copper/Cell_GEKCUW.gmol,1,
8-Copper/Cell_GEKCUW.gmol,2,
8-Copper/Cell_GEKCUW.gmol,3,
8-Copper/Cell_GEKCUW.gmol,4,
8-Copper/Cell_GEKCUW.gmol,5,
8-Copper/Cell_IZEXIW.gmol,0,
8-Copper/Cell_IZEXIW.gmol,1,
8-Copper/Cell_IZEXIW.gmol,2,
8-Copper/Cell_IZEXIW.gmol,3,
8-Copper/Cell_BPYCUA.gmol,0,
8-Copper/Cell_BPYCUA.gmol,1,
8-Copper/Cell_BPYCUA.gmol,2,
8-Copper/Cell_BPYCUA.gmol,3,
8-Copper/Cell_BPYCUA.gmol,4,
8-Copper/Cell_BPYCUA.gmol,5,
8-Copper/Cell_BPYCUA.gmol,6,
8-Copper/Cell_BPYCUA.gmol,7,
8-Copper/Cell_VOQCIO.gmol,0,
8-Copper/Cell_VOQCIO.gmol,1,
2-Manganese/Cell_FISHIB.gmol,0,
2-Manganese/Cell_FISHIB.gmol,1,
8-Copper/Cell_AZEMEY.gmol,0,
8-Copper/Cell_AZEMEY.gmol,1,
8-Copper/Cell_AZEMEY.gmol,2,
6-Cobalt/Cell_ROMPUE.gmol,0,
6-Cobalt/Cell_ROMPUE.gmol,1,
6-Cobalt/Cell_ROMPUE.gmol,2,
6-Cobalt/Cell_ROMPUE.gmol,3,
7-Nickel/Cell_MICZNI.gmol,0,
7-Nickel/Cell_MICZNI.gmol,1,
8-Copper/Cell_IBIHOS.gmol,0,
8-Copper/Cell_IBIHOS.gmol,1,
8-Copper/Cell_IBIHOS.gmol,2,
8-Copper/Cell_IBIHOS.gmol,3,
8-Copper/Cell_IBIHOS.gmol,4,
8-Copper/Cell_IBIHOS.gmol,5,
8-Copper/Cell_IBIHOS.gmol,6,
8-Copper/Cell_IBIHOS.gmol,7,
8-Copper/Cell_VATHOO.gmol,0,
8-Copper/Cell_VATHOO.gmol,1,
8-Copper/Cell_VATHOO.gmol,2,
8-Copper/Cell_VATHOO.gmol,3,
8-Copper/Cell_VATHOO.gmol,4,
8-Copper/Cell_VATHOO.gmol,5,
7-Nickel/Cell_OYAKEF.gmol,0,
7-Nickel/Cell_OYAKEF.gmol,1,
7-Nickel/Cell_OYAKEF.gmol,2,
7-Nickel/Cell_OYAKEF.gmol,3,
7-Nickel/Cell_OYAKEF.gmol,4,
7-Nickel/Cell_OYAKEF.gmol,5,
7-Nickel/Cell_OYAKEF.gmol,6,
7-Nickel/Cell_OYAKEF.gmol,7,
7-Nickel/Cell_XARGON.gmol,0,
7-Nickel/Cell_XARGON.gmol,1,
7-Nickel/Cell_XARGON.gmol,2,
7-Nickel/Cell_XARGON.gmol,3,
2-Manganese/Cell_DAXPUO.gmol,0,
2-Manganese/Cell_DAXPUO.gmol,1,
2-Manganese/Cell_DAXPUO.gmol,2,
2-Manganese/Cell_DAXPUO.gmol,3,
2-Manganese/Cell_DAXPUO.gmol,4,
2-Manganese/Cell_DAXPUO.gmol,5,
2-Manganese/Cell_DAXPUO.gmol,6,
2-Manganese/Cell_DAXPUO.gmol,7,
8-Copper/Cell_VITNER.gmol,0,
8-Copper/Cell_VITNER.gmol,1,
8-Copper/Cell_VITNER.gmol,2,
8-Copper/Cell_VITNER.gmol,3,
8-Copper/Cell_VITNER.gmol,4,
8-Copper/Cell_VITNER.gmol,5,
8-Copper/Cell_VITNER.gmol,6,
8-Copper/Cell_VITNER.gmol,7,
7-Nickel/Cell_UQUQAA.gmol,0,
7-Nickel/Cell_UQUQAA.gmol,1,
7-Nickel/Cell_UQUQAA.gmol,2,
7-Nickel/Cell_UQUQAA.gmol,3,
7-Nickel/Cell_UQUQAA.gmol,4,
7-Nickel/Cell_UQUQAA.gmol,5,
7-Nickel/Cell_UQUQAA.gmol,6,
7-Nickel/Cell_UQUQAA.gmol,7,
3-Ruthenium/Cell_KOYZUW.gmol,0,
3-Ruthenium/Cell_KOYZUW.gmol,1,
3-Ruthenium/Cell_KOYZUW.gmol,2,
3-Ruthenium/Cell_KOYZUW.gmol,3,
3-Ruthenium/Cell_KOYZUW.gmol,4,
3-Ruthenium/Cell_KOYZUW.gmol,5,
1-Iron/Cell_KUBGOD.gmol,0,
1-Iron/Cell_KUBGOD.gmol,1,
1-Iron/Cell_KUBGOD.gmol,2,
1-Iron/Cell_KUBGOD.gmol,3,
6-Cobalt/Cell_UNAVOW.gmol,0,
6-Cobalt/Cell_UNAVOW.gmol,1,
6-Cobalt/Cell_UNAVOW.gmol,2,
6-Cobalt/Cell_UNAVOW.gmol,3,
6-Cobalt/Cell_UNAVOW.gmol,4,
6-Cobalt/Cell_UNAVOW.gmol,5,
6-Cobalt/Cell_UNAVOW.gmol,6,
6-Cobalt/Cell_UNAVOW.gmol,7,
1-Iron/Cell_FOKPAY.gmol,0,
1-Iron/Cell_FOKPAY.gmol,1,
1-Iron/Cell_FOKPAY.gmol,2,
1-Iron/Cell_FOKPAY.gmol,3,
8-Copper/Cell_JETMIE.gmol,0,
8-Copper/Cell_JETMIE.gmol,1,
8-Copper/Cell_KOYPUL.gmol,0,
8-Copper/Cell_KOYPUL.gmol,1,
8-Copper/Cell_KOYPUL.gmol,2,
8-Copper/Cell_KOYPUL.gmol,3,
8-Copper/Cell_KOYPUL.gmol,4,
8-Copper/Cell_KOYPUL.gmol,5,
8-Copper/Cell_KOYPUL.gmol,6,
8-Copper/Cell_KOYPUL.gmol,7,
8-Copper/Cell_KOYPUL.gmol,8,
8-Copper/Cell_KOYPUL.gmol,9,
8-Copper/Cell_KOYPUL.gmol,10,
8-Copper/Cell_KOYPUL.gmol,11,
7-Nickel/Cell_WARROX.gmol,0,
7-Nickel/Cell_WARROX.gmol,1,
7-Nickel/Cell_WARROX.gmol,2,
7-Nickel/Cell_LAXFIC.gmol,0,
7-Nickel/Cell_LAXFIC.gmol,1,
7-Nickel/Cell_LAXFIC.gmol,2,
7-Nickel/Cell_LAXFIC.gmol,3,
7-Nickel/Cell_LAXFIC.gmol,4,
7-Nickel/Cell_LAXFIC.gmol,5,
7-Nickel/Cell_LAXFIC.gmol,6,
7-Nickel/Cell_LAXFIC.gmol,7,
7-Nickel/Cell_LAXFIC.gmol,8,
7-Nickel/Cell_LAXFIC.gmol,9,
7-Nickel/Cell_LAXFIC.gmol,10,
7-Nickel/Cell_LAXFIC.gmol,11,
6-Cobalt/Cell_IBONIX.gmol,0,
6-Cobalt/Cell_IBONIX.gmol,1,
6-Cobalt/Cell_IBONIX.gmol,2,
6-Cobalt/Cell_IBONIX.gmol,3,
6-Cobalt/Cell_IBONIX.gmol,4,
6-Cobalt/Cell_IBONIX.gmol,5,
6-Cobalt/Cell_IBONIX.gmol,6,
6-Cobalt/Cell_IBONIX.gmol,7,
6-Cobalt/Cell_IBONIX.gmol,8,
6-Cobalt/Cell_IBONIX.gmol,9,
6-Cobalt/Cell_IBONIX.gmol,10,
6-Cobalt/Cell_IBONIX.gmol,11,
8-Copper/Cell_GUHTEK.gmol,0,
8-Copper/Cell_GUHTEK.gmol,1,
7-Nickel/Cell_SILWOB.gmol,0,
7-Nickel/Cell_SILWOB.gmol,1,
7-Nickel/Cell_QEQCIZ.gmol,0,
7-Nickel/Cell_QEQCIZ.gmol,1,
7-Nickel/Cell_QEQCIZ.gmol,2,
7-Nickel/Cell_QEQCIZ.gmol,3,
7-Nickel/Cell_QEQCIZ.gmol,4,
7-Nickel/Cell_QEQCIZ.gmol,5,
7-Nickel/Cell_QEQCIZ.gmol,6,
7-Nickel/Cell_QEQCIZ.gmol,7,
7-Nickel/Cell_QEQCIZ.gmol,8,
7-Nickel/Cell_QEQCIZ.gmol,9,
8-Copper/Cell_FODYEE.gmol,0,
8-Copper/Cell_FODYEE.gmol,1,
8-Copper/Cell_FODYEE.gmol,2,
8-Copper/Cell_FODYEE.gmol,3,
8-Copper/Cell_FODYEE.gmol,4,
8-Copper/Cell_FODYEE.gmol,5,
8-Copper/Cell_FODYEE.gmol,6,
8-Copper/Cell_FODYEE.gmol,7,
3-Ruthenium/Cell_FUYPUK.gmol,0,
3-Ruthenium/Cell_FUYPUK.gmol,1,
3-Ruthenium/Cell_FUYPUK.gmol,2,
3-Ruthenium/Cell_FUYPUK.gmol,3,
8-Copper/Cell_ZITRAV.gmol,0,
8-Copper/Cell_ZITRAV.gmol,1,
4-Rhenium/Cell_GILKAQ.gmol,0,
4-Rhenium/Cell_GILKAQ.gmol,1,
4-Rhenium/Cell_GILKAQ.gmol,2,
4-Rhenium/Cell_GILKAQ.gmol,3,
4-Rhenium/Cell_GILKAQ.gmol,4,
4-Rhenium/Cell_GILKAQ.gmol,5,
4-Rhenium/Cell_GILKAQ.gmol,6,
4-Rhenium/Cell_GILKAQ.gmol,7,
4-Rhenium/Cell_GILKAQ.gmol,8,
4-Rhenium/Cell_GILKAQ.gmol,9,
7-Nickel/Cell_NARRAZ.gmol,0,
7-Nickel/Cell_NARRAZ.gmol,1,
7-Nickel/Cell_NARRAZ.gmol,2,
7-Nickel/Cell_NARRAZ.gmol,3,
7-Nickel/Cell_EABIMN.gmol,0,
7-Nickel/Cell_GUPHOO.gmol,0,
7-Nickel/Cell_GUPHOO.gmol,1,
7-Nickel/Cell_GUPHOO.gmol,2,
7-Nickel/Cell_GUPHOO.gmol,3,
1-Iron/Cell_YUVHAA.gmol,0,
1-Iron/Cell_YUVHAA.gmol,1,
1-Iron/Cell_YUVHAA.gmol,2,
1-Iron/Cell_YUVHAA.gmol,3,
7-Nickel/Cell_LEPZIQ.gmol,0,
7-Nickel/Cell_LEPZIQ.gmol,1,
7-Nickel/Cell_LEPZIQ.gmol,2,
7-Nickel/Cell_LEPZIQ.gmol,3,
7-Nickel/Cell_LEPZIQ.gmol,4,
7-Nickel/Cell_LEPZIQ.gmol,5,
7-Nickel/Cell_LEPZIQ.gmol,6,
7-Nickel/Cell_LEPZIQ.gmol,7,
7-Nickel/Cell_LEPZIQ.gmol,8,
7-Nickel/Cell_LEPZIQ.gmol,9,
7-Nickel/Cell_LEPZIQ.gmol,10,
7-Nickel/Cell_LEPZIQ.gmol,11,
7-Nickel/Cell_LEPZIQ.gmol,12,
7-Nickel/Cell_LEPZIQ.gmol,13,
7-Nickel/Cell_LEPZIQ.gmol,14,
7-Nickel/Cell_LEPZIQ.gmol,15,
6-Cobalt/Cell_AGOYIF.gmol,0,
6-Cobalt/Cell_AGOYIF.gmol,1,
6-Cobalt/Cell_AGOYIF.gmol,2,
6-Cobalt/Cell_AGOYIF.gmol,3,
6-Cobalt/Cell_AGOYIF.gmol,4,
6-Cobalt/Cell_AGOYIF.gmol,5,
6-Cobalt/Cell_AGOYIF.gmol,6,
6-Cobalt/Cell_AGOYIF.gmol,7,
6-Cobalt/Cell_AGOYIF.gmol,8,
6-Cobalt/Cell_AGOYIF.gmol,9,
6-Cobalt/Cell_AGOYIF.gmol,10,
6-Cobalt/Cell_AGOYIF.gmol,11,
6-Cobalt/Cell_AGOYIF.gmol,12,
6-Cobalt/Cell_AGOYIF.gmol,13,
6-Cobalt/Cell_AGOYIF.gmol,14,
6-Cobalt/Cell_AGOYIF.gmol,15,
3-Ruthenium/Cell_EBIDEY.gmol,0,
3-Ruthenium/Cell_EBIDEY.gmol,1,
3-Ruthenium/Cell_EBIDEY.gmol,2,
3-Ruthenium/Cell_EBIDEY.gmol,3,
3-Ruthenium/Cell_EBIDEY.gmol,4,
3-Ruthenium/Cell_EBIDEY.gmol,5,
3-Ruthenium/Cell_EBIDEY.gmol,6,
3-Ruthenium/Cell_EBIDEY.gmol,7,
3-Ruthenium/Cell_EBIDEY.gmol,8,
3-Ruthenium/Cell_EBIDEY.gmol,9,
3-Ruthenium/Cell_EBIDEY.gmol,10,
3-Ruthenium/Cell_EBIDEY.gmol,11,
3-Ruthenium/Cell_EBIDEY.gmol,12,
3-Ruthenium/Cell_EBIDEY.gmol,13,
6-Cobalt/Cell_QANLUM.gmol,0,
6-Cobalt/Cell_QANLUM.gmol,1,
6-Cobalt/Cell_QANLUM.gmol,2,
6-Cobalt/Cell_QANLUM.gmol,3,
6-Cobalt/Cell_QANLUM.gmol,4,
6-Cobalt/Cell_QANLUM.gmol,5,
6-Cobalt/Cell_QANLUM.gmol,6,
6-Cobalt/Cell_QANLUM.gmol,7,
8-Copper/Cell_WECSED.gmol,0,
8-Copper/Cell_WECSED.gmol,1,
2-Manganese/Cell_TAXWAT.gmol,0,
2-Manganese/Cell_TAXWAT.gmol,1,
6-Cobalt/Cell_CIBDIB.gmol,0,
6-Cobalt/Cell_CIBDIB.gmol,1,
6-Cobalt/Cell_CIBDIB.gmol,2,
6-Cobalt/Cell_CIBDIB.gmol,3,
6-Cobalt/Cell_CIBDIB.gmol,4,
6-Cobalt/Cell_CIBDIB.gmol,5,
6-Cobalt/Cell_CIBDIB.gmol,6,
6-Cobalt/Cell_CIBDIB.gmol,7,
2-Manganese/Cell_TUYFAV.gmol,0,
2-Manganese/Cell_TUYFAV.gmol,1,
2-Manganese/Cell_TUYFAV.gmol,2,
2-Manganese/Cell_TUYFAV.gmol,3,
2-Manganese/Cell_TUYFAV.gmol,4,
2-Manganese/Cell_TUYFAV.gmol,5,
2-Manganese/Cell_TUYFAV.gmol,6,
2-Manganese/Cell_TUYFAV.gmol,7,
2-Manganese/Cell_TUYFAV.gmol,8,
2-Manganese/Cell_TUYFAV.gmol,9,
2-Manganese/Cell_TUYFAV.gmol,10,
2-Manganese/Cell_TUYFAV.gmol,11,
2-Manganese/Cell_TUYFAV.gmol,12,
2-Manganese/Cell_TUYFAV.gmol,13,
2-Manganese/Cell_TUYFAV.gmol,14,
2-Manganese/Cell_TUYFAV.gmol,15,
2-Manganese/Cell_TUYFAV.gmol,16,
2-Manganese/Cell_TUYFAV.gmol,17,
2-Manganese/Cell_TUYFAV.gmol,18,
2-Manganese/Cell_TUYFAV.gmol,19,
8-Copper/Cell_GESDEN.gmol,0,
8-Copper/Cell_GESDEN.gmol,1,
8-Copper/Cell_GESDEN.gmol,2,
8-Copper/Cell_GESDEN.gmol,3,
8-Copper/Cell_TOCPEI.gmol,0,
8-Copper/Cell_TOCPEI.gmol,1,
8-Copper/Cell_TOCPEI.gmol,2,
8-Copper/Cell_TOCPEI.gmol,3,
8-Copper/Cell_TOCPEI.gmol,4,
8-Copper/Cell_TOCPEI.gmol,5,
8-Copper/Cell_TOCPEI.gmol,6,
8-Copper/Cell_TOCPEI.gmol,7,
8-Copper/Cell_TOCPEI.gmol,8,
8-Copper/Cell_TOCPEI.gmol,9,
8-Copper/Cell_TOCPEI.gmol,10,
8-Copper/Cell_TOCPEI.gmol,11,
8-Copper/Cell_TOCPEI.gmol,12,
8-Copper/Cell_TOCPEI.gmol,13,
8-Copper/Cell_TOCPEI.gmol,14,
8-Copper/Cell_TOCPEI.gmol,15,
7-Nickel/Cell_GAFBOH.gmol,0,
7-Nickel/Cell_GAFBOH.gmol,1,
6-Cobalt/Cell_NELTAB.gmol,0,
6-Cobalt/Cell_NELTAB.gmol,1,
6-Cobalt/Cell_WUYYAQ.gmol,0,
6-Cobalt/Cell_WUYYAQ.gmol,1,
6-Cobalt/Cell_WUYYAQ.gmol,2,
6-Cobalt/Cell_WUYYAQ.gmol,3,
6-Cobalt/Cell_WUYYAQ.gmol,4,
6-Cobalt/Cell_WUYYAQ.gmol,5,
7-Nickel/Cell_AVAYEB.gmol,0,
7-Nickel/Cell_AVAYEB.gmol,1,
7-Nickel/Cell_AVAYEB.gmol,2,
7-Nickel/Cell_AVAYEB.gmol,3,
7-Nickel/Cell_AVAYEB.gmol,4,
7-Nickel/Cell_AVAYEB.gmol,5,
7-Nickel/Cell_AVAYEB.gmol,6,
7-Nickel/Cell_AVAYEB.gmol,7,
7-Nickel/Cell_AVAYEB.gmol,8,
7-Nickel/Cell_AVAYEB.gmol,9,
8-Copper/Cell_PUQRAX.gmol,0,
8-Copper/Cell_PUQRAX.gmol,1,
8-Copper/Cell_PUQRAX.gmol,2,
8-Copper/Cell_PUQRAX.gmol,3,
8-Copper/Cell_BRMPCU.gmol,0,
8-Copper/Cell_BRMPCU.gmol,1,
1-Iron/Cell_XIMSAO.gmol,0,
1-Iron/Cell_XIMSAO.gmol,1,
1-Iron/Cell_XIMSAO.gmol,2,
1-Iron/Cell_XIMSAO.gmol,3,
1-Iron/Cell_XIMSAO.gmol,4,
1-Iron/Cell_XIMSAO.gmol,5,
1-Iron/Cell_XIMSAO.gmol,6,
1-Iron/Cell_XIMSAO.gmol,7,
1-Iron/Cell_XIMSAO.gmol,8,
1-Iron/Cell_XIMSAO.gmol,9,
1-Iron/Cell_XIMSAO.gmol,10,
1-Iron/Cell_XIMSAO.gmol,11,
1-Iron/Cell_XIMSAO.gmol,12,
1-Iron/Cell_XIMSAO.gmol,13,
1-Iron/Cell_XIMSAO.gmol,14,
1-Iron/Cell_XIMSAO.gmol,15,
8-Copper/Cell_RORDEH.gmol,0,
8-Copper/Cell_RORDEH.gmol,1,
8-Copper/Cell_RORDEH.gmol,2,
8-Copper/Cell_TOQYUU.gmol,0,
8-Copper/Cell_TOQYUU.gmol,1,
8-Copper/Cell_TOQYUU.gmol,2,
8-Copper/Cell_TOQYUU.gmol,3,
8-Copper/Cell_TOQYUU.gmol,4,
8-Copper/Cell_TOQYUU.gmol,5,
8-Copper/Cell_TOQYUU.gmol,6,
8-Copper/Cell_TOQYUU.gmol,7,
8-Copper/Cell_TOQYUU.gmol,8,
8-Copper/Cell_TOQYUU.gmol,9,
8-Copper/Cell_TOQYUU.gmol,10,
8-Copper/Cell_TOQYUU.gmol,11,
7-Nickel/Cell_YEHSOU.gmol,0,
7-Nickel/Cell_YEHSOU.gmol,1,
7-Nickel/Cell_YEHSOU.gmol,2,
7-Nickel/Cell_YEHSOU.gmol,3,
2-Manganese/Cell_MOZDUA.gmol,0,
2-Manganese/Cell_MOZDUA.gmol,1,
2-Manganese/Cell_MOZDUA.gmol,2,
2-Manganese/Cell_MOZDUA.gmol,3,
7-Nickel/Cell_DOVZUK.gmol,0,
7-Nickel/Cell_DOVZUK.gmol,1,
7-Nickel/Cell_DOVZUK.gmol,2,
7-Nickel/Cell_DOVZUK.gmol,3,
8-Copper/Cell_GAKNUC.gmol,0,
8-Copper/Cell_GAKNUC.gmol,1,
8-Copper/Cell_GAKNUC.gmol,2,
8-Copper/Cell_GAKNUC.gmol,3,
8-Copper/Cell_GAKNUC.gmol,4,
8-Copper/Cell_GAKNUC.gmol,5,
1-Iron/Cell_LUXJUJ.gmol,0,
1-Iron/Cell_LUXJUJ.gmol,1,
1-Iron/Cell_LUXJUJ.gmol,2,
1-Iron/Cell_LUXJUJ.gmol,3,
8-Copper/Cell_XAGKIZ.gmol,0,
8-Copper/Cell_XAGKIZ.gmol,1,
2-Manganese/Cell_QADFOT.gmol,0,
2-Manganese/Cell_QADFOT.gmol,1,
2-Manganese/Cell_QADFOT.gmol,2,
2-Manganese/Cell_QADFOT.gmol,3,
2-Manganese/Cell_QADFOT.gmol,4,
2-Manganese/Cell_QADFOT.gmol,5,
2-Manganese/Cell_QADFOT.gmol,6,
2-Manganese/Cell_QADFOT.gmol,7,
6-Cobalt/Cell_QEBQOG.gmol,0,
6-Cobalt/Cell_QEBQOG.gmol,1,
6-Cobalt/Cell_QEBQOG.gmol,2,
6-Cobalt/Cell_QEBQOG.gmol,3,
6-Cobalt/Cell_QEBQOG.gmol,4,
6-Cobalt/Cell_QEBQOG.gmol,5,
6-Cobalt/Cell_QEBQOG.gmol,6,
6-Cobalt/Cell_QEBQOG.gmol,7,
6-Cobalt/Cell_QEBQOG.gmol,8,
6-Cobalt/Cell_QEBQOG.gmol,9,
6-Cobalt/Cell_QEBQOG.gmol,10,
6-Cobalt/Cell_QEBQOG.gmol,11,
6-Cobalt/Cell_QEBQOG.gmol,12,
6-Cobalt/Cell_QEBQOG.gmol,13,
6-Cobalt/Cell_QEBQOG.gmol,14,
6-Cobalt/Cell_QEBQOG.gmol,15,
1-Iron/Cell_DABQAZ.gmol,0,
1-Iron/Cell_DABQAZ.gmol,1,
7-Nickel/Cell_RIFJUM.gmol,0,
7-Nickel/Cell_RIFJUM.gmol,1,
7-Nickel/Cell_RIFJUM.gmol,2,
7-Nickel/Cell_RIFJUM.gmol,3,
7-Nickel/Cell_RIFJUM.gmol,4,
7-Nickel/Cell_RIFJUM.gmol,5,
7-Nickel/Cell_RIFJUM.gmol,6,
7-Nickel/Cell_RIFJUM.gmol,7,
7-Nickel/Cell_RIFJUM.gmol,8,
7-Nickel/Cell_RIFJUM.gmol,9,
7-Nickel/Cell_RIFJUM.gmol,10,
7-Nickel/Cell_RIFJUM.gmol,11,
1-Iron/Cell_PUVROP.gmol,0,
1-Iron/Cell_PUVROP.gmol,1,
2-Manganese/Cell_ZUHPEZ.gmol,0,
2-Manganese/Cell_ZUHPEZ.gmol,1,
2-Manganese/Cell_ZUHPEZ.gmol,2,
2-Manganese/Cell_ZUHPEZ.gmol,3,
2-Manganese/Cell_ZUHPEZ.gmol,4,
2-Manganese/Cell_ZUHPEZ.gmol,5,
2-Manganese/Cell_ZUHPEZ.gmol,6,
2-Manganese/Cell_ZUHPEZ.gmol,7,
2-Manganese/Cell_ZUHPEZ.gmol,8,
2-Manganese/Cell_ZUHPEZ.gmol,9,
2-Manganese/Cell_ZUHPEZ.gmol,10,
2-Manganese/Cell_ZUHPEZ.gmol,11,
2-Manganese/Cell_ZUHPEZ.gmol,12,
2-Manganese/Cell_ZUHPEZ.gmol,13,
2-Manganese/Cell_ZUHPEZ.gmol,14,
2-Manganese/Cell_ZUHPEZ.gmol,15,
2-Manganese/Cell_ZUHPEZ.gmol,16,
2-Manganese/Cell_ZUHPEZ.gmol,17,
2-Manganese/Cell_ZUHPEZ.gmol,18,
2-Manganese/Cell_ZUHPEZ.gmol,19,
2-Manganese/Cell_ZUHPEZ.gmol,20,
2-Manganese/Cell_ZUHPEZ.gmol,21,
2-Manganese/Cell_ZUHPEZ.gmol,22,
2-Manganese/Cell_ZUHPEZ.gmol,23,
7-Nickel/Cell_OLIXAI.gmol,0,
7-Nickel/Cell_OLIXAI.gmol,1,
7-Nickel/Cell_OLIXAI.gmol,2,
7-Nickel/Cell_OLIXAI.gmol,3,
8-Copper/Cell_SOLCOM.gmol,0,
8-Copper/Cell_SOLCOM.gmol,1,
8-Copper/Cell_SOLCOM.gmol,2,
8-Copper/Cell_SOLCOM.gmol,3,
8-Copper/Cell_SOLCOM.gmol,4,
8-Copper/Cell_SOLCOM.gmol,5,
8-Copper/Cell_SOLCOM.gmol,6,
8-Copper/Cell_SOLCOM.gmol,7,
8-Copper/Cell_SOLCOM.gmol,8,
8-Copper/Cell_SOLCOM.gmol,9,
8-Copper/Cell_SOLCOM.gmol,10,
8-Copper/Cell_SOLCOM.gmol,11,
8-Copper/Cell_WUQMAW.gmol,0,
8-Copper/Cell_WUQMAW.gmol,1,
8-Copper/Cell_WUQMAW.gmol,2,
8-Copper/Cell_WUQMAW.gmol,3,
8-Copper/Cell_WUQMAW.gmol,4,
8-Copper/Cell_WUQMAW.gmol,5,
8-Copper/Cell_WUQMAW.gmol,6,
8-Copper/Cell_WUQMAW.gmol,7,
5-Chromium/Cell_BUQYES.gmol,0,
5-Chromium/Cell_BUQYES.gmol,1,
5-Chromium/Cell_BUQYES.gmol,2,
5-Chromium/Cell_BUQYES.gmol,3,
5-Chromium/Cell_BUQYES.gmol,4,
5-Chromium/Cell_BUQYES.gmol,5,
5-Chromium/Cell_BUQYES.gmol,6,
5-Chromium/Cell_BUQYES.gmol,7,
1-Iron/Cell_MALJEP.gmol,0,
1-Iron/Cell_MALJEP.gmol,1,
1-Iron/Cell_MALJEP.gmol,2,
1-Iron/Cell_MALJEP.gmol,3,
3-Ruthenium/Cell_NAQSEE.gmol,0,
3-Ruthenium/Cell_NAQSEE.gmol,1,
3-Ruthenium/Cell_NAGTOI.gmol,0,
3-Ruthenium/Cell_NAGTOI.gmol,1,
3-Ruthenium/Cell_NAGTOI.gmol,2,
3-Ruthenium/Cell_NAGTOI.gmol,3,
3-Ruthenium/Cell_NAGTOI.gmol,4,
3-Ruthenium/Cell_NAGTOI.gmol,5,
3-Ruthenium/Cell_NAGTOI.gmol,6,
3-Ruthenium/Cell_NAGTOI.gmol,7,
3-Ruthenium/Cell_NAGTOI.gmol,8,
3-Ruthenium/Cell_NAGTOI.gmol,9,
3-Ruthenium/Cell_NAGTOI.gmol,10,
3-Ruthenium/Cell_NAGTOI.gmol,11,
6-Cobalt/Cell_LAJZEC.gmol,0,
6-Cobalt/Cell_LAJZEC.gmol,1,
7-Nickel/Cell_ISIVUB.gmol,0,
7-Nickel/Cell_ISIVUB.gmol,1,
7-Nickel/Cell_ISIVUB.gmol,2,
7-Nickel/Cell_ISIVUB.gmol,3,
7-Nickel/Cell_ISIVUB.gmol,4,
7-Nickel/Cell_ISIVUB.gmol,5,
8-Copper/Cell_TOPLUH.gmol,0,
8-Copper/Cell_TOPLUH.gmol,1,
8-Copper/Cell_TOPLUH.gmol,2,
8-Copper/Cell_TOPLUH.gmol,3,
7-Nickel/Cell_MOSVUL.gmol,0,
7-Nickel/Cell_MOSVUL.gmol,1,
7-Nickel/Cell_MOSVUL.gmol,2,
7-Nickel/Cell_MOSVUL.gmol,3,
8-Copper/Cell_PADZIF.gmol,0,
8-Copper/Cell_PADZIF.gmol,1,
7-Nickel/Cell_FABTOR.gmol,0,
7-Nickel/Cell_FABTOR.gmol,1,
7-Nickel/Cell_FABTOR.gmol,2,
7-Nickel/Cell_FABTOR.gmol,3,
7-Nickel/Cell_FABTOR.gmol,4,
7-Nickel/Cell_FABTOR.gmol,5,
8-Copper/Cell_JEQCUE.gmol,0,
8-Copper/Cell_JEQCUE.gmol,1,
8-Copper/Cell_JEQCUE.gmol,2,
8-Copper/Cell_JEQCUE.gmol,3,
8-Copper/Cell_JEQCUE.gmol,4,
8-Copper/Cell_JEQCUE.gmol,5,
8-Copper/Cell_JEQCUE.gmol,6,
8-Copper/Cell_JEQCUE.gmol,7,
8-Copper/Cell_JEQCUE.gmol,8,
8-Copper/Cell_JEQCUE.gmol,9,
8-Copper/Cell_JEQCUE.gmol,10,
8-Copper/Cell_JEQCUE.gmol,11,
7-Nickel/Cell_KULRUF.gmol,0,
7-Nickel/Cell_KULRUF.gmol,1,
7-Nickel/Cell_KULRUF.gmol,2,
7-Nickel/Cell_KULRUF.gmol,3,
7-Nickel/Cell_OGEDUZ.gmol,0,
6-Cobalt/Cell_MOGVUZ.gmol,0,
6-Cobalt/Cell_MOGVUZ.gmol,1,
6-Cobalt/Cell_MOGVUZ.gmol,2,
6-Cobalt/Cell_MOGVUZ.gmol,3,
6-Cobalt/Cell_MOGVUZ.gmol,4,
6-Cobalt/Cell_MOGVUZ.gmol,5,
6-Cobalt/Cell_MOGVUZ.gmol,6,
6-Cobalt/Cell_MOGVUZ.gmol,7,
6-Cobalt/Cell_MOGVUZ.gmol,8,
6-Cobalt/Cell_MOGVUZ.gmol,9,
6-Cobalt/Cell_MOGVUZ.gmol,10,
6-Cobalt/Cell_MOGVUZ.gmol,11,
8-Copper/Cell_ELIRIB.gmol,0,
8-Copper/Cell_ELIRIB.gmol,1,
8-Copper/Cell_ELIRIB.gmol,2,
8-Copper/Cell_ELIRIB.gmol,3,
6-Cobalt/Cell_WAMYAL.gmol,0,
6-Cobalt/Cell_WAMYAL.gmol,1,
6-Cobalt/Cell_WAMYAL.gmol,2,
6-Cobalt/Cell_WAMYAL.gmol,3,
6-Cobalt/Cell_WAMYAL.gmol,4,
6-Cobalt/Cell_WAMYAL.gmol,5,
6-Cobalt/Cell_WAMYAL.gmol,6,
6-Cobalt/Cell_WAMYAL.gmol,7,
6-Cobalt/Cell_WAMYAL.gmol,8,
6-Cobalt/Cell_WAMYAL.gmol,9,
6-Cobalt/Cell_HELGAG.gmol,0,
6-Cobalt/Cell_HELGAG.gmol,1,
6-Cobalt/Cell_MIFZUY.gmol,0,
6-Cobalt/Cell_MIFZUY.gmol,1,
6-Cobalt/Cell_MIFZUY.gmol,2,
6-Cobalt/Cell_MIFZUY.gmol,3,
8-Copper/Cell_SEVGIJ.gmol,0,
8-Copper/Cell_SEVGIJ.gmol,1,
8-Copper/Cell_SEVGIJ.gmol,2,
8-Copper/Cell_SEVGIJ.gmol,3,
8-Copper/Cell_SEVGIJ.gmol,4,
8-Copper/Cell_SEVGIJ.gmol,5,
8-Copper/Cell_SEVGIJ.gmol,6,
8-Copper/Cell_SEVGIJ.gmol,7,
2-Manganese/Cell_XAHLEY.gmol,0,
2-Manganese/Cell_XAHLEY.gmol,1,
6-Cobalt/Cell_LILHIZ.gmol,0,
6-Cobalt/Cell_LILHIZ.gmol,1,
6-Cobalt/Cell_LILHIZ.gmol,2,
6-Cobalt/Cell_LILHIZ.gmol,3,
6-Cobalt/Cell_LOLNUW.gmol,0,
6-Cobalt/Cell_LOLNUW.gmol,1,
6-Cobalt/Cell_LOLNUW.gmol,2,
6-Cobalt/Cell_LOLNUW.gmol,3,
7-Nickel/Cell_FERMUL.gmol,0,
7-Nickel/Cell_FERMUL.gmol,1,
7-Nickel/Cell_FERMUL.gmol,2,
7-Nickel/Cell_FERMUL.gmol,3,
1-Iron/Cell_ZIZHOI.gmol,0,
1-Iron/Cell_ZIZHOI.gmol,1,
3-Ruthenium/Cell_RADKEQ.gmol,0,
3-Ruthenium/Cell_RADKEQ.gmol,1,
3-Ruthenium/Cell_RADKEQ.gmol,2,
3-Ruthenium/Cell_RADKEQ.gmol,3,
3-Ruthenium/Cell_RADKEQ.gmol,4,
3-Ruthenium/Cell_RADKEQ.gmol,5,
3-Ruthenium/Cell_RADKEQ.gmol,6,
3-Ruthenium/Cell_RADKEQ.gmol,7,
8-Copper/Cell_SAJKIX.gmol,0,
8-Copper/Cell_SAJKIX.gmol,1,
8-Copper/Cell_SAJKIX.gmol,2,
8-Copper/Cell_SAJKIX.gmol,3,
8-Copper/Cell_UDOCOF.gmol,0,
8-Copper/Cell_UDOCOF.gmol,1,
8-Copper/Cell_UDOCOF.gmol,2,
8-Copper/Cell_UDOCOF.gmol,3,
7-Nickel/Cell_TARWOA.gmol,0,
7-Nickel/Cell_TARWOA.gmol,1,
7-Nickel/Cell_TARWOA.gmol,2,
7-Nickel/Cell_TARWOA.gmol,3,
1-Iron/Cell_SANRIL.gmol,0,
1-Iron/Cell_SANRIL.gmol,1,
1-Iron/Cell_SANRIL.gmol,2,
1-Iron/Cell_SANRIL.gmol,3,
1-Iron/Cell_SANRIL.gmol,4,
1-Iron/Cell_SANRIL.gmol,5,
1-Iron/Cell_SANRIL.gmol,6,
1-Iron/Cell_SANRIL.gmol,7,
1-Iron/Cell_SANRIL.gmol,8,
1-Iron/Cell_SANRIL.gmol,9,
1-Iron/Cell_SANRIL.gmol,10,
1-Iron/Cell_SANRIL.gmol,11,
8-Copper/Cell_CUNVUE.gmol,0,
8-Copper/Cell_CUNVUE.gmol,1,
1-Iron/Cell_NAMJES.gmol,0,
1-Iron/Cell_NAMJES.gmol,1,
1-Iron/Cell_NAMJES.gmol,2,
1-Iron/Cell_NAMJES.gmol,3,
1-Iron/Cell_NAMJES.gmol,4,
1-Iron/Cell_NAMJES.gmol,5,
1-Iron/Cell_NAMJES.gmol,6,
1-Iron/Cell_NAMJES.gmol,7,
1-Iron/Cell_NAMJES.gmol,8,
1-Iron/Cell_NAMJES.gmol,9,
1-Iron/Cell_NAMJES.gmol,10,
1-Iron/Cell_NAMJES.gmol,11,
1-Iron/Cell_NAMJES.gmol,12,
1-Iron/Cell_NAMJES.gmol,13,
1-Iron/Cell_NAMJES.gmol,14,
1-Iron/Cell_NAMJES.gmol,15,
8-Copper/Cell_AQOGOD.gmol,0,
7-Nickel/Cell_BEGQUC.gmol,0,
7-Nickel/Cell_BEGQUC.gmol,1,
7-Nickel/Cell_BEGQUC.gmol,2,
7-Nickel/Cell_BEGQUC.gmol,3,
6-Cobalt/Cell_WEVGUA.gmol,0,
6-Cobalt/Cell_WEVGUA.gmol,1,
6-Cobalt/Cell_WEVGUA.gmol,2,
6-Cobalt/Cell_WEVGUA.gmol,3,
8-Copper/Cell_NOJWAM.gmol,0,
8-Copper/Cell_NOJWAM.gmol,1,
3-Ruthenium/Cell_ZOVBUH.gmol,0,
3-Ruthenium/Cell_ZOVBUH.gmol,1,
3-Ruthenium/Cell_ZOVBUH.gmol,2,
3-Ruthenium/Cell_ZOVBUH.gmol,3,
8-Copper/Cell_RUMGAH.gmol,0,
8-Copper/Cell_RUMGAH.gmol,1,
8-Copper/Cell_RUMGAH.gmol,2,
8-Copper/Cell_RUMGAH.gmol,3,
8-Copper/Cell_RUMGAH.gmol,4,
8-Copper/Cell_RUMGAH.gmol,5,
8-Copper/Cell_RUMGAH.gmol,6,
8-Copper/Cell_RUMGAH.gmol,7,
8-Copper/Cell_OJECUD01.gmol,0,
8-Copper/Cell_OJECUD01.gmol,1,
8-Copper/Cell_OJECUD01.gmol,2,
8-Copper/Cell_OJECUD01.gmol,3,
8-Copper/Cell_YOHFOQ.gmol,0,
8-Copper/Cell_YOHFOQ.gmol,1,
8-Copper/Cell_YOHFOQ.gmol,2,
8-Copper/Cell_YOHFOQ.gmol,3,
8-Copper/Cell_YOHFOQ.gmol,4,
8-Copper/Cell_YOHFOQ.gmol,5,
7-Nickel/Cell_RUVYOY.gmol,0,
7-Nickel/Cell_RUVYOY.gmol,1,
7-Nickel/Cell_RUVYOY.gmol,2,
7-Nickel/Cell_RUVYOY.gmol,3,
6-Cobalt/Cell_BUXCON.gmol,0,
6-Cobalt/Cell_BUXCON.gmol,1,
6-Cobalt/Cell_QIJTOV.gmol,0,
6-Cobalt/Cell_QIJTOV.gmol,1,
6-Cobalt/Cell_QIJTOV.gmol,2,
6-Cobalt/Cell_QIJTOV.gmol,3,
7-Nickel/Cell_LAQGOZ.gmol,0,
7-Nickel/Cell_LAQGOZ.gmol,1,
7-Nickel/Cell_LAQGOZ.gmol,2,
7-Nickel/Cell_LAQGOZ.gmol,3,
5-Chromium/Cell_HIPLOH.gmol,0,
5-Chromium/Cell_HIPLOH.gmol,1,
5-Chromium/Cell_HIPLOH.gmol,2,
5-Chromium/Cell_HIPLOH.gmol,3,
5-Chromium/Cell_HIPLOH.gmol,4,
5-Chromium/Cell_HIPLOH.gmol,5,
5-Chromium/Cell_HIPLOH.gmol,6,
5-Chromium/Cell_HIPLOH.gmol,7,
6-Cobalt/Cell_XIPRIY.gmol,0,
6-Cobalt/Cell_XIPRIY.gmol,1,
6-Cobalt/Cell_XIPRIY.gmol,2,
6-Cobalt/Cell_XIPRIY.gmol,3,
8-Copper/Cell_LURBIJ.gmol,0,
8-Copper/Cell_LURBIJ.gmol,1,
8-Copper/Cell_LURBIJ.gmol,2,
8-Copper/Cell_LURBIJ.gmol,3,
8-Copper/Cell_LIRYUI.gmol,0,
8-Copper/Cell_LIRYUI.gmol,1,
8-Copper/Cell_LIRYUI.gmol,2,
8-Copper/Cell_LIRYUI.gmol,3,
8-Copper/Cell_LIRYUI.gmol,4,
8-Copper/Cell_LIRYUI.gmol,5,
8-Copper/Cell_LIRYUI.gmol,6,
8-Copper/Cell_LIRYUI.gmol,7,
6-Cobalt/Cell_MANSOM.gmol,0,
6-Cobalt/Cell_MANSOM.gmol,1,
8-Copper/Cell_LEKGEN.gmol,0,
8-Copper/Cell_LEKGEN.gmol,1,
8-Copper/Cell_LEKGEN.gmol,2,
8-Copper/Cell_LEKGEN.gmol,3,
8-Copper/Cell_LEKGEN.gmol,4,
8-Copper/Cell_LEKGEN.gmol,5,
8-Copper/Cell_LEKGEN.gmol,6,
8-Copper/Cell_LEKGEN.gmol,7,
6-Cobalt/Cell_HUKJAA.gmol,0,
6-Cobalt/Cell_HUKJAA.gmol,1,
7-Nickel/Cell_KOXTEW.gmol,0,
7-Nickel/Cell_KOXTEW.gmol,1,
7-Nickel/Cell_KOXTEW.gmol,2,
7-Nickel/Cell_KOXTEW.gmol,3,
1-Iron/Cell_RAKGUF.gmol,0,
1-Iron/Cell_RAKGUF.gmol,1,
1-Iron/Cell_RAKGUF.gmol,2,
1-Iron/Cell_RAKGUF.gmol,3,
1-Iron/Cell_RAKGUF.gmol,4,
1-Iron/Cell_RAKGUF.gmol,5,
1-Iron/Cell_RAKGUF.gmol,6,
1-Iron/Cell_RAKGUF.gmol,7,
8-Copper/Cell_TIFSUY.gmol,0,
8-Copper/Cell_TIFSUY.gmol,1,
8-Copper/Cell_TIFSUY.gmol,2,
8-Copper/Cell_OLAMOD.gmol,0,
8-Copper/Cell_OLAMOD.gmol,1,
8-Copper/Cell_OLAMOD.gmol,2,
8-Copper/Cell_OLAMOD.gmol,3,
7-Nickel/Cell_FENROI.gmol,0,
7-Nickel/Cell_FENROI.gmol,1,
7-Nickel/Cell_FENROI.gmol,2,
7-Nickel/Cell_FENROI.gmol,3,
7-Nickel/Cell_VEWRAR.gmol,0,
7-Nickel/Cell_VEWRAR.gmol,1,
8-Copper/Cell_BOPXOU.gmol,0,
8-Copper/Cell_BOPXOU.gmol,1,
1-Iron/Cell_DEGNUB.gmol,0,
1-Iron/Cell_DEGNUB.gmol,1,
1-Iron/Cell_DEGNUB.gmol,2,
1-Iron/Cell_DEGNUB.gmol,3,
1-Iron/Cell_DEGNUB.gmol,4,
1-Iron/Cell_DEGNUB.gmol,5,
1-Iron/Cell_DEGNUB.gmol,6,
1-Iron/Cell_DEGNUB.gmol,7,
1-Iron/Cell_DEGNUB.gmol,8,
1-Iron/Cell_DEGNUB.gmol,9,
1-Iron/Cell_DEGNUB.gmol,10,
1-Iron/Cell_DEGNUB.gmol,11,
1-Iron/Cell_DEGNUB.gmol,12,
1-Iron/Cell_DEGNUB.gmol,13,
1-Iron/Cell_DEGNUB.gmol,14,
1-Iron/Cell_DEGNUB.gmol,15,
1-Iron/Cell_DEGNUB.gmol,16,
1-Iron/Cell_DEGNUB.gmol,17,
1-Iron/Cell_DEGNUB.gmol,18,
1-Iron/Cell_DEGNUB.gmol,19,
8-Copper/Cell_NICPEU.gmol,0,
8-Copper/Cell_NICPEU.gmol,1,
8-Copper/Cell_NIYSAR.gmol,0,
8-Copper/Cell_NIYSAR.gmol,1,
8-Copper/Cell_NIYSAR.gmol,2,
8-Copper/Cell_NIYSAR.gmol,3,
8-Copper/Cell_NIYSAR.gmol,4,
8-Copper/Cell_NIYSAR.gmol,5,
8-Copper/Cell_NIYSAR.gmol,6,
8-Copper/Cell_NIYSAR.gmol,7,
8-Copper/Cell_NIYSAR.gmol,8,
8-Copper/Cell_NIYSAR.gmol,9,
8-Copper/Cell_NIYSAR.gmol,10,
8-Copper/Cell_NIYSAR.gmol,11,
8-Copper/Cell_NIYSAR.gmol,12,
8-Copper/Cell_NIYSAR.gmol,13,
6-Cobalt/Cell_UFOYOF.gmol,0,
6-Cobalt/Cell_UFOYOF.gmol,1,
6-Cobalt/Cell_UFOYOF.gmol,2,
6-Cobalt/Cell_UFOYOF.gmol,3,
6-Cobalt/Cell_UFOYOF.gmol,4,
6-Cobalt/Cell_UFOYOF.gmol,5,
6-Cobalt/Cell_UFOYOF.gmol,6,
5-Chromium/Cell_VEWKIU.gmol,0,
5-Chromium/Cell_VEWKIU.gmol,1,
5-Chromium/Cell_VEWKIU.gmol,2,
5-Chromium/Cell_VEWKIU.gmol,3,
7-Nickel/Cell_EHOWOP.gmol,0,
7-Nickel/Cell_EHOWOP.gmol,1,
8-Copper/Cell_CEDXOA.gmol,0,
8-Copper/Cell_CEDXOA.gmol,1,
8-Copper/Cell_CEDXOA.gmol,2,
8-Copper/Cell_CEDXOA.gmol,3,
8-Copper/Cell_CEDXOA.gmol,4,
8-Copper/Cell_CEDXOA.gmol,5,
8-Copper/Cell_CEDXOA.gmol,6,
3-Ruthenium/Cell_SULXIH.gmol,0,
3-Ruthenium/Cell_SULXIH.gmol,1,
3-Ruthenium/Cell_SULXIH.gmol,2,
3-Ruthenium/Cell_SULXIH.gmol,3,
3-Ruthenium/Cell_SULXIH.gmol,4,
3-Ruthenium/Cell_SULXIH.gmol,5,
8-Copper/Cell_XAWJOX.gmol,0,
8-Copper/Cell_XAWJOX.gmol,1,
6-Cobalt/Cell_KABXIU.gmol,0,
6-Cobalt/Cell_KABXIU.gmol,1,
6-Cobalt/Cell_KABXIU.gmol,2,
6-Cobalt/Cell_KABXIU.gmol,3,
6-Cobalt/Cell_KABXIU.gmol,4,
6-Cobalt/Cell_KABXIU.gmol,5,
6-Cobalt/Cell_KABXIU.gmol,6,
6-Cobalt/Cell_KABXIU.gmol,7,
6-Cobalt/Cell_KABXIU.gmol,8,
6-Cobalt/Cell_KABXIU.gmol,9,
6-Cobalt/Cell_KABXIU.gmol,10,
6-Cobalt/Cell_KABXIU.gmol,11,
6-Cobalt/Cell_LADQIS.gmol,0,
6-Cobalt/Cell_LADQIS.gmol,1,
6-Cobalt/Cell_LADQIS.gmol,2,
6-Cobalt/Cell_LADQIS.gmol,3,
6-Cobalt/Cell_LADQIS.gmol,4,
6-Cobalt/Cell_LADQIS.gmol,5,
6-Cobalt/Cell_LADQIS.gmol,6,
6-Cobalt/Cell_LADQIS.gmol,7,
1-Iron/Cell_EYAPIF.gmol,0,
1-Iron/Cell_EYAPIF.gmol,1,
1-Iron/Cell_EYAPIF.gmol,2,
1-Iron/Cell_EYAPIF.gmol,3,
1-Iron/Cell_EYAPIF.gmol,4,
1-Iron/Cell_EYAPIF.gmol,5,
1-Iron/Cell_EYAPIF.gmol,6,
1-Iron/Cell_EYAPIF.gmol,7,
1-Iron/Cell_EYAPIF.gmol,8,
1-Iron/Cell_EYAPIF.gmol,9,
1-Iron/Cell_EYAPIF.gmol,10,
1-Iron/Cell_EYAPIF.gmol,11,
1-Iron/Cell_EYAPIF.gmol,12,
1-Iron/Cell_EYAPIF.gmol,13,
1-Iron/Cell_EYAPIF.gmol,14,
1-Iron/Cell_EYAPIF.gmol,15,
1-Iron/Cell_DUFLEW.gmol,0,
1-Iron/Cell_DUFLEW.gmol,1,
8-Copper/Cell_ILAPAM.gmol,0,
8-Copper/Cell_ILAPAM.gmol,1,
8-Copper/Cell_ILAPAM.gmol,2,
8-Copper/Cell_ILAPAM.gmol,3,
8-Copper/Cell_ILAPAM.gmol,4,
8-Copper/Cell_ILAPAM.gmol,5,
8-Copper/Cell_WOHSOD.gmol,0,
8-Copper/Cell_WOHSOD.gmol,1,
8-Copper/Cell_WOHSOD.gmol,2,
8-Copper/Cell_WOHSOD.gmol,3,
8-Copper/Cell_WOHSOD.gmol,4,
8-Copper/Cell_WOHSOD.gmol,5,
8-Copper/Cell_WOHSOD.gmol,6,
8-Copper/Cell_WOHSOD.gmol,7,
6-Cobalt/Cell_BEMJIN.gmol,0,
6-Cobalt/Cell_BEMJIN.gmol,1,
8-Copper/Cell_NMPACU.gmol,0,
8-Copper/Cell_NMPACU.gmol,1,
8-Copper/Cell_NMPACU.gmol,2,
8-Copper/Cell_NMPACU.gmol,3,
6-Cobalt/Cell_DUMBOD.gmol,0,
6-Cobalt/Cell_DUMBOD.gmol,1,
6-Cobalt/Cell_DUMBOD.gmol,2,
6-Cobalt/Cell_DUMBOD.gmol,3,
8-Copper/Cell_NILMUQ.gmol,0,
8-Copper/Cell_NILMUQ.gmol,1,
8-Copper/Cell_NILMUQ.gmol,2,
8-Copper/Cell_NILMUQ.gmol,3,
8-Copper/Cell_KISLUU.gmol,0,
8-Copper/Cell_KISLUU.gmol,1,
8-Copper/Cell_KISLUU.gmol,2,
8-Copper/Cell_KISLUU.gmol,3,
8-Copper/Cell_KISLUU.gmol,4,
8-Copper/Cell_KISLUU.gmol,5,
2-Manganese/Cell_AGOQUJ.gmol,0,
2-Manganese/Cell_AGOQUJ.gmol,1,
2-Manganese/Cell_AGOQUJ.gmol,2,
2-Manganese/Cell_AGOQUJ.gmol,3,
7-Nickel/Cell_XIYLUN.gmol,0,
7-Nickel/Cell_XIYLUN.gmol,1,
7-Nickel/Cell_XIYLUN.gmol,2,
7-Nickel/Cell_XIYLUN.gmol,3,
8-Copper/Cell_QIYFAH.gmol,0,
8-Copper/Cell_QIYFAH.gmol,1,
5-Chromium/Cell_HAWSAB.gmol,0,
5-Chromium/Cell_HAWSAB.gmol,1,
5-Chromium/Cell_HAWSAB.gmol,2,
5-Chromium/Cell_HAWSAB.gmol,3,
8-Copper/Cell_LIKPIG.gmol,0,
8-Copper/Cell_LIKPIG.gmol,1,
8-Copper/Cell_LIKPIG.gmol,2,
8-Copper/Cell_LIKPIG.gmol,3,
8-Copper/Cell_LIKPIG.gmol,4,
8-Copper/Cell_LIKPIG.gmol,5,
8-Copper/Cell_LIKPIG.gmol,6,
8-Copper/Cell_LIKPIG.gmol,7,
7-Nickel/Cell_HOCTEY.gmol,0,
8-Copper/Cell_HELKOY.gmol,0,
8-Copper/Cell_HELKOY.gmol,1,
8-Copper/Cell_HELKOY.gmol,2,
8-Copper/Cell_HELKOY.gmol,3,
6-Cobalt/Cell_YIJRAN.gmol,0,
6-Cobalt/Cell_YIJRAN.gmol,1,
6-Cobalt/Cell_YIJRAN.gmol,2,
6-Cobalt/Cell_YIJRAN.gmol,3,
8-Copper/Cell_VEFSAD.gmol,0,
8-Copper/Cell_VEFSAD.gmol,1,
8-Copper/Cell_VEFSAD.gmol,2,
8-Copper/Cell_VEFSAD.gmol,3,
8-Copper/Cell_MOGLEB.gmol,0,
8-Copper/Cell_MOGLEB.gmol,1,
2-Manganese/Cell_IBIXIA.gmol,0,
2-Manganese/Cell_IBIXIA.gmol,1,
2-Manganese/Cell_IBIXIA.gmol,2,
2-Manganese/Cell_IBIXIA.gmol,3,
2-Manganese/Cell_IBIXIA.gmol,4,
2-Manganese/Cell_IBIXIA.gmol,5,
2-Manganese/Cell_IBIXIA.gmol,6,
2-Manganese/Cell_IBIXIA.gmol,7,
2-Manganese/Cell_IBIXIA.gmol,8,
2-Manganese/Cell_IBIXIA.gmol,9,
2-Manganese/Cell_IBIXIA.gmol,10,
2-Manganese/Cell_IBIXIA.gmol,11,
7-Nickel/Cell_DIJPIY.gmol,0,
7-Nickel/Cell_DIJPIY.gmol,1,
7-Nickel/Cell_DIJPIY.gmol,2,
7-Nickel/Cell_DIJPIY.gmol,3,
7-Nickel/Cell_DIJPIY.gmol,4,
7-Nickel/Cell_DIJPIY.gmol,5,
7-Nickel/Cell_DIJPIY.gmol,6,
7-Nickel/Cell_DIJPIY.gmol,7,
7-Nickel/Cell_FONBAM.gmol,0,
7-Nickel/Cell_FONBAM.gmol,1,
7-Nickel/Cell_FONBAM.gmol,2,
7-Nickel/Cell_FONBAM.gmol,3,
7-Nickel/Cell_HEYKOL.gmol,0,
7-Nickel/Cell_HEYKOL.gmol,1,
8-Copper/Cell_ABUWAW.gmol,0,
6-Cobalt/Cell_EXIJEA.gmol,0,
6-Cobalt/Cell_EXIJEA.gmol,1,
6-Cobalt/Cell_EXIJEA.gmol,2,
6-Cobalt/Cell_EXIJEA.gmol,3,
6-Cobalt/Cell_EXIJEA.gmol,4,
6-Cobalt/Cell_EXIJEA.gmol,5,
7-Nickel/Cell_BOKZIL.gmol,0,
7-Nickel/Cell_BOKZIL.gmol,1,
7-Nickel/Cell_BOKZIL.gmol,2,
7-Nickel/Cell_BOKZIL.gmol,3,
7-Nickel/Cell_BOKZIL.gmol,4,
7-Nickel/Cell_BOKZIL.gmol,5,
7-Nickel/Cell_BOKZIL.gmol,6,
7-Nickel/Cell_BOKZIL.gmol,7,
8-Copper/Cell_XADNIB.gmol,0,
8-Copper/Cell_XADNIB.gmol,1,
8-Copper/Cell_XADNIB.gmol,2,
8-Copper/Cell_XADNIB.gmol,3,
8-Copper/Cell_XADNIB.gmol,4,
8-Copper/Cell_XADNIB.gmol,5,
8-Copper/Cell_XADNIB.gmol,6,
8-Copper/Cell_XADNIB.gmol,7,
1-Iron/Cell_DEFNUX.gmol,0,
1-Iron/Cell_DEFNUX.gmol,1,
7-Nickel/Cell_XAFJEX.gmol,0,
7-Nickel/Cell_XAFJEX.gmol,1,
7-Nickel/Cell_XAFJEX.gmol,2,
7-Nickel/Cell_XAFJEX.gmol,3,
7-Nickel/Cell_XAFJEX.gmol,4,
7-Nickel/Cell_XAFJEX.gmol,5,
7-Nickel/Cell_XAFJEX.gmol,6,
7-Nickel/Cell_XAFJEX.gmol,7,
7-Nickel/Cell_XAFJEX.gmol,8,
7-Nickel/Cell_XAFJEX.gmol,9,
7-Nickel/Cell_XAFJEX.gmol,10,
7-Nickel/Cell_XAFJEX.gmol,11,
6-Cobalt/Cell_AROBOY.gmol,0,
6-Cobalt/Cell_AROBOY.gmol,1,
8-Copper/Cell_DIGVEX.gmol,0,
8-Copper/Cell_DIGVEX.gmol,1,
1-Iron/Cell_CUXREV.gmol,0,
1-Iron/Cell_CUXREV.gmol,1,
1-Iron/Cell_CUXREV.gmol,2,
1-Iron/Cell_CUXREV.gmol,3,
1-Iron/Cell_CUXREV.gmol,4,
1-Iron/Cell_CUXREV.gmol,5,
1-Iron/Cell_CUXREV.gmol,6,
1-Iron/Cell_CUXREV.gmol,7,
1-Iron/Cell_CUXREV.gmol,8,
1-Iron/Cell_CUXREV.gmol,9,
1-Iron/Cell_CUXREV.gmol,10,
1-Iron/Cell_CUXREV.gmol,11,
1-Iron/Cell_CUXREV.gmol,12,
1-Iron/Cell_CUXREV.gmol,13,
1-Iron/Cell_CUXREV.gmol,14,
1-Iron/Cell_CUXREV.gmol,15,
1-Iron/Cell_CUXREV.gmol,16,
1-Iron/Cell_CUXREV.gmol,17,
1-Iron/Cell_CUXREV.gmol,18,
1-Iron/Cell_CUXREV.gmol,19,
1-Iron/Cell_CUXREV.gmol,20,
1-Iron/Cell_CUXREV.gmol,21,
1-Iron/Cell_CUXREV.gmol,22,
1-Iron/Cell_CUXREV.gmol,23,
8-Copper/Cell_UGOYUM.gmol,0,
8-Copper/Cell_UGOYUM.gmol,1,
8-Copper/Cell_UGOYUM.gmol,2,
8-Copper/Cell_UGOYUM.gmol,3,
8-Copper/Cell_UGOYUM.gmol,4,
8-Copper/Cell_UGOYUM.gmol,5,
2-Manganese/Cell_GIRHAQ.gmol,0,
2-Manganese/Cell_GIRHAQ.gmol,1,
2-Manganese/Cell_GIRHAQ.gmol,2,
2-Manganese/Cell_GIRHAQ.gmol,3,
2-Manganese/Cell_TOPJUF.gmol,0,
2-Manganese/Cell_TOPJUF.gmol,1,
6-Cobalt/Cell_OLOMEH.gmol,0,
6-Cobalt/Cell_OLOMEH.gmol,1,
6-Cobalt/Cell_OLOMEH.gmol,2,
6-Cobalt/Cell_OLOMEH.gmol,3,
6-Cobalt/Cell_OLOMEH.gmol,4,
6-Cobalt/Cell_OLOMEH.gmol,5,
6-Cobalt/Cell_OLOMEH.gmol,6,
6-Cobalt/Cell_OLOMEH.gmol,7,
8-Copper/Cell_TOTYAC.gmol,0,
8-Copper/Cell_TOTYAC.gmol,1,
1-Iron/Cell_PAKLAP.gmol,0,
1-Iron/Cell_PAKLAP.gmol,1,
8-Copper/Cell_HEVPII.gmol,0,
8-Copper/Cell_HEVPII.gmol,1,
8-Copper/Cell_HEVPII.gmol,2,
8-Copper/Cell_HEVPII.gmol,3,
8-Copper/Cell_SEWRAN.gmol,0,
8-Copper/Cell_SEWRAN.gmol,1,
6-Cobalt/Cell_BIFHEE.gmol,0,
6-Cobalt/Cell_BIFHEE.gmol,1,
6-Cobalt/Cell_BIFHEE.gmol,2,
6-Cobalt/Cell_BIFHEE.gmol,3,
6-Cobalt/Cell_BIFHEE.gmol,4,
6-Cobalt/Cell_BIFHEE.gmol,5,
6-Cobalt/Cell_TOKRER.gmol,0,
6-Cobalt/Cell_TOKRER.gmol,1,
8-Copper/Cell_UFOYOG.gmol,0,
8-Copper/Cell_UFOYOG.gmol,1,
8-Copper/Cell_UFOYOG.gmol,2,
8-Copper/Cell_UFOYOG.gmol,3,
8-Copper/Cell_UFOYOG.gmol,4,
8-Copper/Cell_UFOYOG.gmol,5,
8-Copper/Cell_CUDQUO.gmol,0,
8-Copper/Cell_CUDQUO.gmol,1,
8-Copper/Cell_CUDQUO.gmol,2,
8-Copper/Cell_CUDQUO.gmol,3,
8-Copper/Cell_CUDQUO.gmol,4,
8-Copper/Cell_CUDQUO.gmol,5,
2-Manganese/Cell_WIZNEZ.gmol,0,
2-Manganese/Cell_WIZNEZ.gmol,1,
2-Manganese/Cell_WIZNEZ.gmol,2,
2-Manganese/Cell_WIZNEZ.gmol,3,
8-Copper/Cell_NBPYCU.gmol,0,
8-Copper/Cell_NBPYCU.gmol,1,
8-Copper/Cell_NBPYCU.gmol,2,
8-Copper/Cell_NBPYCU.gmol,3,
7-Nickel/Cell_RUWCIW.gmol,0,
7-Nickel/Cell_RUWCIW.gmol,1,
7-Nickel/Cell_RUWCIW.gmol,2,
7-Nickel/Cell_RUWCIW.gmol,3,
7-Nickel/Cell_RUWCIW.gmol,4,
7-Nickel/Cell_RUWCIW.gmol,5,
7-Nickel/Cell_RUWCIW.gmol,6,
7-Nickel/Cell_RUWCIW.gmol,7,
8-Copper/Cell_BELBEC.gmol,0,
8-Copper/Cell_BELBEC.gmol,1,
8-Copper/Cell_BELBEC.gmol,2,
8-Copper/Cell_BELBEC.gmol,3,
8-Copper/Cell_BELBEC.gmol,4,
8-Copper/Cell_BELBEC.gmol,5,
8-Copper/Cell_BELBEC.gmol,6,
8-Copper/Cell_BELBEC.gmol,7,
1-Iron/Cell_GUGTUX.gmol,0,
1-Iron/Cell_GUGTUX.gmol,1,
6-Cobalt/Cell_GEFFON.gmol,0,
6-Cobalt/Cell_GEFFON.gmol,1,
6-Cobalt/Cell_GEFFON.gmol,2,
6-Cobalt/Cell_GEFFON.gmol,3,
6-Cobalt/Cell_GEFFON.gmol,4,
6-Cobalt/Cell_GEFFON.gmol,5,
6-Cobalt/Cell_GEFFON.gmol,6,
6-Cobalt/Cell_GEFFON.gmol,7,
6-Cobalt/Cell_KADSUH.gmol,0,
6-Cobalt/Cell_KADSUH.gmol,1,
6-Cobalt/Cell_KADSUH.gmol,2,
6-Cobalt/Cell_KADSUH.gmol,3,
6-Cobalt/Cell_KADSUH.gmol,4,
6-Cobalt/Cell_KADSUH.gmol,5,
1-Iron/Cell_BOFGOS.gmol,0,
1-Iron/Cell_BOFGOS.gmol,1,
1-Iron/Cell_BOFGOS.gmol,2,
1-Iron/Cell_BOFGOS.gmol,3,
8-Copper/Cell_EYIKEC.gmol,0,
8-Copper/Cell_EYIKEC.gmol,1,
8-Copper/Cell_EYIKEC.gmol,2,
8-Copper/Cell_EYIKEC.gmol,3,
6-Cobalt/Cell_NELSEE.gmol,0,
6-Cobalt/Cell_NELSEE.gmol,1,
6-Cobalt/Cell_NELSEE.gmol,2,
6-Cobalt/Cell_NELSEE.gmol,3,
8-Copper/Cell_YOFXUM.gmol,0,
8-Copper/Cell_YOFXUM.gmol,1,
8-Copper/Cell_YOFXUM.gmol,2,
8-Copper/Cell_YOFXUM.gmol,3,
8-Copper/Cell_YOFXUM.gmol,4,
8-Copper/Cell_YOFXUM.gmol,5,
8-Copper/Cell_YOFXUM.gmol,6,
8-Copper/Cell_YOFXUM.gmol,7,
8-Copper/Cell_YOFXUM.gmol,8,
8-Copper/Cell_YOFXUM.gmol,9,
8-Copper/Cell_YOFXUM.gmol,10,
8-Copper/Cell_YOFXUM.gmol,11,
7-Nickel/Cell_WUWZET.gmol,0,
7-Nickel/Cell_WUWZET.gmol,1,
7-Nickel/Cell_WUWZET.gmol,2,
7-Nickel/Cell_WUWZET.gmol,3,
7-Nickel/Cell_WUWZET.gmol,4,
7-Nickel/Cell_WUWZET.gmol,5,
7-Nickel/Cell_WUWZET.gmol,6,
7-Nickel/Cell_WUWZET.gmol,7,
8-Copper/Cell_ANCAFC.gmol,0,
8-Copper/Cell_ANCAFC.gmol,1,
8-Copper/Cell_ANCAFC.gmol,2,
8-Copper/Cell_ANCAFC.gmol,3,
8-Copper/Cell_IYOJEN.gmol,0,
8-Copper/Cell_IYOJEN.gmol,1,
8-Copper/Cell_IYOJEN.gmol,2,
8-Copper/Cell_IYOJEN.gmol,3,
6-Cobalt/Cell_BACNID.gmol,0,
6-Cobalt/Cell_BACNID.gmol,1,
3-Ruthenium/Cell_MOPVET.gmol,0,
3-Ruthenium/Cell_MOPVET.gmol,1,
3-Ruthenium/Cell_MOPVET.gmol,2,
3-Ruthenium/Cell_MOPVET.gmol,3,
3-Ruthenium/Cell_MOPVET.gmol,4,
3-Ruthenium/Cell_MOPVET.gmol,5,
3-Ruthenium/Cell_MOPVET.gmol,6,
3-Ruthenium/Cell_MOPVET.gmol,7,
3-Ruthenium/Cell_MOPVET.gmol,8,
3-Ruthenium/Cell_MOPVET.gmol,9,
3-Ruthenium/Cell_MOPVET.gmol,10,
3-Ruthenium/Cell_MOPVET.gmol,11,
3-Ruthenium/Cell_MOPVET.gmol,12,
3-Ruthenium/Cell_MOPVET.gmol,13,
3-Ruthenium/Cell_MOPVET.gmol,14,
3-Ruthenium/Cell_MOPVET.gmol,15,
1-Iron/Cell_DADJIB.gmol,0,
1-Iron/Cell_DADJIB.gmol,1,
1-Iron/Cell_DADJIB.gmol,2,
1-Iron/Cell_DADJIB.gmol,3,
1-Iron/Cell_SEDJIU.gmol,0,
1-Iron/Cell_SEDJIU.gmol,1,
1-Iron/Cell_SEDJIU.gmol,2,
1-Iron/Cell_SEDJIU.gmol,3,
1-Iron/Cell_SEDJIU.gmol,4,
1-Iron/Cell_SEDJIU.gmol,5,
1-Iron/Cell_SEDJIU.gmol,6,
1-Iron/Cell_SEDJIU.gmol,7,
1-Iron/Cell_SEDJIU.gmol,8,
1-Iron/Cell_SEDJIU.gmol,9,
1-Iron/Cell_SEDJIU.gmol,10,
1-Iron/Cell_SEDJIU.gmol,11,
1-Iron/Cell_SIXREZ.gmol,0,
1-Iron/Cell_SIXREZ.gmol,1,
1-Iron/Cell_SIXREZ.gmol,2,
1-Iron/Cell_SIXREZ.gmol,3,
4-Rhenium/Cell_QUSNIB.gmol,0,
4-Rhenium/Cell_QUSNIB.gmol,1,
4-Rhenium/Cell_QUSNIB.gmol,2,
4-Rhenium/Cell_QUSNIB.gmol,3,
3-Ruthenium/Cell_XEMCUO.gmol,0,
3-Ruthenium/Cell_XEMCUO.gmol,1,
3-Ruthenium/Cell_XEMCUO.gmol,2,
3-Ruthenium/Cell_XEMCUO.gmol,3,
6-Cobalt/Cell_SILXER.gmol,0,
6-Cobalt/Cell_SILXER.gmol,1,
1-Iron/Cell_MOFMAV.gmol,0,
1-Iron/Cell_MOFMAV.gmol,1,
1-Iron/Cell_MOFMAV.gmol,2,
1-Iron/Cell_MOFMAV.gmol,3,
1-Iron/Cell_MOFMAV.gmol,4,
1-Iron/Cell_MOFMAV.gmol,5,
1-Iron/Cell_MOFMAV.gmol,6,
1-Iron/Cell_MOFMAV.gmol,7,
7-Nickel/Cell_XANYUI.gmol,0,
7-Nickel/Cell_XANYUI.gmol,1,
7-Nickel/Cell_XANYUI.gmol,2,
7-Nickel/Cell_XANYUI.gmol,3,
8-Copper/Cell_UDAWII.gmol,0,
8-Copper/Cell_RUNTEB.gmol,0,
8-Copper/Cell_RUNTEB.gmol,1,
8-Copper/Cell_RUNTEB.gmol,2,
8-Copper/Cell_RUNTEB.gmol,3,
8-Copper/Cell_RUNTEB.gmol,4,
8-Copper/Cell_RUNTEB.gmol,5,
8-Copper/Cell_RUNTEB.gmol,6,
8-Copper/Cell_RUNTEB.gmol,7,
1-Iron/Cell_QOKYIY.gmol,0,
1-Iron/Cell_QOKYIY.gmol,1,
6-Cobalt/Cell_XAJRIK.gmol,0,
6-Cobalt/Cell_XAJRIK.gmol,1,
6-Cobalt/Cell_XAJRIK.gmol,2,
6-Cobalt/Cell_XAJRIK.gmol,3,
6-Cobalt/Cell_XAJRIK.gmol,4,
6-Cobalt/Cell_XAJRIK.gmol,5,
7-Nickel/Cell_LUJROX.gmol,0,
7-Nickel/Cell_LUJROX.gmol,1,
7-Nickel/Cell_LUJROX.gmol,2,
7-Nickel/Cell_LUJROX.gmol,3,
7-Nickel/Cell_WUTZAO.gmol,0,
7-Nickel/Cell_WUTZAO.gmol,1,
7-Nickel/Cell_WUTZAO.gmol,2,
7-Nickel/Cell_WUTZAO.gmol,3,
7-Nickel/Cell_WUTZAO.gmol,4,
7-Nickel/Cell_WUTZAO.gmol,5,
7-Nickel/Cell_WUTZAO.gmol,6,
7-Nickel/Cell_WUTZAO.gmol,7,
6-Cobalt/Cell_HIVYIV.gmol,0,
6-Cobalt/Cell_HIVYIV.gmol,1,
6-Cobalt/Cell_HIVYIV.gmol,2,
6-Cobalt/Cell_HIVYIV.gmol,3,
8-Copper/Cell_RUNGEO.gmol,0,
8-Copper/Cell_RUNGEO.gmol,1,
8-Copper/Cell_RUNGEO.gmol,2,
8-Copper/Cell_RUNGEO.gmol,3,
8-Copper/Cell_RUNGEO.gmol,4,
8-Copper/Cell_RUNGEO.gmol,5,
8-Copper/Cell_RUNGEO.gmol,6,
8-Copper/Cell_RUNGEO.gmol,7,
7-Nickel/Cell_YORXIN.gmol,0,
7-Nickel/Cell_YORXIN.gmol,1,
7-Nickel/Cell_ITOQIS.gmol,0,
7-Nickel/Cell_ITOQIS.gmol,1,
8-Copper/Cell_VOBSAG.gmol,0,
8-Copper/Cell_VOBSAG.gmol,1,
8-Copper/Cell_VOBSAG.gmol,2,
8-Copper/Cell_VOBSAG.gmol,3,
8-Copper/Cell_VOBSAG.gmol,4,
8-Copper/Cell_VOBSAG.gmol,5,
8-Copper/Cell_VOBSAG.gmol,6,
8-Copper/Cell_VOBSAG.gmol,7,
8-Copper/Cell_UZELAO.gmol,0,
8-Copper/Cell_UZELAO.gmol,1,
3-Ruthenium/Cell_TAZDUT.gmol,0,
3-Ruthenium/Cell_TAZDUT.gmol,1,
3-Ruthenium/Cell_TAZDUT.gmol,2,
3-Ruthenium/Cell_TAZDUT.gmol,3,
3-Ruthenium/Cell_ALEPIR.gmol,0,
3-Ruthenium/Cell_ALEPIR.gmol,1,
3-Ruthenium/Cell_ALEPIR.gmol,2,
3-Ruthenium/Cell_ALEPIR.gmol,3,
3-Ruthenium/Cell_ALEPIR.gmol,4,
3-Ruthenium/Cell_ALEPIR.gmol,5,
3-Ruthenium/Cell_ALEPIR.gmol,6,
3-Ruthenium/Cell_ALEPIR.gmol,7,
1-Iron/Cell_IPIWAF.gmol,0,
1-Iron/Cell_IPIWAF.gmol,1,
1-Iron/Cell_IPIWAF.gmol,2,
1-Iron/Cell_IPIWAF.gmol,3,
1-Iron/Cell_IPIWAF.gmol,4,
1-Iron/Cell_IPIWAF.gmol,5,
8-Copper/Cell_BOBHAB.gmol,0,
8-Copper/Cell_BOBHAB.gmol,1,
8-Copper/Cell_BOBHAB.gmol,2,
8-Copper/Cell_BOBHAB.gmol,3,
8-Copper/Cell_BOBHAB.gmol,4,
8-Copper/Cell_BOBHAB.gmol,5,
7-Nickel/Cell_BIPCAG.gmol,0,
7-Nickel/Cell_BIPCAG.gmol,1,
6-Cobalt/Cell_XENWEV.gmol,0,
6-Cobalt/Cell_XENWEV.gmol,1,
6-Cobalt/Cell_XENWEV.gmol,2,
6-Cobalt/Cell_XENWEV.gmol,3,
8-Copper/Cell_FIZMAD.gmol,0,
8-Copper/Cell_FIZMAD.gmol,1,
8-Copper/Cell_FIZMAD.gmol,2,
8-Copper/Cell_FIZMAD.gmol,3,
8-Copper/Cell_UZIDIS.gmol,0,
8-Copper/Cell_UZIDIS.gmol,1,
8-Copper/Cell_UZIDIS.gmol,2,
8-Copper/Cell_UZIDIS.gmol,3,
6-Cobalt/Cell_PAWJAB.gmol,0,
6-Cobalt/Cell_PAWJAB.gmol,1,
6-Cobalt/Cell_PAWJAB.gmol,2,
6-Cobalt/Cell_PAWJAB.gmol,3,
6-Cobalt/Cell_PAWJAB.gmol,4,
6-Cobalt/Cell_PAWJAB.gmol,5,
6-Cobalt/Cell_PAWJAB.gmol,6,
6-Cobalt/Cell_PAWJAB.gmol,7,
6-Cobalt/Cell_PAWJAB.gmol,8,
6-Cobalt/Cell_PAWJAB.gmol,9,
6-Cobalt/Cell_PAWJAB.gmol,10,
6-Cobalt/Cell_PAWJAB.gmol,11,
6-Cobalt/Cell_PAWJAB.gmol,12,
6-Cobalt/Cell_PAWJAB.gmol,13,
6-Cobalt/Cell_PAWJAB.gmol,14,
6-Cobalt/Cell_PAWJAB.gmol,15,
6-Cobalt/Cell_PAWJAB.gmol,16,
6-Cobalt/Cell_PAWJAB.gmol,17,
6-Cobalt/Cell_PAWJAB.gmol,18,
6-Cobalt/Cell_PAWJAB.gmol,19,
6-Cobalt/Cell_PAWJAB.gmol,20,
6-Cobalt/Cell_PAWJAB.gmol,21,
6-Cobalt/Cell_PAWJAB.gmol,22,
6-Cobalt/Cell_PAWJAB.gmol,23,
2-Manganese/Cell_QOYWIN.gmol,0,
2-Manganese/Cell_QOYWIN.gmol,1,
2-Manganese/Cell_QOYWIN.gmol,2,
2-Manganese/Cell_QOYWIN.gmol,3,
2-Manganese/Cell_QOYWIN.gmol,4,
2-Manganese/Cell_QOYWIN.gmol,5,
8-Copper/Cell_SUGZUP.gmol,0,
8-Copper/Cell_SUGZUP.gmol,1,
8-Copper/Cell_SUGZUP.gmol,2,
8-Copper/Cell_SUGZUP.gmol,3,
8-Copper/Cell_SUGZUP.gmol,4,
8-Copper/Cell_SUGZUP.gmol,5,
7-Nickel/Cell_ZOHQOE.gmol,0,
7-Nickel/Cell_ZOHQOE.gmol,1,
7-Nickel/Cell_ZOHQOE.gmol,2,
7-Nickel/Cell_ZOHQOE.gmol,3,
8-Copper/Cell_YUZZAW.gmol,0,
8-Copper/Cell_YUZZAW.gmol,1,
8-Copper/Cell_YUZZAW.gmol,2,
8-Copper/Cell_YUZZAW.gmol,3,
8-Copper/Cell_YUZZAW.gmol,4,
8-Copper/Cell_YUZZAW.gmol,5,
8-Copper/Cell_OPOVUM.gmol,0,
8-Copper/Cell_OPOVUM.gmol,1,
8-Copper/Cell_OPOVUM.gmol,2,
8-Copper/Cell_OPOVUM.gmol,3,
1-Iron/Cell_WIZNEB.gmol,0,
1-Iron/Cell_WIZNEB.gmol,1,
1-Iron/Cell_WIZNEB.gmol,2,
1-Iron/Cell_WIZNEB.gmol,3,
1-Iron/Cell_WIZNEB.gmol,4,
7-Nickel/Cell_TAHRIE.gmol,0,
7-Nickel/Cell_TAHRIE.gmol,1,
7-Nickel/Cell_TAHRIE.gmol,2,
7-Nickel/Cell_TAHRIE.gmol,3,
7-Nickel/Cell_TAHRIE.gmol,4,
7-Nickel/Cell_TAHRIE.gmol,5,
7-Nickel/Cell_TAHRIE.gmol,6,
7-Nickel/Cell_TAHRIE.gmol,7,
2-Manganese/Cell_WUFDUX.gmol,0,
2-Manganese/Cell_WUFDUX.gmol,1,
2-Manganese/Cell_WUFDUX.gmol,2,
2-Manganese/Cell_WUFDUX.gmol,3,
7-Nickel/Cell_JOSPIQ.gmol,0,
7-Nickel/Cell_JOSPIQ.gmol,1,
7-Nickel/Cell_JOSPIQ.gmol,2,
7-Nickel/Cell_JOSPIQ.gmol,3,
7-Nickel/Cell_JOSPIQ.gmol,4,
7-Nickel/Cell_JOSPIQ.gmol,5,
7-Nickel/Cell_JOSPIQ.gmol,6,
7-Nickel/Cell_JOSPIQ.gmol,7,
7-Nickel/Cell_JOSPIQ.gmol,8,
7-Nickel/Cell_JOSPIQ.gmol,9,
7-Nickel/Cell_JOSPIQ.gmol,10,
7-Nickel/Cell_JOSPIQ.gmol,11,
5-Chromium/Cell_MUFJIG.gmol,0,
5-Chromium/Cell_MUFJIG.gmol,1,
7-Nickel/Cell_BUZBAB.gmol,0,
7-Nickel/Cell_BUZBAB.gmol,1,
8-Copper/Cell_GEXCIY.gmol,0,
8-Copper/Cell_GEXCIY.gmol,1,
5-Chromium/Cell_KIWQOY.gmol,0,
5-Chromium/Cell_KIWQOY.gmol,1,
4-Rhenium/Cell_HIDGIK.gmol,0,
4-Rhenium/Cell_HIDGIK.gmol,1,
4-Rhenium/Cell_HIDGIK.gmol,2,
4-Rhenium/Cell_HIDGIK.gmol,3,
4-Rhenium/Cell_HIDGIK.gmol,4,
4-Rhenium/Cell_HIDGIK.gmol,5,
6-Cobalt/Cell_YALKAZ.gmol,0,
4-Rhenium/Cell_KIHTAX.gmol,0,
4-Rhenium/Cell_KIHTAX.gmol,1,
4-Rhenium/Cell_KIHTAX.gmol,2,
4-Rhenium/Cell_KIHTAX.gmol,3,
3-Ruthenium/Cell_KUPDIJ.gmol,0,
3-Ruthenium/Cell_KUPDIJ.gmol,1,
3-Ruthenium/Cell_KUPDIJ.gmol,2,
3-Ruthenium/Cell_KUPDIJ.gmol,3,
3-Ruthenium/Cell_KUPDIJ.gmol,4,
3-Ruthenium/Cell_KUPDIJ.gmol,5,
3-Ruthenium/Cell_KUPDIJ.gmol,6,
3-Ruthenium/Cell_KUPDIJ.gmol,7,
8-Copper/Cell_VERQAK.gmol,0,
8-Copper/Cell_VERQAK.gmol,1,
8-Copper/Cell_VERQAK.gmol,2,
8-Copper/Cell_VERQAK.gmol,3,
8-Copper/Cell_VERQAK.gmol,4,
8-Copper/Cell_VERQAK.gmol,5,
8-Copper/Cell_BAEPCU.gmol,0,
8-Copper/Cell_BAEPCU.gmol,1,
8-Copper/Cell_BAEPCU.gmol,2,
8-Copper/Cell_BAEPCU.gmol,3,
7-Nickel/Cell_DAHLII.gmol,0,
7-Nickel/Cell_DAHLII.gmol,1,
7-Nickel/Cell_DAHLII.gmol,2,
7-Nickel/Cell_DAHLII.gmol,3,
7-Nickel/Cell_DAHLII.gmol,4,
7-Nickel/Cell_DAHLII.gmol,5,
7-Nickel/Cell_DAHLII.gmol,6,
7-Nickel/Cell_DAHLII.gmol,7,
6-Cobalt/Cell_YAMRIO.gmol,0,
6-Cobalt/Cell_YAMRIO.gmol,1,
6-Cobalt/Cell_YAMRIO.gmol,2,
6-Cobalt/Cell_YAMRIO.gmol,3,
8-Copper/Cell_WABMIX.gmol,0,
8-Copper/Cell_WABMIX.gmol,1,
8-Copper/Cell_WABMIX.gmol,2,
8-Copper/Cell_WABMIX.gmol,3,
8-Copper/Cell_WABMIX.gmol,4,
8-Copper/Cell_WABMIX.gmol,5,
8-Copper/Cell_WABMIX.gmol,6,
8-Copper/Cell_WABMIX.gmol,7,
6-Cobalt/Cell_WOJREV.gmol,0,
6-Cobalt/Cell_WOJREV.gmol,1,
6-Cobalt/Cell_WOJREV.gmol,2,
6-Cobalt/Cell_WOJREV.gmol,3,
6-Cobalt/Cell_WOJREV.gmol,4,
6-Cobalt/Cell_WOJREV.gmol,5,
6-Cobalt/Cell_WOJREV.gmol,6,
6-Cobalt/Cell_WOJREV.gmol,7,
1-Iron/Cell_ZUYNEM.gmol,0,
1-Iron/Cell_ZUYNEM.gmol,1,
1-Iron/Cell_ZUYNEM.gmol,2,
1-Iron/Cell_ZUYNEM.gmol,3,
3-Ruthenium/Cell_LICQIY.gmol,0,
3-Ruthenium/Cell_LICQIY.gmol,1,
3-Ruthenium/Cell_LICQIY.gmol,2,
3-Ruthenium/Cell_LICQIY.gmol,3,
8-Copper/Cell_SUGBAA.gmol,0,
8-Copper/Cell_SUGBAA.gmol,1,
8-Copper/Cell_SUGBAA.gmol,2,
8-Copper/Cell_SUGBAA.gmol,3,
8-Copper/Cell_SUGBAA.gmol,4,
8-Copper/Cell_SUGBAA.gmol,5,
8-Copper/Cell_SUGBAA.gmol,6,
8-Copper/Cell_SUGBAA.gmol,7,
8-Copper/Cell_SUGBAA.gmol,8,
8-Copper/Cell_SUGBAA.gmol,9,
8-Copper/Cell_SUGBAA.gmol,10,
8-Copper/Cell_SUGBAA.gmol,11,
8-Copper/Cell_SUGBAA.gmol,12,
8-Copper/Cell_SUGBAA.gmol,13,
8-Copper/Cell_SUGBAA.gmol,14,
8-Copper/Cell_SUGBAA.gmol,15,
8-Copper/Cell_BARGUX.gmol,0,
8-Copper/Cell_BARGUX.gmol,1,
8-Copper/Cell_YEPQIU.gmol,0,
8-Copper/Cell_YEPQIU.gmol,1,
8-Copper/Cell_YEPQIU.gmol,2,
8-Copper/Cell_YEPQIU.gmol,3,
8-Copper/Cell_YEPQIU.gmol,4,
8-Copper/Cell_FANWOH.gmol,0,
8-Copper/Cell_FANWOH.gmol,1,
7-Nickel/Cell_LACRAJ.gmol,0,
7-Nickel/Cell_LACRAJ.gmol,1,
7-Nickel/Cell_USELIQ.gmol,0,
7-Nickel/Cell_USELIQ.gmol,1,
7-Nickel/Cell_USELIQ.gmol,2,
7-Nickel/Cell_USELIQ.gmol,3,
7-Nickel/Cell_DITVIL.gmol,0,
7-Nickel/Cell_DITVIL.gmol,1,
6-Cobalt/Cell_YAZFOV.gmol,0,
6-Cobalt/Cell_YAZFOV.gmol,1,
6-Cobalt/Cell_YAZFOV.gmol,2,
6-Cobalt/Cell_YAZFOV.gmol,3,
2-Manganese/Cell_LOSVEU.gmol,0,
2-Manganese/Cell_LOSVEU.gmol,1,
2-Manganese/Cell_LOSVEU.gmol,2,
2-Manganese/Cell_LOSVEU.gmol,3,
6-Cobalt/Cell_ZZZEUO01.gmol,0,
6-Cobalt/Cell_ZZZEUO01.gmol,1,
6-Cobalt/Cell_ZZZEUO01.gmol,2,
2-Manganese/Cell_XIVPAW.gmol,0,
2-Manganese/Cell_XIVPAW.gmol,1,
8-Copper/Cell_LERQIK.gmol,0,
8-Copper/Cell_LERQIK.gmol,1,
6-Cobalt/Cell_ACOBUP.gmol,0,
6-Cobalt/Cell_ACOBUP.gmol,1,
6-Cobalt/Cell_ACOBUP.gmol,2,
6-Cobalt/Cell_ACOBUP.gmol,3,
8-Copper/Cell_HABMAB.gmol,0,
8-Copper/Cell_HABMAB.gmol,1,
8-Copper/Cell_HABMAB.gmol,2,
8-Copper/Cell_HABMAB.gmol,3,
8-Copper/Cell_HABMAB.gmol,4,
8-Copper/Cell_HABMAB.gmol,5,
8-Copper/Cell_HABMAB.gmol,6,
8-Copper/Cell_HABMAB.gmol,7,
2-Manganese/Cell_GOJVAC.gmol,0,
2-Manganese/Cell_GOJVAC.gmol,1,
2-Manganese/Cell_GOJVAC.gmol,2,
2-Manganese/Cell_GOJVAC.gmol,3,
2-Manganese/Cell_GOJVAC.gmol,4,
2-Manganese/Cell_GOJVAC.gmol,5,
2-Manganese/Cell_GOJVAC.gmol,6,
2-Manganese/Cell_GOJVAC.gmol,7,
5-Chromium/Cell_LUYQII.gmol,0,
5-Chromium/Cell_LUYQII.gmol,1,
1-Iron/Cell_QUSTEF.gmol,0,
1-Iron/Cell_QUSTEF.gmol,1,
1-Iron/Cell_QUSTEF.gmol,2,
1-Iron/Cell_QUSTEF.gmol,3,
1-Iron/Cell_QUSTEF.gmol,4,
1-Iron/Cell_QUSTEF.gmol,5,
1-Iron/Cell_QUSTEF.gmol,6,
1-Iron/Cell_QUSTEF.gmol,7,
1-Iron/Cell_QUSTEF.gmol,8,
1-Iron/Cell_QUSTEF.gmol,9,
1-Iron/Cell_QUSTEF.gmol,10,
1-Iron/Cell_QUSTEF.gmol,11,
7-Nickel/Cell_GELSUL.gmol,0,
7-Nickel/Cell_GELSUL.gmol,1,
7-Nickel/Cell_GELSUL.gmol,2,
7-Nickel/Cell_GELSUL.gmol,3,
7-Nickel/Cell_GELSUL.gmol,4,
7-Nickel/Cell_GELSUL.gmol,5,
7-Nickel/Cell_GELSUL.gmol,6,
7-Nickel/Cell_GELSUL.gmol,7,
7-Nickel/Cell_GELSUL.gmol,8,
7-Nickel/Cell_GELSUL.gmol,9,
7-Nickel/Cell_GELSUL.gmol,10,
7-Nickel/Cell_GELSUL.gmol,11,
2-Manganese/Cell_TAVWAP.gmol,0,
2-Manganese/Cell_TAVWAP.gmol,1,
2-Manganese/Cell_TAVWAP.gmol,2,
2-Manganese/Cell_TAVWAP.gmol,3,
8-Copper/Cell_NOCXEL.gmol,0,
8-Copper/Cell_NOCXEL.gmol,1,
8-Copper/Cell_NOCXEL.gmol,2,
8-Copper/Cell_NOCXEL.gmol,3,
8-Copper/Cell_NEKCOX.gmol,0,
8-Copper/Cell_NEKCOX.gmol,1,
8-Copper/Cell_NEKCOX.gmol,2,
8-Copper/Cell_NEKCOX.gmol,3,
7-Nickel/Cell_MAQXOR.gmol,0,
7-Nickel/Cell_MAQXOR.gmol,1,
7-Nickel/Cell_MAQXOR.gmol,2,
7-Nickel/Cell_MAQXOR.gmol,3,
1-Iron/Cell_SESNEM.gmol,0,
1-Iron/Cell_SESNEM.gmol,1,
1-Iron/Cell_SESNEM.gmol,2,
1-Iron/Cell_SESNEM.gmol,3,
2-Manganese/Cell_KADVAQ.gmol,0,
2-Manganese/Cell_KADVAQ.gmol,1,
2-Manganese/Cell_KADVAQ.gmol,2,
2-Manganese/Cell_KADVAQ.gmol,3,
2-Manganese/Cell_KADVAQ.gmol,4,
7-Nickel/Cell_YAVJUD.gmol,0,
7-Nickel/Cell_YAVJUD.gmol,1,
7-Nickel/Cell_YAVJUD.gmol,2,
7-Nickel/Cell_YAVJUD.gmol,3,
2-Manganese/Cell_KETDOF.gmol,0,
2-Manganese/Cell_KETDOF.gmol,1,
2-Manganese/Cell_KETDOF.gmol,2,
2-Manganese/Cell_KETDOF.gmol,3,
8-Copper/Cell_SUXXEO.gmol,0,
8-Copper/Cell_SUXXEO.gmol,1,
8-Copper/Cell_SUXXEO.gmol,2,
8-Copper/Cell_SUXXEO.gmol,3,
7-Nickel/Cell_OLIQOP.gmol,0,
7-Nickel/Cell_OLIQOP.gmol,1,
6-Cobalt/Cell_BUCDIN.gmol,0,
6-Cobalt/Cell_BUCDIN.gmol,1,
6-Cobalt/Cell_BUCDIN.gmol,2,
6-Cobalt/Cell_BUCDIN.gmol,3,
6-Cobalt/Cell_HANJIP.gmol,0,
6-Cobalt/Cell_HANJIP.gmol,1,
6-Cobalt/Cell_HANJIP.gmol,2,
6-Cobalt/Cell_HANJIP.gmol,3,
8-Copper/Cell_HOYZEA.gmol,0,
8-Copper/Cell_HOYZEA.gmol,1,
8-Copper/Cell_HOYZEA.gmol,2,
8-Copper/Cell_HOYZEA.gmol,3,
8-Copper/Cell_LEHFOV.gmol,0,
8-Copper/Cell_LEHFOV.gmol,1,
4-Rhenium/Cell_GOVBUQ.gmol,0,
4-Rhenium/Cell_GOVBUQ.gmol,1,
4-Rhenium/Cell_PITQUE.gmol,0,
4-Rhenium/Cell_PITQUE.gmol,1,
8-Copper/Cell_GUPSEP.gmol,0,
8-Copper/Cell_GUPSEP.gmol,1,
8-Copper/Cell_GUPSEP.gmol,2,
8-Copper/Cell_GUPSEP.gmol,3,
8-Copper/Cell_GUPSEP.gmol,4,
8-Copper/Cell_GUPSEP.gmol,5,
8-Copper/Cell_GUPSEP.gmol,6,
8-Copper/Cell_GUPSEP.gmol,7,
8-Copper/Cell_GUPSEP.gmol,8,
8-Copper/Cell_GUPSEP.gmol,9,
8-Copper/Cell_GUPSEP.gmol,10,
8-Copper/Cell_GUPSEP.gmol,11,
8-Copper/Cell_QIYQUL.gmol,0,
8-Copper/Cell_QIYQUL.gmol,1,
8-Copper/Cell_QIYQUL.gmol,2,
8-Copper/Cell_QIYQUL.gmol,3,
8-Copper/Cell_QIYQUL.gmol,4,
8-Copper/Cell_QIYQUL.gmol,5,
8-Copper/Cell_QIYQUL.gmol,6,
8-Copper/Cell_QIYQUL.gmol,7,
8-Copper/Cell_QIYQUL.gmol,8,
8-Copper/Cell_QIYQUL.gmol,9,
7-Nickel/Cell_FERDAI.gmol,0,
7-Nickel/Cell_FERDAI.gmol,1,
7-Nickel/Cell_FERDAI.gmol,2,
7-Nickel/Cell_FERDAI.gmol,3,
7-Nickel/Cell_FERDAI.gmol,4,
7-Nickel/Cell_FERDAI.gmol,5,
7-Nickel/Cell_FERDAI.gmol,6,
7-Nickel/Cell_FERDAI.gmol,7,
7-Nickel/Cell_FERDAI.gmol,8,
7-Nickel/Cell_FERDAI.gmol,9,
7-Nickel/Cell_FERDAI.gmol,10,
7-Nickel/Cell_FERDAI.gmol,11,
7-Nickel/Cell_FERDAI.gmol,12,
7-Nickel/Cell_FERDAI.gmol,13,
7-Nickel/Cell_FERDAI.gmol,14,
7-Nickel/Cell_FERDAI.gmol,15,
7-Nickel/Cell_FERDAI.gmol,16,
7-Nickel/Cell_FERDAI.gmol,17,
7-Nickel/Cell_FERDAI.gmol,18,
7-Nickel/Cell_FERDAI.gmol,19,
7-Nickel/Cell_FERDAI.gmol,20,
7-Nickel/Cell_FERDAI.gmol,21,
7-Nickel/Cell_FERDAI.gmol,22,
7-Nickel/Cell_FERDAI.gmol,23,
7-Nickel/Cell_FERDAI.gmol,24,
7-Nickel/Cell_FERDAI.gmol,25,
7-Nickel/Cell_FERDAI.gmol,26,
7-Nickel/Cell_FERDAI.gmol,27,
7-Nickel/Cell_FERDAI.gmol,28,
7-Nickel/Cell_FERDAI.gmol,29,
7-Nickel/Cell_FERDAI.gmol,30,
7-Nickel/Cell_FERDAI.gmol,31,
1-Iron/Cell_YEYPEY.gmol,0,
1-Iron/Cell_YEYPEY.gmol,1,
6-Cobalt/Cell_YAZHOX.gmol,0,
6-Cobalt/Cell_YAZHOX.gmol,1,
6-Cobalt/Cell_YAZHOX.gmol,2,
6-Cobalt/Cell_YAZHOX.gmol,3,
6-Cobalt/Cell_YAZHOX.gmol,4,
6-Cobalt/Cell_YAZHOX.gmol,5,
6-Cobalt/Cell_YAZHOX.gmol,6,
6-Cobalt/Cell_YAZHOX.gmol,7,
6-Cobalt/Cell_YAZHOX.gmol,8,
6-Cobalt/Cell_YAZHOX.gmol,9,
6-Cobalt/Cell_YAZHOX.gmol,10,
6-Cobalt/Cell_YAZHOX.gmol,11,
6-Cobalt/Cell_YAZHOX.gmol,12,
6-Cobalt/Cell_YAZHOX.gmol,13,
6-Cobalt/Cell_YAZHOX.gmol,14,
6-Cobalt/Cell_YAZHOX.gmol,15,
6-Cobalt/Cell_YAZHOX.gmol,16,
6-Cobalt/Cell_YAZHOX.gmol,17,
6-Cobalt/Cell_YAZHOX.gmol,18,
6-Cobalt/Cell_YAZHOX.gmol,19,
6-Cobalt/Cell_YAZHOX.gmol,20,
6-Cobalt/Cell_YAZHOX.gmol,21,
6-Cobalt/Cell_YAZHOX.gmol,22,
6-Cobalt/Cell_YAZHOX.gmol,23,
6-Cobalt/Cell_YAZHOX.gmol,24,
6-Cobalt/Cell_YAZHOX.gmol,25,
6-Cobalt/Cell_YAZHOX.gmol,26,
6-Cobalt/Cell_YAZHOX.gmol,27,
6-Cobalt/Cell_PUVHIA.gmol,0,
6-Cobalt/Cell_PUVHIA.gmol,1,
8-Copper/Cell_BOFKAK.gmol,0,
8-Copper/Cell_BOFKAK.gmol,1,
8-Copper/Cell_BOFKAK.gmol,2,
8-Copper/Cell_BOFKAK.gmol,3,
8-Copper/Cell_BOFKAK.gmol,4,
8-Copper/Cell_BOFKAK.gmol,5,
5-Chromium/Cell_KETQUV.gmol,0,
5-Chromium/Cell_KETQUV.gmol,1,
5-Chromium/Cell_KETQUV.gmol,2,
5-Chromium/Cell_KETQUV.gmol,3,
6-Cobalt/Cell_UDUWAS.gmol,0,
6-Cobalt/Cell_UDUWAS.gmol,1,
6-Cobalt/Cell_UDUWAS.gmol,2,
6-Cobalt/Cell_UDUWAS.gmol,3,
6-Cobalt/Cell_HINSAA.gmol,0,
6-Cobalt/Cell_HINSAA.gmol,1,
6-Cobalt/Cell_HINSAA.gmol,2,
6-Cobalt/Cell_HINSAA.gmol,3,
6-Cobalt/Cell_HINSAA.gmol,4,
6-Cobalt/Cell_HINSAA.gmol,5,
8-Copper/Cell_HIHBEF.gmol,0,
8-Copper/Cell_HIHBEF.gmol,1,
7-Nickel/Cell_KOKVAI.gmol,0,
7-Nickel/Cell_KOKVAI.gmol,1,
7-Nickel/Cell_KOKVAI.gmol,2,
7-Nickel/Cell_KOKVAI.gmol,3,
7-Nickel/Cell_KOKVAI.gmol,4,
7-Nickel/Cell_KOKVAI.gmol,5,
7-Nickel/Cell_SICCUE.gmol,0,
7-Nickel/Cell_SICCUE.gmol,1,
7-Nickel/Cell_SICCUE.gmol,2,
7-Nickel/Cell_SICCUE.gmol,3,
7-Nickel/Cell_SICCUE.gmol,4,
7-Nickel/Cell_SICCUE.gmol,5,
7-Nickel/Cell_SICCUE.gmol,6,
7-Nickel/Cell_SICCUE.gmol,7,
7-Nickel/Cell_SICCUE.gmol,8,
7-Nickel/Cell_SICCUE.gmol,9,
7-Nickel/Cell_SICCUE.gmol,10,
7-Nickel/Cell_SICCUE.gmol,11,
6-Cobalt/Cell_OXIVIC.gmol,0,
6-Cobalt/Cell_OXIVIC.gmol,1,
6-Cobalt/Cell_OXIVIC.gmol,2,
6-Cobalt/Cell_OXIVIC.gmol,3,
3-Ruthenium/Cell_KESQAA.gmol,0,
3-Ruthenium/Cell_KESQAA.gmol,1,
3-Ruthenium/Cell_KESQAA.gmol,2,
3-Ruthenium/Cell_KESQAA.gmol,3,
5-Chromium/Cell_JADQEN.gmol,0,
5-Chromium/Cell_JADQEN.gmol,1,
5-Chromium/Cell_JADQEN.gmol,2,
5-Chromium/Cell_JADQEN.gmol,3,
7-Nickel/Cell_QEKBOA.gmol,0,
7-Nickel/Cell_QEKBOA.gmol,1,
7-Nickel/Cell_QEKBOA.gmol,2,
7-Nickel/Cell_QEKBOA.gmol,3,
8-Copper/Cell_PARXUE.gmol,0,
8-Copper/Cell_PARXUE.gmol,1,
8-Copper/Cell_PARXUE.gmol,2,
8-Copper/Cell_PARXUE.gmol,3,
1-Iron/Cell_EPIMUN.gmol,0,
1-Iron/Cell_EPIMUN.gmol,1,
1-Iron/Cell_EPIMUN.gmol,2,
1-Iron/Cell_EPIMUN.gmol,3,
1-Iron/Cell_EPIMUN.gmol,4,
1-Iron/Cell_EPIMUN.gmol,5,
1-Iron/Cell_EPIMUN.gmol,6,
1-Iron/Cell_EPIMUN.gmol,7,
1-Iron/Cell_EPIMUN.gmol,8,
1-Iron/Cell_EPIMUN.gmol,9,
1-Iron/Cell_EPIMUN.gmol,10,
1-Iron/Cell_EPIMUN.gmol,11,
1-Iron/Cell_RAKZIM.gmol,0,
1-Iron/Cell_RAKZIM.gmol,1,
1-Iron/Cell_RAKZIM.gmol,2,
1-Iron/Cell_RAKZIM.gmol,3,
1-Iron/Cell_RAKZIM.gmol,4,
1-Iron/Cell_RAKZIM.gmol,5,
8-Copper/Cell_REQDAU.gmol,0,
8-Copper/Cell_REQDAU.gmol,1,
8-Copper/Cell_REQDAU.gmol,2,
8-Copper/Cell_REQDAU.gmol,3,
8-Copper/Cell_REQDAU.gmol,4,
8-Copper/Cell_REQDAU.gmol,5,
8-Copper/Cell_REQDAU.gmol,6,
8-Copper/Cell_REQDAU.gmol,7,
6-Cobalt/Cell_KOFKOF.gmol,0,
6-Cobalt/Cell_KOFKOF.gmol,1,
6-Cobalt/Cell_KOFKOF.gmol,2,
6-Cobalt/Cell_KOFKOF.gmol,3,
6-Cobalt/Cell_KOFKOF.gmol,4,
6-Cobalt/Cell_KOFKOF.gmol,5,
6-Cobalt/Cell_KOFKOF.gmol,6,
6-Cobalt/Cell_KOFKOF.gmol,7,
8-Copper/Cell_UCEPAW.gmol,0,
8-Copper/Cell_UCEPAW.gmol,1,
8-Copper/Cell_UCEPAW.gmol,2,
8-Copper/Cell_UCEPAW.gmol,3,
7-Nickel/Cell_WUCXEX.gmol,0,
7-Nickel/Cell_WUCXEX.gmol,1,
7-Nickel/Cell_WUCXEX.gmol,2,
7-Nickel/Cell_WUCXEX.gmol,3,
8-Copper/Cell_LUPSEU.gmol,0,
8-Copper/Cell_LUPSEU.gmol,1,
8-Copper/Cell_LUPSEU.gmol,2,
8-Copper/Cell_LUPSEU.gmol,3,
8-Copper/Cell_LUPSEU.gmol,4,
8-Copper/Cell_LUPSEU.gmol,5,
8-Copper/Cell_LUPSEU.gmol,6,
8-Copper/Cell_LUPSEU.gmol,7,
8-Copper/Cell_LUPSEU.gmol,8,
8-Copper/Cell_LUPSEU.gmol,9,
8-Copper/Cell_LUPSEU.gmol,10,
8-Copper/Cell_LUPSEU.gmol,11,
8-Copper/Cell_LUPSEU.gmol,12,
8-Copper/Cell_LUPSEU.gmol,13,
8-Copper/Cell_LUPSEU.gmol,14,
8-Copper/Cell_LUPSEU.gmol,15,
4-Rhenium/Cell_WAWJUA.gmol,0,
4-Rhenium/Cell_WAWJUA.gmol,1,
4-Rhenium/Cell_WAWJUA.gmol,2,
4-Rhenium/Cell_WAWJUA.gmol,3,
4-Rhenium/Cell_WAWJUA.gmol,4,
4-Rhenium/Cell_WAWJUA.gmol,5,
4-Rhenium/Cell_WAWJUA.gmol,6,
4-Rhenium/Cell_WAWJUA.gmol,7,
1-Iron/Cell_OBOTII.gmol,0,
1-Iron/Cell_OBOTII.gmol,1,
1-Iron/Cell_OBOTII.gmol,2,
1-Iron/Cell_OBOTII.gmol,3,
8-Copper/Cell_AQOXIO.gmol,0,
8-Copper/Cell_AQOXIO.gmol,1,
2-Manganese/Cell_WERHUZ.gmol,0,
2-Manganese/Cell_WERHUZ.gmol,1,
8-Copper/Cell_WUTZES.gmol,0,
8-Copper/Cell_WUTZES.gmol,1,
8-Copper/Cell_WUTZES.gmol,2,
8-Copper/Cell_WUTZES.gmol,3,
8-Copper/Cell_WUTZES.gmol,4,
8-Copper/Cell_WUTZES.gmol,5,
8-Copper/Cell_WUTZES.gmol,6,
8-Copper/Cell_WUTZES.gmol,7,
7-Nickel/Cell_ADIREN.gmol,0,
7-Nickel/Cell_YAPZOG.gmol,0,
7-Nickel/Cell_YAPZOG.gmol,1,
1-Iron/Cell_OBOTEE.gmol,0,
1-Iron/Cell_OBOTEE.gmol,1,
1-Iron/Cell_OBOTEE.gmol,2,
1-Iron/Cell_OBOTEE.gmol,3,
1-Iron/Cell_OBOTEE.gmol,4,
1-Iron/Cell_OBOTEE.gmol,5,
1-Iron/Cell_OBOTEE.gmol,6,
1-Iron/Cell_OBOTEE.gmol,7,
8-Copper/Cell_AJUFOC.gmol,0,
8-Copper/Cell_AJUFOC.gmol,1,
8-Copper/Cell_AJUFOC.gmol,2,
8-Copper/Cell_AJUFOC.gmol,3,
7-Nickel/Cell_TAHJUI.gmol,0,
7-Nickel/Cell_TAHJUI.gmol,1,
7-Nickel/Cell_KUBDAN.gmol,0,
7-Nickel/Cell_KUBDAN.gmol,1,
7-Nickel/Cell_KUBDAN.gmol,2,
7-Nickel/Cell_KUBDAN.gmol,3,
7-Nickel/Cell_KUBDAN.gmol,4,
7-Nickel/Cell_KUBDAN.gmol,5,
7-Nickel/Cell_KUBDAN.gmol,6,
7-Nickel/Cell_KUBDAN.gmol,7,
7-Nickel/Cell_KUBDAN.gmol,8,
7-Nickel/Cell_KUBDAN.gmol,9,
7-Nickel/Cell_KUBDAN.gmol,10,
7-Nickel/Cell_KUBDAN.gmol,11,
7-Nickel/Cell_HOYFIK.gmol,0,
7-Nickel/Cell_HOYFIK.gmol,1,
7-Nickel/Cell_HOYFIK.gmol,2,
7-Nickel/Cell_HOYFIK.gmol,3,
7-Nickel/Cell_HOYFIK.gmol,4,
7-Nickel/Cell_HOYFIK.gmol,5,
7-Nickel/Cell_HOYFIK.gmol,6,
7-Nickel/Cell_HOYFIK.gmol,7,
6-Cobalt/Cell_EYOTIV.gmol,0,
6-Cobalt/Cell_EYOTIV.gmol,1,
8-Copper/Cell_ZETDOR.gmol,0,
7-Nickel/Cell_CIXREG.gmol,0,
8-Copper/Cell_NOCMID.gmol,0,
8-Copper/Cell_NOCMID.gmol,1,
8-Copper/Cell_NOCMID.gmol,2,
8-Copper/Cell_NOCMID.gmol,3,
3-Ruthenium/Cell_NUGMOT.gmol,0,
3-Ruthenium/Cell_NUGMOT.gmol,1,
3-Ruthenium/Cell_NUGMOT.gmol,2,
3-Ruthenium/Cell_NUGMOT.gmol,3,
7-Nickel/Cell_YOJHEL.gmol,0,
7-Nickel/Cell_YOJHEL.gmol,1,
7-Nickel/Cell_YOJHEL.gmol,2,
7-Nickel/Cell_YOJHEL.gmol,3,
7-Nickel/Cell_YOJHEL.gmol,4,
7-Nickel/Cell_YOJHEL.gmol,5,
7-Nickel/Cell_YOJHEL.gmol,6,
7-Nickel/Cell_YOJHEL.gmol,7,
8-Copper/Cell_ABETIL.gmol,0,
8-Copper/Cell_ABETIL.gmol,1,
8-Copper/Cell_ABETIL.gmol,2,
8-Copper/Cell_ABETIL.gmol,3,
6-Cobalt/Cell_HOSTAL.gmol,0,
1-Iron/Cell_FAPSAT.gmol,0,
1-Iron/Cell_FAPSAT.gmol,1,
1-Iron/Cell_FAPSAT.gmol,2,
1-Iron/Cell_FAPSAT.gmol,3,
1-Iron/Cell_FAPSAT.gmol,4,
1-Iron/Cell_FAPSAT.gmol,5,
1-Iron/Cell_DECKON.gmol,0,
1-Iron/Cell_DECKON.gmol,1,
1-Iron/Cell_DECKON.gmol,2,
1-Iron/Cell_DECKON.gmol,3,
8-Copper/Cell_ROKQEQ.gmol,0,
8-Copper/Cell_ROKQEQ.gmol,1,
8-Copper/Cell_IXIMOR.gmol,0,
8-Copper/Cell_IXIMOR.gmol,1,
8-Copper/Cell_IXIMOR.gmol,2,
8-Copper/Cell_IXIMOR.gmol,3,
8-Copper/Cell_IXIMOR.gmol,4,
8-Copper/Cell_IXIMOR.gmol,5,
2-Manganese/Cell_GUZLIW.gmol,0,
2-Manganese/Cell_GUZLIW.gmol,1,
2-Manganese/Cell_NAYNAF.gmol,0,
2-Manganese/Cell_NAYNAF.gmol,1,
2-Manganese/Cell_NAYNAF.gmol,2,
2-Manganese/Cell_NAYNAF.gmol,3,
7-Nickel/Cell_EFOMUK.gmol,0,
7-Nickel/Cell_EFOMUK.gmol,1,
8-Copper/Cell_QUFJEH.gmol,0,
8-Copper/Cell_QUFJEH.gmol,1,
7-Nickel/Cell_HAZQAA.gmol,0,
7-Nickel/Cell_HAZQAA.gmol,1,
7-Nickel/Cell_HAZQAA.gmol,2,
7-Nickel/Cell_HAZQAA.gmol,3,
7-Nickel/Cell_HAZQAA.gmol,4,
7-Nickel/Cell_HAZQAA.gmol,5,
7-Nickel/Cell_HAZQAA.gmol,6,
7-Nickel/Cell_HAZQAA.gmol,7,
6-Cobalt/Cell_QOYJIA.gmol,0,
6-Cobalt/Cell_QOYJIA.gmol,1,
6-Cobalt/Cell_QOYJIA.gmol,2,
6-Cobalt/Cell_QOYJIA.gmol,3,
8-Copper/Cell_FATMIX.gmol,0,
8-Copper/Cell_FATMIX.gmol,1,
8-Copper/Cell_FATMIX.gmol,2,
8-Copper/Cell_FATMIX.gmol,3,
8-Copper/Cell_FATMIX.gmol,4,
8-Copper/Cell_FATMIX.gmol,5,
8-Copper/Cell_FATMIX.gmol,6,
8-Copper/Cell_FATMIX.gmol,7,
8-Copper/Cell_DOBBOM.gmol,0,
8-Copper/Cell_DOBBOM.gmol,1,
5-Chromium/Cell_ACRTUR.gmol,0,
5-Chromium/Cell_ACRTUR.gmol,1,
5-Chromium/Cell_ACRTUR.gmol,2,
5-Chromium/Cell_ACRTUR.gmol,3,
5-Chromium/Cell_ACRTUR.gmol,4,
5-Chromium/Cell_ACRTUR.gmol,5,
8-Copper/Cell_PAQKEZ.gmol,0,
8-Copper/Cell_PAQKEZ.gmol,1,
8-Copper/Cell_PAQKEZ.gmol,2,
8-Copper/Cell_PAQKEZ.gmol,3,
8-Copper/Cell_PAQKEZ.gmol,4,
8-Copper/Cell_PAQKEZ.gmol,5,
7-Nickel/Cell_PEHZOU.gmol,0,
7-Nickel/Cell_PEHZOU.gmol,1,
8-Copper/Cell_WAXNAN.gmol,0,
8-Copper/Cell_WAXNAN.gmol,1,
8-Copper/Cell_WAXNAN.gmol,2,
8-Copper/Cell_WAXNAN.gmol,3,
8-Copper/Cell_WAXNAN.gmol,4,
8-Copper/Cell_WAXNAN.gmol,5,
1-Iron/Cell_PUWQEE.gmol,0,
1-Iron/Cell_PUWQEE.gmol,1,
1-Iron/Cell_PUWQEE.gmol,2,
1-Iron/Cell_PUWQEE.gmol,3,
4-Rhenium/Cell_LUVZUZ.gmol,0,
4-Rhenium/Cell_LUVZUZ.gmol,1,
4-Rhenium/Cell_LUVZUZ.gmol,2,
4-Rhenium/Cell_LUVZUZ.gmol,3,
4-Rhenium/Cell_LUVZUZ.gmol,4,
4-Rhenium/Cell_LUVZUZ.gmol,5,
4-Rhenium/Cell_LUVZUZ.gmol,6,
4-Rhenium/Cell_LUVZUZ.gmol,7,
1-Iron/Cell_ZIHJAE.gmol,0,
1-Iron/Cell_ZIHJAE.gmol,1,
7-Nickel/Cell_FOQXUF.gmol,0,
7-Nickel/Cell_FOQXUF.gmol,1,
7-Nickel/Cell_FOQXUF.gmol,2,
7-Nickel/Cell_FOQXUF.gmol,3,
8-Copper/Cell_QUJPER.gmol,0,
8-Copper/Cell_QUJPER.gmol,1,
8-Copper/Cell_QUJPER.gmol,2,
4-Rhenium/Cell_WARGEC.gmol,0,
4-Rhenium/Cell_WARGEC.gmol,1,
4-Rhenium/Cell_WARGEC.gmol,2,
4-Rhenium/Cell_WARGEC.gmol,3,
8-Copper/Cell_LOYRUP.gmol,0,
8-Copper/Cell_LOYRUP.gmol,1,
8-Copper/Cell_LOYRUP.gmol,2,
8-Copper/Cell_LOYRUP.gmol,3,
8-Copper/Cell_LOYRUP.gmol,4,
8-Copper/Cell_LOYRUP.gmol,5,
8-Copper/Cell_LOYRUP.gmol,6,
8-Copper/Cell_LOYRUP.gmol,7,
8-Copper/Cell_LOYRUP.gmol,8,
8-Copper/Cell_LOYRUP.gmol,9,
8-Copper/Cell_LOYRUP.gmol,10,
8-Copper/Cell_LOYRUP.gmol,11,
6-Cobalt/Cell_FIMDEM.gmol,0,
6-Cobalt/Cell_FIMDEM.gmol,1,
6-Cobalt/Cell_FIMDEM.gmol,2,
1-Iron/Cell_FURPEO.gmol,0,
1-Iron/Cell_FURPEO.gmol,1,
1-Iron/Cell_FURPEO.gmol,2,
1-Iron/Cell_FURPEO.gmol,3,
1-Iron/Cell_FURPEO.gmol,4,
1-Iron/Cell_FURPEO.gmol,5,
1-Iron/Cell_FURPEO.gmol,6,
1-Iron/Cell_FURPEO.gmol,7,
1-Iron/Cell_FURPEO.gmol,8,
1-Iron/Cell_FURPEO.gmol,9,
1-Iron/Cell_FURPEO.gmol,10,
1-Iron/Cell_FURPEO.gmol,11,
1-Iron/Cell_FURPEO.gmol,12,
1-Iron/Cell_FURPEO.gmol,13,
1-Iron/Cell_FURPEO.gmol,14,
1-Iron/Cell_FURPEO.gmol,15,
1-Iron/Cell_FURPEO.gmol,16,
1-Iron/Cell_FURPEO.gmol,17,
6-Cobalt/Cell_BACNOJ.gmol,0,
7-Nickel/Cell_ZAYNOE.gmol,0,
7-Nickel/Cell_ZAYNOE.gmol,1,
7-Nickel/Cell_ZAYNOE.gmol,2,
7-Nickel/Cell_ZAYNOE.gmol,3,
7-Nickel/Cell_ZAYNOE.gmol,4,
7-Nickel/Cell_ZAYNOE.gmol,5,
7-Nickel/Cell_ZAYNOE.gmol,6,
7-Nickel/Cell_ZAYNOE.gmol,7,
7-Nickel/Cell_ZAYNOE.gmol,8,
7-Nickel/Cell_ZAYNOE.gmol,9,
7-Nickel/Cell_ZAYNOE.gmol,10,
7-Nickel/Cell_ZAYNOE.gmol,11,
7-Nickel/Cell_ZAYNOE.gmol,12,
7-Nickel/Cell_ZAYNOE.gmol,13,
7-Nickel/Cell_ZAYNOE.gmol,14,
7-Nickel/Cell_ZAYNOE.gmol,15,
8-Copper/Cell_WOBHUS.gmol,0,
8-Copper/Cell_WOBHUS.gmol,1,
4-Rhenium/Cell_RATZUH.gmol,0,
4-Rhenium/Cell_RATZUH.gmol,1,
4-Rhenium/Cell_RATZUH.gmol,2,
4-Rhenium/Cell_RATZUH.gmol,3,
8-Copper/Cell_AQOXCU.gmol,0,
8-Copper/Cell_AQOXCU.gmol,1,
8-Copper/Cell_AQOXCU.gmol,2,
8-Copper/Cell_AQOXCU.gmol,3,
8-Copper/Cell_AQOXCU.gmol,4,
8-Copper/Cell_AQOXCU.gmol,5,
8-Copper/Cell_BODQAN.gmol,0,
8-Copper/Cell_BODQAN.gmol,1,
8-Copper/Cell_BODQAN.gmol,2,
8-Copper/Cell_BODQAN.gmol,3,
8-Copper/Cell_BODQAN.gmol,4,
8-Copper/Cell_BODQAN.gmol,5,
3-Ruthenium/Cell_DIYLAZ.gmol,0,
3-Ruthenium/Cell_DIYLAZ.gmol,1,
3-Ruthenium/Cell_DIYLAZ.gmol,2,
3-Ruthenium/Cell_DIYLAZ.gmol,3,
8-Copper/Cell_KENYUZ.gmol,0,
8-Copper/Cell_KENYUZ.gmol,1,
8-Copper/Cell_KENYUZ.gmol,2,
8-Copper/Cell_KENYUZ.gmol,3,
3-Ruthenium/Cell_FEVMOI.gmol,0,
3-Ruthenium/Cell_FEVMOI.gmol,1,
3-Ruthenium/Cell_FEVMOI.gmol,2,
3-Ruthenium/Cell_FEVMOI.gmol,3,
7-Nickel/Cell_VOCJUT.gmol,0,
7-Nickel/Cell_VOCJUT.gmol,1,
7-Nickel/Cell_VOCJUT.gmol,2,
7-Nickel/Cell_VOCJUT.gmol,3,
7-Nickel/Cell_VOCJUT.gmol,4,
7-Nickel/Cell_VOCJUT.gmol,5,
7-Nickel/Cell_VOCJUT.gmol,6,
7-Nickel/Cell_VOCJUT.gmol,7,
1-Iron/Cell_OKEGIX.gmol,0,
1-Iron/Cell_OKEGIX.gmol,1,
8-Copper/Cell_KAYKIF.gmol,0,
8-Copper/Cell_KAYKIF.gmol,1,
8-Copper/Cell_KAYKIF.gmol,2,
8-Copper/Cell_KAYKIF.gmol,3,
8-Copper/Cell_KAYKIF.gmol,4,
8-Copper/Cell_KAYKIF.gmol,5,
8-Copper/Cell_KAYKIF.gmol,6,
8-Copper/Cell_KAYKIF.gmol,7,
6-Cobalt/Cell_TDTCCO.gmol,0,
6-Cobalt/Cell_TDTCCO.gmol,1,
6-Cobalt/Cell_TDTCCO.gmol,2,
6-Cobalt/Cell_TDTCCO.gmol,3,
6-Cobalt/Cell_LOPYAR.gmol,0,
6-Cobalt/Cell_LOPYAR.gmol,1,
6-Cobalt/Cell_LOPYAR.gmol,2,
6-Cobalt/Cell_LOPYAR.gmol,3,
6-Cobalt/Cell_LOPYAR.gmol,4,
6-Cobalt/Cell_LOPYAR.gmol,5,
6-Cobalt/Cell_LOPYAR.gmol,6,
3-Ruthenium/Cell_HEDDUQ.gmol,0,
3-Ruthenium/Cell_HEDDUQ.gmol,1,
3-Ruthenium/Cell_HEDDUQ.gmol,2,
3-Ruthenium/Cell_HEDDUQ.gmol,3,
3-Ruthenium/Cell_HEDDUQ.gmol,4,
3-Ruthenium/Cell_HEDDUQ.gmol,5,
3-Ruthenium/Cell_HEDDUQ.gmol,6,
3-Ruthenium/Cell_HEDDUQ.gmol,7,
3-Ruthenium/Cell_HEDDUQ.gmol,8,
3-Ruthenium/Cell_HEDDUQ.gmol,9,
3-Ruthenium/Cell_HEDDUQ.gmol,10,
3-Ruthenium/Cell_HEDDUQ.gmol,11,
3-Ruthenium/Cell_HEDDUQ.gmol,12,
3-Ruthenium/Cell_HEDDUQ.gmol,13,
3-Ruthenium/Cell_HEDDUQ.gmol,14,
3-Ruthenium/Cell_HEDDUQ.gmol,15,
3-Ruthenium/Cell_HEDDUQ.gmol,16,
3-Ruthenium/Cell_HEDDUQ.gmol,17,
3-Ruthenium/Cell_HEDDUQ.gmol,18,
3-Ruthenium/Cell_HEDDUQ.gmol,19,
5-Chromium/Cell_DAPBIG.gmol,0,
5-Chromium/Cell_DAPBIG.gmol,1,
5-Chromium/Cell_DAPBIG.gmol,2,
5-Chromium/Cell_DAPBIG.gmol,3,
3-Ruthenium/Cell_UCIYOX.gmol,0,
3-Ruthenium/Cell_UCIYOX.gmol,1,
1-Iron/Cell_QOBGIZ.gmol,0,
1-Iron/Cell_QOBGIZ.gmol,1,
6-Cobalt/Cell_NUNZOM.gmol,0,
6-Cobalt/Cell_NUNZOM.gmol,1,
6-Cobalt/Cell_NUNZOM.gmol,2,
6-Cobalt/Cell_NUNZOM.gmol,3,
6-Cobalt/Cell_NUNZOM.gmol,4,
6-Cobalt/Cell_NUNZOM.gmol,5,
7-Nickel/Cell_DTOXNI.gmol,0,
7-Nickel/Cell_DTOXNI.gmol,1,
7-Nickel/Cell_DTOXNI.gmol,2,
7-Nickel/Cell_DTOXNI.gmol,3,
7-Nickel/Cell_DTOXNI.gmol,4,
7-Nickel/Cell_DTOXNI.gmol,5,
8-Copper/Cell_NAKPEW.gmol,0,
8-Copper/Cell_NAKPEW.gmol,1,
8-Copper/Cell_NAKPEW.gmol,2,
8-Copper/Cell_NAKPEW.gmol,3,
6-Cobalt/Cell_DIXRUX01.gmol,0,
6-Cobalt/Cell_DIXRUX01.gmol,1,
6-Cobalt/Cell_DIXRUX01.gmol,2,
6-Cobalt/Cell_YISQAT.gmol,0,
6-Cobalt/Cell_YISQAT.gmol,1,
3-Ruthenium/Cell_MIBXEA.gmol,0,
3-Ruthenium/Cell_MIBXEA.gmol,1,
3-Ruthenium/Cell_MIBXEA.gmol,2,
3-Ruthenium/Cell_MIBXEA.gmol,3,
8-Copper/Cell_KAHPOA.gmol,0,
8-Copper/Cell_KAHPOA.gmol,1,
8-Copper/Cell_KAHPOA.gmol,2,
8-Copper/Cell_KAHPOA.gmol,3,
8-Copper/Cell_KAHPOA.gmol,4,
8-Copper/Cell_KAHPOA.gmol,5,
2-Manganese/Cell_RONHOU.gmol,0,
2-Manganese/Cell_RONHOU.gmol,1,
2-Manganese/Cell_RONHOU.gmol,2,
2-Manganese/Cell_RONHOU.gmol,3,
2-Manganese/Cell_WOPVOM.gmol,0,
2-Manganese/Cell_WOPVOM.gmol,1,
2-Manganese/Cell_WOPVOM.gmol,2,
2-Manganese/Cell_WOPVOM.gmol,3,
2-Manganese/Cell_WOPVOM.gmol,4,
2-Manganese/Cell_WOPVOM.gmol,5,
2-Manganese/Cell_WOPVOM.gmol,6,
2-Manganese/Cell_WOPVOM.gmol,7,
2-Manganese/Cell_WOPVOM.gmol,8,
2-Manganese/Cell_WOPVOM.gmol,9,
8-Copper/Cell_TACPUL.gmol,0,
8-Copper/Cell_TACPUL.gmol,1,
7-Nickel/Cell_ULIGUT.gmol,0,
7-Nickel/Cell_ULIGUT.gmol,1,
7-Nickel/Cell_ULIGUT.gmol,2,
7-Nickel/Cell_ULIGUT.gmol,3,
7-Nickel/Cell_ULIGUT.gmol,4,
7-Nickel/Cell_ULIGUT.gmol,5,
7-Nickel/Cell_ULIGUT.gmol,6,
7-Nickel/Cell_ULIGUT.gmol,7,
8-Copper/Cell_GELJAK.gmol,0,
8-Copper/Cell_GELJAK.gmol,1,
8-Copper/Cell_GELJAK.gmol,2,
8-Copper/Cell_GELJAK.gmol,3,
8-Copper/Cell_GELJAK.gmol,4,
8-Copper/Cell_GELJAK.gmol,5,
8-Copper/Cell_GELJAK.gmol,6,
8-Copper/Cell_GELJAK.gmol,7,
8-Copper/Cell_GELJAK.gmol,8,
8-Copper/Cell_GELJAK.gmol,9,
8-Copper/Cell_GELJAK.gmol,10,
8-Copper/Cell_GELJAK.gmol,11,
8-Copper/Cell_GELJAK.gmol,12,
8-Copper/Cell_GELJAK.gmol,13,
8-Copper/Cell_GELJAK.gmol,14,
8-Copper/Cell_GELJAK.gmol,15,
8-Copper/Cell_GELJAK.gmol,16,
8-Copper/Cell_GELJAK.gmol,17,
8-Copper/Cell_GELJAK.gmol,18,
8-Copper/Cell_GELJAK.gmol,19,
8-Copper/Cell_GELJAK.gmol,20,
8-Copper/Cell_GELJAK.gmol,21,
8-Copper/Cell_GELJAK.gmol,22,
8-Copper/Cell_GELJAK.gmol,23,
8-Copper/Cell_GELJAK.gmol,24,
8-Copper/Cell_GELJAK.gmol,25,
8-Copper/Cell_GELJAK.gmol,26,
8-Copper/Cell_GELJAK.gmol,27,
8-Copper/Cell_GELJAK.gmol,28,
8-Copper/Cell_GELJAK.gmol,29,
8-Copper/Cell_GELJAK.gmol,30,
8-Copper/Cell_GELJAK.gmol,31,
8-Copper/Cell_GELJAK.gmol,32,
8-Copper/Cell_GELJAK.gmol,33,
8-Copper/Cell_GELJAK.gmol,34,
8-Copper/Cell_GELJAK.gmol,35,
8-Copper/Cell_GELJAK.gmol,36,
8-Copper/Cell_GELJAK.gmol,37,
8-Copper/Cell_GELJAK.gmol,38,
8-Copper/Cell_GELJAK.gmol,39,
8-Copper/Cell_GELJAK.gmol,40,
8-Copper/Cell_GELJAK.gmol,41,
8-Copper/Cell_GELJAK.gmol,42,
8-Copper/Cell_GELJAK.gmol,43,
8-Copper/Cell_GELJAK.gmol,44,
8-Copper/Cell_GELJAK.gmol,45,
8-Copper/Cell_GELJAK.gmol,46,
8-Copper/Cell_GELJAK.gmol,47,
8-Copper/Cell_GELJAK.gmol,48,
8-Copper/Cell_GELJAK.gmol,49,
8-Copper/Cell_GELJAK.gmol,50,
8-Copper/Cell_GELJAK.gmol,51,
8-Copper/Cell_GELJAK.gmol,52,
8-Copper/Cell_GELJAK.gmol,53,
8-Copper/Cell_GELJAK.gmol,54,
8-Copper/Cell_GELJAK.gmol,55,
8-Copper/Cell_GELJAK.gmol,56,
8-Copper/Cell_GELJAK.gmol,57,
8-Copper/Cell_GELJAK.gmol,58,
8-Copper/Cell_GELJAK.gmol,59,
8-Copper/Cell_GELJAK.gmol,60,
8-Copper/Cell_GELJAK.gmol,61,
8-Copper/Cell_GELJAK.gmol,62,
8-Copper/Cell_GELJAK.gmol,63,
8-Copper/Cell_GELJAK.gmol,64,
8-Copper/Cell_GELJAK.gmol,65,
8-Copper/Cell_GELJAK.gmol,66,
8-Copper/Cell_GELJAK.gmol,67,
8-Copper/Cell_GELJAK.gmol,68,
8-Copper/Cell_GELJAK.gmol,69,
8-Copper/Cell_GELJAK.gmol,70,
8-Copper/Cell_GELJAK.gmol,71,
8-Copper/Cell_GELJAK.gmol,72,
8-Copper/Cell_GELJAK.gmol,73,
8-Copper/Cell_GELJAK.gmol,74,
8-Copper/Cell_GELJAK.gmol,75,
8-Copper/Cell_GELJAK.gmol,76,
8-Copper/Cell_GELJAK.gmol,77,
8-Copper/Cell_GELJAK.gmol,78,
8-Copper/Cell_GELJAK.gmol,79,
6-Cobalt/Cell_YEZLEU.gmol,0,
6-Cobalt/Cell_YEZLEU.gmol,1,
6-Cobalt/Cell_YEZLEU.gmol,2,
6-Cobalt/Cell_QOXZEK.gmol,0,
6-Cobalt/Cell_QOXZEK.gmol,1,
6-Cobalt/Cell_QOXZEK.gmol,2,
6-Cobalt/Cell_QOXZEK.gmol,3,
7-Nickel/Cell_EPOZUF.gmol,0,
7-Nickel/Cell_EPOZUF.gmol,1,
7-Nickel/Cell_EPOZUF.gmol,2,
7-Nickel/Cell_EPOZUF.gmol,3,
8-Copper/Cell_VALDUH.gmol,0,
8-Copper/Cell_VALDUH.gmol,1,
8-Copper/Cell_VALDUH.gmol,2,
8-Copper/Cell_VALDUH.gmol,3,
6-Cobalt/Cell_GUZYIJ.gmol,0,
6-Cobalt/Cell_GUZYIJ.gmol,1,
6-Cobalt/Cell_GUZYIJ.gmol,2,
6-Cobalt/Cell_GUZYIJ.gmol,3,
6-Cobalt/Cell_GUZYIJ.gmol,4,
6-Cobalt/Cell_GUZYIJ.gmol,5,
6-Cobalt/Cell_GUZYIJ.gmol,6,
6-Cobalt/Cell_GUZYIJ.gmol,7,
6-Cobalt/Cell_GUZYIJ.gmol,8,
6-Cobalt/Cell_GUZYIJ.gmol,9,
6-Cobalt/Cell_GUZYIJ.gmol,10,
6-Cobalt/Cell_GUZYIJ.gmol,11,
6-Cobalt/Cell_GUZYIJ.gmol,12,
6-Cobalt/Cell_GUZYIJ.gmol,13,
6-Cobalt/Cell_GUZYIJ.gmol,14,
6-Cobalt/Cell_GUZYIJ.gmol,15,
6-Cobalt/Cell_GUZYIJ.gmol,16,
6-Cobalt/Cell_GUZYIJ.gmol,17,
6-Cobalt/Cell_GUZYIJ.gmol,18,
6-Cobalt/Cell_GUZYIJ.gmol,19,
8-Copper/Cell_FEFJIK.gmol,0,
8-Copper/Cell_FEFJIK.gmol,1,
8-Copper/Cell_FEFJIK.gmol,2,
8-Copper/Cell_FEFJIK.gmol,3,
8-Copper/Cell_FEFJIK.gmol,4,
8-Copper/Cell_FEFJIK.gmol,5,
8-Copper/Cell_FEFJIK.gmol,6,
8-Copper/Cell_FEFJIK.gmol,7,
8-Copper/Cell_FEFJIK.gmol,8,
8-Copper/Cell_FEFJIK.gmol,9,
8-Copper/Cell_FEFJIK.gmol,10,
8-Copper/Cell_FEFJIK.gmol,11,
6-Cobalt/Cell_BEQQAP.gmol,0,
6-Cobalt/Cell_BEQQAP.gmol,1,
7-Nickel/Cell_NECTIY.gmol,0,
7-Nickel/Cell_NECTIY.gmol,1,
8-Copper/Cell_JOBYUV.gmol,0,
8-Copper/Cell_JOBYUV.gmol,1,
1-Iron/Cell_EKIVUS.gmol,0,
1-Iron/Cell_EKIVUS.gmol,1,
1-Iron/Cell_EKIVUS.gmol,2,
1-Iron/Cell_EKIVUS.gmol,3,
5-Chromium/Cell_GOCWOK.gmol,0,
5-Chromium/Cell_GOCWOK.gmol,1,
5-Chromium/Cell_GOCWOK.gmol,2,
5-Chromium/Cell_GOCWOK.gmol,3,
1-Iron/Cell_DEDMAC.gmol,0,
1-Iron/Cell_DEDMAC.gmol,1,
7-Nickel/Cell_TITCEE.gmol,0,
7-Nickel/Cell_TITCEE.gmol,1,
7-Nickel/Cell_TITCEE.gmol,2,
7-Nickel/Cell_TITCEE.gmol,3,
7-Nickel/Cell_TITCEE.gmol,4,
7-Nickel/Cell_TITCEE.gmol,5,
7-Nickel/Cell_TITCEE.gmol,6,
7-Nickel/Cell_TITCEE.gmol,7,
3-Ruthenium/Cell_WISQEX.gmol,0,
3-Ruthenium/Cell_WISQEX.gmol,1,
7-Nickel/Cell_TAHPUO.gmol,0,
7-Nickel/Cell_TAHPUO.gmol,1,
7-Nickel/Cell_TAHPUO.gmol,2,
7-Nickel/Cell_TAHPUO.gmol,3,
7-Nickel/Cell_TAHPUO.gmol,4,
7-Nickel/Cell_TAHPUO.gmol,5,
7-Nickel/Cell_TAHPUO.gmol,6,
7-Nickel/Cell_TAHPUO.gmol,7,
1-Iron/Cell_VIVKAN.gmol,0,
1-Iron/Cell_VIVKAN.gmol,1,
8-Copper/Cell_CEXSIH.gmol,0,
8-Copper/Cell_CEXSIH.gmol,1,
8-Copper/Cell_CEXSIH.gmol,2,
8-Copper/Cell_CEXSIH.gmol,3,
8-Copper/Cell_CEXSIH.gmol,4,
8-Copper/Cell_CEXSIH.gmol,5,
8-Copper/Cell_CEXSIH.gmol,6,
8-Copper/Cell_CEXSIH.gmol,7,
8-Copper/Cell_CEXSIH.gmol,8,
8-Copper/Cell_CEXSIH.gmol,9,
8-Copper/Cell_CEXSIH.gmol,10,
8-Copper/Cell_CEXSIH.gmol,11,
8-Copper/Cell_CEXSIH.gmol,12,
8-Copper/Cell_CEXSIH.gmol,13,
8-Copper/Cell_CEXSIH.gmol,14,
8-Copper/Cell_CEXSIH.gmol,15,
3-Ruthenium/Cell_CABYIN.gmol,0,
3-Ruthenium/Cell_CABYIN.gmol,1,
3-Ruthenium/Cell_CABYIN.gmol,2,
3-Ruthenium/Cell_CABYIN.gmol,3,
7-Nickel/Cell_GAGHAZ.gmol,0,
7-Nickel/Cell_GAGHAZ.gmol,1,
7-Nickel/Cell_GAGHAZ.gmol,2,
7-Nickel/Cell_PARSAD.gmol,0,
7-Nickel/Cell_PARSAD.gmol,1,
7-Nickel/Cell_PARSAD.gmol,2,
7-Nickel/Cell_PARSAD.gmol,3,
8-Copper/Cell_YIMXEA.gmol,0,
8-Copper/Cell_YIMXEA.gmol,1,
8-Copper/Cell_YIMXEA.gmol,2,
8-Copper/Cell_YIMXEA.gmol,3,
7-Nickel/Cell_TOLZOK.gmol,0,
7-Nickel/Cell_TOLZOK.gmol,1,
7-Nickel/Cell_TOLZOK.gmol,2,
7-Nickel/Cell_TOLZOK.gmol,3,
8-Copper/Cell_PMHQZC10.gmol,0,
8-Copper/Cell_PMHQZC10.gmol,1,
8-Copper/Cell_PMHQZC10.gmol,2,
8-Copper/Cell_PMHQZC10.gmol,3,
8-Copper/Cell_PMHQZC10.gmol,4,
8-Copper/Cell_PMHQZC10.gmol,5,
8-Copper/Cell_PMHQZC10.gmol,6,
8-Copper/Cell_PMHQZC10.gmol,7,
8-Copper/Cell_CADNIF.gmol,0,
8-Copper/Cell_CADNIF.gmol,1,
8-Copper/Cell_CADNIF.gmol,2,
8-Copper/Cell_CADNIF.gmol,3,
7-Nickel/Cell_SALANI.gmol,0,
3-Ruthenium/Cell_ITUYON.gmol,0,
3-Ruthenium/Cell_ITUYON.gmol,1,
3-Ruthenium/Cell_ITUYON.gmol,2,
3-Ruthenium/Cell_ITUYON.gmol,3,
3-Ruthenium/Cell_ITUYON.gmol,4,
3-Ruthenium/Cell_ITUYON.gmol,5,
2-Manganese/Cell_FEKLIT.gmol,0,
2-Manganese/Cell_FEKLIT.gmol,1,
2-Manganese/Cell_FEKLIT.gmol,2,
2-Manganese/Cell_FEKLIT.gmol,3,
2-Manganese/Cell_FEKLIT.gmol,4,
2-Manganese/Cell_FEKLIT.gmol,5,
2-Manganese/Cell_FEKLIT.gmol,6,
2-Manganese/Cell_FEKLIT.gmol,7,
2-Manganese/Cell_FEKLIT.gmol,8,
2-Manganese/Cell_FEKLIT.gmol,9,
2-Manganese/Cell_FEKLIT.gmol,10,
2-Manganese/Cell_FEKLIT.gmol,11,
8-Copper/Cell_SIXQAU.gmol,0,
8-Copper/Cell_SIXQAU.gmol,1,
3-Ruthenium/Cell_LOHKUP.gmol,0,
3-Ruthenium/Cell_LOHKUP.gmol,1,
3-Ruthenium/Cell_LOHKUP.gmol,2,
3-Ruthenium/Cell_LOHKUP.gmol,3,
6-Cobalt/Cell_AROMOK.gmol,0,
6-Cobalt/Cell_AROMOK.gmol,1,
6-Cobalt/Cell_AROMOK.gmol,2,
6-Cobalt/Cell_AROMOK.gmol,3,
6-Cobalt/Cell_AROMOK.gmol,4,
6-Cobalt/Cell_AROMOK.gmol,5,
6-Cobalt/Cell_AROMOK.gmol,6,
6-Cobalt/Cell_AROMOK.gmol,7,
6-Cobalt/Cell_PABPUG.gmol,0,
6-Cobalt/Cell_PABPUG.gmol,1,
6-Cobalt/Cell_PABPUG.gmol,2,
6-Cobalt/Cell_PABPUG.gmol,3,
6-Cobalt/Cell_PABPUG.gmol,4,
6-Cobalt/Cell_PABPUG.gmol,5,
7-Nickel/Cell_MTACNI.gmol,0,
7-Nickel/Cell_MTACNI.gmol,1,
7-Nickel/Cell_MTACNI.gmol,2,
7-Nickel/Cell_MTACNI.gmol,3,
7-Nickel/Cell_MTACNI.gmol,4,
7-Nickel/Cell_MTACNI.gmol,5,
7-Nickel/Cell_MTACNI.gmol,6,
7-Nickel/Cell_MTACNI.gmol,7,
7-Nickel/Cell_BIJRUJ.gmol,0,
7-Nickel/Cell_BIJRUJ.gmol,1,
7-Nickel/Cell_BIJRUJ.gmol,2,
7-Nickel/Cell_BIJRUJ.gmol,3,
8-Copper/Cell_AGABUH.gmol,0,
8-Copper/Cell_AGABUH.gmol,1,
1-Iron/Cell_USURAC.gmol,0,
1-Iron/Cell_USURAC.gmol,1,
1-Iron/Cell_USURAC.gmol,2,
1-Iron/Cell_USURAC.gmol,3,
8-Copper/Cell_HEFNAH.gmol,0,
8-Copper/Cell_HEFNAH.gmol,1,
8-Copper/Cell_HEFNAH.gmol,2,
8-Copper/Cell_HEFNAH.gmol,3,
8-Copper/Cell_HEFNAH.gmol,4,
8-Copper/Cell_HEFNAH.gmol,5,
8-Copper/Cell_HEFNAH.gmol,6,
8-Copper/Cell_HEFNAH.gmol,7,
6-Cobalt/Cell_AQIPUL.gmol,0,
6-Cobalt/Cell_AQIPUL.gmol,1,
6-Cobalt/Cell_QUXXAJ.gmol,0,
6-Cobalt/Cell_QUXXAJ.gmol,1,
2-Manganese/Cell_SOPSUM.gmol,0,
2-Manganese/Cell_SOPSUM.gmol,1,
2-Manganese/Cell_SOPSUM.gmol,2,
2-Manganese/Cell_SOPSUM.gmol,3,
5-Chromium/Cell_YIKVUJ.gmol,0,
5-Chromium/Cell_YIKVUJ.gmol,1,
5-Chromium/Cell_YIKVUJ.gmol,2,
5-Chromium/Cell_YIKVUJ.gmol,3,
7-Nickel/Cell_YEHNAA.gmol,0,
7-Nickel/Cell_YEHNAA.gmol,1,
7-Nickel/Cell_YEHNAA.gmol,2,
7-Nickel/Cell_YEHNAA.gmol,3,
8-Copper/Cell_HATDIP.gmol,0,
8-Copper/Cell_HATDIP.gmol,1,
8-Copper/Cell_HATDIP.gmol,2,
7-Nickel/Cell_TUZLAD.gmol,0,
7-Nickel/Cell_TUZLAD.gmol,1,
7-Nickel/Cell_TUZLAD.gmol,2,
7-Nickel/Cell_TUZLAD.gmol,3,
7-Nickel/Cell_FENTUO.gmol,0,
7-Nickel/Cell_FENTUO.gmol,1,
7-Nickel/Cell_FENTUO.gmol,2,
7-Nickel/Cell_FENTUO.gmol,3,
7-Nickel/Cell_FENTUO.gmol,4,
7-Nickel/Cell_FENTUO.gmol,5,
7-Nickel/Cell_FENTUO.gmol,6,
7-Nickel/Cell_FENTUO.gmol,7,
7-Nickel/Cell_VOGVIW.gmol,0,
7-Nickel/Cell_VOGVIW.gmol,1,
7-Nickel/Cell_VOGVIW.gmol,2,
7-Nickel/Cell_HUSFAC.gmol,0,
7-Nickel/Cell_HUSFAC.gmol,1,
7-Nickel/Cell_LACENI.gmol,0,
7-Nickel/Cell_LACENI.gmol,1,
7-Nickel/Cell_LACENI.gmol,2,
7-Nickel/Cell_LACENI.gmol,3,
1-Iron/Cell_HIFBUW.gmol,0,
1-Iron/Cell_HIFBUW.gmol,1,
1-Iron/Cell_HIFBUW.gmol,2,
1-Iron/Cell_HIFBUW.gmol,3,
1-Iron/Cell_HIFBUW.gmol,4,
1-Iron/Cell_HIFBUW.gmol,5,
1-Iron/Cell_HIFBUW.gmol,6,
1-Iron/Cell_HIFBUW.gmol,7,
7-Nickel/Cell_PUJSOC.gmol,0,
7-Nickel/Cell_PUJSOC.gmol,1,
7-Nickel/Cell_PUJSOC.gmol,2,
7-Nickel/Cell_PUJSOC.gmol,3,
7-Nickel/Cell_PUJSOC.gmol,4,
7-Nickel/Cell_PUJSOC.gmol,5,
7-Nickel/Cell_PUJSOC.gmol,6,
7-Nickel/Cell_PUJSOC.gmol,7,
7-Nickel/Cell_QOYFIT.gmol,0,
7-Nickel/Cell_QOYFIT.gmol,1,
7-Nickel/Cell_QOYFIT.gmol,2,
7-Nickel/Cell_QOYFIT.gmol,3,
8-Copper/Cell_FILCIO.gmol,0,
8-Copper/Cell_FILCIO.gmol,1,
8-Copper/Cell_FILCIO.gmol,2,
8-Copper/Cell_FILCIO.gmol,3,
8-Copper/Cell_FILCIO.gmol,4,
8-Copper/Cell_FILCIO.gmol,5,
8-Copper/Cell_FILCIO.gmol,6,
8-Copper/Cell_FILCIO.gmol,7,
6-Cobalt/Cell_BOHGAG.gmol,0,
6-Cobalt/Cell_BOHGAG.gmol,1,
6-Cobalt/Cell_BOHGAG.gmol,2,
6-Cobalt/Cell_BOHGAG.gmol,3,
6-Cobalt/Cell_BOHGAG.gmol,4,
6-Cobalt/Cell_BOHGAG.gmol,5,
6-Cobalt/Cell_BOHGAG.gmol,6,
6-Cobalt/Cell_BOHGAG.gmol,7,
6-Cobalt/Cell_BOHGAG.gmol,8,
6-Cobalt/Cell_BOHGAG.gmol,9,
6-Cobalt/Cell_BOHGAG.gmol,10,
8-Copper/Cell_GEWLAV.gmol,0,
8-Copper/Cell_GEWLAV.gmol,1,
5-Chromium/Cell_MACRCC.gmol,0,
5-Chromium/Cell_MACRCC.gmol,1,
5-Chromium/Cell_MACRCC.gmol,2,
5-Chromium/Cell_MACRCC.gmol,3,
5-Chromium/Cell_MACRCC.gmol,4,
5-Chromium/Cell_MACRCC.gmol,5,
5-Chromium/Cell_MACRCC.gmol,6,
5-Chromium/Cell_MACRCC.gmol,7,
5-Chromium/Cell_MACRCC.gmol,8,
5-Chromium/Cell_MACRCC.gmol,9,
5-Chromium/Cell_MACRCC.gmol,10,
5-Chromium/Cell_MACRCC.gmol,11,
8-Copper/Cell_DIWTEL.gmol,0,
2-Manganese/Cell_SOQVEA.gmol,0,
8-Copper/Cell_KOGFAO.gmol,0,
8-Copper/Cell_KOGFAO.gmol,1,
8-Copper/Cell_KOGFAO.gmol,2,
8-Copper/Cell_KOGFAO.gmol,3,
1-Iron/Cell_QOVCUA.gmol,0,
1-Iron/Cell_QOVCUA.gmol,1,
1-Iron/Cell_QOVCUA.gmol,2,
1-Iron/Cell_QOVCUA.gmol,3,
1-Iron/Cell_QOVCUA.gmol,4,
1-Iron/Cell_QOVCUA.gmol,5,
1-Iron/Cell_QOVCUA.gmol,6,
1-Iron/Cell_QOVCUA.gmol,7,
1-Iron/Cell_QOVCUA.gmol,8,
1-Iron/Cell_QOVCUA.gmol,9,
1-Iron/Cell_QOVCUA.gmol,10,
1-Iron/Cell_QOVCUA.gmol,11,
8-Copper/Cell_BIMSOG.gmol,0,
8-Copper/Cell_BIMSOG.gmol,1,
6-Cobalt/Cell_EYOMOW.gmol,0,
6-Cobalt/Cell_EYOMOW.gmol,1,
4-Rhenium/Cell_VEVCIL.gmol,0,
4-Rhenium/Cell_VEVCIL.gmol,1,
8-Copper/Cell_FOQDAQ.gmol,0,
8-Copper/Cell_FOQDAQ.gmol,1,
8-Copper/Cell_FOQDAQ.gmol,2,
8-Copper/Cell_FOQDAQ.gmol,3,
8-Copper/Cell_FOQDAQ.gmol,4,
8-Copper/Cell_FOQDAQ.gmol,5,
8-Copper/Cell_LUNYOJ.gmol,0,
8-Copper/Cell_LUNYOJ.gmol,1,
8-Copper/Cell_LUNYOJ.gmol,2,
8-Copper/Cell_LUNYOJ.gmol,3,
1-Iron/Cell_IZOJOY.gmol,0,
1-Iron/Cell_IZOJOY.gmol,1,
1-Iron/Cell_IZOJOY.gmol,2,
1-Iron/Cell_IZOJOY.gmol,3,
1-Iron/Cell_IZOJOY.gmol,4,
1-Iron/Cell_IZOJOY.gmol,5,
6-Cobalt/Cell_NUPBOQ.gmol,0,
8-Copper/Cell_SADSUO.gmol,0,
8-Copper/Cell_SADSUO.gmol,1,
8-Copper/Cell_SADSUO.gmol,2,
8-Copper/Cell_SADSUO.gmol,3,
8-Copper/Cell_SADSUO.gmol,4,
8-Copper/Cell_SADSUO.gmol,5,
3-Ruthenium/Cell_HEDDIE.gmol,0,
3-Ruthenium/Cell_HEDDIE.gmol,1,
3-Ruthenium/Cell_HEDDIE.gmol,2,
3-Ruthenium/Cell_HEDDIE.gmol,3,
3-Ruthenium/Cell_HEDDIE.gmol,4,
3-Ruthenium/Cell_HEDDIE.gmol,5,
3-Ruthenium/Cell_HEDDIE.gmol,6,
3-Ruthenium/Cell_HEDDIE.gmol,7,
3-Ruthenium/Cell_HEDDIE.gmol,8,
3-Ruthenium/Cell_HEDDIE.gmol,9,
3-Ruthenium/Cell_HEDDIE.gmol,10,
3-Ruthenium/Cell_HEDDIE.gmol,11,
7-Nickel/Cell_DEPLEQ.gmol,0,
7-Nickel/Cell_DEPLEQ.gmol,1,
7-Nickel/Cell_DEPLEQ.gmol,2,
7-Nickel/Cell_DEPLEQ.gmol,3,
8-Copper/Cell_COZRAM.gmol,0,
7-Nickel/Cell_COBLOX.gmol,0,
7-Nickel/Cell_COBLOX.gmol,1,
8-Copper/Cell_WOPTAX.gmol,0,
8-Copper/Cell_WOPTAX.gmol,1,
8-Copper/Cell_WOPTAX.gmol,2,
8-Copper/Cell_WOPTAX.gmol,3,
5-Chromium/Cell_DOFVIG.gmol,0,
5-Chromium/Cell_DOFVIG.gmol,1,
5-Chromium/Cell_DOFVIG.gmol,2,
5-Chromium/Cell_DOFVIG.gmol,3,
5-Chromium/Cell_DOFVIG.gmol,4,
5-Chromium/Cell_DOFVIG.gmol,5,
5-Chromium/Cell_DOFVIG.gmol,6,
5-Chromium/Cell_DOFVIG.gmol,7,
5-Chromium/Cell_DOFVIG.gmol,8,
5-Chromium/Cell_DOFVIG.gmol,9,
5-Chromium/Cell_DOFVIG.gmol,10,
5-Chromium/Cell_DOFVIG.gmol,11,
5-Chromium/Cell_DOFVIG.gmol,12,
5-Chromium/Cell_DOFVIG.gmol,13,
5-Chromium/Cell_DOFVIG.gmol,14,
5-Chromium/Cell_DOFVIG.gmol,15,
7-Nickel/Cell_FOPHOJ.gmol,0,
7-Nickel/Cell_FOPHOJ.gmol,1,
7-Nickel/Cell_FOPHOJ.gmol,2,
7-Nickel/Cell_FOPHOJ.gmol,3,
7-Nickel/Cell_FOPHOJ.gmol,4,
7-Nickel/Cell_FOPHOJ.gmol,5,
7-Nickel/Cell_FOPHOJ.gmol,6,
7-Nickel/Cell_FOPHOJ.gmol,7,
6-Cobalt/Cell_ZOZPAF.gmol,0,
6-Cobalt/Cell_ZOZPAF.gmol,1,
6-Cobalt/Cell_ZOZPAF.gmol,2,
6-Cobalt/Cell_ZOZPAF.gmol,3,
6-Cobalt/Cell_ZOZPAF.gmol,4,
6-Cobalt/Cell_ZOZPAF.gmol,5,
6-Cobalt/Cell_ZOZPAF.gmol,6,
6-Cobalt/Cell_ZOZPAF.gmol,7,
8-Copper/Cell_KICQIY.gmol,0,
8-Copper/Cell_KICQIY.gmol,1,
8-Copper/Cell_KICQIY.gmol,2,
8-Copper/Cell_KICQIY.gmol,3,
2-Manganese/Cell_TAMPOP.gmol,0,
2-Manganese/Cell_TAMPOP.gmol,1,
2-Manganese/Cell_TAMPOP.gmol,2,
2-Manganese/Cell_TAMPOP.gmol,3,
1-Iron/Cell_PIVGUX.gmol,0,
1-Iron/Cell_PIVGUX.gmol,1,
1-Iron/Cell_PIVGUX.gmol,2,
1-Iron/Cell_PIVGUX.gmol,3,
1-Iron/Cell_PIVGUX.gmol,4,
1-Iron/Cell_PIVGUX.gmol,5,
1-Iron/Cell_PIVGUX.gmol,6,
1-Iron/Cell_PIVGUX.gmol,7,
1-Iron/Cell_PIVGUX.gmol,8,
1-Iron/Cell_PIVGUX.gmol,9,
1-Iron/Cell_PIVGUX.gmol,10,
1-Iron/Cell_PIVGUX.gmol,11,
3-Ruthenium/Cell_GOLFAR.gmol,0,
3-Ruthenium/Cell_GOLFAR.gmol,1,
3-Ruthenium/Cell_GOLFAR.gmol,2,
3-Ruthenium/Cell_GOLFAR.gmol,3,
7-Nickel/Cell_LAHDAA.gmol,0,
7-Nickel/Cell_LAHDAA.gmol,1,
7-Nickel/Cell_LAHDAA.gmol,2,
7-Nickel/Cell_LAHDAA.gmol,3,
7-Nickel/Cell_LAHDAA.gmol,4,
7-Nickel/Cell_LAHDAA.gmol,5,
7-Nickel/Cell_LAHDAA.gmol,6,
7-Nickel/Cell_LAHDAA.gmol,7,
7-Nickel/Cell_LAHDAA.gmol,8,
7-Nickel/Cell_LAHDAA.gmol,9,
7-Nickel/Cell_LAHDAA.gmol,10,
7-Nickel/Cell_LAHDAA.gmol,11,
7-Nickel/Cell_LAHDAA.gmol,12,
7-Nickel/Cell_LAHDAA.gmol,13,
7-Nickel/Cell_LAHDAA.gmol,14,
7-Nickel/Cell_LAHDAA.gmol,15,
8-Copper/Cell_WUFFAG.gmol,0,
8-Copper/Cell_WUFFAG.gmol,1,
8-Copper/Cell_WUFFAG.gmol,2,
8-Copper/Cell_WUFFAG.gmol,3,
5-Chromium/Cell_XOCNUY.gmol,0,
5-Chromium/Cell_XOCNUY.gmol,1,
5-Chromium/Cell_XOCNUY.gmol,2,
5-Chromium/Cell_XOCNUY.gmol,3,
6-Cobalt/Cell_NITPEM.gmol,0,
6-Cobalt/Cell_NITPEM.gmol,1,
6-Cobalt/Cell_NITPEM.gmol,2,
6-Cobalt/Cell_NITPEM.gmol,3,
6-Cobalt/Cell_NITPEM.gmol,4,
6-Cobalt/Cell_NITPEM.gmol,5,
6-Cobalt/Cell_ZZZEJG01.gmol,0,
6-Cobalt/Cell_ZZZEJG01.gmol,1,
6-Cobalt/Cell_ZZZEJG01.gmol,2,
7-Nickel/Cell_NOPSOC.gmol,0,
7-Nickel/Cell_NOPSOC.gmol,1,
7-Nickel/Cell_NOPSOC.gmol,2,
7-Nickel/Cell_NOPSOC.gmol,3,
7-Nickel/Cell_NOPSOC.gmol,4,
7-Nickel/Cell_NOPSOC.gmol,5,
7-Nickel/Cell_NOPSOC.gmol,6,
7-Nickel/Cell_NOPSOC.gmol,7,
7-Nickel/Cell_NOPSOC.gmol,8,
7-Nickel/Cell_NOPSOC.gmol,9,
7-Nickel/Cell_NOPSOC.gmol,10,
7-Nickel/Cell_NOPSOC.gmol,11,
7-Nickel/Cell_NOPSOC.gmol,12,
7-Nickel/Cell_NOPSOC.gmol,13,
7-Nickel/Cell_NOPSOC.gmol,14,
7-Nickel/Cell_NOPSOC.gmol,15,
8-Copper/Cell_AHASOR.gmol,0,
8-Copper/Cell_AHASOR.gmol,1,
8-Copper/Cell_AHASOR.gmol,2,
8-Copper/Cell_AHASOR.gmol,3,
8-Copper/Cell_AHASOR.gmol,4,
8-Copper/Cell_AHASOR.gmol,5,
8-Copper/Cell_AHASOR.gmol,6,
8-Copper/Cell_AHASOR.gmol,7,
8-Copper/Cell_AHASOR.gmol,8,
8-Copper/Cell_AHASOR.gmol,9,
7-Nickel/Cell_YAYJAM.gmol,0,
7-Nickel/Cell_YAYJAM.gmol,1,
4-Rhenium/Cell_ASINEV.gmol,0,
4-Rhenium/Cell_ASINEV.gmol,1,
4-Rhenium/Cell_ASINEV.gmol,2,
4-Rhenium/Cell_ASINEV.gmol,3,
4-Rhenium/Cell_ASINEV.gmol,4,
4-Rhenium/Cell_ASINEV.gmol,5,
4-Rhenium/Cell_ASINEV.gmol,6,
4-Rhenium/Cell_ASINEV.gmol,7,
4-Rhenium/Cell_ASINEV.gmol,8,
4-Rhenium/Cell_ASINEV.gmol,9,
8-Copper/Cell_ALELIN.gmol,0,
8-Copper/Cell_ALELIN.gmol,1,
8-Copper/Cell_ALELIN.gmol,2,
8-Copper/Cell_ALELIN.gmol,3,
8-Copper/Cell_ALELIN.gmol,4,
8-Copper/Cell_ALELIN.gmol,5,
8-Copper/Cell_ALELIN.gmol,6,
8-Copper/Cell_ALELIN.gmol,7,
8-Copper/Cell_ALELIN.gmol,8,
8-Copper/Cell_ALELIN.gmol,9,
8-Copper/Cell_ALELIN.gmol,10,
8-Copper/Cell_ALELIN.gmol,11,
4-Rhenium/Cell_HIYPIP.gmol,0,
4-Rhenium/Cell_HIYPIP.gmol,1,
4-Rhenium/Cell_HIYPIP.gmol,2,
4-Rhenium/Cell_HIYPIP.gmol,3,
8-Copper/Cell_ZATXOJ.gmol,0,
8-Copper/Cell_ZATXOJ.gmol,1,
8-Copper/Cell_ZATXOJ.gmol,2,
8-Copper/Cell_ZATXOJ.gmol,3,
8-Copper/Cell_ZATXOJ.gmol,4,
8-Copper/Cell_ZATXOJ.gmol,5,
8-Copper/Cell_ZATXOJ.gmol,6,
8-Copper/Cell_ZATXOJ.gmol,7,
7-Nickel/Cell_TEHBIT.gmol,0,
7-Nickel/Cell_TEHBIT.gmol,1,
7-Nickel/Cell_TEHBIT.gmol,2,
7-Nickel/Cell_TEHBIT.gmol,3,
8-Copper/Cell_BAHJOL.gmol,0,
8-Copper/Cell_BAHJOL.gmol,1,
8-Copper/Cell_BAHJOL.gmol,2,
8-Copper/Cell_BAHJOL.gmol,3,
8-Copper/Cell_BAHJOL.gmol,4,
8-Copper/Cell_BAHJOL.gmol,5,
8-Copper/Cell_BAHJOL.gmol,6,
8-Copper/Cell_BAHJOL.gmol,7,
8-Copper/Cell_BAHJOL.gmol,8,
8-Copper/Cell_BAHJOL.gmol,9,
8-Copper/Cell_BAHJOL.gmol,10,
8-Copper/Cell_BAHJOL.gmol,11,
8-Copper/Cell_BAHJOL.gmol,12,
8-Copper/Cell_BAHJOL.gmol,13,
8-Copper/Cell_BAHJOL.gmol,14,
8-Copper/Cell_BAHJOL.gmol,15,
8-Copper/Cell_BAHJOL.gmol,16,
8-Copper/Cell_BAHJOL.gmol,17,
8-Copper/Cell_BAHJOL.gmol,18,
8-Copper/Cell_BAHJOL.gmol,19,
8-Copper/Cell_IMIVAC.gmol,0,
8-Copper/Cell_IMIVAC.gmol,1,
8-Copper/Cell_IMIVAC.gmol,2,
8-Copper/Cell_IMIVAC.gmol,3,
7-Nickel/Cell_TISCOP.gmol,0,
7-Nickel/Cell_TISCOP.gmol,1,
7-Nickel/Cell_TISCOP.gmol,2,
7-Nickel/Cell_TISCOP.gmol,3,
8-Copper/Cell_YIVTAY.gmol,0,
8-Copper/Cell_YIVTAY.gmol,1,
8-Copper/Cell_YIVTAY.gmol,2,
8-Copper/Cell_YIVTAY.gmol,3,
8-Copper/Cell_YIVTAY.gmol,4,
8-Copper/Cell_YIVTAY.gmol,5,
8-Copper/Cell_YIVTAY.gmol,6,
8-Copper/Cell_YIVTAY.gmol,7,
8-Copper/Cell_YIVTAY.gmol,8,
8-Copper/Cell_YIVTAY.gmol,9,
8-Copper/Cell_YIVTAY.gmol,10,
8-Copper/Cell_YIVTAY.gmol,11,
8-Copper/Cell_YIVTAY.gmol,12,
8-Copper/Cell_YIVTAY.gmol,13,
8-Copper/Cell_YIVTAY.gmol,14,
8-Copper/Cell_YIVTAY.gmol,15,
8-Copper/Cell_YIVTAY.gmol,16,
8-Copper/Cell_YIVTAY.gmol,17,
8-Copper/Cell_YIVTAY.gmol,18,
8-Copper/Cell_YIVTAY.gmol,19,
8-Copper/Cell_YIVTAY.gmol,20,
8-Copper/Cell_YIVTAY.gmol,21,
8-Copper/Cell_YIVTAY.gmol,22,
8-Copper/Cell_YIVTAY.gmol,23,
8-Copper/Cell_YIVTAY.gmol,24,
8-Copper/Cell_YIVTAY.gmol,25,
8-Copper/Cell_YIVTAY.gmol,26,
8-Copper/Cell_YIVTAY.gmol,27,
6-Cobalt/Cell_YIZWIQ.gmol,0,
6-Cobalt/Cell_OGIPID.gmol,0,
8-Copper/Cell_YEJHAY.gmol,0,
8-Copper/Cell_YEJHAY.gmol,1,
8-Copper/Cell_YEJHAY.gmol,2,
8-Copper/Cell_YEJHAY.gmol,3,
8-Copper/Cell_YEJHAY.gmol,4,
8-Copper/Cell_YEJHAY.gmol,5,
8-Copper/Cell_WEQJIL.gmol,0,
8-Copper/Cell_WEQJIL.gmol,1,
8-Copper/Cell_WEQJIL.gmol,2,
8-Copper/Cell_WEQJIL.gmol,3,
8-Copper/Cell_XAJREG.gmol,0,
8-Copper/Cell_XAJREG.gmol,1,
8-Copper/Cell_REKQII.gmol,0,
8-Copper/Cell_REKQII.gmol,1,
8-Copper/Cell_REKQII.gmol,2,
8-Copper/Cell_REKQII.gmol,3,
8-Copper/Cell_REKQII.gmol,4,
8-Copper/Cell_REKQII.gmol,5,
8-Copper/Cell_REKQII.gmol,6,
8-Copper/Cell_REKQII.gmol,7,
8-Copper/Cell_UGELAU.gmol,0,
8-Copper/Cell_UGELAU.gmol,1,
8-Copper/Cell_UGUWOJ.gmol,0,
8-Copper/Cell_UGUWOJ.gmol,1,
8-Copper/Cell_UGUWOJ.gmol,2,
8-Copper/Cell_UGUWOJ.gmol,3,
4-Rhenium/Cell_YUSJUR.gmol,0,
4-Rhenium/Cell_YUSJUR.gmol,1,
4-Rhenium/Cell_YUSJUR.gmol,2,
4-Rhenium/Cell_YUSJUR.gmol,3,
3-Ruthenium/Cell_QOJCEX.gmol,0,
3-Ruthenium/Cell_QOJCEX.gmol,1,
3-Ruthenium/Cell_QOJCEX.gmol,2,
3-Ruthenium/Cell_QOJCEX.gmol,3,
3-Ruthenium/Cell_QOJCEX.gmol,4,
3-Ruthenium/Cell_QOJCEX.gmol,5,
3-Ruthenium/Cell_QOJCEX.gmol,6,
3-Ruthenium/Cell_QOJCEX.gmol,7,
8-Copper/Cell_ZOCKUZ.gmol,0,
8-Copper/Cell_ZOCKUZ.gmol,1,
8-Copper/Cell_ZOCKUZ.gmol,2,
8-Copper/Cell_ZOCKUZ.gmol,3,
8-Copper/Cell_ZOCKUZ.gmol,4,
8-Copper/Cell_ZOCKUZ.gmol,5,
8-Copper/Cell_ZOCKUZ.gmol,6,
8-Copper/Cell_XAVXIC.gmol,0,
8-Copper/Cell_XAVXIC.gmol,1,
8-Copper/Cell_XAVXIC.gmol,2,
8-Copper/Cell_XAVXIC.gmol,3,
8-Copper/Cell_NAXRIP.gmol,0,
8-Copper/Cell_NAXRIP.gmol,1,
8-Copper/Cell_NAXRIP.gmol,2,
8-Copper/Cell_NAXRIP.gmol,3,
8-Copper/Cell_NAXRIP.gmol,4,
6-Cobalt/Cell_XUPREF.gmol,0,
6-Cobalt/Cell_XUPREF.gmol,1,
7-Nickel/Cell_GIFBOO.gmol,0,
7-Nickel/Cell_ODUCUO.gmol,0,
7-Nickel/Cell_ODUCUO.gmol,1,
7-Nickel/Cell_ODUCUO.gmol,2,
7-Nickel/Cell_ODUCUO.gmol,3,
4-Rhenium/Cell_WEMKUU.gmol,0,
4-Rhenium/Cell_WEMKUU.gmol,1,
8-Copper/Cell_QITGEF.gmol,0,
8-Copper/Cell_QITGEF.gmol,1,
6-Cobalt/Cell_SAWVOE.gmol,0,
6-Cobalt/Cell_SAWVOE.gmol,1,
6-Cobalt/Cell_SAWVOE.gmol,2,
6-Cobalt/Cell_SAWVOE.gmol,3,
7-Nickel/Cell_BOXMEG.gmol,0,
7-Nickel/Cell_BOXMEG.gmol,1,
7-Nickel/Cell_BOXMEG.gmol,2,
7-Nickel/Cell_BOXMEG.gmol,3,
7-Nickel/Cell_BOXMEG.gmol,4,
7-Nickel/Cell_BOXMEG.gmol,5,
8-Copper/Cell_VEBSAW.gmol,0,
8-Copper/Cell_VEBSAW.gmol,1,
8-Copper/Cell_VEBSAW.gmol,2,
8-Copper/Cell_VEBSAW.gmol,3,
7-Nickel/Cell_PHDTNI10.gmol,0,
7-Nickel/Cell_PHDTNI10.gmol,1,
7-Nickel/Cell_PHDTNI10.gmol,2,
7-Nickel/Cell_PHDTNI10.gmol,3,
7-Nickel/Cell_PHDTNI10.gmol,4,
7-Nickel/Cell_PHDTNI10.gmol,5,
7-Nickel/Cell_PHDTNI10.gmol,6,
7-Nickel/Cell_PHDTNI10.gmol,7,
7-Nickel/Cell_PHDTNI10.gmol,8,
7-Nickel/Cell_PHDTNI10.gmol,9,
7-Nickel/Cell_PHDTNI10.gmol,10,
7-Nickel/Cell_PHDTNI10.gmol,11,
7-Nickel/Cell_FASCIN.gmol,0,
7-Nickel/Cell_FASCIN.gmol,1,
7-Nickel/Cell_FASCIN.gmol,2,
7-Nickel/Cell_FASCIN.gmol,3,
7-Nickel/Cell_AYOYES.gmol,0,
7-Nickel/Cell_AYOYES.gmol,1,
7-Nickel/Cell_AYOYES.gmol,2,
7-Nickel/Cell_AYOYES.gmol,3,
6-Cobalt/Cell_KESCES.gmol,0,
6-Cobalt/Cell_KESCES.gmol,1,
6-Cobalt/Cell_KESCES.gmol,2,
6-Cobalt/Cell_KESCES.gmol,3,
6-Cobalt/Cell_KESCES.gmol,4,
6-Cobalt/Cell_KESCES.gmol,5,
6-Cobalt/Cell_KESCES.gmol,6,
6-Cobalt/Cell_KESCES.gmol,7,
6-Cobalt/Cell_KESCES.gmol,8,
6-Cobalt/Cell_KESCES.gmol,9,
6-Cobalt/Cell_KESCES.gmol,10,
6-Cobalt/Cell_KESCES.gmol,11,
6-Cobalt/Cell_KESCES.gmol,12,
6-Cobalt/Cell_KESCES.gmol,13,
6-Cobalt/Cell_KESCES.gmol,14,
6-Cobalt/Cell_KESCES.gmol,15,
1-Iron/Cell_JASROL.gmol,0,
1-Iron/Cell_JASROL.gmol,1,
3-Ruthenium/Cell_TAJLAV.gmol,0,
3-Ruthenium/Cell_TAJLAV.gmol,1,
3-Ruthenium/Cell_TAJLAV.gmol,2,
3-Ruthenium/Cell_TAJLAV.gmol,3,
2-Manganese/Cell_KOMQAG.gmol,0,
2-Manganese/Cell_KOMQAG.gmol,1,
7-Nickel/Cell_GEQCOX.gmol,0,
7-Nickel/Cell_GEQCOX.gmol,1,
7-Nickel/Cell_QUXNAZ.gmol,0,
8-Copper/Cell_BILSIZ.gmol,0,
8-Copper/Cell_BILSIZ.gmol,1,
8-Copper/Cell_BILSIZ.gmol,2,
8-Copper/Cell_BILSIZ.gmol,3,
6-Cobalt/Cell_JUPYAX.gmol,0,
6-Cobalt/Cell_JUPYAX.gmol,1,
6-Cobalt/Cell_JUPYAX.gmol,2,
6-Cobalt/Cell_JUPYAX.gmol,3,
6-Cobalt/Cell_JUPYAX.gmol,4,
6-Cobalt/Cell_JUPYAX.gmol,5,
6-Cobalt/Cell_JUPYAX.gmol,6,
6-Cobalt/Cell_JUPYAX.gmol,7,
3-Ruthenium/Cell_IDIFOQ.gmol,0,
3-Ruthenium/Cell_IDIFOQ.gmol,1,
2-Manganese/Cell_IFUFIY.gmol,0,
2-Manganese/Cell_IFUFIY.gmol,1,
2-Manganese/Cell_IFUFIY.gmol,2,
2-Manganese/Cell_IFUFIY.gmol,3,
2-Manganese/Cell_IFUFIY.gmol,4,
2-Manganese/Cell_IFUFIY.gmol,5,
2-Manganese/Cell_IFUFIY.gmol,6,
2-Manganese/Cell_IFUFIY.gmol,7,
1-Iron/Cell_REXMIQ.gmol,0,
1-Iron/Cell_REXMIQ.gmol,1,
1-Iron/Cell_REXMIQ.gmol,2,
1-Iron/Cell_REXMIQ.gmol,3,
8-Copper/Cell_LOMRAI.gmol,0,
8-Copper/Cell_LOMRAI.gmol,1,
7-Nickel/Cell_JOGSED.gmol,0,
7-Nickel/Cell_JOGSED.gmol,1,
7-Nickel/Cell_JOGSED.gmol,2,
7-Nickel/Cell_JOGSED.gmol,3,
1-Iron/Cell_EJODUF.gmol,0,
1-Iron/Cell_EJODUF.gmol,1,
1-Iron/Cell_EJODUF.gmol,2,
1-Iron/Cell_EJODUF.gmol,3,
8-Copper/Cell_DEQZOO.gmol,0,
8-Copper/Cell_DEQZOO.gmol,1,
8-Copper/Cell_DEQZOO.gmol,2,
8-Copper/Cell_DEQZOO.gmol,3,
3-Ruthenium/Cell_TIYPEW.gmol,0,
3-Ruthenium/Cell_TIYPEW.gmol,1,
3-Ruthenium/Cell_TIYPEW.gmol,2,
3-Ruthenium/Cell_TIYPEW.gmol,3,
8-Copper/Cell_DUMFOH.gmol,0,
8-Copper/Cell_DUMFOH.gmol,1,
8-Copper/Cell_DUMFOH.gmol,2,
8-Copper/Cell_DUMFOH.gmol,3,
8-Copper/Cell_DUMFOH.gmol,4,
8-Copper/Cell_DUMFOH.gmol,5,
4-Rhenium/Cell_BUZTAR.gmol,0,
4-Rhenium/Cell_BUZTAR.gmol,1,
8-Copper/Cell_KEBKAD.gmol,0,
8-Copper/Cell_KEBKAD.gmol,1,
3-Ruthenium/Cell_KACNOR.gmol,0,
7-Nickel/Cell_GOPBES.gmol,0,
7-Nickel/Cell_GOPBES.gmol,1,
7-Nickel/Cell_GOPBES.gmol,2,
7-Nickel/Cell_GOPBES.gmol,3,
7-Nickel/Cell_GOPBES.gmol,4,
7-Nickel/Cell_GOPBES.gmol,5,
7-Nickel/Cell_GOPBES.gmol,6,
7-Nickel/Cell_GOPBES.gmol,7,
7-Nickel/Cell_GOPBES.gmol,8,
7-Nickel/Cell_GOPBES.gmol,9,
7-Nickel/Cell_GOPBES.gmol,10,
7-Nickel/Cell_GOPBES.gmol,11,
6-Cobalt/Cell_QAFLOZ.gmol,0,
6-Cobalt/Cell_QAFLOZ.gmol,1,
6-Cobalt/Cell_QAFLOZ.gmol,2,
6-Cobalt/Cell_QAFLOZ.gmol,3,
6-Cobalt/Cell_QAFLOZ.gmol,4,
6-Cobalt/Cell_QAFLOZ.gmol,5,
2-Manganese/Cell_ASOVOT.gmol,0,
2-Manganese/Cell_ASOVOT.gmol,1,
2-Manganese/Cell_ASOVOT.gmol,2,
2-Manganese/Cell_ASOVOT.gmol,3,
1-Iron/Cell_VAVMOV.gmol,0,
1-Iron/Cell_VAVMOV.gmol,1,
8-Copper/Cell_LAXPAE.gmol,0,
8-Copper/Cell_LAXPAE.gmol,1,
8-Copper/Cell_LAXPAE.gmol,2,
8-Copper/Cell_LAXPAE.gmol,3,
8-Copper/Cell_LAXPAE.gmol,4,
8-Copper/Cell_LAXPAE.gmol,5,
8-Copper/Cell_HECMUA.gmol,0,
8-Copper/Cell_HECMUA.gmol,1,
8-Copper/Cell_HECMUA.gmol,2,
8-Copper/Cell_HECMUA.gmol,3,
8-Copper/Cell_HECMUA.gmol,4,
8-Copper/Cell_HECMUA.gmol,5,
8-Copper/Cell_HECMUA.gmol,6,
8-Copper/Cell_HECMUA.gmol,7,
6-Cobalt/Cell_AZAYUV.gmol,0,
6-Cobalt/Cell_AZAYUV.gmol,1,
6-Cobalt/Cell_AZAYUV.gmol,2,
6-Cobalt/Cell_AZAYUV.gmol,3,
6-Cobalt/Cell_AZAYUV.gmol,4,
6-Cobalt/Cell_AZAYUV.gmol,5,
6-Cobalt/Cell_AZAYUV.gmol,6,
6-Cobalt/Cell_AZAYUV.gmol,7,
6-Cobalt/Cell_AZAYUV.gmol,8,
6-Cobalt/Cell_AZAYUV.gmol,9,
6-Cobalt/Cell_AZAYUV.gmol,10,
6-Cobalt/Cell_AZAYUV.gmol,11,
2-Manganese/Cell_HITDUK.gmol,0,
7-Nickel/Cell_OFAPOB.gmol,0,
7-Nickel/Cell_OFAPOB.gmol,1,
7-Nickel/Cell_OFAPOB.gmol,2,
7-Nickel/Cell_OFAPOB.gmol,3,
4-Rhenium/Cell_PEWXAS.gmol,0,
4-Rhenium/Cell_PEWXAS.gmol,1,
8-Copper/Cell_AJEVOA.gmol,0,
8-Copper/Cell_AJEVOA.gmol,1,
8-Copper/Cell_AJEVOA.gmol,2,
8-Copper/Cell_AJEVOA.gmol,3,
8-Copper/Cell_AJEVOA.gmol,4,
8-Copper/Cell_AJEVOA.gmol,5,
8-Copper/Cell_AJEVOA.gmol,6,
8-Copper/Cell_AJEVOA.gmol,7,
8-Copper/Cell_FAQPUK.gmol,0,
8-Copper/Cell_FAQPUK.gmol,1,
8-Copper/Cell_FAQPUK.gmol,2,
8-Copper/Cell_FAQPUK.gmol,3,
8-Copper/Cell_FAQPUK.gmol,4,
8-Copper/Cell_FAQPUK.gmol,5,
8-Copper/Cell_FAQPUK.gmol,6,
8-Copper/Cell_FAQPUK.gmol,7,
7-Nickel/Cell_VIVJOB.gmol,0,
7-Nickel/Cell_VIVJOB.gmol,1,
7-Nickel/Cell_VIVJOB.gmol,2,
7-Nickel/Cell_VIVJOB.gmol,3,
7-Nickel/Cell_VIVJOB.gmol,4,
7-Nickel/Cell_VIVJOB.gmol,5,
7-Nickel/Cell_VIVJOB.gmol,6,
7-Nickel/Cell_VIVJOB.gmol,7,
6-Cobalt/Cell_LIGSUR.gmol,0,
6-Cobalt/Cell_LIGSUR.gmol,1,
3-Ruthenium/Cell_BEFYOD.gmol,0,
3-Ruthenium/Cell_BEFYOD.gmol,1,
3-Ruthenium/Cell_BEFYOD.gmol,2,
3-Ruthenium/Cell_BEFYOD.gmol,3,
8-Copper/Cell_MIFSOK.gmol,0,
8-Copper/Cell_MIFSOK.gmol,1,
8-Copper/Cell_MIFSOK.gmol,2,
8-Copper/Cell_MIFSOK.gmol,3,
2-Manganese/Cell_BUBHEM.gmol,0,
2-Manganese/Cell_BUBHEM.gmol,1,
8-Copper/Cell_LIDPAQ.gmol,0,
8-Copper/Cell_LIDPAQ.gmol,1,
8-Copper/Cell_LIDPAQ.gmol,2,
8-Copper/Cell_LIDPAQ.gmol,3,
6-Cobalt/Cell_HALXUP.gmol,0,
6-Cobalt/Cell_HALXUP.gmol,1,
6-Cobalt/Cell_HALXUP.gmol,2,
6-Cobalt/Cell_HALXUP.gmol,3,
6-Cobalt/Cell_HALXUP.gmol,4,
6-Cobalt/Cell_HALXUP.gmol,5,
6-Cobalt/Cell_HALXUP.gmol,6,
6-Cobalt/Cell_HALXUP.gmol,7,
8-Copper/Cell_TUSWEK.gmol,0,
8-Copper/Cell_TUSWEK.gmol,1,
8-Copper/Cell_TUSWEK.gmol,2,
8-Copper/Cell_TUSWEK.gmol,3,
8-Copper/Cell_CEWGER.gmol,0,
8-Copper/Cell_CEWGER.gmol,1,
8-Copper/Cell_CEWGER.gmol,2,
4-Rhenium/Cell_DUBGOW.gmol,0,
4-Rhenium/Cell_DUBGOW.gmol,1,
4-Rhenium/Cell_DUBGOW.gmol,2,
4-Rhenium/Cell_DUBGOW.gmol,3,
7-Nickel/Cell_TEFFIU.gmol,0,
7-Nickel/Cell_TEFFIU.gmol,1,
7-Nickel/Cell_TEFFIU.gmol,2,
7-Nickel/Cell_TEFFIU.gmol,3,
7-Nickel/Cell_TEFFIU.gmol,4,
7-Nickel/Cell_TEFFIU.gmol,5,
7-Nickel/Cell_TEFFIU.gmol,6,
7-Nickel/Cell_TEFFIU.gmol,7,
6-Cobalt/Cell_WAVFUW.gmol,0,
6-Cobalt/Cell_WAVFUW.gmol,1,
8-Copper/Cell_NEDPAO.gmol,0,
8-Copper/Cell_NEDPAO.gmol,1,
1-Iron/Cell_MALJOZ.gmol,0,
1-Iron/Cell_MALJOZ.gmol,1,
1-Iron/Cell_MALJOZ.gmol,2,
1-Iron/Cell_MALJOZ.gmol,3,
1-Iron/Cell_MALJOZ.gmol,4,
1-Iron/Cell_MALJOZ.gmol,5,
8-Copper/Cell_AJULOH.gmol,0,
8-Copper/Cell_AJULOH.gmol,1,
8-Copper/Cell_AJULOH.gmol,2,
8-Copper/Cell_AJULOH.gmol,3,
8-Copper/Cell_AJULOH.gmol,4,
8-Copper/Cell_AJULOH.gmol,5,
8-Copper/Cell_AJULOH.gmol,6,
8-Copper/Cell_AJULOH.gmol,7,
8-Copper/Cell_AJULOH.gmol,8,
8-Copper/Cell_AJULOH.gmol,9,
5-Chromium/Cell_MIPYUG.gmol,0,
5-Chromium/Cell_MIPYUG.gmol,1,
5-Chromium/Cell_MIPYUG.gmol,2,
5-Chromium/Cell_MIPYUG.gmol,3,
8-Copper/Cell_AHEGOL.gmol,0,
8-Copper/Cell_AHEGOL.gmol,1,
8-Copper/Cell_AHEGOL.gmol,2,
8-Copper/Cell_AHEGOL.gmol,3,
8-Copper/Cell_AHEGOL.gmol,4,
8-Copper/Cell_AHEGOL.gmol,5,
8-Copper/Cell_AHEGOL.gmol,6,
8-Copper/Cell_AHEGOL.gmol,7,
8-Copper/Cell_AHEGOL.gmol,8,
8-Copper/Cell_AHEGOL.gmol,9,
8-Copper/Cell_AHEGOL.gmol,10,
8-Copper/Cell_AHEGOL.gmol,11,
8-Copper/Cell_AHEGOL.gmol,12,
6-Cobalt/Cell_AGOTIC.gmol,0,
6-Cobalt/Cell_AGOTIC.gmol,1,
6-Cobalt/Cell_AGOTIC.gmol,2,
6-Cobalt/Cell_AGOTIC.gmol,3,
6-Cobalt/Cell_AGOTIC.gmol,4,
6-Cobalt/Cell_AGOTIC.gmol,5,
6-Cobalt/Cell_AGOTIC.gmol,6,
6-Cobalt/Cell_AGOTIC.gmol,7,
6-Cobalt/Cell_AGOTIC.gmol,8,
6-Cobalt/Cell_AGOTIC.gmol,9,
6-Cobalt/Cell_AGOTIC.gmol,10,
6-Cobalt/Cell_AGOTIC.gmol,11,
6-Cobalt/Cell_AGOTIC.gmol,12,
6-Cobalt/Cell_AGOTIC.gmol,13,
6-Cobalt/Cell_AGOTIC.gmol,14,
6-Cobalt/Cell_AGOTIC.gmol,15,
6-Cobalt/Cell_AGOTIC.gmol,16,
6-Cobalt/Cell_AGOTIC.gmol,17,
6-Cobalt/Cell_AGOTIC.gmol,18,
6-Cobalt/Cell_AGOTIC.gmol,19,
6-Cobalt/Cell_AGOTIC.gmol,20,
6-Cobalt/Cell_AGOTIC.gmol,21,
6-Cobalt/Cell_AGOTIC.gmol,22,
6-Cobalt/Cell_AGOTIC.gmol,23,
6-Cobalt/Cell_AGOTIC.gmol,24,
6-Cobalt/Cell_AGOTIC.gmol,25,
6-Cobalt/Cell_AGOTIC.gmol,26,
6-Cobalt/Cell_AGOTIC.gmol,27,
6-Cobalt/Cell_HUYLES.gmol,0,
6-Cobalt/Cell_HUYLES.gmol,1,
6-Cobalt/Cell_HUYLES.gmol,2,
6-Cobalt/Cell_HUYLES.gmol,3,
6-Cobalt/Cell_HUYLES.gmol,4,
6-Cobalt/Cell_HUYLES.gmol,5,
6-Cobalt/Cell_HUYLES.gmol,6,
6-Cobalt/Cell_HUYLES.gmol,7,
6-Cobalt/Cell_HUYLES.gmol,8,
6-Cobalt/Cell_HUYLES.gmol,9,
6-Cobalt/Cell_HUYLES.gmol,10,
6-Cobalt/Cell_HUYLES.gmol,11,
6-Cobalt/Cell_HUYLES.gmol,12,
6-Cobalt/Cell_HUYLES.gmol,13,
6-Cobalt/Cell_HUYLES.gmol,14,
6-Cobalt/Cell_HUYLES.gmol,15,
6-Cobalt/Cell_HUYLES.gmol,16,
6-Cobalt/Cell_HUYLES.gmol,17,
6-Cobalt/Cell_HUYLES.gmol,18,
6-Cobalt/Cell_HUYLES.gmol,19,
6-Cobalt/Cell_HUYLES.gmol,20,
6-Cobalt/Cell_HUYLES.gmol,21,
6-Cobalt/Cell_HUYLES.gmol,22,
6-Cobalt/Cell_HUYLES.gmol,23,
6-Cobalt/Cell_HUYLES.gmol,24,
6-Cobalt/Cell_HUYLES.gmol,25,
6-Cobalt/Cell_HUYLES.gmol,26,
6-Cobalt/Cell_HUYLES.gmol,27,
6-Cobalt/Cell_HUYLES.gmol,28,
6-Cobalt/Cell_HUYLES.gmol,29,
6-Cobalt/Cell_HUYLES.gmol,30,
6-Cobalt/Cell_HUYLES.gmol,31,
6-Cobalt/Cell_HUYLES.gmol,32,
6-Cobalt/Cell_HUYLES.gmol,33,
6-Cobalt/Cell_HUYLES.gmol,34,
6-Cobalt/Cell_HUYLES.gmol,35,
6-Cobalt/Cell_HUYLES.gmol,36,
6-Cobalt/Cell_HUYLES.gmol,37,
6-Cobalt/Cell_HUYLES.gmol,38,
6-Cobalt/Cell_HUYLES.gmol,39,
6-Cobalt/Cell_HUYLES.gmol,40,
6-Cobalt/Cell_HUYLES.gmol,41,
6-Cobalt/Cell_HUYLES.gmol,42,
6-Cobalt/Cell_HUYLES.gmol,43,
6-Cobalt/Cell_HUYLES.gmol,44,
6-Cobalt/Cell_HUYLES.gmol,45,
6-Cobalt/Cell_HUYLES.gmol,46,
6-Cobalt/Cell_HUYLES.gmol,47,
6-Cobalt/Cell_HUYLES.gmol,48,
6-Cobalt/Cell_HUYLES.gmol,49,
6-Cobalt/Cell_HUYLES.gmol,50,
6-Cobalt/Cell_HUYLES.gmol,51,
7-Nickel/Cell_BEQMIT.gmol,0,
7-Nickel/Cell_BEQMIT.gmol,1,
7-Nickel/Cell_BEQMIT.gmol,2,
7-Nickel/Cell_BEQMIT.gmol,3,
2-Manganese/Cell_AKELAD.gmol,0,
2-Manganese/Cell_AKELAD.gmol,1,
2-Manganese/Cell_AKELAD.gmol,2,
2-Manganese/Cell_AKELAD.gmol,3,
7-Nickel/Cell_DALJIK.gmol,0,
7-Nickel/Cell_DALJIK.gmol,1,
7-Nickel/Cell_DALJIK.gmol,2,
7-Nickel/Cell_DALJIK.gmol,3,
6-Cobalt/Cell_PAMTAA.gmol,0,
6-Cobalt/Cell_PAMTAA.gmol,1,
6-Cobalt/Cell_PAMTAA.gmol,2,
6-Cobalt/Cell_PAMTAA.gmol,3,
6-Cobalt/Cell_PAMTAA.gmol,4,
6-Cobalt/Cell_PAMTAA.gmol,5,
6-Cobalt/Cell_PAMTAA.gmol,6,
6-Cobalt/Cell_PAMTAA.gmol,7,
7-Nickel/Cell_GONHEW.gmol,0,
7-Nickel/Cell_GONHEW.gmol,1,
7-Nickel/Cell_GONHEW.gmol,2,
7-Nickel/Cell_GONHEW.gmol,3,
8-Copper/Cell_ATEVAW.gmol,0,
8-Copper/Cell_ATEVAW.gmol,1,
8-Copper/Cell_EFIYAV.gmol,0,
8-Copper/Cell_EFIYAV.gmol,1,
7-Nickel/Cell_PAQKID.gmol,0,
7-Nickel/Cell_PAQKID.gmol,1,
7-Nickel/Cell_PAQKID.gmol,2,
7-Nickel/Cell_PAQKID.gmol,3,
7-Nickel/Cell_PAQKID.gmol,4,
7-Nickel/Cell_PAQKID.gmol,5,
6-Cobalt/Cell_KIVHAY.gmol,0,
6-Cobalt/Cell_KIVHAY.gmol,1,
6-Cobalt/Cell_KIVHAY.gmol,2,
6-Cobalt/Cell_KIVHAY.gmol,3,
8-Copper/Cell_ANEBAY.gmol,0,
8-Copper/Cell_ANEBAY.gmol,1,
8-Copper/Cell_ANEBAY.gmol,2,
8-Copper/Cell_ANEBAY.gmol,3,
2-Manganese/Cell_JUVXUV.gmol,0,
2-Manganese/Cell_JUVXUV.gmol,1,
2-Manganese/Cell_JUVXUV.gmol,2,
2-Manganese/Cell_JUVXUV.gmol,3,
2-Manganese/Cell_JUVXUV.gmol,4,
2-Manganese/Cell_JUVXUV.gmol,5,
2-Manganese/Cell_JUVXUV.gmol,6,
2-Manganese/Cell_JUVXUV.gmol,7,
2-Manganese/Cell_JUVXUV.gmol,8,
2-Manganese/Cell_JUVXUV.gmol,9,
2-Manganese/Cell_JUVXUV.gmol,10,
2-Manganese/Cell_JUVXUV.gmol,11,
7-Nickel/Cell_XOTVEH.gmol,0,
7-Nickel/Cell_XOTVEH.gmol,1,
7-Nickel/Cell_XOTVEH.gmol,2,
7-Nickel/Cell_XOTVEH.gmol,3,
6-Cobalt/Cell_JAWSUY.gmol,0,
6-Cobalt/Cell_JAWSUY.gmol,1,
1-Iron/Cell_VOPPEV.gmol,0,
1-Iron/Cell_VOPPEV.gmol,1,
7-Nickel/Cell_GOQYIU.gmol,0,
3-Ruthenium/Cell_KOVMAL.gmol,0,
3-Ruthenium/Cell_KOVMAL.gmol,1,
3-Ruthenium/Cell_KOVMAL.gmol,2,
3-Ruthenium/Cell_KOVMAL.gmol,3,
3-Ruthenium/Cell_KOVMAL.gmol,4,
3-Ruthenium/Cell_KOVMAL.gmol,5,
7-Nickel/Cell_FAHDAU.gmol,0,
8-Copper/Cell_CAXNOH.gmol,0,
8-Copper/Cell_CAXNOH.gmol,1,
8-Copper/Cell_CAXNOH.gmol,2,
8-Copper/Cell_CAXNOH.gmol,3,
8-Copper/Cell_CAXNOH.gmol,4,
8-Copper/Cell_CAXNOH.gmol,5,
8-Copper/Cell_CAXNOH.gmol,6,
8-Copper/Cell_CAXNOH.gmol,7,
8-Copper/Cell_CAXNOH.gmol,8,
8-Copper/Cell_CAXNOH.gmol,9,
8-Copper/Cell_CAXNOH.gmol,10,
8-Copper/Cell_CAXNOH.gmol,11,
8-Copper/Cell_CAXNOH.gmol,12,
8-Copper/Cell_CAXNOH.gmol,13,
8-Copper/Cell_CAXNOH.gmol,14,
8-Copper/Cell_CAXNOH.gmol,15,
8-Copper/Cell_OPECAP.gmol,0,
8-Copper/Cell_OPECAP.gmol,1,
8-Copper/Cell_OPECAP.gmol,2,
3-Ruthenium/Cell_ZUHBEJ.gmol,0,
3-Ruthenium/Cell_ZUHBEJ.gmol,1,
3-Ruthenium/Cell_ZUHBEJ.gmol,2,
3-Ruthenium/Cell_ZUHBEJ.gmol,3,
4-Rhenium/Cell_LALSEY.gmol,0,
4-Rhenium/Cell_LALSEY.gmol,1,
4-Rhenium/Cell_LALSEY.gmol,2,
4-Rhenium/Cell_LALSEY.gmol,3,
4-Rhenium/Cell_SAPWUB.gmol,0,
4-Rhenium/Cell_SAPWUB.gmol,1,
4-Rhenium/Cell_SAPWUB.gmol,2,
4-Rhenium/Cell_SAPWUB.gmol,3,
3-Ruthenium/Cell_YEMWOD.gmol,0,
3-Ruthenium/Cell_YEMWOD.gmol,1,
3-Ruthenium/Cell_YEMWOD.gmol,2,
3-Ruthenium/Cell_YEMWOD.gmol,3,
3-Ruthenium/Cell_YEMWOD.gmol,4,
3-Ruthenium/Cell_YEMWOD.gmol,5,
2-Manganese/Cell_CEXPEB.gmol,0,
2-Manganese/Cell_CEXPEB.gmol,1,
8-Copper/Cell_OTOVUQ.gmol,0,
8-Copper/Cell_OTOVUQ.gmol,1,
8-Copper/Cell_OTOVUQ.gmol,2,
8-Copper/Cell_OTOVUQ.gmol,3,
8-Copper/Cell_OTOVUQ.gmol,4,
8-Copper/Cell_OTOVUQ.gmol,5,
8-Copper/Cell_OTOVUQ.gmol,6,
8-Copper/Cell_OTOVUQ.gmol,7,
8-Copper/Cell_OTOVUQ.gmol,8,
8-Copper/Cell_OTOVUQ.gmol,9,
3-Ruthenium/Cell_AJAZOA.gmol,0,
3-Ruthenium/Cell_AJAZOA.gmol,1,
3-Ruthenium/Cell_AJAZOA.gmol,2,
3-Ruthenium/Cell_AJAZOA.gmol,3,
3-Ruthenium/Cell_AJAZOA.gmol,4,
3-Ruthenium/Cell_AJAZOA.gmol,5,
3-Ruthenium/Cell_AJAZOA.gmol,6,
3-Ruthenium/Cell_AJAZOA.gmol,7,
3-Ruthenium/Cell_AJAZOA.gmol,8,
8-Copper/Cell_BEBMEA.gmol,0,
8-Copper/Cell_BEBMEA.gmol,1,
8-Copper/Cell_BEBMEA.gmol,2,
8-Copper/Cell_BEBMEA.gmol,3,
8-Copper/Cell_BEBMEA.gmol,4,
8-Copper/Cell_NUJZUN.gmol,0,
8-Copper/Cell_NUJZUN.gmol,1,
8-Copper/Cell_NUJZUN.gmol,2,
8-Copper/Cell_NUJZUN.gmol,3,
8-Copper/Cell_NUJZUN.gmol,4,
8-Copper/Cell_NUJZUN.gmol,5,
8-Copper/Cell_NUJZUN.gmol,6,
8-Copper/Cell_NUJZUN.gmol,7,
8-Copper/Cell_YEFBAN.gmol,0,
8-Copper/Cell_YEFBAN.gmol,1,
8-Copper/Cell_YEFBAN.gmol,2,
8-Copper/Cell_YEFBAN.gmol,3,
7-Nickel/Cell_XIYROP.gmol,0,
7-Nickel/Cell_XIYROP.gmol,1,
7-Nickel/Cell_XIYROP.gmol,2,
7-Nickel/Cell_XIYROP.gmol,3,
7-Nickel/Cell_XIYROP.gmol,4,
7-Nickel/Cell_XIYROP.gmol,5,
7-Nickel/Cell_XIYROP.gmol,6,
7-Nickel/Cell_XIYROP.gmol,7,
7-Nickel/Cell_XIYROP.gmol,8,
7-Nickel/Cell_XIYROP.gmol,9,
7-Nickel/Cell_XIYROP.gmol,10,
7-Nickel/Cell_XIYROP.gmol,11,
4-Rhenium/Cell_QOSDIN.gmol,0,
4-Rhenium/Cell_QOSDIN.gmol,1,
3-Ruthenium/Cell_RAZGAC.gmol,0,
3-Ruthenium/Cell_RAZGAC.gmol,1,
3-Ruthenium/Cell_RAZGAC.gmol,2,
3-Ruthenium/Cell_RAZGAC.gmol,3,
3-Ruthenium/Cell_RAZGAC.gmol,4,
3-Ruthenium/Cell_RAZGAC.gmol,5,
6-Cobalt/Cell_AZUKOV.gmol,0,
6-Cobalt/Cell_AZUKOV.gmol,1,
6-Cobalt/Cell_AZUKOV.gmol,2,
6-Cobalt/Cell_AZUKOV.gmol,3,
6-Cobalt/Cell_AZUKOV.gmol,4,
6-Cobalt/Cell_AZUKOV.gmol,5,
6-Cobalt/Cell_AZUKOV.gmol,6,
6-Cobalt/Cell_AZUKOV.gmol,7,
6-Cobalt/Cell_AZUKOV.gmol,8,
6-Cobalt/Cell_AZUKOV.gmol,9,
6-Cobalt/Cell_AZUKOV.gmol,10,
6-Cobalt/Cell_AZUKOV.gmol,11,
6-Cobalt/Cell_AZUKOV.gmol,12,
6-Cobalt/Cell_AZUKOV.gmol,13,
6-Cobalt/Cell_AZUKOV.gmol,14,
6-Cobalt/Cell_AZUKOV.gmol,15,
6-Cobalt/Cell_AZUKOV.gmol,16,
6-Cobalt/Cell_AZUKOV.gmol,17,
6-Cobalt/Cell_AZUKOV.gmol,18,
6-Cobalt/Cell_AZUKOV.gmol,19,
8-Copper/Cell_YIJYEW.gmol,0,
8-Copper/Cell_YIJYEW.gmol,1,
7-Nickel/Cell_ZUTHEB.gmol,0,
7-Nickel/Cell_ZUTHEB.gmol,1,
7-Nickel/Cell_ZUTHEB.gmol,2,
7-Nickel/Cell_ZUTHEB.gmol,3,
1-Iron/Cell_QATQUX.gmol,0,
1-Iron/Cell_QATQUX.gmol,1,
1-Iron/Cell_QATQUX.gmol,2,
1-Iron/Cell_QATQUX.gmol,3,
1-Iron/Cell_OGIJEU.gmol,0,
1-Iron/Cell_OGIJEU.gmol,1,
1-Iron/Cell_OGIJEU.gmol,2,
1-Iron/Cell_OGIJEU.gmol,3,
1-Iron/Cell_OGIJEU.gmol,4,
1-Iron/Cell_OGIJEU.gmol,5,
1-Iron/Cell_OGIJEU.gmol,6,
1-Iron/Cell_OGIJEU.gmol,7,
1-Iron/Cell_OGIJEU.gmol,8,
1-Iron/Cell_OGIJEU.gmol,9,
1-Iron/Cell_OGIJEU.gmol,10,
1-Iron/Cell_OGIJEU.gmol,11,
1-Iron/Cell_OGIJEU.gmol,12,
1-Iron/Cell_OGIJEU.gmol,13,
1-Iron/Cell_OGIJEU.gmol,14,
1-Iron/Cell_OGIJEU.gmol,15,
1-Iron/Cell_OGIJEU.gmol,16,
1-Iron/Cell_OGIJEU.gmol,17,
1-Iron/Cell_OGIJEU.gmol,18,
1-Iron/Cell_OGIJEU.gmol,19,
1-Iron/Cell_OGIJEU.gmol,20,
1-Iron/Cell_OGIJEU.gmol,21,
1-Iron/Cell_OGIJEU.gmol,22,
1-Iron/Cell_OGIJEU.gmol,23,
1-Iron/Cell_OGIJEU.gmol,24,
1-Iron/Cell_OGIJEU.gmol,25,
1-Iron/Cell_OGIJEU.gmol,26,
1-Iron/Cell_OGIJEU.gmol,27,
1-Iron/Cell_OGIJEU.gmol,28,
1-Iron/Cell_OGIJEU.gmol,29,
1-Iron/Cell_OGIJEU.gmol,30,
1-Iron/Cell_OGIJEU.gmol,31,
8-Copper/Cell_ZEXHAL.gmol,0,
8-Copper/Cell_ZEXHAL.gmol,1,
8-Copper/Cell_CICJII.gmol,0,
8-Copper/Cell_CICJII.gmol,1,
8-Copper/Cell_CICJII.gmol,2,
8-Copper/Cell_CICJII.gmol,3,
3-Ruthenium/Cell_ADACOX.gmol,0,
3-Ruthenium/Cell_ADACOX.gmol,1,
3-Ruthenium/Cell_ADACOX.gmol,2,
3-Ruthenium/Cell_ADACOX.gmol,3,
3-Ruthenium/Cell_SAYBOK.gmol,0,
3-Ruthenium/Cell_SAYBOK.gmol,1,
3-Ruthenium/Cell_SAYBOK.gmol,2,
3-Ruthenium/Cell_SAYBOK.gmol,3,
3-Ruthenium/Cell_SAYBOK.gmol,4,
3-Ruthenium/Cell_SAYBOK.gmol,5,
3-Ruthenium/Cell_SAYBOK.gmol,6,
3-Ruthenium/Cell_SAYBOK.gmol,7,
8-Copper/Cell_RIPJIK.gmol,0,
8-Copper/Cell_RIPJIK.gmol,1,
8-Copper/Cell_RIPJIK.gmol,2,
8-Copper/Cell_RIPJIK.gmol,3,
1-Iron/Cell_CAKHUU.gmol,0,
1-Iron/Cell_CAKHUU.gmol,1,
1-Iron/Cell_CAKHUU.gmol,2,
1-Iron/Cell_CAKHUU.gmol,3,
1-Iron/Cell_CAKHUU.gmol,4,
1-Iron/Cell_CAKHUU.gmol,5,
1-Iron/Cell_CAKHUU.gmol,6,
1-Iron/Cell_CAKHUU.gmol,7,
1-Iron/Cell_CAKHUU.gmol,8,
1-Iron/Cell_CAKHUU.gmol,9,
1-Iron/Cell_CAKHUU.gmol,10,
1-Iron/Cell_CAKHUU.gmol,11,
1-Iron/Cell_CAKHUU.gmol,12,
1-Iron/Cell_CAKHUU.gmol,13,
1-Iron/Cell_CAKHUU.gmol,14,
1-Iron/Cell_CAKHUU.gmol,15,
1-Iron/Cell_QOSZOQ.gmol,0,
1-Iron/Cell_QOSZOQ.gmol,1,
1-Iron/Cell_QOSZOQ.gmol,2,
1-Iron/Cell_QOSZOQ.gmol,3,
1-Iron/Cell_QOSZOQ.gmol,4,
1-Iron/Cell_QOSZOQ.gmol,5,
1-Iron/Cell_QOSZOQ.gmol,6,
1-Iron/Cell_QOSZOQ.gmol,7,
1-Iron/Cell_QOSZOQ.gmol,8,
1-Iron/Cell_QOSZOQ.gmol,9,
3-Ruthenium/Cell_TEZHUC.gmol,0,
3-Ruthenium/Cell_TEZHUC.gmol,1,
3-Ruthenium/Cell_TEZHUC.gmol,2,
3-Ruthenium/Cell_TEZHUC.gmol,3,
3-Ruthenium/Cell_TEZHUC.gmol,4,
3-Ruthenium/Cell_TEZHUC.gmol,5,
3-Ruthenium/Cell_TEZHUC.gmol,6,
3-Ruthenium/Cell_TEZHUC.gmol,7,
4-Rhenium/Cell_NAFCAB.gmol,0,
4-Rhenium/Cell_NAFCAB.gmol,1,
4-Rhenium/Cell_NAFCAB.gmol,2,
4-Rhenium/Cell_NAFCAB.gmol,3,
6-Cobalt/Cell_JUZGAM.gmol,0,
6-Cobalt/Cell_JUZGAM.gmol,1,
6-Cobalt/Cell_JUZGAM.gmol,2,
6-Cobalt/Cell_JUZGAM.gmol,3,
6-Cobalt/Cell_JUZGAM.gmol,4,
6-Cobalt/Cell_JUZGAM.gmol,5,
3-Ruthenium/Cell_SIZZAC.gmol,0,
3-Ruthenium/Cell_SIZZAC.gmol,1,
3-Ruthenium/Cell_SIZZAC.gmol,2,
3-Ruthenium/Cell_SIZZAC.gmol,3,
3-Ruthenium/Cell_SIZZAC.gmol,4,
3-Ruthenium/Cell_SIZZAC.gmol,5,
6-Cobalt/Cell_OKEBOY.gmol,0,
6-Cobalt/Cell_OKEBOY.gmol,1,
6-Cobalt/Cell_OKEBOY.gmol,2,
6-Cobalt/Cell_OKEBOY.gmol,3,
6-Cobalt/Cell_OKEBOY.gmol,4,
6-Cobalt/Cell_OKEBOY.gmol,5,
8-Copper/Cell_LEDMEO.gmol,0,
8-Copper/Cell_LEDMEO.gmol,1,
8-Copper/Cell_LEDMEO.gmol,2,
8-Copper/Cell_LEDMEO.gmol,3,
6-Cobalt/Cell_QIJTUB.gmol,0,
6-Cobalt/Cell_QIJTUB.gmol,1,
2-Manganese/Cell_ZERMAN.gmol,0,
2-Manganese/Cell_ZERMAN.gmol,1,
2-Manganese/Cell_RITVUM.gmol,0,
2-Manganese/Cell_RITVUM.gmol,1,
2-Manganese/Cell_RITVUM.gmol,2,
2-Manganese/Cell_RITVUM.gmol,3,
2-Manganese/Cell_RITVUM.gmol,4,
2-Manganese/Cell_RITVUM.gmol,5,
2-Manganese/Cell_RITVUM.gmol,6,
2-Manganese/Cell_RITVUM.gmol,7,
8-Copper/Cell_NAPRAZ.gmol,0,
8-Copper/Cell_NAPRAZ.gmol,1,
7-Nickel/Cell_DOPXAI.gmol,0,
7-Nickel/Cell_DOPXAI.gmol,1,
7-Nickel/Cell_DOPXAI.gmol,2,
7-Nickel/Cell_DOPXAI.gmol,3,
7-Nickel/Cell_DOPXAI.gmol,4,
7-Nickel/Cell_DOPXAI.gmol,5,
7-Nickel/Cell_DOPXAI.gmol,6,
7-Nickel/Cell_DOPXAI.gmol,7,
6-Cobalt/Cell_CEHYAP01.gmol,0,
6-Cobalt/Cell_CEHYAP01.gmol,1,
6-Cobalt/Cell_CEHYAP01.gmol,2,
6-Cobalt/Cell_CEHYAP01.gmol,3,
7-Nickel/Cell_CEBDIZ.gmol,0,
3-Ruthenium/Cell_UVUFIB.gmol,0,
3-Ruthenium/Cell_UVUFIB.gmol,1,
3-Ruthenium/Cell_UVUFIB.gmol,2,
3-Ruthenium/Cell_UVUFIB.gmol,3,
3-Ruthenium/Cell_UVUFIB.gmol,4,
3-Ruthenium/Cell_UVUFIB.gmol,5,
3-Ruthenium/Cell_UVUFIB.gmol,6,
3-Ruthenium/Cell_UVUFIB.gmol,7,
3-Ruthenium/Cell_UVUFIB.gmol,8,
8-Copper/Cell_FIHTAS.gmol,0,
8-Copper/Cell_FIHTAS.gmol,1,
8-Copper/Cell_FIHTAS.gmol,2,
8-Copper/Cell_FIHTAS.gmol,3,
8-Copper/Cell_FIHTAS.gmol,4,
8-Copper/Cell_FIHTAS.gmol,5,
8-Copper/Cell_FIHTAS.gmol,6,
8-Copper/Cell_FIHTAS.gmol,7,
8-Copper/Cell_FIHTAS.gmol,8,
8-Copper/Cell_FIHTAS.gmol,9,
8-Copper/Cell_FIHTAS.gmol,10,
8-Copper/Cell_FIHTAS.gmol,11,
7-Nickel/Cell_MOJMUV.gmol,0,
7-Nickel/Cell_MOJMUV.gmol,1,
8-Copper/Cell_GEXCAQ.gmol,0,
8-Copper/Cell_GEXCAQ.gmol,1,
6-Cobalt/Cell_EPOFIZ.gmol,0,
6-Cobalt/Cell_EPOFIZ.gmol,1,
6-Cobalt/Cell_EPOFIZ.gmol,2,
6-Cobalt/Cell_EPOFIZ.gmol,3,
6-Cobalt/Cell_UNOCAC.gmol,0,
6-Cobalt/Cell_UNOCAC.gmol,1,
6-Cobalt/Cell_UNOCAC.gmol,2,
6-Cobalt/Cell_UNOCAC.gmol,3,
6-Cobalt/Cell_UNOCAC.gmol,4,
6-Cobalt/Cell_UNOCAC.gmol,5,
6-Cobalt/Cell_UNOCAC.gmol,6,
6-Cobalt/Cell_UNOCAC.gmol,7,
1-Iron/Cell_FOHNAS.gmol,0,
1-Iron/Cell_FOHNAS.gmol,1,
1-Iron/Cell_FOHNAS.gmol,2,
1-Iron/Cell_FOHNAS.gmol,3,
1-Iron/Cell_FOHNAS.gmol,4,
1-Iron/Cell_FOHNAS.gmol,5,
1-Iron/Cell_FOHNAS.gmol,6,
6-Cobalt/Cell_QOGMEG.gmol,0,
6-Cobalt/Cell_QOGMEG.gmol,1,
6-Cobalt/Cell_QOGMEG.gmol,2,
6-Cobalt/Cell_QOGMEG.gmol,3,
6-Cobalt/Cell_QOGMEG.gmol,4,
6-Cobalt/Cell_QOGMEG.gmol,5,
6-Cobalt/Cell_QOGMEG.gmol,6,
6-Cobalt/Cell_QOGMEG.gmol,7,
6-Cobalt/Cell_QOGMEG.gmol,8,
6-Cobalt/Cell_QOGMEG.gmol,9,
6-Cobalt/Cell_QOGMEG.gmol,10,
6-Cobalt/Cell_QOGMEG.gmol,11,
1-Iron/Cell_ZIXWEK01.gmol,0,
1-Iron/Cell_ZIXWEK01.gmol,1,
1-Iron/Cell_ZIXWEK01.gmol,2,
1-Iron/Cell_ZIXWEK01.gmol,3,
1-Iron/Cell_ZIXWEK01.gmol,4,
1-Iron/Cell_ZIXWEK01.gmol,5,
1-Iron/Cell_ZIXWEK01.gmol,6,
1-Iron/Cell_ZIXWEK01.gmol,7,
1-Iron/Cell_ZIXWEK01.gmol,8,
1-Iron/Cell_ZIXWEK01.gmol,9,
1-Iron/Cell_ZIXWEK01.gmol,10,
1-Iron/Cell_ZIXWEK01.gmol,11,
1-Iron/Cell_ZIXWEK01.gmol,12,
1-Iron/Cell_ZIXWEK01.gmol,13,
1-Iron/Cell_ZIXWEK01.gmol,14,
1-Iron/Cell_ZIXWEK01.gmol,15,
7-Nickel/Cell_NAKKIV.gmol,0,
7-Nickel/Cell_NAKKIV.gmol,1,
7-Nickel/Cell_NAKKIV.gmol,2,
1-Iron/Cell_AHARIK.gmol,0,
1-Iron/Cell_AHARIK.gmol,1,
1-Iron/Cell_AHARIK.gmol,2,
1-Iron/Cell_AHARIK.gmol,3,
1-Iron/Cell_AHARIK.gmol,4,
1-Iron/Cell_AHARIK.gmol,5,
1-Iron/Cell_AHARIK.gmol,6,
1-Iron/Cell_AHARIK.gmol,7,
2-Manganese/Cell_HOGBIQ.gmol,0,
1-Iron/Cell_TIXPOH.gmol,0,
1-Iron/Cell_TIXPOH.gmol,1,
1-Iron/Cell_TIXPOH.gmol,2,
1-Iron/Cell_TIXPOH.gmol,3,
1-Iron/Cell_TIXPOH.gmol,4,
1-Iron/Cell_TIXPOH.gmol,5,
1-Iron/Cell_TIXPOH.gmol,6,
1-Iron/Cell_TIXPOH.gmol,7,
8-Copper/Cell_RIWYAY.gmol,0,
8-Copper/Cell_RIWYAY.gmol,1,
8-Copper/Cell_RIWYAY.gmol,2,
8-Copper/Cell_RIWYAY.gmol,3,
7-Nickel/Cell_VADQIB.gmol,0,
7-Nickel/Cell_VADQIB.gmol,1,
7-Nickel/Cell_VADQIB.gmol,2,
7-Nickel/Cell_VADQIB.gmol,3,
8-Copper/Cell_EZAVEI.gmol,0,
8-Copper/Cell_EZAVEI.gmol,1,
8-Copper/Cell_EZAVEI.gmol,2,
8-Copper/Cell_EZAVEI.gmol,3,
8-Copper/Cell_EZAVEI.gmol,4,
8-Copper/Cell_EZAVEI.gmol,5,
8-Copper/Cell_EZAVEI.gmol,6,
8-Copper/Cell_EZAVEI.gmol,7,
6-Cobalt/Cell_YEDTAC.gmol,0,
6-Cobalt/Cell_YEDTAC.gmol,1,
6-Cobalt/Cell_YEDTAC.gmol,2,
6-Cobalt/Cell_YEDTAC.gmol,3,
6-Cobalt/Cell_YEDTAC.gmol,4,
6-Cobalt/Cell_YEDTAC.gmol,5,
6-Cobalt/Cell_YEDTAC.gmol,6,
6-Cobalt/Cell_YEDTAC.gmol,7,
6-Cobalt/Cell_TEXFUZ.gmol,0,
6-Cobalt/Cell_TEXFUZ.gmol,1,
6-Cobalt/Cell_TEXFUZ.gmol,2,
6-Cobalt/Cell_TEXFUZ.gmol,3,
6-Cobalt/Cell_TEXFUZ.gmol,4,
6-Cobalt/Cell_TEXFUZ.gmol,5,
6-Cobalt/Cell_TEXFUZ.gmol,6,
6-Cobalt/Cell_TEXFUZ.gmol,7,
6-Cobalt/Cell_TEXFUZ.gmol,8,
6-Cobalt/Cell_TEXFUZ.gmol,9,
6-Cobalt/Cell_TEXFUZ.gmol,10,
6-Cobalt/Cell_TEXFUZ.gmol,11,
6-Cobalt/Cell_TEXFUZ.gmol,12,
6-Cobalt/Cell_TEXFUZ.gmol,13,
6-Cobalt/Cell_TEXFUZ.gmol,14,
6-Cobalt/Cell_TEXFUZ.gmol,15,
3-Ruthenium/Cell_WIWNEV.gmol,0,
3-Ruthenium/Cell_WIWNEV.gmol,1,
3-Ruthenium/Cell_WIWNEV.gmol,2,
3-Ruthenium/Cell_WIWNEV.gmol,3,
3-Ruthenium/Cell_WIWNEV.gmol,4,
3-Ruthenium/Cell_WIWNEV.gmol,5,
3-Ruthenium/Cell_WIWNEV.gmol,6,
3-Ruthenium/Cell_WIWNEV.gmol,7,
3-Ruthenium/Cell_WIWNEV.gmol,8,
3-Ruthenium/Cell_WIWNEV.gmol,9,
3-Ruthenium/Cell_WIWNEV.gmol,10,
3-Ruthenium/Cell_WIWNEV.gmol,11,
7-Nickel/Cell_BEMZUO.gmol,0,
7-Nickel/Cell_BEMZUO.gmol,1,
7-Nickel/Cell_BEMZUO.gmol,2,
7-Nickel/Cell_BEMZUO.gmol,3,
4-Rhenium/Cell_NIPNIJ.gmol,0,
4-Rhenium/Cell_NIPNIJ.gmol,1,
4-Rhenium/Cell_NIPNIJ.gmol,2,
4-Rhenium/Cell_NIPNIJ.gmol,3,
4-Rhenium/Cell_NIPNIJ.gmol,4,
4-Rhenium/Cell_NIPNIJ.gmol,5,
4-Rhenium/Cell_NIPNIJ.gmol,6,
4-Rhenium/Cell_NIPNIJ.gmol,7,
6-Cobalt/Cell_WEYVAX.gmol,0,
6-Cobalt/Cell_WEYVAX.gmol,1,
6-Cobalt/Cell_WEYVAX.gmol,2,
6-Cobalt/Cell_WEYVAX.gmol,3,
6-Cobalt/Cell_WEYVAX.gmol,4,
6-Cobalt/Cell_WEYVAX.gmol,5,
6-Cobalt/Cell_WEYVAX.gmol,6,
6-Cobalt/Cell_WEYVAX.gmol,7,
6-Cobalt/Cell_WEYVAX.gmol,8,
6-Cobalt/Cell_WEYVAX.gmol,9,
6-Cobalt/Cell_WEYVAX.gmol,10,
6-Cobalt/Cell_WEYVAX.gmol,11,
8-Copper/Cell_ZANCOG.gmol,0,
8-Copper/Cell_ZANCOG.gmol,1,
8-Copper/Cell_ZANCOG.gmol,2,
8-Copper/Cell_ZANCOG.gmol,3,
1-Iron/Cell_FEJBEC.gmol,0,
1-Iron/Cell_FEJBEC.gmol,1,
1-Iron/Cell_FEJBEC.gmol,2,
1-Iron/Cell_FEJBEC.gmol,3,
1-Iron/Cell_FEJBEC.gmol,4,
1-Iron/Cell_FEJBEC.gmol,5,
1-Iron/Cell_FEJBEC.gmol,6,
1-Iron/Cell_FEJBEC.gmol,7,
6-Cobalt/Cell_QOTXON.gmol,0,
6-Cobalt/Cell_QOTXON.gmol,1,
8-Copper/Cell_XOYZEQ.gmol,0,
8-Copper/Cell_XOYZEQ.gmol,1,
8-Copper/Cell_XOYZEQ.gmol,2,
8-Copper/Cell_XOYZEQ.gmol,3,
1-Iron/Cell_NALROH.gmol,0,
1-Iron/Cell_NALROH.gmol,1,
8-Copper/Cell_QITWEY.gmol,0,
8-Copper/Cell_QITWEY.gmol,1,
8-Copper/Cell_QITWEY.gmol,2,
8-Copper/Cell_QITWEY.gmol,3,
8-Copper/Cell_QITWEY.gmol,4,
8-Copper/Cell_QITWEY.gmol,5,
8-Copper/Cell_QITWEY.gmol,6,
8-Copper/Cell_QITWEY.gmol,7,
8-Copper/Cell_QITWEY.gmol,8,
8-Copper/Cell_QITWEY.gmol,9,
8-Copper/Cell_QITWEY.gmol,10,
8-Copper/Cell_QITWEY.gmol,11,
6-Cobalt/Cell_QALQAV.gmol,0,
6-Cobalt/Cell_QALQAV.gmol,1,
6-Cobalt/Cell_QALQAV.gmol,2,
6-Cobalt/Cell_QALQAV.gmol,3,
6-Cobalt/Cell_QALQAV.gmol,4,
6-Cobalt/Cell_QALQAV.gmol,5,
6-Cobalt/Cell_QALQAV.gmol,6,
6-Cobalt/Cell_QALQAV.gmol,7,
6-Cobalt/Cell_QALQAV.gmol,8,
6-Cobalt/Cell_QALQAV.gmol,9,
6-Cobalt/Cell_QALQAV.gmol,10,
6-Cobalt/Cell_QALQAV.gmol,11,
6-Cobalt/Cell_QALQAV.gmol,12,
6-Cobalt/Cell_QALQAV.gmol,13,
6-Cobalt/Cell_QALQAV.gmol,14,
6-Cobalt/Cell_QALQAV.gmol,15,
6-Cobalt/Cell_QALQAV.gmol,16,
6-Cobalt/Cell_QALQAV.gmol,17,
6-Cobalt/Cell_QALQAV.gmol,18,
6-Cobalt/Cell_QALQAV.gmol,19,
6-Cobalt/Cell_QALQAV.gmol,20,
6-Cobalt/Cell_QALQAV.gmol,21,
6-Cobalt/Cell_QALQAV.gmol,22,
6-Cobalt/Cell_QALQAV.gmol,23,
1-Iron/Cell_CPTCFE.gmol,0,
1-Iron/Cell_CPTCFE.gmol,1,
1-Iron/Cell_CPTCFE.gmol,2,
1-Iron/Cell_CPTCFE.gmol,3,
1-Iron/Cell_CPTCFE.gmol,4,
1-Iron/Cell_CPTCFE.gmol,5,
1-Iron/Cell_CPTCFE.gmol,6,
1-Iron/Cell_CPTCFE.gmol,7,
6-Cobalt/Cell_ETUZUO.gmol,0,
6-Cobalt/Cell_ETUZUO.gmol,1,
6-Cobalt/Cell_ETUZUO.gmol,2,
6-Cobalt/Cell_ETUZUO.gmol,3,
6-Cobalt/Cell_ETUZUO.gmol,4,
6-Cobalt/Cell_ETUZUO.gmol,5,
6-Cobalt/Cell_ETUZUO.gmol,6,
6-Cobalt/Cell_ETUZUO.gmol,7,
6-Cobalt/Cell_ETUZUO.gmol,8,
6-Cobalt/Cell_ETUZUO.gmol,9,
6-Cobalt/Cell_ETUZUO.gmol,10,
6-Cobalt/Cell_ETUZUO.gmol,11,
7-Nickel/Cell_HOCWIF.gmol,0,
7-Nickel/Cell_HOCWIF.gmol,1,
7-Nickel/Cell_HOCWIF.gmol,2,
7-Nickel/Cell_HOCWIF.gmol,3,
7-Nickel/Cell_HOCWIF.gmol,4,
7-Nickel/Cell_HOCWIF.gmol,5,
7-Nickel/Cell_HOCWIF.gmol,6,
7-Nickel/Cell_HOCWIF.gmol,7,
7-Nickel/Cell_HOCWIF.gmol,8,
7-Nickel/Cell_HOCWIF.gmol,9,
7-Nickel/Cell_HOCWIF.gmol,10,
7-Nickel/Cell_HOCWIF.gmol,11,
3-Ruthenium/Cell_YEWSOL.gmol,0,
3-Ruthenium/Cell_YEWSOL.gmol,1,
3-Ruthenium/Cell_YEWSOL.gmol,2,
3-Ruthenium/Cell_YEWSOL.gmol,3,
8-Copper/Cell_QERNUW.gmol,0,
8-Copper/Cell_QERNUW.gmol,1,
8-Copper/Cell_QERNUW.gmol,2,
8-Copper/Cell_QERNUW.gmol,3,
8-Copper/Cell_TIGHUN.gmol,0,
8-Copper/Cell_TIGHUN.gmol,1,
8-Copper/Cell_MUJZOG.gmol,0,
8-Copper/Cell_MUJZOG.gmol,1,
8-Copper/Cell_MUJZOG.gmol,2,
8-Copper/Cell_MUJZOG.gmol,3,
8-Copper/Cell_MUJZOG.gmol,4,
8-Copper/Cell_MUJZOG.gmol,5,
3-Ruthenium/Cell_IVENIG.gmol,0,
3-Ruthenium/Cell_IVENIG.gmol,1,
3-Ruthenium/Cell_IVENIG.gmol,2,
3-Ruthenium/Cell_IVENIG.gmol,3,
3-Ruthenium/Cell_IVENIG.gmol,4,
3-Ruthenium/Cell_IVENIG.gmol,5,
3-Ruthenium/Cell_IVENIG.gmol,6,
3-Ruthenium/Cell_IVENIG.gmol,7,
7-Nickel/Cell_PEJBAK.gmol,0,
7-Nickel/Cell_PEJBAK.gmol,1,
8-Copper/Cell_TEVWEW.gmol,0,
8-Copper/Cell_TEVWEW.gmol,1,
8-Copper/Cell_TEVWEW.gmol,2,
8-Copper/Cell_TEVWEW.gmol,3,
8-Copper/Cell_TEVWEW.gmol,4,
8-Copper/Cell_TEVWEW.gmol,5,
8-Copper/Cell_TEVWEW.gmol,6,
8-Copper/Cell_TEVWEW.gmol,7,
7-Nickel/Cell_LIZHOU.gmol,0,
7-Nickel/Cell_LIZHOU.gmol,1,
7-Nickel/Cell_LIZHOU.gmol,2,
7-Nickel/Cell_LIZHOU.gmol,3,
7-Nickel/Cell_LIZHOU.gmol,4,
7-Nickel/Cell_LIZHOU.gmol,5,
7-Nickel/Cell_LIZHOU.gmol,6,
7-Nickel/Cell_LIZHOU.gmol,7,
7-Nickel/Cell_LIZHOU.gmol,8,
7-Nickel/Cell_LIZHOU.gmol,9,
7-Nickel/Cell_LIZHOU.gmol,10,
7-Nickel/Cell_LIZHOU.gmol,11,
3-Ruthenium/Cell_MIDMAO.gmol,0,
3-Ruthenium/Cell_MIDMAO.gmol,1,
3-Ruthenium/Cell_MIDMAO.gmol,2,
3-Ruthenium/Cell_MIDMAO.gmol,3,
3-Ruthenium/Cell_MIDMAO.gmol,4,
3-Ruthenium/Cell_MIDMAO.gmol,5,
3-Ruthenium/Cell_MIDMAO.gmol,6,
3-Ruthenium/Cell_MIDMAO.gmol,7,
3-Ruthenium/Cell_MIDMAO.gmol,8,
3-Ruthenium/Cell_MIDMAO.gmol,9,
3-Ruthenium/Cell_MIDMAO.gmol,10,
3-Ruthenium/Cell_MIDMAO.gmol,11,
3-Ruthenium/Cell_RESFAW.gmol,0,
3-Ruthenium/Cell_RESFAW.gmol,1,
3-Ruthenium/Cell_RESFAW.gmol,2,
4-Rhenium/Cell_EZATAA.gmol,0,
4-Rhenium/Cell_EZATAA.gmol,1,
4-Rhenium/Cell_EZATAA.gmol,2,
4-Rhenium/Cell_EZATAA.gmol,3,
4-Rhenium/Cell_EZATAA.gmol,4,
4-Rhenium/Cell_EZATAA.gmol,5,
4-Rhenium/Cell_EZATAA.gmol,6,
4-Rhenium/Cell_EZATAA.gmol,7,
8-Copper/Cell_QAKMIB.gmol,0,
8-Copper/Cell_QAKMIB.gmol,1,
8-Copper/Cell_QAKMIB.gmol,2,
8-Copper/Cell_QAKMIB.gmol,3,
6-Cobalt/Cell_EQINID.gmol,0,
8-Copper/Cell_ANUNIH.gmol,0,
4-Rhenium/Cell_IVEHOG.gmol,0,
4-Rhenium/Cell_IVEHOG.gmol,1,
4-Rhenium/Cell_IVEHOG.gmol,2,
4-Rhenium/Cell_IVEHOG.gmol,3,
8-Copper/Cell_RIQNAG.gmol,0,
8-Copper/Cell_RIQNAG.gmol,1,
8-Copper/Cell_RIQNAG.gmol,2,
8-Copper/Cell_RIQNAG.gmol,3,
8-Copper/Cell_JAMGAI.gmol,0,
8-Copper/Cell_JAMGAI.gmol,1,
1-Iron/Cell_GUTXEB.gmol,0,
1-Iron/Cell_GUTXEB.gmol,1,
1-Iron/Cell_GUTXEB.gmol,2,
1-Iron/Cell_GUTXEB.gmol,3,
1-Iron/Cell_GUTXEB.gmol,4,
1-Iron/Cell_GUTXEB.gmol,5,
1-Iron/Cell_GUTXEB.gmol,6,
1-Iron/Cell_GUTXEB.gmol,7,
1-Iron/Cell_GUTXEB.gmol,8,
1-Iron/Cell_GUTXEB.gmol,9,
1-Iron/Cell_GUTXEB.gmol,10,
1-Iron/Cell_GUTXEB.gmol,11,
1-Iron/Cell_YABGAK.gmol,0,
1-Iron/Cell_YABGAK.gmol,1,
7-Nickel/Cell_GIFGAF.gmol,0,
7-Nickel/Cell_GIFGAF.gmol,1,
7-Nickel/Cell_GIFGAF.gmol,2,
7-Nickel/Cell_GIFGAF.gmol,3,
8-Copper/Cell_VISGIQ.gmol,0,
8-Copper/Cell_VISGIQ.gmol,1,
8-Copper/Cell_VISGIQ.gmol,2,
8-Copper/Cell_VISGIQ.gmol,3,
8-Copper/Cell_VISGIQ.gmol,4,
8-Copper/Cell_VISGIQ.gmol,5,
1-Iron/Cell_EWALET.gmol,0,
1-Iron/Cell_EWALET.gmol,1,
1-Iron/Cell_EWALET.gmol,2,
1-Iron/Cell_EWALET.gmol,3,
6-Cobalt/Cell_NULQER.gmol,0,
6-Cobalt/Cell_NULQER.gmol,1,
6-Cobalt/Cell_NULQER.gmol,2,
6-Cobalt/Cell_NULQER.gmol,3,
6-Cobalt/Cell_NULQER.gmol,4,
6-Cobalt/Cell_NULQER.gmol,5,
7-Nickel/Cell_GESZEJ.gmol,0,
7-Nickel/Cell_GESZEJ.gmol,1,
7-Nickel/Cell_GESZEJ.gmol,2,
7-Nickel/Cell_GESZEJ.gmol,3,
7-Nickel/Cell_GESZEJ.gmol,4,
7-Nickel/Cell_GESZEJ.gmol,5,
7-Nickel/Cell_GESZEJ.gmol,6,
7-Nickel/Cell_GESZEJ.gmol,7,
6-Cobalt/Cell_IYUNEV.gmol,0,
6-Cobalt/Cell_IYUNEV.gmol,1,
6-Cobalt/Cell_IYUNEV.gmol,2,
6-Cobalt/Cell_IYUNEV.gmol,3,
6-Cobalt/Cell_IYUNEV.gmol,4,
6-Cobalt/Cell_IYUNEV.gmol,5,
5-Chromium/Cell_TIRLOW.gmol,0,
5-Chromium/Cell_TIRLOW.gmol,1,
5-Chromium/Cell_TIRLOW.gmol,2,
5-Chromium/Cell_TIRLOW.gmol,3,
2-Manganese/Cell_TAFTAV.gmol,0,
2-Manganese/Cell_TAFTAV.gmol,1,
2-Manganese/Cell_TAFTAV.gmol,2,
2-Manganese/Cell_TAFTAV.gmol,3,
2-Manganese/Cell_TAFTAV.gmol,4,
2-Manganese/Cell_TAFTAV.gmol,5,
2-Manganese/Cell_TAFTAV.gmol,6,
2-Manganese/Cell_TAFTAV.gmol,7,
2-Manganese/Cell_TAFTAV.gmol,8,
2-Manganese/Cell_TAFTAV.gmol,9,
2-Manganese/Cell_TAFTAV.gmol,10,
2-Manganese/Cell_TAFTAV.gmol,11,
7-Nickel/Cell_FISPAA.gmol,0,
7-Nickel/Cell_FISPAA.gmol,1,
7-Nickel/Cell_FISPAA.gmol,2,
7-Nickel/Cell_FISPAA.gmol,3,
7-Nickel/Cell_FISPAA.gmol,4,
7-Nickel/Cell_FISPAA.gmol,5,
7-Nickel/Cell_FISPAA.gmol,6,
7-Nickel/Cell_FISPAA.gmol,7,
7-Nickel/Cell_FISPAA.gmol,8,
7-Nickel/Cell_FISPAA.gmol,9,
7-Nickel/Cell_FISPAA.gmol,10,
7-Nickel/Cell_FISPAA.gmol,11,
1-Iron/Cell_TUZTEO.gmol,0,
1-Iron/Cell_TUZTEO.gmol,1,
1-Iron/Cell_TUZTEO.gmol,2,
1-Iron/Cell_TUZTEO.gmol,3,
1-Iron/Cell_TUZTEO.gmol,4,
1-Iron/Cell_TUZTEO.gmol,5,
2-Manganese/Cell_WEFCIT.gmol,0,
2-Manganese/Cell_WEFCIT.gmol,1,
2-Manganese/Cell_WEFCIT.gmol,2,
2-Manganese/Cell_WEFCIT.gmol,3,
7-Nickel/Cell_WUXVOA.gmol,0,
7-Nickel/Cell_WUXVOA.gmol,1,
7-Nickel/Cell_WUXVOA.gmol,2,
7-Nickel/Cell_WUXVOA.gmol,3,
6-Cobalt/Cell_SOMJOU.gmol,0,
6-Cobalt/Cell_SOMJOU.gmol,1,
8-Copper/Cell_RAHYIL.gmol,0,
8-Copper/Cell_RAHYIL.gmol,1,
8-Copper/Cell_RAHYIL.gmol,2,
8-Copper/Cell_RAHYIL.gmol,3,
3-Ruthenium/Cell_AFODOP.gmol,0,
3-Ruthenium/Cell_AFODOP.gmol,1,
3-Ruthenium/Cell_AFODOP.gmol,2,
3-Ruthenium/Cell_AFODOP.gmol,3,
3-Ruthenium/Cell_AFODOP.gmol,4,
3-Ruthenium/Cell_AFODOP.gmol,5,
3-Ruthenium/Cell_AFODOP.gmol,6,
3-Ruthenium/Cell_AFODOP.gmol,7,
1-Iron/Cell_PUFRIU.gmol,0,
1-Iron/Cell_PUFRIU.gmol,1,
1-Iron/Cell_PUFRIU.gmol,2,
1-Iron/Cell_PUFRIU.gmol,3,
1-Iron/Cell_PUFRIU.gmol,4,
1-Iron/Cell_PUFRIU.gmol,5,
8-Copper/Cell_FEYTOT.gmol,0,
8-Copper/Cell_FEYTOT.gmol,1,
8-Copper/Cell_FEYTOT.gmol,2,
8-Copper/Cell_FEYTOT.gmol,3,
5-Chromium/Cell_FIHNEP.gmol,0,
5-Chromium/Cell_FIHNEP.gmol,1,
5-Chromium/Cell_FIHNEP.gmol,2,
5-Chromium/Cell_FIHNEP.gmol,3,
7-Nickel/Cell_VUTSUY.gmol,0,
7-Nickel/Cell_VUTSUY.gmol,1,
6-Cobalt/Cell_MASLUP.gmol,0,
6-Cobalt/Cell_MASLUP.gmol,1,
6-Cobalt/Cell_MASLUP.gmol,2,
8-Copper/Cell_BAPLIO.gmol,0,
8-Copper/Cell_BAPLIO.gmol,1,
2-Manganese/Cell_BOHZUU.gmol,0,
2-Manganese/Cell_BOHZUU.gmol,1,
5-Chromium/Cell_INIFOB.gmol,0,
5-Chromium/Cell_INIFOB.gmol,1,
5-Chromium/Cell_INIFOB.gmol,2,
5-Chromium/Cell_INIFOB.gmol,3,
7-Nickel/Cell_ODOBOY.gmol,0,
7-Nickel/Cell_ODOBOY.gmol,1,
7-Nickel/Cell_ODOBOY.gmol,2,
7-Nickel/Cell_ODOBOY.gmol,3,
7-Nickel/Cell_MEZFIG.gmol,0,
7-Nickel/Cell_MEZFIG.gmol,1,
7-Nickel/Cell_CIKGUB.gmol,0,
7-Nickel/Cell_CIKGUB.gmol,1,
7-Nickel/Cell_CIKGUB.gmol,2,
7-Nickel/Cell_CIKGUB.gmol,3,
7-Nickel/Cell_CIKGUB.gmol,4,
7-Nickel/Cell_CIKGUB.gmol,5,
7-Nickel/Cell_CIKGUB.gmol,6,
7-Nickel/Cell_CIKGUB.gmol,7,
7-Nickel/Cell_CIKGUB.gmol,8,
7-Nickel/Cell_CIKGUB.gmol,9,
7-Nickel/Cell_CIKGUB.gmol,10,
7-Nickel/Cell_CIKGUB.gmol,11,
7-Nickel/Cell_ZOGWUN.gmol,0,
7-Nickel/Cell_ZOGWUN.gmol,1,
7-Nickel/Cell_ZOGWUN.gmol,2,
7-Nickel/Cell_ZOGWUN.gmol,3,
7-Nickel/Cell_ZOGWUN.gmol,4,
7-Nickel/Cell_ZOGWUN.gmol,5,
7-Nickel/Cell_ZOGWUN.gmol,6,
7-Nickel/Cell_ZOGWUN.gmol,7,
7-Nickel/Cell_ZOGWUN.gmol,8,
7-Nickel/Cell_ZOGWUN.gmol,9,
7-Nickel/Cell_ZOGWUN.gmol,10,
7-Nickel/Cell_ZOGWUN.gmol,11,
7-Nickel/Cell_ZOGWUN.gmol,12,
7-Nickel/Cell_ZOGWUN.gmol,13,
7-Nickel/Cell_ZOGWUN.gmol,14,
7-Nickel/Cell_ZOGWUN.gmol,15,
7-Nickel/Cell_ZOGWUN.gmol,16,
7-Nickel/Cell_ZOGWUN.gmol,17,
7-Nickel/Cell_ZOGWUN.gmol,18,
7-Nickel/Cell_ZOGWUN.gmol,19,
8-Copper/Cell_AEBZTZ.gmol,0,
8-Copper/Cell_AEBZTZ.gmol,1,
8-Copper/Cell_AEBZTZ.gmol,2,
8-Copper/Cell_AEBZTZ.gmol,3,
8-Copper/Cell_AEBZTZ.gmol,4,
8-Copper/Cell_AEBZTZ.gmol,5,
7-Nickel/Cell_OQUGAJ.gmol,0,
7-Nickel/Cell_OQUGAJ.gmol,1,
1-Iron/Cell_SOQLUF.gmol,0,
1-Iron/Cell_SOQLUF.gmol,1,
1-Iron/Cell_SOQLUF.gmol,2,
1-Iron/Cell_SOQLUF.gmol,3,
7-Nickel/Cell_QACQAN.gmol,0,
7-Nickel/Cell_QACQAN.gmol,1,
8-Copper/Cell_SEFJET.gmol,0,
8-Copper/Cell_SEFJET.gmol,1,
8-Copper/Cell_SEFJET.gmol,2,
8-Copper/Cell_SEFJET.gmol,3,
8-Copper/Cell_AWOTIQ.gmol,0,
8-Copper/Cell_AWOTIQ.gmol,1,
8-Copper/Cell_AWOTIQ.gmol,2,
8-Copper/Cell_AWOTIQ.gmol,3,
8-Copper/Cell_AWOTIQ.gmol,4,
8-Copper/Cell_AWOTIQ.gmol,5,
8-Copper/Cell_GAQJIS.gmol,0,
8-Copper/Cell_GAQJIS.gmol,1,
8-Copper/Cell_GAQJIS.gmol,2,
8-Copper/Cell_GAQJIS.gmol,3,
4-Rhenium/Cell_YUHLUI.gmol,0,
4-Rhenium/Cell_YUHLUI.gmol,1,
1-Iron/Cell_VIVKER.gmol,0,
1-Iron/Cell_VIVKER.gmol,1,
1-Iron/Cell_VIVKER.gmol,2,
1-Iron/Cell_VIVKER.gmol,3,
7-Nickel/Cell_QIBKOC.gmol,0,
7-Nickel/Cell_QIBKOC.gmol,1,
7-Nickel/Cell_QIBKOC.gmol,2,
7-Nickel/Cell_QIBKOC.gmol,3,
7-Nickel/Cell_XEPZUO.gmol,0,
7-Nickel/Cell_XEPZUO.gmol,1,
7-Nickel/Cell_XEPZUO.gmol,2,
7-Nickel/Cell_XEPZUO.gmol,3,
6-Cobalt/Cell_YAVJOW.gmol,0,
6-Cobalt/Cell_YAVJOW.gmol,1,
8-Copper/Cell_MOSBON.gmol,0,
8-Copper/Cell_MOSBON.gmol,1,
8-Copper/Cell_MOSBON.gmol,2,
4-Rhenium/Cell_REDYOO.gmol,0,
4-Rhenium/Cell_REDYOO.gmol,1,
4-Rhenium/Cell_REDYOO.gmol,2,
4-Rhenium/Cell_REDYOO.gmol,3,
4-Rhenium/Cell_REDYOO.gmol,4,
4-Rhenium/Cell_REDYOO.gmol,5,
4-Rhenium/Cell_REDYOO.gmol,6,
4-Rhenium/Cell_REDYOO.gmol,7,
8-Copper/Cell_AMUXEN.gmol,0,
8-Copper/Cell_AMUXEN.gmol,1,
8-Copper/Cell_AMUXEN.gmol,2,
8-Copper/Cell_AMUXEN.gmol,3,
8-Copper/Cell_AMUXEN.gmol,4,
8-Copper/Cell_AMUXEN.gmol,5,
8-Copper/Cell_AMUXEN.gmol,6,
8-Copper/Cell_AMUXEN.gmol,7,
8-Copper/Cell_AMUXEN.gmol,8,
8-Copper/Cell_AMUXEN.gmol,9,
8-Copper/Cell_AMUXEN.gmol,10,
8-Copper/Cell_AMUXEN.gmol,11,
8-Copper/Cell_VIWJIV.gmol,0,
8-Copper/Cell_VIWJIV.gmol,1,
7-Nickel/Cell_POGSOU.gmol,0,
3-Ruthenium/Cell_TUSXAH.gmol,0,
2-Manganese/Cell_CUWMOW.gmol,0,
2-Manganese/Cell_CUWMOW.gmol,1,
2-Manganese/Cell_CUWMOW.gmol,2,
2-Manganese/Cell_CUWMOW.gmol,3,
2-Manganese/Cell_CUWMOW.gmol,4,
2-Manganese/Cell_CUWMOW.gmol,5,
2-Manganese/Cell_CUWMOW.gmol,6,
2-Manganese/Cell_CUWMOW.gmol,7,
2-Manganese/Cell_CUWMOW.gmol,8,
2-Manganese/Cell_CUWMOW.gmol,9,
2-Manganese/Cell_CUWMOW.gmol,10,
2-Manganese/Cell_CUWMOW.gmol,11,
7-Nickel/Cell_XESNUG.gmol,0,
7-Nickel/Cell_XESNUG.gmol,1,
7-Nickel/Cell_XESNUG.gmol,2,
7-Nickel/Cell_XESNUG.gmol,3,
1-Iron/Cell_YEKZOG.gmol,0,
1-Iron/Cell_YEKZOG.gmol,1,
1-Iron/Cell_YEKZOG.gmol,2,
1-Iron/Cell_YEKZOG.gmol,3,
1-Iron/Cell_RAKTAA.gmol,0,
1-Iron/Cell_RAKTAA.gmol,1,
1-Iron/Cell_RAKTAA.gmol,2,
1-Iron/Cell_RAKTAA.gmol,3,
7-Nickel/Cell_DAJDID.gmol,0,
7-Nickel/Cell_DAJDID.gmol,1,
7-Nickel/Cell_DAJDID.gmol,2,
7-Nickel/Cell_DAJDID.gmol,3,
7-Nickel/Cell_DAJDID.gmol,4,
7-Nickel/Cell_DAJDID.gmol,5,
7-Nickel/Cell_DAJDID.gmol,6,
7-Nickel/Cell_DAJDID.gmol,7,
7-Nickel/Cell_DAJDID.gmol,8,
7-Nickel/Cell_DAJDID.gmol,9,
7-Nickel/Cell_DAJDID.gmol,10,
7-Nickel/Cell_DAJDID.gmol,11,
2-Manganese/Cell_GAHXUK.gmol,0,
2-Manganese/Cell_GAHXUK.gmol,1,
2-Manganese/Cell_GAHXUK.gmol,2,
2-Manganese/Cell_GAHXUK.gmol,3,
2-Manganese/Cell_GAHXUK.gmol,4,
2-Manganese/Cell_GAHXUK.gmol,5,
6-Cobalt/Cell_DEVCOZ.gmol,0,
6-Cobalt/Cell_DEVCOZ.gmol,1,
6-Cobalt/Cell_DEVCOZ.gmol,2,
6-Cobalt/Cell_DEVCOZ.gmol,3,
1-Iron/Cell_JESSEG.gmol,0,
1-Iron/Cell_JESSEG.gmol,1,
1-Iron/Cell_JESSEG.gmol,2,
1-Iron/Cell_JESSEG.gmol,3,
1-Iron/Cell_JESSEG.gmol,4,
1-Iron/Cell_JESSEG.gmol,5,
1-Iron/Cell_JESSEG.gmol,6,
1-Iron/Cell_JESSEG.gmol,7,
2-Manganese/Cell_PEWRAM.gmol,0,
2-Manganese/Cell_PEWRAM.gmol,1,
2-Manganese/Cell_PEWRAM.gmol,2,
2-Manganese/Cell_PEWRAM.gmol,3,
2-Manganese/Cell_PEWRAM.gmol,4,
3-Ruthenium/Cell_VOHCUR.gmol,0,
3-Ruthenium/Cell_VOHCUR.gmol,1,
3-Ruthenium/Cell_VOHCUR.gmol,2,
3-Ruthenium/Cell_VOHCUR.gmol,3,
3-Ruthenium/Cell_VOHCUR.gmol,4,
3-Ruthenium/Cell_VOHCUR.gmol,5,
3-Ruthenium/Cell_VOHCUR.gmol,6,
3-Ruthenium/Cell_VOHCUR.gmol,7,
3-Ruthenium/Cell_VOHCUR.gmol,8,
3-Ruthenium/Cell_VOHCUR.gmol,9,
3-Ruthenium/Cell_VOHCUR.gmol,10,
3-Ruthenium/Cell_VOHCUR.gmol,11,
1-Iron/Cell_IBODEK.gmol,0,
1-Iron/Cell_IBODEK.gmol,1,
1-Iron/Cell_IBODEK.gmol,2,
1-Iron/Cell_IBODEK.gmol,3,
3-Ruthenium/Cell_GACMII.gmol,0,
3-Ruthenium/Cell_GACMII.gmol,1,
3-Ruthenium/Cell_GACMII.gmol,2,
3-Ruthenium/Cell_GACMII.gmol,3,
6-Cobalt/Cell_KOQQEO.gmol,0,
6-Cobalt/Cell_KOQQEO.gmol,1,
6-Cobalt/Cell_KOQQEO.gmol,2,
6-Cobalt/Cell_KOQQEO.gmol,3,
6-Cobalt/Cell_KOQQEO.gmol,4,
6-Cobalt/Cell_KOQQEO.gmol,5,
6-Cobalt/Cell_KOQQEO.gmol,6,
6-Cobalt/Cell_KOQQEO.gmol,7,
6-Cobalt/Cell_KOQQEO.gmol,8,
6-Cobalt/Cell_KOQQEO.gmol,9,
6-Cobalt/Cell_KOQQEO.gmol,10,
6-Cobalt/Cell_KOQQEO.gmol,11,
6-Cobalt/Cell_KOQQEO.gmol,12,
6-Cobalt/Cell_KOQQEO.gmol,13,
6-Cobalt/Cell_KOQQEO.gmol,14,
6-Cobalt/Cell_KOQQEO.gmol,15,
6-Cobalt/Cell_KOQQEO.gmol,16,
6-Cobalt/Cell_KOQQEO.gmol,17,
6-Cobalt/Cell_KOQQEO.gmol,18,
6-Cobalt/Cell_KOQQEO.gmol,19,
8-Copper/Cell_KIBSUM.gmol,0,
8-Copper/Cell_KIBSUM.gmol,1,
8-Copper/Cell_KIBSUM.gmol,2,
8-Copper/Cell_KIBSUM.gmol,3,
8-Copper/Cell_KIBSUM.gmol,4,
8-Copper/Cell_KIBSUM.gmol,5,
8-Copper/Cell_KIBSUM.gmol,6,
8-Copper/Cell_KIBSUM.gmol,7,
8-Copper/Cell_KIBSUM.gmol,8,
8-Copper/Cell_KIBSUM.gmol,9,
6-Cobalt/Cell_MCPTCO.gmol,0,
6-Cobalt/Cell_MCPTCO.gmol,1,
6-Cobalt/Cell_MCPTCO.gmol,2,
6-Cobalt/Cell_MCPTCO.gmol,3,
1-Iron/Cell_LIHRUR.gmol,0,
1-Iron/Cell_LIHRUR.gmol,1,
1-Iron/Cell_LIHRUR.gmol,2,
1-Iron/Cell_LIHRUR.gmol,3,
1-Iron/Cell_LIHRUR.gmol,4,
1-Iron/Cell_LIHRUR.gmol,5,
1-Iron/Cell_LIHRUR.gmol,6,
1-Iron/Cell_LIHRUR.gmol,7,
1-Iron/Cell_LIHRUR.gmol,8,
1-Iron/Cell_LIHRUR.gmol,9,
1-Iron/Cell_LIHRUR.gmol,10,
1-Iron/Cell_LIHRUR.gmol,11,
1-Iron/Cell_LIHRUR.gmol,12,
1-Iron/Cell_LIHRUR.gmol,13,
1-Iron/Cell_LIHRUR.gmol,14,
1-Iron/Cell_LIHRUR.gmol,15,
1-Iron/Cell_VOVDEP.gmol,0,
1-Iron/Cell_VOVDEP.gmol,1,
1-Iron/Cell_VOVDEP.gmol,2,
1-Iron/Cell_VOVDEP.gmol,3,
7-Nickel/Cell_YEKCEX.gmol,0,
7-Nickel/Cell_YEKCEX.gmol,1,
7-Nickel/Cell_YEKCEX.gmol,2,
7-Nickel/Cell_YEKCEX.gmol,3,
7-Nickel/Cell_VEWWUS.gmol,0,
7-Nickel/Cell_VEWWUS.gmol,1,
7-Nickel/Cell_VEWWUS.gmol,2,
7-Nickel/Cell_VEWWUS.gmol,3,
6-Cobalt/Cell_QOXTIH.gmol,0,
6-Cobalt/Cell_QOXTIH.gmol,1,
8-Copper/Cell_CIGQUG.gmol,0,
8-Copper/Cell_CIGQUG.gmol,1,
8-Copper/Cell_ITOMEL.gmol,0,
8-Copper/Cell_HUKDIA.gmol,0,
8-Copper/Cell_HUKDIA.gmol,1,
8-Copper/Cell_HUKDIA.gmol,2,
8-Copper/Cell_HUKDIA.gmol,3,
8-Copper/Cell_HUKDIA.gmol,4,
8-Copper/Cell_HUKDIA.gmol,5,
2-Manganese/Cell_AXECIR.gmol,0,
2-Manganese/Cell_AXECIR.gmol,1,
2-Manganese/Cell_AXECIR.gmol,2,
2-Manganese/Cell_AXECIR.gmol,3,
2-Manganese/Cell_AXECIR.gmol,4,
2-Manganese/Cell_AXECIR.gmol,5,
2-Manganese/Cell_AXECIR.gmol,6,
2-Manganese/Cell_AXECIR.gmol,7,
2-Manganese/Cell_AXECIR.gmol,8,
2-Manganese/Cell_AXECIR.gmol,9,
2-Manganese/Cell_AXECIR.gmol,10,
2-Manganese/Cell_AXECIR.gmol,11,
2-Manganese/Cell_AXECIR.gmol,12,
2-Manganese/Cell_AXECIR.gmol,13,
2-Manganese/Cell_AXECIR.gmol,14,
2-Manganese/Cell_AXECIR.gmol,15,
8-Copper/Cell_OFEPIB.gmol,0,
8-Copper/Cell_OFEPIB.gmol,1,
8-Copper/Cell_OFEPIB.gmol,2,
8-Copper/Cell_OFEPIB.gmol,3,
7-Nickel/Cell_FALJIL.gmol,0,
7-Nickel/Cell_FALJIL.gmol,1,
1-Iron/Cell_JAHKIN.gmol,0,
1-Iron/Cell_JAHKIN.gmol,1,
4-Rhenium/Cell_FOBRAS.gmol,0,
4-Rhenium/Cell_FOBRAS.gmol,1,
6-Cobalt/Cell_EFUJOF.gmol,0,
6-Cobalt/Cell_EFUJOF.gmol,1,
5-Chromium/Cell_LOLBIZ.gmol,0,
5-Chromium/Cell_LOLBIZ.gmol,1,
5-Chromium/Cell_LOLBIZ.gmol,2,
5-Chromium/Cell_LOLBIZ.gmol,3,
5-Chromium/Cell_LOLBIZ.gmol,4,
5-Chromium/Cell_LOLBIZ.gmol,5,
5-Chromium/Cell_LOLBIZ.gmol,6,
5-Chromium/Cell_LOLBIZ.gmol,7,
5-Chromium/Cell_LOLBIZ.gmol,8,
5-Chromium/Cell_LOLBIZ.gmol,9,
5-Chromium/Cell_LOLBIZ.gmol,10,
5-Chromium/Cell_LOLBIZ.gmol,11,
5-Chromium/Cell_LOLBIZ.gmol,12,
5-Chromium/Cell_LOLBIZ.gmol,13,
6-Cobalt/Cell_OQOKIP.gmol,0,
6-Cobalt/Cell_OQOKIP.gmol,1,
6-Cobalt/Cell_OQOKIP.gmol,2,
6-Cobalt/Cell_OQOKIP.gmol,3,
6-Cobalt/Cell_OQOKIP.gmol,4,
6-Cobalt/Cell_OQOKIP.gmol,5,
4-Rhenium/Cell_IYEXIU.gmol,0,
4-Rhenium/Cell_IYEXIU.gmol,1,
4-Rhenium/Cell_IYEXIU.gmol,2,
4-Rhenium/Cell_IYEXIU.gmol,3,
4-Rhenium/Cell_BAMXUJ.gmol,0,
4-Rhenium/Cell_BAMXUJ.gmol,1,
4-Rhenium/Cell_BAMXUJ.gmol,2,
4-Rhenium/Cell_BAMXUJ.gmol,3,
6-Cobalt/Cell_IPITUW.gmol,0,
6-Cobalt/Cell_IPITUW.gmol,1,
6-Cobalt/Cell_IPITUW.gmol,2,
6-Cobalt/Cell_IPITUW.gmol,3,
6-Cobalt/Cell_IPITUW.gmol,4,
6-Cobalt/Cell_IPITUW.gmol,5,
6-Cobalt/Cell_IPITUW.gmol,6,
6-Cobalt/Cell_IPITUW.gmol,7,
6-Cobalt/Cell_IPITUW.gmol,8,
6-Cobalt/Cell_IPITUW.gmol,9,
6-Cobalt/Cell_IPITUW.gmol,10,
6-Cobalt/Cell_IPITUW.gmol,11,
8-Copper/Cell_BUCDAG.gmol,0,
8-Copper/Cell_BUCDAG.gmol,1,
8-Copper/Cell_BUCDAG.gmol,2,
2-Manganese/Cell_TEVLAK.gmol,0,
2-Manganese/Cell_TEVLAK.gmol,1,
2-Manganese/Cell_TEVLAK.gmol,2,
2-Manganese/Cell_TEVLAK.gmol,3,
2-Manganese/Cell_TEVLAK.gmol,4,
2-Manganese/Cell_TEVLAK.gmol,5,
2-Manganese/Cell_TEVLAK.gmol,6,
2-Manganese/Cell_TEVLAK.gmol,7,
2-Manganese/Cell_TEVLAK.gmol,8,
2-Manganese/Cell_TEVLAK.gmol,9,
2-Manganese/Cell_TEVLAK.gmol,10,
2-Manganese/Cell_TEVLAK.gmol,11,
2-Manganese/Cell_TEVLAK.gmol,12,
2-Manganese/Cell_TEVLAK.gmol,13,
2-Manganese/Cell_TEVLAK.gmol,14,
2-Manganese/Cell_TEVLAK.gmol,15,
3-Ruthenium/Cell_OCOCOY.gmol,0,
3-Ruthenium/Cell_OCOCOY.gmol,1,
3-Ruthenium/Cell_OCOCOY.gmol,2,
3-Ruthenium/Cell_OCOCOY.gmol,3,
3-Ruthenium/Cell_OCOCOY.gmol,4,
3-Ruthenium/Cell_OCOCOY.gmol,5,
3-Ruthenium/Cell_OCOCOY.gmol,6,
3-Ruthenium/Cell_OCOCOY.gmol,7,
7-Nickel/Cell_BIXQUU.gmol,0,
7-Nickel/Cell_BIXQUU.gmol,1,
7-Nickel/Cell_BIXQUU.gmol,2,
7-Nickel/Cell_BIXQUU.gmol,3,
7-Nickel/Cell_BIXQUU.gmol,4,
7-Nickel/Cell_BIXQUU.gmol,5,
7-Nickel/Cell_BIXQUU.gmol,6,
3-Ruthenium/Cell_TOXFUH.gmol,0,
3-Ruthenium/Cell_TOXFUH.gmol,1,
3-Ruthenium/Cell_TOXFUH.gmol,2,
3-Ruthenium/Cell_TOXFUH.gmol,3,
8-Copper/Cell_XAKGUN.gmol,0,
8-Copper/Cell_XAKGUN.gmol,1,
8-Copper/Cell_XAKGUN.gmol,2,
8-Copper/Cell_XAKGUN.gmol,3,
7-Nickel/Cell_IDOYOQ.gmol,0,
7-Nickel/Cell_IDOYOQ.gmol,1,
7-Nickel/Cell_IDOYOQ.gmol,2,
7-Nickel/Cell_IDOYOQ.gmol,3,
7-Nickel/Cell_IDOYOQ.gmol,4,
7-Nickel/Cell_IDOYOQ.gmol,5,
7-Nickel/Cell_IDOYOQ.gmol,6,
7-Nickel/Cell_IDOYOQ.gmol,7,
1-Iron/Cell_QOBZUE.gmol,0,
1-Iron/Cell_QOBZUE.gmol,1,
1-Iron/Cell_QOBZUE.gmol,2,
1-Iron/Cell_QOBZUE.gmol,3,
1-Iron/Cell_QOBZUE.gmol,4,
1-Iron/Cell_QOBZUE.gmol,5,
8-Copper/Cell_JEGPUG.gmol,0,
8-Copper/Cell_JEGPUG.gmol,1,
8-Copper/Cell_JEGPUG.gmol,2,
8-Copper/Cell_JEGPUG.gmol,3,
8-Copper/Cell_JEGPUG.gmol,4,
8-Copper/Cell_JEGPUG.gmol,5,
8-Copper/Cell_JEGPUG.gmol,6,
8-Copper/Cell_JEGPUG.gmol,7,
7-Nickel/Cell_UGAWAB.gmol,0,
7-Nickel/Cell_UGAWAB.gmol,1,
7-Nickel/Cell_UGAWAB.gmol,2,
7-Nickel/Cell_UGAWAB.gmol,3,
7-Nickel/Cell_UGAWAB.gmol,4,
7-Nickel/Cell_UGAWAB.gmol,5,
7-Nickel/Cell_UGAWAB.gmol,6,
7-Nickel/Cell_UGAWAB.gmol,7,
7-Nickel/Cell_UGAWAB.gmol,8,
7-Nickel/Cell_UGAWAB.gmol,9,
7-Nickel/Cell_UGAWAB.gmol,10,
7-Nickel/Cell_UGAWAB.gmol,11,
7-Nickel/Cell_UGAWAB.gmol,12,
7-Nickel/Cell_UGAWAB.gmol,13,
7-Nickel/Cell_UGAWAB.gmol,14,
7-Nickel/Cell_UGAWAB.gmol,15,
7-Nickel/Cell_ZAZZAE.gmol,0,
7-Nickel/Cell_ZAZZAE.gmol,1,
7-Nickel/Cell_ZAZZAE.gmol,2,
7-Nickel/Cell_ZAZZAE.gmol,3,
7-Nickel/Cell_WOPRUP.gmol,0,
7-Nickel/Cell_WOPRUP.gmol,1,
7-Nickel/Cell_WOPRUP.gmol,2,
7-Nickel/Cell_WOPRUP.gmol,3,
8-Copper/Cell_FOWBUP.gmol,0,
8-Copper/Cell_FOWBUP.gmol,1,
8-Copper/Cell_FOWBUP.gmol,2,
8-Copper/Cell_FOWBUP.gmol,3,
8-Copper/Cell_FOWBUP.gmol,4,
8-Copper/Cell_FOWBUP.gmol,5,
8-Copper/Cell_FOWBUP.gmol,6,
8-Copper/Cell_FOWBUP.gmol,7,
8-Copper/Cell_FOWBUP.gmol,8,
8-Copper/Cell_FOWBUP.gmol,9,
8-Copper/Cell_FOWBUP.gmol,10,
8-Copper/Cell_FOWBUP.gmol,11,
8-Copper/Cell_FOWBUP.gmol,12,
8-Copper/Cell_FOWBUP.gmol,13,
8-Copper/Cell_FOWBUP.gmol,14,
8-Copper/Cell_FOWBUP.gmol,15,
8-Copper/Cell_FOWBUP.gmol,16,
8-Copper/Cell_FOWBUP.gmol,17,
8-Copper/Cell_FOWBUP.gmol,18,
8-Copper/Cell_FOWBUP.gmol,19,
8-Copper/Cell_FOWBUP.gmol,20,
8-Copper/Cell_FOWBUP.gmol,21,
8-Copper/Cell_FOWBUP.gmol,22,
8-Copper/Cell_FOWBUP.gmol,23,
8-Copper/Cell_SADHIQ.gmol,0,
8-Copper/Cell_SADHIQ.gmol,1,
8-Copper/Cell_SADHIQ.gmol,2,
8-Copper/Cell_SADHIQ.gmol,3,
8-Copper/Cell_SADHIQ.gmol,4,
8-Copper/Cell_SADHIQ.gmol,5,
6-Cobalt/Cell_DIDJEF.gmol,0,"- Covalent bonds missing from SCOPE: ['0:Co-2:O', '0:Co-3:O', '0:Co-12:C', '0:Co-13:C', '0:Co-15:C', '0:Co-16:C']
- Metal bonds missing from SCOPE: ['0:Co-2:O', '0:Co-3:O', '0:Co-12:C', '0:Co-13:C', '0:Co-15:C', '0:Co-16:C']
- Different metal coordination numbers: cell2mol=[('Co', 3, 12)], SCOPE=[('Co', 3, 6)]"
6-Cobalt/Cell_DIDJEF.gmol,1,"- Covalent bonds missing from SCOPE: ['0:Co-2:O', '0:Co-3:O', '0:Co-12:C', '0:Co-13:C', '0:Co-15:C', '0:Co-16:C']
- Metal bonds missing from SCOPE: ['0:Co-2:O', '0:Co-3:O', '0:Co-12:C', '0:Co-13:C', '0:Co-15:C', '0:Co-16:C']
- Different metal coordination numbers: cell2mol=[('Co', 3, 12)], SCOPE=[('Co', 3, 6)]"
6-Cobalt/Cell_DIDJEF.gmol,2,"- Covalent bonds missing from SCOPE: ['0:Co-2:O', '0:Co-3:O', '0:Co-10:C', '0:Co-11:C', '0:Co-13:C', '0:Co-14:C']
- Metal bonds missing from SCOPE: ['0:Co-2:O', '0:Co-3:O', '0:Co-10:C', '0:Co-11:C', '0:Co-13:C', '0:Co-14:C']
- Different metal coordination numbers: cell2mol=[('Co', 3, 12)], SCOPE=[('Co', 3, 6)]"
6-Cobalt/Cell_DIDJEF.gmol,3,"- Covalent bonds missing from SCOPE: ['0:Co-2:O', '0:Co-3:O', '0:Co-10:C', '0:Co-11:C', '0:Co-13:C', '0:Co-14:C']
- Metal bonds missing from SCOPE: ['0:Co-2:O', '0:Co-3:O', '0:Co-10:C', '0:Co-11:C', '0:Co-13:C', '0:Co-14:C']
- Different metal coordination numbers: cell2mol=[('Co', 3, 12)], SCOPE=[('Co', 3, 6)]"
1-Iron/Cell_MUTCEJ.gmol,0,
1-Iron/Cell_MUTCEJ.gmol,1,
8-Copper/Cell_UMERUB.gmol,0,
8-Copper/Cell_UMERUB.gmol,1,
8-Copper/Cell_UMERUB.gmol,2,
8-Copper/Cell_UMERUB.gmol,3,
8-Copper/Cell_UMERUB.gmol,4,
8-Copper/Cell_UMERUB.gmol,5,
8-Copper/Cell_UMERUB.gmol,6,
8-Copper/Cell_UMERUB.gmol,7,
3-Ruthenium/Cell_QARTUY.gmol,0,
3-Ruthenium/Cell_QARTUY.gmol,1,
3-Ruthenium/Cell_QARTUY.gmol,2,
3-Ruthenium/Cell_QARTUY.gmol,3,
3-Ruthenium/Cell_QARTUY.gmol,4,
3-Ruthenium/Cell_QARTUY.gmol,5,
3-Ruthenium/Cell_QARTUY.gmol,6,
3-Ruthenium/Cell_QARTUY.gmol,7,
1-Iron/Cell_CEMXAV.gmol,0,
1-Iron/Cell_CEMXAV.gmol,1,
1-Iron/Cell_CEMXAV.gmol,2,
1-Iron/Cell_CEMXAV.gmol,3,
3-Ruthenium/Cell_MEHYII.gmol,0,
3-Ruthenium/Cell_MEHYII.gmol,1,
3-Ruthenium/Cell_MEHYII.gmol,2,
3-Ruthenium/Cell_MEHYII.gmol,3,
3-Ruthenium/Cell_MEHYII.gmol,4,
3-Ruthenium/Cell_MEHYII.gmol,5,
3-Ruthenium/Cell_MEHYII.gmol,6,
3-Ruthenium/Cell_MEHYII.gmol,7,
3-Ruthenium/Cell_MEHYII.gmol,8,
3-Ruthenium/Cell_MEHYII.gmol,9,
3-Ruthenium/Cell_MEHYII.gmol,10,
3-Ruthenium/Cell_MEHYII.gmol,11,
1-Iron/Cell_UTESIY.gmol,0,
1-Iron/Cell_UTESIY.gmol,1,
7-Nickel/Cell_ORUDIP.gmol,0,
7-Nickel/Cell_ORUDIP.gmol,1,
7-Nickel/Cell_ORUDIP.gmol,2,
7-Nickel/Cell_ORUDIP.gmol,3,
2-Manganese/Cell_WOVXAI.gmol,0,
2-Manganese/Cell_WOVXAI.gmol,1,
2-Manganese/Cell_WOVXAI.gmol,2,
2-Manganese/Cell_WOVXAI.gmol,3,
8-Copper/Cell_KEFPAN.gmol,0,
8-Copper/Cell_KEFPAN.gmol,1,
8-Copper/Cell_KEFPAN.gmol,2,
8-Copper/Cell_KEFPAN.gmol,3,
8-Copper/Cell_KEFPAN.gmol,4,
8-Copper/Cell_KEFPAN.gmol,5,
8-Copper/Cell_KEFPAN.gmol,6,
8-Copper/Cell_KEFPAN.gmol,7,
8-Copper/Cell_KEFPAN.gmol,8,
8-Copper/Cell_KEFPAN.gmol,9,
8-Copper/Cell_KEFPAN.gmol,10,
8-Copper/Cell_KEFPAN.gmol,11,
2-Manganese/Cell_HUYTUR.gmol,0,
2-Manganese/Cell_HUYTUR.gmol,1,
8-Copper/Cell_YUGGIS.gmol,0,
8-Copper/Cell_YUGGIS.gmol,1,
1-Iron/Cell_FIHRET.gmol,0,
1-Iron/Cell_FIHRET.gmol,1,
8-Copper/Cell_BEPCUU.gmol,0,
8-Copper/Cell_BEPCUU.gmol,1,
8-Copper/Cell_BEPCUU.gmol,2,
8-Copper/Cell_BEPCUU.gmol,3,
8-Copper/Cell_BEPCUU.gmol,4,
8-Copper/Cell_BEPCUU.gmol,5,
8-Copper/Cell_ICISIX.gmol,0,
8-Copper/Cell_ICISIX.gmol,1,
8-Copper/Cell_ICISIX.gmol,2,
8-Copper/Cell_ICISIX.gmol,3,
8-Copper/Cell_ICISIX.gmol,4,
8-Copper/Cell_ICISIX.gmol,5,
8-Copper/Cell_ICISIX.gmol,6,
8-Copper/Cell_ICISIX.gmol,7,
8-Copper/Cell_ICISIX.gmol,8,
8-Copper/Cell_ICISIX.gmol,9,
8-Copper/Cell_ICISIX.gmol,10,
8-Copper/Cell_ICISIX.gmol,11,
8-Copper/Cell_ICISIX.gmol,12,
8-Copper/Cell_ICISIX.gmol,13,
8-Copper/Cell_ICISIX.gmol,14,
8-Copper/Cell_ICISIX.gmol,15,
8-Copper/Cell_ICISIX.gmol,16,
8-Copper/Cell_ICISIX.gmol,17,
8-Copper/Cell_ICISIX.gmol,18,
8-Copper/Cell_ICISIX.gmol,19,
8-Copper/Cell_ICISIX.gmol,20,
8-Copper/Cell_ICISIX.gmol,21,
8-Copper/Cell_ICISIX.gmol,22,
8-Copper/Cell_ICISIX.gmol,23,
8-Copper/Cell_BAQNOY.gmol,0,
8-Copper/Cell_BAQNOY.gmol,1,
8-Copper/Cell_BEYMAU.gmol,0,
8-Copper/Cell_BEYMAU.gmol,1,
8-Copper/Cell_BEYMAU.gmol,2,
8-Copper/Cell_BEYMAU.gmol,3,
2-Manganese/Cell_YEVPUN.gmol,0,
2-Manganese/Cell_YEVPUN.gmol,1,
2-Manganese/Cell_YEVPUN.gmol,2,
2-Manganese/Cell_YEVPUN.gmol,3,
7-Nickel/Cell_NIDCAR.gmol,0,
7-Nickel/Cell_NIDCAR.gmol,1,
2-Manganese/Cell_BIZTEK.gmol,0,
2-Manganese/Cell_BIZTEK.gmol,1,
1-Iron/Cell_HUJDIZ.gmol,0,
1-Iron/Cell_HUJDIZ.gmol,1,
1-Iron/Cell_HUJDIZ.gmol,2,
1-Iron/Cell_HUJDIZ.gmol,3,
8-Copper/Cell_CUHFOB.gmol,0,
8-Copper/Cell_CUHFOB.gmol,1,
8-Copper/Cell_CUHFOB.gmol,2,
8-Copper/Cell_CUHFOB.gmol,3,
1-Iron/Cell_PEWSOC.gmol,0,
1-Iron/Cell_PEWSOC.gmol,1,
1-Iron/Cell_PEWSOC.gmol,2,
1-Iron/Cell_PEWSOC.gmol,3,
8-Copper/Cell_RODPEG.gmol,0,
8-Copper/Cell_RODPEG.gmol,1,
8-Copper/Cell_RODPEG.gmol,2,
8-Copper/Cell_RODPEG.gmol,3,
8-Copper/Cell_QOGCEV.gmol,0,
8-Copper/Cell_QOGCEV.gmol,1,
8-Copper/Cell_QOGCEV.gmol,2,
8-Copper/Cell_QOGCEV.gmol,3,
8-Copper/Cell_LIWNIR.gmol,0,
8-Copper/Cell_LIWNIR.gmol,1,
8-Copper/Cell_LIWNIR.gmol,2,
8-Copper/Cell_LIWNIR.gmol,3,
8-Copper/Cell_LIWNIR.gmol,4,
8-Copper/Cell_LIWNIR.gmol,5,
8-Copper/Cell_HAVMIB.gmol,0,
8-Copper/Cell_HAVMIB.gmol,1,
8-Copper/Cell_HAVMIB.gmol,2,
8-Copper/Cell_HAVMIB.gmol,3,
8-Copper/Cell_HAVMIB.gmol,4,
8-Copper/Cell_HAVMIB.gmol,5,
8-Copper/Cell_HAVMIB.gmol,6,
8-Copper/Cell_HAVMIB.gmol,7,
7-Nickel/Cell_JEJPUM.gmol,0,
7-Nickel/Cell_JEJPUM.gmol,1,
7-Nickel/Cell_JEJPUM.gmol,2,
8-Copper/Cell_DOBMAK.gmol,0,
8-Copper/Cell_DOBMAK.gmol,1,
6-Cobalt/Cell_SOBSUA.gmol,0,
6-Cobalt/Cell_SOBSUA.gmol,1,
8-Copper/Cell_ZEBLUP.gmol,0,
8-Copper/Cell_ZEBLUP.gmol,1,
8-Copper/Cell_FANDAB.gmol,0,
8-Copper/Cell_FANDAB.gmol,1,
6-Cobalt/Cell_NOZLOD.gmol,0,
6-Cobalt/Cell_NOZLOD.gmol,1,
6-Cobalt/Cell_NOZLOD.gmol,2,
6-Cobalt/Cell_NOZLOD.gmol,3,
8-Copper/Cell_FUNCOI.gmol,0,
8-Copper/Cell_FUNCOI.gmol,1,
8-Copper/Cell_FUNCOI.gmol,2,
8-Copper/Cell_FUNCOI.gmol,3,
2-Manganese/Cell_MEHKUG.gmol,0,
2-Manganese/Cell_MEHKUG.gmol,1,
2-Manganese/Cell_MEHKUG.gmol,2,
2-Manganese/Cell_MEHKUG.gmol,3,
2-Manganese/Cell_MEHKUG.gmol,4,
2-Manganese/Cell_MEHKUG.gmol,5,
6-Cobalt/Cell_IGAYAQ.gmol,0,
6-Cobalt/Cell_IGAYAQ.gmol,1,
6-Cobalt/Cell_IGAYAQ.gmol,2,
8-Copper/Cell_KIQNON.gmol,0,
8-Copper/Cell_KIQNON.gmol,1,
8-Copper/Cell_KIQNON.gmol,2,
8-Copper/Cell_KIQNON.gmol,3,
8-Copper/Cell_KIQNON.gmol,4,
8-Copper/Cell_KIQNON.gmol,5,
8-Copper/Cell_KIQNON.gmol,6,
8-Copper/Cell_KIQNON.gmol,7,
8-Copper/Cell_KIQNON.gmol,8,
8-Copper/Cell_KIQNON.gmol,9,
1-Iron/Cell_QANMOH.gmol,0,
1-Iron/Cell_QANMOH.gmol,1,
1-Iron/Cell_QANMOH.gmol,2,
1-Iron/Cell_QANMOH.gmol,3,
6-Cobalt/Cell_ZUDTUP.gmol,0,
6-Cobalt/Cell_ZUDTUP.gmol,1,
7-Nickel/Cell_WOHDOO.gmol,0,
7-Nickel/Cell_WOHDOO.gmol,1,
7-Nickel/Cell_XARWUL.gmol,0,
7-Nickel/Cell_XARWUL.gmol,1,
7-Nickel/Cell_XARWUL.gmol,2,
7-Nickel/Cell_XARWUL.gmol,3,
3-Ruthenium/Cell_BEVKIZ.gmol,0,
3-Ruthenium/Cell_BEVKIZ.gmol,1,
3-Ruthenium/Cell_BEVKIZ.gmol,2,
3-Ruthenium/Cell_BEVKIZ.gmol,3,
3-Ruthenium/Cell_BEVKIZ.gmol,4,
3-Ruthenium/Cell_BEVKIZ.gmol,5,
3-Ruthenium/Cell_BEVKIZ.gmol,6,
3-Ruthenium/Cell_BEVKIZ.gmol,7,
3-Ruthenium/Cell_HIKDOX.gmol,0,
3-Ruthenium/Cell_HIKDOX.gmol,1,
3-Ruthenium/Cell_HIKDOX.gmol,2,
3-Ruthenium/Cell_HIKDOX.gmol,3,
3-Ruthenium/Cell_HIKDOX.gmol,4,
3-Ruthenium/Cell_HIKDOX.gmol,5,
3-Ruthenium/Cell_HIKDOX.gmol,6,
3-Ruthenium/Cell_HIKDOX.gmol,7,
3-Ruthenium/Cell_HIKDOX.gmol,8,
3-Ruthenium/Cell_HIKDOX.gmol,9,
3-Ruthenium/Cell_HIKDOX.gmol,10,
3-Ruthenium/Cell_HIKDOX.gmol,11,
3-Ruthenium/Cell_HIKDOX.gmol,12,
3-Ruthenium/Cell_HIKDOX.gmol,13,
3-Ruthenium/Cell_HIKDOX.gmol,14,
3-Ruthenium/Cell_HIKDOX.gmol,15,
3-Ruthenium/Cell_IPADIN.gmol,0,
3-Ruthenium/Cell_IPADIN.gmol,1,
3-Ruthenium/Cell_IPADIN.gmol,2,
3-Ruthenium/Cell_IPADIN.gmol,3,
6-Cobalt/Cell_VUJPIZ.gmol,0,
6-Cobalt/Cell_VUJPIZ.gmol,1,
8-Copper/Cell_KAMKAN.gmol,0,
8-Copper/Cell_KAMKAN.gmol,1,
2-Manganese/Cell_LEFSEV.gmol,0,
2-Manganese/Cell_LEFSEV.gmol,1,
2-Manganese/Cell_LEFSEV.gmol,2,
2-Manganese/Cell_LEFSEV.gmol,3,
7-Nickel/Cell_TILFAW.gmol,0,
7-Nickel/Cell_TILFAW.gmol,1,
7-Nickel/Cell_TILFAW.gmol,2,
7-Nickel/Cell_TILFAW.gmol,3,
7-Nickel/Cell_TILFAW.gmol,4,
7-Nickel/Cell_TILFAW.gmol,5,
7-Nickel/Cell_TILFAW.gmol,6,
7-Nickel/Cell_TILFAW.gmol,7,
4-Rhenium/Cell_IXIGUS.gmol,0,
4-Rhenium/Cell_IXIGUS.gmol,1,
4-Rhenium/Cell_IXIGUS.gmol,2,
4-Rhenium/Cell_IXIGUS.gmol,3,
4-Rhenium/Cell_IXIGUS.gmol,4,
4-Rhenium/Cell_IXIGUS.gmol,5,
4-Rhenium/Cell_IXIGUS.gmol,6,
4-Rhenium/Cell_IXIGUS.gmol,7,
2-Manganese/Cell_UZAWUO.gmol,0,
2-Manganese/Cell_UZAWUO.gmol,1,
2-Manganese/Cell_UZAWUO.gmol,2,
2-Manganese/Cell_UZAWUO.gmol,3,
5-Chromium/Cell_BOXKUW.gmol,0,
5-Chromium/Cell_BOXKUW.gmol,1,
5-Chromium/Cell_BOXKUW.gmol,2,
5-Chromium/Cell_BOXKUW.gmol,3,
5-Chromium/Cell_BOXKUW.gmol,4,
5-Chromium/Cell_BOXKUW.gmol,5,
5-Chromium/Cell_BOXKUW.gmol,6,
5-Chromium/Cell_BOXKUW.gmol,7,
5-Chromium/Cell_BOXKUW.gmol,8,
5-Chromium/Cell_BOXKUW.gmol,9,
5-Chromium/Cell_BOXKUW.gmol,10,
5-Chromium/Cell_BOXKUW.gmol,11,
5-Chromium/Cell_BOXKUW.gmol,12,
5-Chromium/Cell_BOXKUW.gmol,13,
5-Chromium/Cell_BOXKUW.gmol,14,
5-Chromium/Cell_BOXKUW.gmol,15,
5-Chromium/Cell_BOXKUW.gmol,16,
5-Chromium/Cell_BOXKUW.gmol,17,
5-Chromium/Cell_BOXKUW.gmol,18,
5-Chromium/Cell_BOXKUW.gmol,19,
5-Chromium/Cell_BOXKUW.gmol,20,
5-Chromium/Cell_BOXKUW.gmol,21,
5-Chromium/Cell_BOXKUW.gmol,22,
5-Chromium/Cell_BOXKUW.gmol,23,
8-Copper/Cell_GACPOQ.gmol,0,
8-Copper/Cell_GACPOQ.gmol,1,
5-Chromium/Cell_TALRON.gmol,0,
5-Chromium/Cell_TALRON.gmol,1,
5-Chromium/Cell_TALRON.gmol,2,
5-Chromium/Cell_TALRON.gmol,3,
6-Cobalt/Cell_JATMOG.gmol,0,
6-Cobalt/Cell_JATMOG.gmol,1,
6-Cobalt/Cell_JATMOG.gmol,2,
6-Cobalt/Cell_JATMOG.gmol,3,
6-Cobalt/Cell_JATMOG.gmol,4,
6-Cobalt/Cell_JATMOG.gmol,5,
6-Cobalt/Cell_JATMOG.gmol,6,
6-Cobalt/Cell_JATMOG.gmol,7,
8-Copper/Cell_FIJGIR.gmol,0,
8-Copper/Cell_FIJGIR.gmol,1,
8-Copper/Cell_FIJGIR.gmol,2,
8-Copper/Cell_FIJGIR.gmol,3,
1-Iron/Cell_VOZZOB.gmol,0,
1-Iron/Cell_VOZZOB.gmol,1,
1-Iron/Cell_VOZZOB.gmol,2,
1-Iron/Cell_VOZZOB.gmol,3,
7-Nickel/Cell_SECXEE.gmol,0,
7-Nickel/Cell_SECXEE.gmol,1,
6-Cobalt/Cell_TADZEH.gmol,0,
6-Cobalt/Cell_TADZEH.gmol,1,
6-Cobalt/Cell_YEGXIS.gmol,0,
6-Cobalt/Cell_YEGXIS.gmol,1,
6-Cobalt/Cell_YEGXIS.gmol,2,
6-Cobalt/Cell_YEGXIS.gmol,3,
5-Chromium/Cell_QUTQAX.gmol,0,
5-Chromium/Cell_QUTQAX.gmol,1,
5-Chromium/Cell_QUTQAX.gmol,2,
5-Chromium/Cell_QUTQAX.gmol,3,
7-Nickel/Cell_TERZIZ.gmol,0,
7-Nickel/Cell_TERZIZ.gmol,1,
1-Iron/Cell_SISSAO.gmol,0,
1-Iron/Cell_SISSAO.gmol,1,
1-Iron/Cell_SISSAO.gmol,2,
1-Iron/Cell_SISSAO.gmol,3,
1-Iron/Cell_SISSAO.gmol,4,
1-Iron/Cell_SISSAO.gmol,5,
1-Iron/Cell_SISSAO.gmol,6,
1-Iron/Cell_SISSAO.gmol,7,
1-Iron/Cell_CIYJIF.gmol,0,
1-Iron/Cell_CIYJIF.gmol,1,
8-Copper/Cell_FATMAP.gmol,0,
8-Copper/Cell_FATMAP.gmol,1,
8-Copper/Cell_FATMAP.gmol,2,
8-Copper/Cell_FATMAP.gmol,3,
8-Copper/Cell_FATMAP.gmol,4,
8-Copper/Cell_FATMAP.gmol,5,
8-Copper/Cell_FATMAP.gmol,6,
8-Copper/Cell_FATMAP.gmol,7,
4-Rhenium/Cell_HEDZOG.gmol,0,
4-Rhenium/Cell_HEDZOG.gmol,1,
4-Rhenium/Cell_HEDZOG.gmol,2,
4-Rhenium/Cell_HEDZOG.gmol,3,
6-Cobalt/Cell_CBOXMB10.gmol,0,
6-Cobalt/Cell_CBOXMB10.gmol,1,
6-Cobalt/Cell_CBOXMB10.gmol,2,
6-Cobalt/Cell_CBOXMB10.gmol,3,
7-Nickel/Cell_RISCII.gmol,0,
7-Nickel/Cell_RISCII.gmol,1,
7-Nickel/Cell_RISCII.gmol,2,
7-Nickel/Cell_RISCII.gmol,3,
7-Nickel/Cell_RISCII.gmol,4,
7-Nickel/Cell_RISCII.gmol,5,
7-Nickel/Cell_RISCII.gmol,6,
7-Nickel/Cell_RISCII.gmol,7,
6-Cobalt/Cell_NIZNEP.gmol,0,
6-Cobalt/Cell_NIZNEP.gmol,1,
6-Cobalt/Cell_NIZNEP.gmol,2,
6-Cobalt/Cell_NIZNEP.gmol,3,
7-Nickel/Cell_JAWNEA.gmol,0,
7-Nickel/Cell_JAWNEA.gmol,1,
7-Nickel/Cell_JAWNEA.gmol,2,
7-Nickel/Cell_JAWNEA.gmol,3,
8-Copper/Cell_PULRUL.gmol,0,
8-Copper/Cell_PULRUL.gmol,1,
8-Copper/Cell_PULRUL.gmol,2,
6-Cobalt/Cell_GELDEG.gmol,0,
6-Cobalt/Cell_GELDEG.gmol,1,
3-Ruthenium/Cell_HEXBIW.gmol,0,
3-Ruthenium/Cell_HEXBIW.gmol,1,
3-Ruthenium/Cell_HEXBIW.gmol,2,
3-Ruthenium/Cell_HEXBIW.gmol,3,
3-Ruthenium/Cell_HEXBIW.gmol,4,
3-Ruthenium/Cell_HEXBIW.gmol,5,
6-Cobalt/Cell_CEZNIF.gmol,0,
6-Cobalt/Cell_CEZNIF.gmol,1,
6-Cobalt/Cell_CEZNIF.gmol,2,
6-Cobalt/Cell_CEZNIF.gmol,3,
3-Ruthenium/Cell_JANZEG.gmol,0,
3-Ruthenium/Cell_JANZEG.gmol,1,
3-Ruthenium/Cell_JANZEG.gmol,2,
3-Ruthenium/Cell_JANZEG.gmol,3,
3-Ruthenium/Cell_JANZEG.gmol,4,
3-Ruthenium/Cell_JANZEG.gmol,5,
3-Ruthenium/Cell_JANZEG.gmol,6,
3-Ruthenium/Cell_JANZEG.gmol,7,
1-Iron/Cell_GACLUT.gmol,0,
1-Iron/Cell_GACLUT.gmol,1,
1-Iron/Cell_GACLUT.gmol,2,
1-Iron/Cell_GACLUT.gmol,3,
1-Iron/Cell_GACLUT.gmol,4,
1-Iron/Cell_GACLUT.gmol,5,
1-Iron/Cell_GACLUT.gmol,6,
1-Iron/Cell_GACLUT.gmol,7,
6-Cobalt/Cell_QUNDUB.gmol,0,
6-Cobalt/Cell_QUNDUB.gmol,1,
1-Iron/Cell_EKAHAC.gmol,0,
1-Iron/Cell_EKAHAC.gmol,1,
1-Iron/Cell_EKAHAC.gmol,2,
1-Iron/Cell_EKAHAC.gmol,3,
1-Iron/Cell_IBEGIH.gmol,0,
1-Iron/Cell_IBEGIH.gmol,1,
1-Iron/Cell_IBEGIH.gmol,2,
1-Iron/Cell_IBEGIH.gmol,3,
8-Copper/Cell_VUWDEX.gmol,0,
8-Copper/Cell_VUWDEX.gmol,1,
8-Copper/Cell_VUWDEX.gmol,2,
8-Copper/Cell_VUWDEX.gmol,3,
8-Copper/Cell_VUWDEX.gmol,4,
8-Copper/Cell_VUWDEX.gmol,5,
1-Iron/Cell_NIDMOE.gmol,0,
1-Iron/Cell_NIDMOE.gmol,1,
8-Copper/Cell_VIYGEP.gmol,0,
8-Copper/Cell_VIYGEP.gmol,1,
8-Copper/Cell_VIYGEP.gmol,2,
8-Copper/Cell_VIYGEP.gmol,3,
8-Copper/Cell_VIYGEP.gmol,4,
8-Copper/Cell_VIYGEP.gmol,5,
8-Copper/Cell_VIYGEP.gmol,6,
8-Copper/Cell_VIYGEP.gmol,7,
8-Copper/Cell_VIYGEP.gmol,8,
8-Copper/Cell_VIYGEP.gmol,9,
8-Copper/Cell_VIYGEP.gmol,10,
8-Copper/Cell_VIYGEP.gmol,11,
8-Copper/Cell_VIYGEP.gmol,12,
8-Copper/Cell_VIYGEP.gmol,13,
8-Copper/Cell_VIYGEP.gmol,14,
8-Copper/Cell_VIYGEP.gmol,15,
8-Copper/Cell_VIYGEP.gmol,16,
8-Copper/Cell_VIYGEP.gmol,17,
8-Copper/Cell_VIYGEP.gmol,18,
8-Copper/Cell_VIYGEP.gmol,19,
8-Copper/Cell_VIYGEP.gmol,20,
8-Copper/Cell_VIYGEP.gmol,21,
8-Copper/Cell_VIYGEP.gmol,22,
8-Copper/Cell_VIYGEP.gmol,23,
5-Chromium/Cell_QEGWIL.gmol,0,
5-Chromium/Cell_QEGWIL.gmol,1,
5-Chromium/Cell_QEGWIL.gmol,2,
5-Chromium/Cell_QEGWIL.gmol,3,
5-Chromium/Cell_QEGWIL.gmol,4,
5-Chromium/Cell_QEGWIL.gmol,5,
5-Chromium/Cell_QEGWIL.gmol,6,
5-Chromium/Cell_QEGWIL.gmol,7,
5-Chromium/Cell_QEGWIL.gmol,8,
5-Chromium/Cell_QEGWIL.gmol,9,
5-Chromium/Cell_QEGWIL.gmol,10,
5-Chromium/Cell_QEGWIL.gmol,11,
8-Copper/Cell_ZAGRUU.gmol,0,
8-Copper/Cell_ZAGRUU.gmol,1,
8-Copper/Cell_UHUGEJ.gmol,0,
8-Copper/Cell_UHUGEJ.gmol,1,
8-Copper/Cell_UHUGEJ.gmol,2,
8-Copper/Cell_UHUGEJ.gmol,3,
8-Copper/Cell_PABGIJ.gmol,0,
8-Copper/Cell_PABGIJ.gmol,1,
8-Copper/Cell_PABGIJ.gmol,2,
8-Copper/Cell_PABGIJ.gmol,3,
8-Copper/Cell_PABGIJ.gmol,4,
8-Copper/Cell_PABGIJ.gmol,5,
8-Copper/Cell_PABGIJ.gmol,6,
8-Copper/Cell_PABGIJ.gmol,7,
8-Copper/Cell_PABGIJ.gmol,8,
8-Copper/Cell_PABGIJ.gmol,9,
8-Copper/Cell_PABGIJ.gmol,10,
8-Copper/Cell_PABGIJ.gmol,11,
5-Chromium/Cell_OMAXAB.gmol,0,
5-Chromium/Cell_OMAXAB.gmol,1,
5-Chromium/Cell_OMAXAB.gmol,2,
5-Chromium/Cell_OMAXAB.gmol,3,
5-Chromium/Cell_OMAXAB.gmol,4,
5-Chromium/Cell_OMAXAB.gmol,5,
2-Manganese/Cell_OLERII.gmol,0,
2-Manganese/Cell_OLERII.gmol,1,
2-Manganese/Cell_OLERII.gmol,2,
2-Manganese/Cell_OLERII.gmol,3,
2-Manganese/Cell_OLERII.gmol,4,
2-Manganese/Cell_OLERII.gmol,5,
2-Manganese/Cell_OLERII.gmol,6,
7-Nickel/Cell_YAJNAZ.gmol,0,
7-Nickel/Cell_YAJNAZ.gmol,1,
7-Nickel/Cell_YAJNAZ.gmol,2,
7-Nickel/Cell_YAJNAZ.gmol,3,
8-Copper/Cell_QATSUB.gmol,0,
8-Copper/Cell_QATSUB.gmol,1,
6-Cobalt/Cell_AVUWET.gmol,0,
6-Cobalt/Cell_AVUWET.gmol,1,
6-Cobalt/Cell_AVUWET.gmol,2,
6-Cobalt/Cell_AVUWET.gmol,3,
6-Cobalt/Cell_AVUWET.gmol,4,
6-Cobalt/Cell_AVUWET.gmol,5,
6-Cobalt/Cell_AVUWET.gmol,6,
6-Cobalt/Cell_AVUWET.gmol,7,
1-Iron/Cell_CEMWUO.gmol,0,
1-Iron/Cell_CEMWUO.gmol,1,
7-Nickel/Cell_KUJLIM.gmol,0,
7-Nickel/Cell_KUJLIM.gmol,1,
7-Nickel/Cell_KUJLIM.gmol,2,
7-Nickel/Cell_KUJLIM.gmol,3,
7-Nickel/Cell_KUJLIM.gmol,4,
7-Nickel/Cell_KUJLIM.gmol,5,
6-Cobalt/Cell_GAMBIH.gmol,0,
6-Cobalt/Cell_GAMBIH.gmol,1,
6-Cobalt/Cell_GAMBIH.gmol,2,
6-Cobalt/Cell_GAMBIH.gmol,3,
6-Cobalt/Cell_GAMBIH.gmol,4,
6-Cobalt/Cell_GAMBIH.gmol,5,
6-Cobalt/Cell_GAMBIH.gmol,6,
6-Cobalt/Cell_GAMBIH.gmol,7,
6-Cobalt/Cell_GAMBIH.gmol,8,
6-Cobalt/Cell_GAMBIH.gmol,9,
6-Cobalt/Cell_GAMBIH.gmol,10,
6-Cobalt/Cell_GAMBIH.gmol,11,
6-Cobalt/Cell_GAMBIH.gmol,12,
6-Cobalt/Cell_GAMBIH.gmol,13,
6-Cobalt/Cell_GAMBIH.gmol,14,
6-Cobalt/Cell_GAMBIH.gmol,15,
8-Copper/Cell_YOYKUT.gmol,0,
8-Copper/Cell_YOYKUT.gmol,1,
8-Copper/Cell_YOYKUT.gmol,2,
8-Copper/Cell_YOYKUT.gmol,3,
8-Copper/Cell_YOYKUT.gmol,4,
8-Copper/Cell_YOYKUT.gmol,5,
8-Copper/Cell_YOYKUT.gmol,6,
8-Copper/Cell_YOYKUT.gmol,7,
1-Iron/Cell_EFEWAO.gmol,0,
1-Iron/Cell_EFEWAO.gmol,1,
1-Iron/Cell_EFEWAO.gmol,2,
1-Iron/Cell_EFEWAO.gmol,3,
5-Chromium/Cell_QEQVAK.gmol,0,
5-Chromium/Cell_QEQVAK.gmol,1,
5-Chromium/Cell_QEQVAK.gmol,2,
5-Chromium/Cell_QEQVAK.gmol,3,
5-Chromium/Cell_QEQVAK.gmol,4,
5-Chromium/Cell_QEQVAK.gmol,5,
5-Chromium/Cell_QEQVAK.gmol,6,
5-Chromium/Cell_QEQVAK.gmol,7,
2-Manganese/Cell_SILKUW.gmol,0,
2-Manganese/Cell_SILKUW.gmol,1,
2-Manganese/Cell_SILKUW.gmol,2,
2-Manganese/Cell_SILKUW.gmol,3,
8-Copper/Cell_PIKNUT.gmol,0,
8-Copper/Cell_PIKNUT.gmol,1,
8-Copper/Cell_PIKNUT.gmol,2,
8-Copper/Cell_PIKNUT.gmol,3,
8-Copper/Cell_BOHZAB.gmol,0,
8-Copper/Cell_BOHZAB.gmol,1,
8-Copper/Cell_BOHZAB.gmol,2,
8-Copper/Cell_BOHZAB.gmol,3,
7-Nickel/Cell_VAVBIF.gmol,0,
7-Nickel/Cell_VAVBIF.gmol,1,
7-Nickel/Cell_VAVBIF.gmol,2,
7-Nickel/Cell_VAVBIF.gmol,3,
8-Copper/Cell_MUYGES.gmol,0,
8-Copper/Cell_MUYGES.gmol,1,
3-Ruthenium/Cell_TOBQOQ.gmol,0,"- Covalent bonds missing from SCOPE: ['0:Ru-51:C', '44:C-46:H']
- Metal bonds missing from SCOPE: ['0:Ru-51:C']
- Different metal coordination numbers: cell2mol=[('Ru', 0, 14)], SCOPE=[('Ru', 0, 13)]"
3-Ruthenium/Cell_TOBQOQ.gmol,1,"- Covalent bonds missing from SCOPE: ['44:Ru-57:C', '50:C-52:H']
- Metal bonds missing from SCOPE: ['44:Ru-57:C']
- Different metal coordination numbers: cell2mol=[('Ru', 0, 14)], SCOPE=[('Ru', 0, 13)]"
3-Ruthenium/Cell_TOBQOQ.gmol,2,"- Covalent bonds missing from SCOPE: ['27:Ru-45:C', '38:C-40:H']
- Metal bonds missing from SCOPE: ['27:Ru-45:C']
- Different metal coordination numbers: cell2mol=[('Ru', 0, 14)], SCOPE=[('Ru', 0, 13)]"
3-Ruthenium/Cell_TOBQOQ.gmol,3,"- Covalent bonds missing from SCOPE: ['58:Ru-69:C', '62:C-64:H']
- Metal bonds missing from SCOPE: ['58:Ru-69:C']
- Different metal coordination numbers: cell2mol=[('Ru', 0, 14)], SCOPE=[('Ru', 0, 13)]"
7-Nickel/Cell_RONREU.gmol,0,
7-Nickel/Cell_RONREU.gmol,1,
7-Nickel/Cell_RONREU.gmol,2,
7-Nickel/Cell_RONREU.gmol,3,
6-Cobalt/Cell_CMACON10.gmol,0,
6-Cobalt/Cell_CMACON10.gmol,1,
6-Cobalt/Cell_CMACON10.gmol,2,
6-Cobalt/Cell_CMACON10.gmol,3,
6-Cobalt/Cell_CMACON10.gmol,4,
6-Cobalt/Cell_CMACON10.gmol,5,
4-Rhenium/Cell_TASLOP.gmol,0,
4-Rhenium/Cell_TASLOP.gmol,1,
4-Rhenium/Cell_TASLOP.gmol,2,
4-Rhenium/Cell_TASLOP.gmol,3,
8-Copper/Cell_TUKDEJ.gmol,0,
8-Copper/Cell_TUKDEJ.gmol,1,
8-Copper/Cell_ZOVZUF.gmol,0,
8-Copper/Cell_ZOVZUF.gmol,1,
8-Copper/Cell_ZOVZUF.gmol,2,
8-Copper/Cell_ZOVZUF.gmol,3,
6-Cobalt/Cell_GERQIG.gmol,0,
6-Cobalt/Cell_GERQIG.gmol,1,
6-Cobalt/Cell_GERQIG.gmol,2,
6-Cobalt/Cell_GERQIG.gmol,3,
6-Cobalt/Cell_GERQIG.gmol,4,
6-Cobalt/Cell_GERQIG.gmol,5,
6-Cobalt/Cell_GERQIG.gmol,6,
6-Cobalt/Cell_GERQIG.gmol,7,
6-Cobalt/Cell_GERQIG.gmol,8,
6-Cobalt/Cell_GERQIG.gmol,9,
6-Cobalt/Cell_GERQIG.gmol,10,
6-Cobalt/Cell_GERQIG.gmol,11,
1-Iron/Cell_RIRBOL.gmol,0,
1-Iron/Cell_RIRBOL.gmol,1,
1-Iron/Cell_RIRBOL.gmol,2,
1-Iron/Cell_RIRBOL.gmol,3,
1-Iron/Cell_RIRBOL.gmol,4,
1-Iron/Cell_RIRBOL.gmol,5,
1-Iron/Cell_RIRBOL.gmol,6,
1-Iron/Cell_RIRBOL.gmol,7,
1-Iron/Cell_SIZVON.gmol,0,
1-Iron/Cell_SIZVON.gmol,1,
1-Iron/Cell_SIZVON.gmol,2,
1-Iron/Cell_SIZVON.gmol,3,
5-Chromium/Cell_DUJCIU.gmol,0,
5-Chromium/Cell_DUJCIU.gmol,1,
5-Chromium/Cell_DUJCIU.gmol,2,
5-Chromium/Cell_DUJCIU.gmol,3,
5-Chromium/Cell_DUJCIU.gmol,4,
5-Chromium/Cell_DUJCIU.gmol,5,
5-Chromium/Cell_DUJCIU.gmol,6,
5-Chromium/Cell_DUJCIU.gmol,7,
5-Chromium/Cell_DUJCIU.gmol,8,
5-Chromium/Cell_DUJCIU.gmol,9,
5-Chromium/Cell_DUJCIU.gmol,10,
5-Chromium/Cell_DUJCIU.gmol,11,
5-Chromium/Cell_DUJCIU.gmol,12,
5-Chromium/Cell_DUJCIU.gmol,13,
5-Chromium/Cell_DUJCIU.gmol,14,
5-Chromium/Cell_DUJCIU.gmol,15,
5-Chromium/Cell_DUJCIU.gmol,16,
5-Chromium/Cell_DUJCIU.gmol,17,
5-Chromium/Cell_DUJCIU.gmol,18,
5-Chromium/Cell_DUJCIU.gmol,19,
6-Cobalt/Cell_HIDPEQ.gmol,0,
6-Cobalt/Cell_HIDPEQ.gmol,1,
6-Cobalt/Cell_HIDPEQ.gmol,2,
6-Cobalt/Cell_HIDPEQ.gmol,3,
6-Cobalt/Cell_HIDPEQ.gmol,4,
6-Cobalt/Cell_HIDPEQ.gmol,5,
6-Cobalt/Cell_HIDPEQ.gmol,6,
6-Cobalt/Cell_HIDPEQ.gmol,7,
6-Cobalt/Cell_HIDPEQ.gmol,8,
6-Cobalt/Cell_HIDPEQ.gmol,9,
6-Cobalt/Cell_HIDPEQ.gmol,10,
6-Cobalt/Cell_HIDPEQ.gmol,11,
3-Ruthenium/Cell_NEGSOJ.gmol,0,
3-Ruthenium/Cell_NEGSOJ.gmol,1,
3-Ruthenium/Cell_NEGSOJ.gmol,2,
3-Ruthenium/Cell_NEGSOJ.gmol,3,
3-Ruthenium/Cell_NEGSOJ.gmol,4,
3-Ruthenium/Cell_NEGSOJ.gmol,5,
3-Ruthenium/Cell_NEGSOJ.gmol,6,
3-Ruthenium/Cell_NEGSOJ.gmol,7,
3-Ruthenium/Cell_NEGSOJ.gmol,8,
3-Ruthenium/Cell_NEGSOJ.gmol,9,
3-Ruthenium/Cell_NEGSOJ.gmol,10,
3-Ruthenium/Cell_NEGSOJ.gmol,11,
3-Ruthenium/Cell_NEGSOJ.gmol,12,
3-Ruthenium/Cell_NEGSOJ.gmol,13,
3-Ruthenium/Cell_NEGSOJ.gmol,14,
3-Ruthenium/Cell_NEGSOJ.gmol,15,
3-Ruthenium/Cell_NEGSOJ.gmol,16,
3-Ruthenium/Cell_NEGSOJ.gmol,17,
3-Ruthenium/Cell_NEGSOJ.gmol,18,
3-Ruthenium/Cell_NEGSOJ.gmol,19,
8-Copper/Cell_HIQXIQ.gmol,0,
8-Copper/Cell_HIQXIQ.gmol,1,
8-Copper/Cell_HIQXIQ.gmol,2,
8-Copper/Cell_HIQXIQ.gmol,3,
8-Copper/Cell_HIQXIQ.gmol,4,
8-Copper/Cell_HIQXIQ.gmol,5,
8-Copper/Cell_HIQXIQ.gmol,6,
8-Copper/Cell_HIQXIQ.gmol,7,
8-Copper/Cell_HIQXIQ.gmol,8,
8-Copper/Cell_HIQXIQ.gmol,9,
7-Nickel/Cell_SALDNI.gmol,0,
7-Nickel/Cell_SALDNI.gmol,1,
7-Nickel/Cell_SALDNI.gmol,2,
7-Nickel/Cell_SALDNI.gmol,3,
8-Copper/Cell_NOGLIE.gmol,0,
8-Copper/Cell_NOGLIE.gmol,1,
1-Iron/Cell_DEDMEG.gmol,0,
1-Iron/Cell_DEDMEG.gmol,1,
6-Cobalt/Cell_FASKEQ.gmol,0,
6-Cobalt/Cell_FASKEQ.gmol,1,
6-Cobalt/Cell_FASKEQ.gmol,2,
6-Cobalt/Cell_FASKEQ.gmol,3,
6-Cobalt/Cell_FASKEQ.gmol,4,
6-Cobalt/Cell_FASKEQ.gmol,5,
6-Cobalt/Cell_FASKEQ.gmol,6,
6-Cobalt/Cell_FASKEQ.gmol,7,
6-Cobalt/Cell_FASKEQ.gmol,8,
6-Cobalt/Cell_FASKEQ.gmol,9,
6-Cobalt/Cell_FASKEQ.gmol,10,
6-Cobalt/Cell_FASKEQ.gmol,11,
6-Cobalt/Cell_FASKEQ.gmol,12,
6-Cobalt/Cell_FASKEQ.gmol,13,
6-Cobalt/Cell_FASKEQ.gmol,14,
6-Cobalt/Cell_FASKEQ.gmol,15,
6-Cobalt/Cell_FASKEQ.gmol,16,
6-Cobalt/Cell_FASKEQ.gmol,17,
6-Cobalt/Cell_FASKEQ.gmol,18,
6-Cobalt/Cell_FASKEQ.gmol,19,
1-Iron/Cell_WETNAM.gmol,0,
1-Iron/Cell_WETNAM.gmol,1,
1-Iron/Cell_WETNAM.gmol,2,
1-Iron/Cell_WETNAM.gmol,3,
1-Iron/Cell_WETNAM.gmol,4,
1-Iron/Cell_WETNAM.gmol,5,
1-Iron/Cell_WETNAM.gmol,6,
1-Iron/Cell_WETNAM.gmol,7,
1-Iron/Cell_VOPHIS01.gmol,0,
1-Iron/Cell_VOPHIS01.gmol,1,
1-Iron/Cell_VOPHIS01.gmol,2,
1-Iron/Cell_VOPHIS01.gmol,3,
8-Copper/Cell_OMUBOO.gmol,0,
8-Copper/Cell_OMUBOO.gmol,1,
8-Copper/Cell_OMUBOO.gmol,2,
8-Copper/Cell_OMUBOO.gmol,3,
8-Copper/Cell_OMUBOO.gmol,4,
8-Copper/Cell_OMUBOO.gmol,5,
8-Copper/Cell_OMUBOO.gmol,6,
8-Copper/Cell_OMUBOO.gmol,7,
1-Iron/Cell_NOWLIU.gmol,0,
1-Iron/Cell_NOWLIU.gmol,1,
1-Iron/Cell_NOWLIU.gmol,2,
1-Iron/Cell_NOWLIU.gmol,3,
6-Cobalt/Cell_DESZUZ.gmol,0,
6-Cobalt/Cell_DESZUZ.gmol,1,
6-Cobalt/Cell_DESZUZ.gmol,2,
6-Cobalt/Cell_DESZUZ.gmol,3,
7-Nickel/Cell_IVILUV.gmol,0,
7-Nickel/Cell_IVILUV.gmol,1,
7-Nickel/Cell_IVILUV.gmol,2,
7-Nickel/Cell_IVILUV.gmol,3,
3-Ruthenium/Cell_XEKTUE.gmol,0,
3-Ruthenium/Cell_XEKTUE.gmol,1,
3-Ruthenium/Cell_XEKTUE.gmol,2,
3-Ruthenium/Cell_XEKTUE.gmol,3,
3-Ruthenium/Cell_XEKTUE.gmol,4,
3-Ruthenium/Cell_XEKTUE.gmol,5,
3-Ruthenium/Cell_XEKTUE.gmol,6,
3-Ruthenium/Cell_XEKTUE.gmol,7,
8-Copper/Cell_HORRUD.gmol,0,
8-Copper/Cell_HORRUD.gmol,1,
8-Copper/Cell_HORRUD.gmol,2,
8-Copper/Cell_HORRUD.gmol,3,
8-Copper/Cell_GUBNUN.gmol,0,
8-Copper/Cell_GUBNUN.gmol,1,
4-Rhenium/Cell_NOMJOP.gmol,0,
4-Rhenium/Cell_NOMJOP.gmol,1,
4-Rhenium/Cell_NOMJOP.gmol,2,
4-Rhenium/Cell_NOMJOP.gmol,3,
4-Rhenium/Cell_NOMJOP.gmol,4,
4-Rhenium/Cell_NOMJOP.gmol,5,
7-Nickel/Cell_YOLPAR.gmol,0,
7-Nickel/Cell_YOLPAR.gmol,1,
7-Nickel/Cell_YOLPAR.gmol,2,
7-Nickel/Cell_YOLPAR.gmol,3,
7-Nickel/Cell_YOLPAR.gmol,4,
7-Nickel/Cell_YOLPAR.gmol,5,
7-Nickel/Cell_YOLPAR.gmol,6,
7-Nickel/Cell_YOLPAR.gmol,7,
7-Nickel/Cell_YOLPAR.gmol,8,
7-Nickel/Cell_YOLPAR.gmol,9,
7-Nickel/Cell_YOLPAR.gmol,10,
7-Nickel/Cell_YOLPAR.gmol,11,
8-Copper/Cell_DIBWOB.gmol,0,
8-Copper/Cell_DIBWOB.gmol,1,
8-Copper/Cell_DIBWOB.gmol,2,
8-Copper/Cell_DIBWOB.gmol,3,
8-Copper/Cell_DIBWOB.gmol,4,
8-Copper/Cell_DIBWOB.gmol,5,
8-Copper/Cell_DIBWOB.gmol,6,
8-Copper/Cell_DIBWOB.gmol,7,
8-Copper/Cell_DIBWOB.gmol,8,
8-Copper/Cell_DIBWOB.gmol,9,
8-Copper/Cell_DIBWOB.gmol,10,
8-Copper/Cell_DIBWOB.gmol,11,
1-Iron/Cell_VOHLEL.gmol,0,
1-Iron/Cell_VOHLEL.gmol,1,
1-Iron/Cell_VOHLEL.gmol,2,
1-Iron/Cell_VOHLEL.gmol,3,
7-Nickel/Cell_CUBCEI.gmol,0,
7-Nickel/Cell_CUBCEI.gmol,1,
7-Nickel/Cell_CUBCEI.gmol,2,
7-Nickel/Cell_CUBCEI.gmol,3,
7-Nickel/Cell_WAVTOF.gmol,0,
7-Nickel/Cell_WAVTOF.gmol,1,
7-Nickel/Cell_WAVTOF.gmol,2,
7-Nickel/Cell_WAVTOF.gmol,3,
3-Ruthenium/Cell_QEWPIU.gmol,0,
3-Ruthenium/Cell_QEWPIU.gmol,1,
3-Ruthenium/Cell_QEWPIU.gmol,2,
3-Ruthenium/Cell_QEWPIU.gmol,3,
3-Ruthenium/Cell_QEWPIU.gmol,4,
3-Ruthenium/Cell_QEWPIU.gmol,5,
3-Ruthenium/Cell_QEWPIU.gmol,6,
3-Ruthenium/Cell_QEWPIU.gmol,7,
8-Copper/Cell_DACZUD.gmol,0,
8-Copper/Cell_DACZUD.gmol,1,
8-Copper/Cell_DACZUD.gmol,2,
8-Copper/Cell_DACZUD.gmol,3,
8-Copper/Cell_DACZUD.gmol,4,
8-Copper/Cell_DACZUD.gmol,5,
1-Iron/Cell_DECXUG.gmol,0,
1-Iron/Cell_DECXUG.gmol,1,
1-Iron/Cell_DECXUG.gmol,2,
1-Iron/Cell_DECXUG.gmol,3,
1-Iron/Cell_DECXUG.gmol,4,
1-Iron/Cell_DECXUG.gmol,5,
1-Iron/Cell_DECXUG.gmol,6,
1-Iron/Cell_DECXUG.gmol,7,
5-Chromium/Cell_ADUXOO.gmol,0,
5-Chromium/Cell_ADUXOO.gmol,1,
5-Chromium/Cell_ADUXOO.gmol,2,
5-Chromium/Cell_ADUXOO.gmol,3,
5-Chromium/Cell_ADUXOO.gmol,4,
5-Chromium/Cell_ADUXOO.gmol,5,
5-Chromium/Cell_ADUXOO.gmol,6,
5-Chromium/Cell_ADUXOO.gmol,7,
8-Copper/Cell_BODZAW.gmol,0,
8-Copper/Cell_BODZAW.gmol,1,
8-Copper/Cell_BODZAW.gmol,2,
8-Copper/Cell_BODZAW.gmol,3,
8-Copper/Cell_BODZAW.gmol,4,
8-Copper/Cell_BODZAW.gmol,5,
8-Copper/Cell_BODZAW.gmol,6,
8-Copper/Cell_BODZAW.gmol,7,
8-Copper/Cell_BODZAW.gmol,8,
8-Copper/Cell_BODZAW.gmol,9,
8-Copper/Cell_BODZAW.gmol,10,
8-Copper/Cell_BODZAW.gmol,11,
8-Copper/Cell_BODZAW.gmol,12,
8-Copper/Cell_BODZAW.gmol,13,
8-Copper/Cell_BODZAW.gmol,14,
8-Copper/Cell_BODZAW.gmol,15,
8-Copper/Cell_BODZAW.gmol,16,
8-Copper/Cell_BODZAW.gmol,17,
8-Copper/Cell_BODZAW.gmol,18,
8-Copper/Cell_BODZAW.gmol,19,
8-Copper/Cell_FAZNOM.gmol,0,
8-Copper/Cell_FAZNOM.gmol,1,
8-Copper/Cell_FAZNOM.gmol,2,
8-Copper/Cell_FAZNOM.gmol,3,
8-Copper/Cell_FAZNOM.gmol,4,
8-Copper/Cell_FAZNOM.gmol,5,
8-Copper/Cell_FAZNOM.gmol,6,
8-Copper/Cell_FAZNOM.gmol,7,
8-Copper/Cell_FAZNOM.gmol,8,
8-Copper/Cell_FAZNOM.gmol,9,
8-Copper/Cell_FAZNOM.gmol,10,
8-Copper/Cell_FAZNOM.gmol,11,
1-Iron/Cell_YOXHEZ.gmol,0,
1-Iron/Cell_YOXHEZ.gmol,1,
1-Iron/Cell_YOXHEZ.gmol,2,
1-Iron/Cell_YOXHEZ.gmol,3,
8-Copper/Cell_JUYCEN.gmol,0,
8-Copper/Cell_JUYCEN.gmol,1,
8-Copper/Cell_JUYCEN.gmol,2,
8-Copper/Cell_JUYCEN.gmol,3,
8-Copper/Cell_NOENCU.gmol,0,
8-Copper/Cell_NOENCU.gmol,1,
8-Copper/Cell_NOENCU.gmol,2,
8-Copper/Cell_NOENCU.gmol,3,
8-Copper/Cell_EJEFIK.gmol,0,
8-Copper/Cell_EJEFIK.gmol,1,
8-Copper/Cell_EJEFIK.gmol,2,
8-Copper/Cell_EJEFIK.gmol,3,
8-Copper/Cell_EJEFIK.gmol,4,
8-Copper/Cell_EJEFIK.gmol,5,
8-Copper/Cell_EJEFIK.gmol,6,
8-Copper/Cell_EJEFIK.gmol,7,
8-Copper/Cell_PIRDEC.gmol,0,
8-Copper/Cell_PIRDEC.gmol,1,
8-Copper/Cell_PIRDEC.gmol,2,
8-Copper/Cell_PIRDEC.gmol,3,
7-Nickel/Cell_MEDCEE.gmol,0,
7-Nickel/Cell_MEDCEE.gmol,1,
7-Nickel/Cell_MEDCEE.gmol,2,
7-Nickel/Cell_MEDCEE.gmol,3,
7-Nickel/Cell_MEDCEE.gmol,4,
7-Nickel/Cell_MEDCEE.gmol,5,
7-Nickel/Cell_MEDCEE.gmol,6,
7-Nickel/Cell_MEDCEE.gmol,7,
7-Nickel/Cell_MEDCEE.gmol,8,
7-Nickel/Cell_MEDCEE.gmol,9,
7-Nickel/Cell_MEDCEE.gmol,10,
7-Nickel/Cell_MEDCEE.gmol,11,
3-Ruthenium/Cell_ZAYSEA.gmol,0,
3-Ruthenium/Cell_ZAYSEA.gmol,1,
3-Ruthenium/Cell_ZAYSEA.gmol,2,
3-Ruthenium/Cell_ZAYSEA.gmol,3,
3-Ruthenium/Cell_ZAYSEA.gmol,4,
3-Ruthenium/Cell_ZAYSEA.gmol,5,
8-Copper/Cell_GOJBOX.gmol,0,
8-Copper/Cell_GOJBOX.gmol,1,
3-Ruthenium/Cell_VUKYOS.gmol,0,
3-Ruthenium/Cell_VUKYOS.gmol,1,
3-Ruthenium/Cell_VUKYOS.gmol,2,
3-Ruthenium/Cell_VUKYOS.gmol,3,
3-Ruthenium/Cell_VUKYOS.gmol,4,
3-Ruthenium/Cell_VUKYOS.gmol,5,
3-Ruthenium/Cell_VUKYOS.gmol,6,
3-Ruthenium/Cell_VUKYOS.gmol,7,
3-Ruthenium/Cell_VUKYOS.gmol,8,
3-Ruthenium/Cell_VUKYOS.gmol,9,
3-Ruthenium/Cell_VUKYOS.gmol,10,
3-Ruthenium/Cell_VUKYOS.gmol,11,
3-Ruthenium/Cell_VUKYOS.gmol,12,
3-Ruthenium/Cell_VUKYOS.gmol,13,
3-Ruthenium/Cell_VUKYOS.gmol,14,
3-Ruthenium/Cell_VUKYOS.gmol,15,
7-Nickel/Cell_HIZTUF.gmol,0,
7-Nickel/Cell_HIZTUF.gmol,1,
7-Nickel/Cell_HIZTUF.gmol,2,
7-Nickel/Cell_HIZTUF.gmol,3,
2-Manganese/Cell_DEXYAH.gmol,0,
2-Manganese/Cell_DEXYAH.gmol,1,
2-Manganese/Cell_DEXYAH.gmol,2,
2-Manganese/Cell_DEXYAH.gmol,3,
2-Manganese/Cell_DEXYAH.gmol,4,
2-Manganese/Cell_DEXYAH.gmol,5,
2-Manganese/Cell_DEXYAH.gmol,6,
2-Manganese/Cell_DEXYAH.gmol,7,
2-Manganese/Cell_DEXYAH.gmol,8,
2-Manganese/Cell_DEXYAH.gmol,9,
2-Manganese/Cell_DEXYAH.gmol,10,
2-Manganese/Cell_DEXYAH.gmol,11,
2-Manganese/Cell_DEXYAH.gmol,12,
2-Manganese/Cell_DEXYAH.gmol,13,
2-Manganese/Cell_DEXYAH.gmol,14,
2-Manganese/Cell_DEXYAH.gmol,15,
2-Manganese/Cell_DEXYAH.gmol,16,
2-Manganese/Cell_DEXYAH.gmol,17,
2-Manganese/Cell_DEXYAH.gmol,18,
2-Manganese/Cell_DEXYAH.gmol,19,
2-Manganese/Cell_DEXYAH.gmol,20,
2-Manganese/Cell_DEXYAH.gmol,21,
2-Manganese/Cell_DEXYAH.gmol,22,
2-Manganese/Cell_DEXYAH.gmol,23,
8-Copper/Cell_YUKSOO.gmol,0,
8-Copper/Cell_YUKSOO.gmol,1,
8-Copper/Cell_YUKSOO.gmol,2,
8-Copper/Cell_YUKSOO.gmol,3,
8-Copper/Cell_YUKSOO.gmol,4,
8-Copper/Cell_YUKSOO.gmol,5,
8-Copper/Cell_YUKSOO.gmol,6,
8-Copper/Cell_YUKSOO.gmol,7,
5-Chromium/Cell_CEXWAD.gmol,0,
5-Chromium/Cell_CEXWAD.gmol,1,
7-Nickel/Cell_UTEMOX.gmol,0,
7-Nickel/Cell_UTEMOX.gmol,1,
7-Nickel/Cell_UTEMOX.gmol,2,
7-Nickel/Cell_UTEMOX.gmol,3,
6-Cobalt/Cell_HAPYOM.gmol,0,
6-Cobalt/Cell_HAPYOM.gmol,1,
6-Cobalt/Cell_HAPYOM.gmol,2,
6-Cobalt/Cell_HAPYOM.gmol,3,
6-Cobalt/Cell_HAPYOM.gmol,4,
6-Cobalt/Cell_HAPYOM.gmol,5,
6-Cobalt/Cell_HAPYOM.gmol,6,
6-Cobalt/Cell_HAPYOM.gmol,7,
6-Cobalt/Cell_HAPYOM.gmol,8,
6-Cobalt/Cell_HAPYOM.gmol,9,
6-Cobalt/Cell_HAPYOM.gmol,10,
6-Cobalt/Cell_HAPYOM.gmol,11,
6-Cobalt/Cell_HAPYOM.gmol,12,
6-Cobalt/Cell_HAPYOM.gmol,13,
6-Cobalt/Cell_HAPYOM.gmol,14,
6-Cobalt/Cell_HAPYOM.gmol,15,
6-Cobalt/Cell_HAPYOM.gmol,16,
6-Cobalt/Cell_HAPYOM.gmol,17,
6-Cobalt/Cell_HAPYOM.gmol,18,
6-Cobalt/Cell_HAPYOM.gmol,19,
3-Ruthenium/Cell_JIMMAT.gmol,0,
3-Ruthenium/Cell_JIMMAT.gmol,1,
3-Ruthenium/Cell_JIMMAT.gmol,2,
3-Ruthenium/Cell_JIMMAT.gmol,3,
4-Rhenium/Cell_XAVJOT.gmol,0,
4-Rhenium/Cell_XAVJOT.gmol,1,
1-Iron/Cell_LUGQUZ.gmol,0,
1-Iron/Cell_LUGQUZ.gmol,1,
1-Iron/Cell_LUGQUZ.gmol,2,
1-Iron/Cell_LUGQUZ.gmol,3,
1-Iron/Cell_LUGQUZ.gmol,4,
1-Iron/Cell_LUGQUZ.gmol,5,
1-Iron/Cell_LUGQUZ.gmol,6,
1-Iron/Cell_LUGQUZ.gmol,7,
8-Copper/Cell_NAJPAT.gmol,0,
8-Copper/Cell_NAJPAT.gmol,1,
8-Copper/Cell_NAJPAT.gmol,2,
8-Copper/Cell_NAJPAT.gmol,3,
8-Copper/Cell_NAJPAT.gmol,4,
8-Copper/Cell_NAJPAT.gmol,5,
8-Copper/Cell_NAJPAT.gmol,6,
8-Copper/Cell_NAJPAT.gmol,7,
8-Copper/Cell_ERIQUR.gmol,0,
8-Copper/Cell_ERIQUR.gmol,1,
8-Copper/Cell_ERIQUR.gmol,2,
8-Copper/Cell_ERIQUR.gmol,3,
8-Copper/Cell_ERIQUR.gmol,4,
8-Copper/Cell_ERIQUR.gmol,5,
8-Copper/Cell_ERIQUR.gmol,6,
8-Copper/Cell_ERIQUR.gmol,7,
8-Copper/Cell_ERIQUR.gmol,8,
8-Copper/Cell_ERIQUR.gmol,9,
8-Copper/Cell_ERIQUR.gmol,10,
8-Copper/Cell_ERIQUR.gmol,11,
8-Copper/Cell_ERIQUR.gmol,12,
8-Copper/Cell_ERIQUR.gmol,13,
8-Copper/Cell_ERIQUR.gmol,14,
8-Copper/Cell_ERIQUR.gmol,15,
8-Copper/Cell_ERIQUR.gmol,16,
8-Copper/Cell_ERIQUR.gmol,17,
8-Copper/Cell_ERIQUR.gmol,18,
8-Copper/Cell_ERIQUR.gmol,19,
3-Ruthenium/Cell_OKINEB.gmol,0,
3-Ruthenium/Cell_OKINEB.gmol,1,
7-Nickel/Cell_OBOJAT.gmol,0,
7-Nickel/Cell_OBOJAT.gmol,1,
7-Nickel/Cell_OBOJAT.gmol,2,
7-Nickel/Cell_OBOJAT.gmol,3,
6-Cobalt/Cell_ACIMOQ.gmol,0,
6-Cobalt/Cell_ACIMOQ.gmol,1,
6-Cobalt/Cell_ACIMOQ.gmol,2,
6-Cobalt/Cell_ACIMOQ.gmol,3,
6-Cobalt/Cell_KIKZOU.gmol,0,
6-Cobalt/Cell_KIKZOU.gmol,1,
6-Cobalt/Cell_KIKZOU.gmol,2,
6-Cobalt/Cell_KIKZOU.gmol,3,
8-Copper/Cell_HEFVEU.gmol,0,
8-Copper/Cell_HEFVEU.gmol,1,
6-Cobalt/Cell_QOCJAU.gmol,0,
6-Cobalt/Cell_QOCJAU.gmol,1,
6-Cobalt/Cell_QOCJAU.gmol,2,
6-Cobalt/Cell_QOCJAU.gmol,3,
7-Nickel/Cell_GOPQAF.gmol,0,
7-Nickel/Cell_GOPQAF.gmol,1,
7-Nickel/Cell_GOPQAF.gmol,2,
7-Nickel/Cell_GOPQAF.gmol,3,
7-Nickel/Cell_GOPQAF.gmol,4,
7-Nickel/Cell_GOPQAF.gmol,5,
7-Nickel/Cell_GOPQAF.gmol,6,
7-Nickel/Cell_GOPQAF.gmol,7,
3-Ruthenium/Cell_HUWVUQ.gmol,0,
3-Ruthenium/Cell_HUWVUQ.gmol,1,
3-Ruthenium/Cell_HUWVUQ.gmol,2,
3-Ruthenium/Cell_HUWVUQ.gmol,3,
8-Copper/Cell_MULBEB.gmol,0,
8-Copper/Cell_MULBEB.gmol,1,
8-Copper/Cell_MULBEB.gmol,2,
8-Copper/Cell_MULBEB.gmol,3,
8-Copper/Cell_MULBEB.gmol,4,
8-Copper/Cell_MULBEB.gmol,5,
8-Copper/Cell_MULBEB.gmol,6,
8-Copper/Cell_MULBEB.gmol,7,
8-Copper/Cell_MULBEB.gmol,8,
8-Copper/Cell_MULBEB.gmol,9,
8-Copper/Cell_MULBEB.gmol,10,
8-Copper/Cell_MULBEB.gmol,11,
8-Copper/Cell_MULBEB.gmol,12,
8-Copper/Cell_MULBEB.gmol,13,
8-Copper/Cell_MULBEB.gmol,14,
8-Copper/Cell_MULBEB.gmol,15,
4-Rhenium/Cell_XODVAN.gmol,0,
4-Rhenium/Cell_XODVAN.gmol,1,
4-Rhenium/Cell_XODVAN.gmol,2,
4-Rhenium/Cell_XODVAN.gmol,3,
4-Rhenium/Cell_XODVAN.gmol,4,
4-Rhenium/Cell_XODVAN.gmol,5,
4-Rhenium/Cell_XODVAN.gmol,6,
4-Rhenium/Cell_XODVAN.gmol,7,
2-Manganese/Cell_SIZSEB.gmol,0,
2-Manganese/Cell_SIZSEB.gmol,1,
2-Manganese/Cell_SIZSEB.gmol,2,
2-Manganese/Cell_SIZSEB.gmol,3,
2-Manganese/Cell_SIZSEB.gmol,4,
2-Manganese/Cell_SIZSEB.gmol,5,
2-Manganese/Cell_SIZSEB.gmol,6,
2-Manganese/Cell_SIZSEB.gmol,7,
2-Manganese/Cell_SIZSEB.gmol,8,
6-Cobalt/Cell_YEYJOE.gmol,0,
6-Cobalt/Cell_YEYJOE.gmol,1,
6-Cobalt/Cell_YEYJOE.gmol,2,
6-Cobalt/Cell_YEYJOE.gmol,3,
6-Cobalt/Cell_YEYJOE.gmol,4,
6-Cobalt/Cell_YEYJOE.gmol,5,
5-Chromium/Cell_QIJVIO.gmol,0,
5-Chromium/Cell_QIJVIO.gmol,1,
5-Chromium/Cell_QIJVIO.gmol,2,
5-Chromium/Cell_QIJVIO.gmol,3,
6-Cobalt/Cell_AGUDUE.gmol,0,
6-Cobalt/Cell_AGUDUE.gmol,1,
6-Cobalt/Cell_AGUDUE.gmol,2,
6-Cobalt/Cell_AGUDUE.gmol,3,
6-Cobalt/Cell_AGUDUE.gmol,4,
6-Cobalt/Cell_AGUDUE.gmol,5,
7-Nickel/Cell_BOZKEI.gmol,0,
7-Nickel/Cell_BOZKEI.gmol,1,
7-Nickel/Cell_BOZKEI.gmol,2,
7-Nickel/Cell_BOZKEI.gmol,3,
7-Nickel/Cell_BOZKEI.gmol,4,
7-Nickel/Cell_BOZKEI.gmol,5,
7-Nickel/Cell_BOZKEI.gmol,6,
7-Nickel/Cell_BOZKEI.gmol,7,
8-Copper/Cell_NOSHAH.gmol,0,
6-Cobalt/Cell_UJUSIC.gmol,0,
6-Cobalt/Cell_UJUSIC.gmol,1,
6-Cobalt/Cell_UJUSIC.gmol,2,
6-Cobalt/Cell_UJUSIC.gmol,3,
3-Ruthenium/Cell_HUPLIO.gmol,0,
3-Ruthenium/Cell_HUPLIO.gmol,1,
3-Ruthenium/Cell_MEJYOR.gmol,0,
3-Ruthenium/Cell_MEJYOR.gmol,1,
3-Ruthenium/Cell_MEJYOR.gmol,2,
3-Ruthenium/Cell_MEJYOR.gmol,3,
6-Cobalt/Cell_ZIXSOR.gmol,0,
6-Cobalt/Cell_ZIXSOR.gmol,1,
6-Cobalt/Cell_ZIXSOR.gmol,2,
6-Cobalt/Cell_ZIXSOR.gmol,3,
6-Cobalt/Cell_ZIXSOR.gmol,4,
6-Cobalt/Cell_ZIXSOR.gmol,5,
3-Ruthenium/Cell_MUNVIA.gmol,0,
3-Ruthenium/Cell_MUNVIA.gmol,1,
3-Ruthenium/Cell_MUNVIA.gmol,2,
3-Ruthenium/Cell_MUNVIA.gmol,3,
3-Ruthenium/Cell_MUNVIA.gmol,4,
3-Ruthenium/Cell_MUNVIA.gmol,5,
3-Ruthenium/Cell_MUNVIA.gmol,6,
3-Ruthenium/Cell_MUNVIA.gmol,7,
6-Cobalt/Cell_DOTGEY.gmol,0,
6-Cobalt/Cell_DOTGEY.gmol,1,
6-Cobalt/Cell_DOTGEY.gmol,2,
6-Cobalt/Cell_DOTGEY.gmol,3,
6-Cobalt/Cell_IQICIU.gmol,0,
6-Cobalt/Cell_IQICIU.gmol,1,
6-Cobalt/Cell_IQICIU.gmol,2,
6-Cobalt/Cell_IQICIU.gmol,3,
6-Cobalt/Cell_IQICIU.gmol,4,
6-Cobalt/Cell_IQICIU.gmol,5,
6-Cobalt/Cell_IQICIU.gmol,6,
6-Cobalt/Cell_IQICIU.gmol,7,
6-Cobalt/Cell_IQICIU.gmol,8,
6-Cobalt/Cell_IQICIU.gmol,9,
6-Cobalt/Cell_IQICIU.gmol,10,
6-Cobalt/Cell_IQICIU.gmol,11,
6-Cobalt/Cell_IQICIU.gmol,12,
6-Cobalt/Cell_IQICIU.gmol,13,
6-Cobalt/Cell_IQICIU.gmol,14,
6-Cobalt/Cell_IQICIU.gmol,15,
8-Copper/Cell_NOQQOB.gmol,0,
8-Copper/Cell_NOQQOB.gmol,1,
8-Copper/Cell_NOQQOB.gmol,2,
8-Copper/Cell_NOQQOB.gmol,3,
8-Copper/Cell_NOQQOB.gmol,4,
8-Copper/Cell_NOQQOB.gmol,5,
8-Copper/Cell_NOQQOB.gmol,6,
8-Copper/Cell_NOQQOB.gmol,7,
8-Copper/Cell_NOQQOB.gmol,8,
8-Copper/Cell_NOQQOB.gmol,9,
8-Copper/Cell_NOQQOB.gmol,10,
8-Copper/Cell_NOQQOB.gmol,11,
2-Manganese/Cell_GIDHAC10.gmol,0,
2-Manganese/Cell_GIDHAC10.gmol,1,
2-Manganese/Cell_GIDHAC10.gmol,2,
7-Nickel/Cell_XIVLEU.gmol,0,
7-Nickel/Cell_XIVLEU.gmol,1,
7-Nickel/Cell_XIVLEU.gmol,2,
7-Nickel/Cell_XIVLEU.gmol,3,
7-Nickel/Cell_XIVLEU.gmol,4,
7-Nickel/Cell_XIVLEU.gmol,5,
7-Nickel/Cell_XIVLEU.gmol,6,
7-Nickel/Cell_XIVLEU.gmol,7,
7-Nickel/Cell_XIVLEU.gmol,8,
7-Nickel/Cell_XIVLEU.gmol,9,
7-Nickel/Cell_XIVLEU.gmol,10,
7-Nickel/Cell_XIVLEU.gmol,11,
7-Nickel/Cell_XIVLEU.gmol,12,
7-Nickel/Cell_XIVLEU.gmol,13,
7-Nickel/Cell_XIVLEU.gmol,14,
7-Nickel/Cell_XIVLEU.gmol,15,
6-Cobalt/Cell_VIZZAG.gmol,0,
6-Cobalt/Cell_VIZZAG.gmol,1,
6-Cobalt/Cell_CUPJOO.gmol,0,
6-Cobalt/Cell_CUPJOO.gmol,1,
8-Copper/Cell_VAKWAG.gmol,0,
8-Copper/Cell_VAKWAG.gmol,1,
8-Copper/Cell_VAKWAG.gmol,2,
8-Copper/Cell_VAKWAG.gmol,3,
8-Copper/Cell_VAKWAG.gmol,4,
8-Copper/Cell_VAKWAG.gmol,5,
8-Copper/Cell_VAKWAG.gmol,6,
8-Copper/Cell_VAKWAG.gmol,7,
7-Nickel/Cell_ZAGXUD.gmol,0,
7-Nickel/Cell_ZAGXUD.gmol,1,
7-Nickel/Cell_ZAGXUD.gmol,2,
7-Nickel/Cell_ZAGXUD.gmol,3,
7-Nickel/Cell_ZAGXUD.gmol,4,
7-Nickel/Cell_ZAGXUD.gmol,5,
6-Cobalt/Cell_NIZMUE.gmol,0,
6-Cobalt/Cell_NIZMUE.gmol,1,
6-Cobalt/Cell_NIZMUE.gmol,2,
6-Cobalt/Cell_NIZMUE.gmol,3,
6-Cobalt/Cell_NIZMUE.gmol,4,
6-Cobalt/Cell_NIZMUE.gmol,5,
7-Nickel/Cell_RALFIU.gmol,0,
7-Nickel/Cell_RALFIU.gmol,1,
7-Nickel/Cell_RALFIU.gmol,2,
7-Nickel/Cell_RALFIU.gmol,3,
7-Nickel/Cell_RALFIU.gmol,4,
7-Nickel/Cell_RALFIU.gmol,5,
7-Nickel/Cell_TIGHEZ.gmol,0,
7-Nickel/Cell_TIGHEZ.gmol,1,
2-Manganese/Cell_PEBKIQ.gmol,0,
2-Manganese/Cell_PEBKIQ.gmol,1,
2-Manganese/Cell_PEBKIQ.gmol,2,
2-Manganese/Cell_PEBKIQ.gmol,3,
2-Manganese/Cell_PEBKIQ.gmol,4,
2-Manganese/Cell_PEBKIQ.gmol,5,
7-Nickel/Cell_QEWJAG.gmol,0,
7-Nickel/Cell_QEWJAG.gmol,1,
7-Nickel/Cell_QEWJAG.gmol,2,
7-Nickel/Cell_QEWJAG.gmol,3,
7-Nickel/Cell_DIJNES.gmol,0,
7-Nickel/Cell_DIJNES.gmol,1,
7-Nickel/Cell_DIJNES.gmol,2,
7-Nickel/Cell_DIJNES.gmol,3,
7-Nickel/Cell_DIJNES.gmol,4,
7-Nickel/Cell_DIJNES.gmol,5,
7-Nickel/Cell_DIJNES.gmol,6,
7-Nickel/Cell_DIJNES.gmol,7,
8-Copper/Cell_CERQOI.gmol,0,
8-Copper/Cell_CERQOI.gmol,1,
8-Copper/Cell_CERQOI.gmol,2,
8-Copper/Cell_CERQOI.gmol,3,
3-Ruthenium/Cell_VONPAR.gmol,0,
3-Ruthenium/Cell_VONPAR.gmol,1,
3-Ruthenium/Cell_VONPAR.gmol,2,
3-Ruthenium/Cell_VONPAR.gmol,3,
7-Nickel/Cell_HATLIY.gmol,0,
7-Nickel/Cell_HATLIY.gmol,1,
7-Nickel/Cell_HATLIY.gmol,2,
7-Nickel/Cell_HATLIY.gmol,3,
4-Rhenium/Cell_AXOLII.gmol,0,
4-Rhenium/Cell_AXOLII.gmol,1,
4-Rhenium/Cell_AXOLII.gmol,2,
4-Rhenium/Cell_AXOLII.gmol,3,
8-Copper/Cell_EGALIK.gmol,0,
8-Copper/Cell_EGALIK.gmol,1,
8-Copper/Cell_EGALIK.gmol,2,
8-Copper/Cell_EGALIK.gmol,3,
8-Copper/Cell_EGALIK.gmol,4,
8-Copper/Cell_EGALIK.gmol,5,
8-Copper/Cell_EGALIK.gmol,6,
8-Copper/Cell_EGALIK.gmol,7,
3-Ruthenium/Cell_RACTAQ.gmol,0,
3-Ruthenium/Cell_RACTAQ.gmol,1,
3-Ruthenium/Cell_RACTAQ.gmol,2,
3-Ruthenium/Cell_RACTAQ.gmol,3,
7-Nickel/Cell_LEKFOZ.gmol,0,
7-Nickel/Cell_LEKFOZ.gmol,1,
7-Nickel/Cell_LEKFOZ.gmol,2,
7-Nickel/Cell_LEKFOZ.gmol,3,
8-Copper/Cell_OPASUU.gmol,0,
8-Copper/Cell_OPASUU.gmol,1,
8-Copper/Cell_OPASUU.gmol,2,
8-Copper/Cell_OPASUU.gmol,3,
1-Iron/Cell_PAGQEV.gmol,0,
1-Iron/Cell_PAGQEV.gmol,1,
1-Iron/Cell_PAGQEV.gmol,2,
1-Iron/Cell_PAGQEV.gmol,3,
6-Cobalt/Cell_LALMAO.gmol,0,
6-Cobalt/Cell_LALMAO.gmol,1,
8-Copper/Cell_DAPLEM.gmol,0,
8-Copper/Cell_DAPLEM.gmol,1,
8-Copper/Cell_DAPLEM.gmol,2,
8-Copper/Cell_DAPLEM.gmol,3,
8-Copper/Cell_DAPLEM.gmol,4,
8-Copper/Cell_DAPLEM.gmol,5,
8-Copper/Cell_DAPLEM.gmol,6,
8-Copper/Cell_DAPLEM.gmol,7,
8-Copper/Cell_WEVDOR.gmol,0,
8-Copper/Cell_WEVDOR.gmol,1,
8-Copper/Cell_WEVDOR.gmol,2,
8-Copper/Cell_WEVDOR.gmol,3,
8-Copper/Cell_WEVDOR.gmol,4,
8-Copper/Cell_WEVDOR.gmol,5,
8-Copper/Cell_WEVDOR.gmol,6,
8-Copper/Cell_WEVDOR.gmol,7,
8-Copper/Cell_IKENOB.gmol,0,
8-Copper/Cell_IKENOB.gmol,1,
8-Copper/Cell_IKENOB.gmol,2,
8-Copper/Cell_IKENOB.gmol,3,
8-Copper/Cell_IKENOB.gmol,4,
8-Copper/Cell_IKENOB.gmol,5,
8-Copper/Cell_IKENOB.gmol,6,
8-Copper/Cell_IKENOB.gmol,7,
8-Copper/Cell_IKENOB.gmol,8,
8-Copper/Cell_IKENOB.gmol,9,
8-Copper/Cell_IKENOB.gmol,10,
8-Copper/Cell_IKENOB.gmol,11,
8-Copper/Cell_XZECCU.gmol,0,
8-Copper/Cell_XZECCU.gmol,1,
8-Copper/Cell_XZECCU.gmol,2,
8-Copper/Cell_XZECCU.gmol,3,
8-Copper/Cell_XZECCU.gmol,4,
8-Copper/Cell_XZECCU.gmol,5,
3-Ruthenium/Cell_MIKDEQ.gmol,0,
3-Ruthenium/Cell_MIKDEQ.gmol,1,
3-Ruthenium/Cell_MIKDEQ.gmol,2,
3-Ruthenium/Cell_MIKDEQ.gmol,3,
3-Ruthenium/Cell_MIKDEQ.gmol,4,
3-Ruthenium/Cell_MIKDEQ.gmol,5,
3-Ruthenium/Cell_MIKDEQ.gmol,6,
3-Ruthenium/Cell_MIKDEQ.gmol,7,
3-Ruthenium/Cell_MIKDEQ.gmol,8,
3-Ruthenium/Cell_MIKDEQ.gmol,9,
6-Cobalt/Cell_XUKYOR.gmol,0,
8-Copper/Cell_QILWAJ.gmol,0,
8-Copper/Cell_QILWAJ.gmol,1,
8-Copper/Cell_QILWAJ.gmol,2,
1-Iron/Cell_NAMHIU.gmol,0,
1-Iron/Cell_NAMHIU.gmol,1,
1-Iron/Cell_NAMHIU.gmol,2,
1-Iron/Cell_NAMHIU.gmol,3,
1-Iron/Cell_NAMHIU.gmol,4,
1-Iron/Cell_NAMHIU.gmol,5,
1-Iron/Cell_NAMHIU.gmol,6,
1-Iron/Cell_NAMHIU.gmol,7,
7-Nickel/Cell_SUKJOZ.gmol,0,
7-Nickel/Cell_SUKJOZ.gmol,1,
7-Nickel/Cell_SUKJOZ.gmol,2,
7-Nickel/Cell_SUKJOZ.gmol,3,
1-Iron/Cell_POXGIV.gmol,0,
1-Iron/Cell_POXGIV.gmol,1,
1-Iron/Cell_POXGIV.gmol,2,
1-Iron/Cell_POXGIV.gmol,3,
1-Iron/Cell_POXGIV.gmol,4,
1-Iron/Cell_POXGIV.gmol,5,
7-Nickel/Cell_TEZSAV.gmol,0,
7-Nickel/Cell_TEZSAV.gmol,1,
7-Nickel/Cell_TEZSAV.gmol,2,
7-Nickel/Cell_TEZSAV.gmol,3,
7-Nickel/Cell_TEZSAV.gmol,4,
7-Nickel/Cell_TEZSAV.gmol,5,
7-Nickel/Cell_TEZSAV.gmol,6,
7-Nickel/Cell_TEZSAV.gmol,7,
7-Nickel/Cell_TAHNOF.gmol,0,
7-Nickel/Cell_TAHNOF.gmol,1,
7-Nickel/Cell_TAHNOF.gmol,2,
7-Nickel/Cell_TAHNOF.gmol,3,
7-Nickel/Cell_TAHNOF.gmol,4,
7-Nickel/Cell_TAHNOF.gmol,5,
8-Copper/Cell_MUFPIO.gmol,0,
8-Copper/Cell_MUFPIO.gmol,1,
8-Copper/Cell_MUFPIO.gmol,2,
8-Copper/Cell_PASTAH.gmol,0,
8-Copper/Cell_PASTAH.gmol,1,
8-Copper/Cell_PASTAH.gmol,2,
6-Cobalt/Cell_AWODUL.gmol,0,
6-Cobalt/Cell_AWODUL.gmol,1,
7-Nickel/Cell_XEGZEO.gmol,0,
7-Nickel/Cell_XEGZEO.gmol,1,
7-Nickel/Cell_XEGZEO.gmol,2,
7-Nickel/Cell_XEGZEO.gmol,3,
1-Iron/Cell_IGETOE.gmol,0,
1-Iron/Cell_IGETOE.gmol,1,
1-Iron/Cell_IGETOE.gmol,2,
1-Iron/Cell_IGETOE.gmol,3,
1-Iron/Cell_IGETOE.gmol,4,
1-Iron/Cell_IGETOE.gmol,5,
1-Iron/Cell_IGETOE.gmol,6,
1-Iron/Cell_IGETOE.gmol,7,
6-Cobalt/Cell_SUXZUH.gmol,0,
6-Cobalt/Cell_SUXZUH.gmol,1,
6-Cobalt/Cell_SUXZUH.gmol,2,
6-Cobalt/Cell_SUXZUH.gmol,3,
6-Cobalt/Cell_SUXZUH.gmol,4,
6-Cobalt/Cell_SUXZUH.gmol,5,
6-Cobalt/Cell_SUXZUH.gmol,6,
6-Cobalt/Cell_SUXZUH.gmol,7,
6-Cobalt/Cell_SUXZUH.gmol,8,
6-Cobalt/Cell_SUXZUH.gmol,9,
6-Cobalt/Cell_SUXZUH.gmol,10,
6-Cobalt/Cell_SUXZUH.gmol,11,
6-Cobalt/Cell_SUXZUH.gmol,12,
6-Cobalt/Cell_SUXZUH.gmol,13,
6-Cobalt/Cell_SUXZUH.gmol,14,
6-Cobalt/Cell_SUXZUH.gmol,15,
1-Iron/Cell_RADSEU.gmol,0,
1-Iron/Cell_RADSEU.gmol,1,
1-Iron/Cell_RADSEU.gmol,2,
1-Iron/Cell_RADSEU.gmol,3,
1-Iron/Cell_RADSEU.gmol,4,
1-Iron/Cell_RADSEU.gmol,5,
1-Iron/Cell_RADSEU.gmol,6,
1-Iron/Cell_RADSEU.gmol,7,
8-Copper/Cell_YAMCEX.gmol,0,
8-Copper/Cell_YAMCEX.gmol,1,
8-Copper/Cell_YAMCEX.gmol,2,
8-Copper/Cell_YAMCEX.gmol,3,
8-Copper/Cell_YAMCEX.gmol,4,
8-Copper/Cell_YAMCEX.gmol,5,
8-Copper/Cell_YAMCEX.gmol,6,
8-Copper/Cell_YAMCEX.gmol,7,
1-Iron/Cell_POKCUO.gmol,0,
1-Iron/Cell_POKCUO.gmol,1,
1-Iron/Cell_POKCUO.gmol,2,
1-Iron/Cell_POKCUO.gmol,3,
1-Iron/Cell_POKCUO.gmol,4,
1-Iron/Cell_POKCUO.gmol,5,
1-Iron/Cell_POKCUO.gmol,6,
1-Iron/Cell_POKCUO.gmol,7,
7-Nickel/Cell_FOZGAD.gmol,0,
7-Nickel/Cell_FOZGAD.gmol,1,
8-Copper/Cell_TOKQIW.gmol,0,
8-Copper/Cell_TOKQIW.gmol,1,
8-Copper/Cell_MAJNER.gmol,0,
8-Copper/Cell_MAJNER.gmol,1,
7-Nickel/Cell_REGBEL.gmol,0,
7-Nickel/Cell_REGBEL.gmol,1,
7-Nickel/Cell_REGBEL.gmol,2,
7-Nickel/Cell_REGBEL.gmol,3,
7-Nickel/Cell_REGBEL.gmol,4,
7-Nickel/Cell_REGBEL.gmol,5,
7-Nickel/Cell_REGBEL.gmol,6,
7-Nickel/Cell_REGBEL.gmol,7,
1-Iron/Cell_BAMNOU.gmol,0,
1-Iron/Cell_BAMNOU.gmol,1,
1-Iron/Cell_BAMNOU.gmol,2,
1-Iron/Cell_BAMNOU.gmol,3,
1-Iron/Cell_BAMNOU.gmol,4,
1-Iron/Cell_BAMNOU.gmol,5,
1-Iron/Cell_BAMNOU.gmol,6,
1-Iron/Cell_BAMNOU.gmol,7,
1-Iron/Cell_BAMNOU.gmol,8,
1-Iron/Cell_BAMNOU.gmol,9,
1-Iron/Cell_BAMNOU.gmol,10,
1-Iron/Cell_BAMNOU.gmol,11,
6-Cobalt/Cell_LIDCEJ.gmol,0,
6-Cobalt/Cell_LIDCEJ.gmol,1,
6-Cobalt/Cell_LIDCEJ.gmol,2,
6-Cobalt/Cell_LIDCEJ.gmol,3,
6-Cobalt/Cell_LIDCEJ.gmol,4,
6-Cobalt/Cell_LIDCEJ.gmol,5,
6-Cobalt/Cell_LIDCEJ.gmol,6,
6-Cobalt/Cell_LIDCEJ.gmol,7,
6-Cobalt/Cell_LIDCEJ.gmol,8,
6-Cobalt/Cell_LIDCEJ.gmol,9,
6-Cobalt/Cell_LIDCEJ.gmol,10,
6-Cobalt/Cell_LIDCEJ.gmol,11,
6-Cobalt/Cell_AJOWOO.gmol,0,
8-Copper/Cell_AWOJIG.gmol,0,
8-Copper/Cell_AWOJIG.gmol,1,
8-Copper/Cell_AWOJIG.gmol,2,
8-Copper/Cell_AWOJIG.gmol,3,
1-Iron/Cell_ZAGXEN.gmol,0,
1-Iron/Cell_ZAGXEN.gmol,1,
1-Iron/Cell_ZAGXEN.gmol,2,
1-Iron/Cell_ZAGXEN.gmol,3,
8-Copper/Cell_ZIKTEV.gmol,0,
8-Copper/Cell_ZIKTEV.gmol,1,
8-Copper/Cell_ZIKTEV.gmol,2,
8-Copper/Cell_ZIKTEV.gmol,3,
8-Copper/Cell_WURYEP.gmol,0,
8-Copper/Cell_WURYEP.gmol,1,
8-Copper/Cell_WURYEP.gmol,2,
8-Copper/Cell_WURYEP.gmol,3,
3-Ruthenium/Cell_LEWSIP.gmol,0,
3-Ruthenium/Cell_LEWSIP.gmol,1,
3-Ruthenium/Cell_LEWSIP.gmol,2,
3-Ruthenium/Cell_LEWSIP.gmol,3,
3-Ruthenium/Cell_LEWSIP.gmol,4,
3-Ruthenium/Cell_LEWSIP.gmol,5,
3-Ruthenium/Cell_LEWSIP.gmol,6,
3-Ruthenium/Cell_LEWSIP.gmol,7,
7-Nickel/Cell_TACCAC.gmol,0,
7-Nickel/Cell_TACCAC.gmol,1,
7-Nickel/Cell_TACCAC.gmol,2,
7-Nickel/Cell_TACCAC.gmol,3,
1-Iron/Cell_PIZGEN.gmol,0,
1-Iron/Cell_PIZGEN.gmol,1,
1-Iron/Cell_PIZGEN.gmol,2,
1-Iron/Cell_PIZGEN.gmol,3,
6-Cobalt/Cell_EPOSOS.gmol,0,
6-Cobalt/Cell_EPOSOS.gmol,1,
6-Cobalt/Cell_EPOSOS.gmol,2,
6-Cobalt/Cell_EPOSOS.gmol,3,
6-Cobalt/Cell_EPOSOS.gmol,4,
6-Cobalt/Cell_EPOSOS.gmol,5,
6-Cobalt/Cell_EPOSOS.gmol,6,
6-Cobalt/Cell_EPOSOS.gmol,7,
6-Cobalt/Cell_EPOSOS.gmol,8,
6-Cobalt/Cell_EPOSOS.gmol,9,
6-Cobalt/Cell_EPOSOS.gmol,10,
6-Cobalt/Cell_EPOSOS.gmol,11,
7-Nickel/Cell_HAZFAS.gmol,0,
7-Nickel/Cell_HAZFAS.gmol,1,
7-Nickel/Cell_HAZFAS.gmol,2,
7-Nickel/Cell_HAZFAS.gmol,3,
5-Chromium/Cell_MUNLOW.gmol,0,
5-Chromium/Cell_MUNLOW.gmol,1,
5-Chromium/Cell_MUNLOW.gmol,2,
5-Chromium/Cell_MUNLOW.gmol,3,
5-Chromium/Cell_MUNLOW.gmol,4,
5-Chromium/Cell_MUNLOW.gmol,5,
5-Chromium/Cell_MUNLOW.gmol,6,
5-Chromium/Cell_MUNLOW.gmol,7,
5-Chromium/Cell_MUNLOW.gmol,8,
5-Chromium/Cell_MUNLOW.gmol,9,
5-Chromium/Cell_MUNLOW.gmol,10,
5-Chromium/Cell_MUNLOW.gmol,11,
8-Copper/Cell_CANKUY.gmol,0,
8-Copper/Cell_CANKUY.gmol,1,
8-Copper/Cell_CANKUY.gmol,2,
8-Copper/Cell_CANKUY.gmol,3,
8-Copper/Cell_CANKUY.gmol,4,
8-Copper/Cell_CANKUY.gmol,5,
8-Copper/Cell_CANKUY.gmol,6,
8-Copper/Cell_CANKUY.gmol,7,
4-Rhenium/Cell_QUSNEX.gmol,0,
4-Rhenium/Cell_QUSNEX.gmol,1,
8-Copper/Cell_WORTOP.gmol,0,
2-Manganese/Cell_GEPBAE.gmol,0,
6-Cobalt/Cell_LOZCUA.gmol,0,
6-Cobalt/Cell_LOZCUA.gmol,1,
6-Cobalt/Cell_LOZCUA.gmol,2,
6-Cobalt/Cell_LOZCUA.gmol,3,
6-Cobalt/Cell_LOZCUA.gmol,4,
6-Cobalt/Cell_LOZCUA.gmol,5,
8-Copper/Cell_CEWTOQ.gmol,0,
8-Copper/Cell_CEWTOQ.gmol,1,
8-Copper/Cell_CEWTOQ.gmol,2,
8-Copper/Cell_CEWTOQ.gmol,3,
8-Copper/Cell_CEWTOQ.gmol,4,
8-Copper/Cell_CEWTOQ.gmol,5,
4-Rhenium/Cell_WAHHUJ.gmol,0,
4-Rhenium/Cell_WAHHUJ.gmol,1,
4-Rhenium/Cell_WAHHUJ.gmol,2,
8-Copper/Cell_VIQDUX.gmol,0,
8-Copper/Cell_VIQDUX.gmol,1,
8-Copper/Cell_JAFNAI.gmol,0,
8-Copper/Cell_JAFNAI.gmol,1,
8-Copper/Cell_JAFNAI.gmol,2,
8-Copper/Cell_JAFNAI.gmol,3,
8-Copper/Cell_JAFNAI.gmol,4,
8-Copper/Cell_JAFNAI.gmol,5,
8-Copper/Cell_JAFNAI.gmol,6,
8-Copper/Cell_JAFNAI.gmol,7,
8-Copper/Cell_JAFNAI.gmol,8,
8-Copper/Cell_JAFNAI.gmol,9,
8-Copper/Cell_JAFNAI.gmol,10,
8-Copper/Cell_JAFNAI.gmol,11,
8-Copper/Cell_JAFNAI.gmol,12,
8-Copper/Cell_JAFNAI.gmol,13,
8-Copper/Cell_JAFNAI.gmol,14,
8-Copper/Cell_JAFNAI.gmol,15,
8-Copper/Cell_JAFNAI.gmol,16,
8-Copper/Cell_JAFNAI.gmol,17,
8-Copper/Cell_JAFNAI.gmol,18,
8-Copper/Cell_JAFNAI.gmol,19,
8-Copper/Cell_JAFNAI.gmol,20,
8-Copper/Cell_JAFNAI.gmol,21,
8-Copper/Cell_JAFNAI.gmol,22,
8-Copper/Cell_JAFNAI.gmol,23,
6-Cobalt/Cell_LISWIT.gmol,0,
6-Cobalt/Cell_LISWIT.gmol,1,
6-Cobalt/Cell_LISWIT.gmol,2,
6-Cobalt/Cell_LISWIT.gmol,3,
6-Cobalt/Cell_LISWIT.gmol,4,
6-Cobalt/Cell_LISWIT.gmol,5,
5-Chromium/Cell_RUDXOE.gmol,0,
5-Chromium/Cell_RUDXOE.gmol,1,
5-Chromium/Cell_RUDXOE.gmol,2,
5-Chromium/Cell_RUDXOE.gmol,3,
5-Chromium/Cell_RUDXOE.gmol,4,
5-Chromium/Cell_RUDXOE.gmol,5,
5-Chromium/Cell_RUDXOE.gmol,6,
5-Chromium/Cell_RUDXOE.gmol,7,
7-Nickel/Cell_RAMTAB.gmol,0,
7-Nickel/Cell_RAMTAB.gmol,1,
7-Nickel/Cell_RAMTAB.gmol,2,
7-Nickel/Cell_RAMTAB.gmol,3,
7-Nickel/Cell_RAMTAB.gmol,4,
7-Nickel/Cell_RAMTAB.gmol,5,
7-Nickel/Cell_RAMTAB.gmol,6,
7-Nickel/Cell_RAMTAB.gmol,7,
7-Nickel/Cell_RAMTAB.gmol,8,
7-Nickel/Cell_RAMTAB.gmol,9,
7-Nickel/Cell_RAMTAB.gmol,10,
7-Nickel/Cell_RAMTAB.gmol,11,
1-Iron/Cell_CAQVEX.gmol,0,
1-Iron/Cell_CAQVEX.gmol,1,
7-Nickel/Cell_QISFAC.gmol,0,
7-Nickel/Cell_QISFAC.gmol,1,
7-Nickel/Cell_QISFAC.gmol,2,
7-Nickel/Cell_QISFAC.gmol,3,
7-Nickel/Cell_QISFAC.gmol,4,
7-Nickel/Cell_QISFAC.gmol,5,
7-Nickel/Cell_QISFAC.gmol,6,
7-Nickel/Cell_QISFAC.gmol,7,
7-Nickel/Cell_QISFAC.gmol,8,
7-Nickel/Cell_QISFAC.gmol,9,
7-Nickel/Cell_QISFAC.gmol,10,
7-Nickel/Cell_QISFAC.gmol,11,
2-Manganese/Cell_LILLEZ.gmol,0,
2-Manganese/Cell_LILLEZ.gmol,1,
2-Manganese/Cell_LILLEZ.gmol,2,
2-Manganese/Cell_LILLEZ.gmol,3,
7-Nickel/Cell_SOPCAB.gmol,0,
7-Nickel/Cell_SOPCAB.gmol,1,
7-Nickel/Cell_SOPCAB.gmol,2,
7-Nickel/Cell_SOPCAB.gmol,3,
7-Nickel/Cell_SOPCAB.gmol,4,
7-Nickel/Cell_SOPCAB.gmol,5,
7-Nickel/Cell_SOPCAB.gmol,6,
7-Nickel/Cell_SOPCAB.gmol,7,
1-Iron/Cell_EWOQAI.gmol,0,
1-Iron/Cell_EWOQAI.gmol,1,
1-Iron/Cell_EWOQAI.gmol,2,
1-Iron/Cell_EWOQAI.gmol,3,
8-Copper/Cell_TURRED.gmol,0,
8-Copper/Cell_TURRED.gmol,1,
6-Cobalt/Cell_MAWTUA.gmol,0,
6-Cobalt/Cell_MAWTUA.gmol,1,
6-Cobalt/Cell_MAWTUA.gmol,2,
6-Cobalt/Cell_MAWTUA.gmol,3,
6-Cobalt/Cell_MAWTUA.gmol,4,
6-Cobalt/Cell_MAWTUA.gmol,5,
6-Cobalt/Cell_ROXQUT.gmol,0,
6-Cobalt/Cell_ROXQUT.gmol,1,
6-Cobalt/Cell_ROXQUT.gmol,2,
6-Cobalt/Cell_ROXQUT.gmol,3,
6-Cobalt/Cell_ROXQUT.gmol,4,
6-Cobalt/Cell_ROXQUT.gmol,5,
8-Copper/Cell_VIPXAV.gmol,0,
8-Copper/Cell_VIPXAV.gmol,1,
8-Copper/Cell_VIPXAV.gmol,2,
8-Copper/Cell_VIPXAV.gmol,3,
7-Nickel/Cell_WIYCUF.gmol,0,
7-Nickel/Cell_WIYCUF.gmol,1,
7-Nickel/Cell_WIYCUF.gmol,2,
7-Nickel/Cell_WIYCUF.gmol,3,
5-Chromium/Cell_EBOTEU.gmol,0,
5-Chromium/Cell_EBOTEU.gmol,1,
4-Rhenium/Cell_TESKUX.gmol,0,
4-Rhenium/Cell_TESKUX.gmol,1,
4-Rhenium/Cell_TESKUX.gmol,2,
4-Rhenium/Cell_TESKUX.gmol,3,
7-Nickel/Cell_NONNIP.gmol,0,
7-Nickel/Cell_NONNIP.gmol,1,
7-Nickel/Cell_NONNIP.gmol,2,
7-Nickel/Cell_NONNIP.gmol,3,
6-Cobalt/Cell_BUCSOI.gmol,0,
6-Cobalt/Cell_BUCSOI.gmol,1,
6-Cobalt/Cell_BUCSOI.gmol,2,
6-Cobalt/Cell_BUCSOI.gmol,3,
7-Nickel/Cell_YELNEJ.gmol,0,
7-Nickel/Cell_YELNEJ.gmol,1,
7-Nickel/Cell_YELNEJ.gmol,2,
7-Nickel/Cell_YELNEJ.gmol,3,
7-Nickel/Cell_NESHUO.gmol,0,
7-Nickel/Cell_NESHUO.gmol,1,
7-Nickel/Cell_NESHUO.gmol,2,
7-Nickel/Cell_NESHUO.gmol,3,
1-Iron/Cell_LAMDUZ.gmol,0,
1-Iron/Cell_LAMDUZ.gmol,1,
1-Iron/Cell_LAMDUZ.gmol,2,
1-Iron/Cell_LAMDUZ.gmol,3,
7-Nickel/Cell_IQATID.gmol,0,
7-Nickel/Cell_IQATID.gmol,1,
7-Nickel/Cell_IQATID.gmol,2,
7-Nickel/Cell_IQATID.gmol,3,
7-Nickel/Cell_IQATID.gmol,4,
7-Nickel/Cell_IQATID.gmol,5,
7-Nickel/Cell_IQATID.gmol,6,
7-Nickel/Cell_IQATID.gmol,7,
7-Nickel/Cell_IQATID.gmol,8,
7-Nickel/Cell_IQATID.gmol,9,
7-Nickel/Cell_IQATID.gmol,10,
7-Nickel/Cell_IQATID.gmol,11,
7-Nickel/Cell_DEFPEJ.gmol,0,
7-Nickel/Cell_DEFPEJ.gmol,1,
7-Nickel/Cell_DEFPEJ.gmol,2,
7-Nickel/Cell_DEFPEJ.gmol,3,
8-Copper/Cell_GIBGIJ.gmol,0,
8-Copper/Cell_GIBGIJ.gmol,1,
8-Copper/Cell_GIBGIJ.gmol,2,
8-Copper/Cell_GIBGIJ.gmol,3,
8-Copper/Cell_GIBGIJ.gmol,4,
8-Copper/Cell_GIBGIJ.gmol,5,
1-Iron/Cell_MUHMOU.gmol,0,
1-Iron/Cell_MUHMOU.gmol,1,
1-Iron/Cell_MUHMOU.gmol,2,
1-Iron/Cell_MUHMOU.gmol,3,
1-Iron/Cell_MUHMOU.gmol,4,
1-Iron/Cell_MUHMOU.gmol,5,
7-Nickel/Cell_QUQJUJ.gmol,0,
8-Copper/Cell_JAYLIF.gmol,0,
8-Copper/Cell_JAYLIF.gmol,1,
8-Copper/Cell_JAYLIF.gmol,2,
8-Copper/Cell_JAYLIF.gmol,3,
7-Nickel/Cell_QACRUH.gmol,0,
7-Nickel/Cell_QACRUH.gmol,1,
7-Nickel/Cell_QACRUH.gmol,2,
4-Rhenium/Cell_GOTYEV.gmol,0,
4-Rhenium/Cell_GOTYEV.gmol,1,
4-Rhenium/Cell_GOTYEV.gmol,2,
4-Rhenium/Cell_GOTYEV.gmol,3,
4-Rhenium/Cell_GOTYEV.gmol,4,
4-Rhenium/Cell_GOTYEV.gmol,5,
4-Rhenium/Cell_GOTYEV.gmol,6,
4-Rhenium/Cell_GOTYEV.gmol,7,
4-Rhenium/Cell_GOTYEV.gmol,8,
4-Rhenium/Cell_GOTYEV.gmol,9,
8-Copper/Cell_GAZQAZ.gmol,0,
8-Copper/Cell_GAZQAZ.gmol,1,
8-Copper/Cell_GAZQAZ.gmol,2,
8-Copper/Cell_GAZQAZ.gmol,3,
3-Ruthenium/Cell_YIYVIM.gmol,0,
3-Ruthenium/Cell_YIYVIM.gmol,1,
3-Ruthenium/Cell_YIYVIM.gmol,2,
3-Ruthenium/Cell_YIYVIM.gmol,3,
3-Ruthenium/Cell_YIYVIM.gmol,4,
3-Ruthenium/Cell_YIYVIM.gmol,5,
3-Ruthenium/Cell_YIYVIM.gmol,6,
3-Ruthenium/Cell_YIYVIM.gmol,7,
3-Ruthenium/Cell_YIYVIM.gmol,8,
3-Ruthenium/Cell_YIYVIM.gmol,9,
3-Ruthenium/Cell_YIYVIM.gmol,10,
3-Ruthenium/Cell_YIYVIM.gmol,11,
8-Copper/Cell_ZIRWEE.gmol,0,
8-Copper/Cell_ZIRWEE.gmol,1,
8-Copper/Cell_ZIRWEE.gmol,2,
8-Copper/Cell_ZIRWEE.gmol,3,
7-Nickel/Cell_TESLUA.gmol,0,
7-Nickel/Cell_TESLUA.gmol,1,
1-Iron/Cell_LADHEG.gmol,0,
1-Iron/Cell_LADHEG.gmol,1,
8-Copper/Cell_HIQZEM.gmol,0,
8-Copper/Cell_HIQZEM.gmol,1,
8-Copper/Cell_HIQZEM.gmol,2,
8-Copper/Cell_HIQZEM.gmol,3,
5-Chromium/Cell_NEXNAF.gmol,0,
5-Chromium/Cell_NEXNAF.gmol,1,
5-Chromium/Cell_NEXNAF.gmol,2,
5-Chromium/Cell_NEXNAF.gmol,3,
3-Ruthenium/Cell_YASPAM.gmol,0,
3-Ruthenium/Cell_YASPAM.gmol,1,
3-Ruthenium/Cell_YASPAM.gmol,2,
3-Ruthenium/Cell_YASPAM.gmol,3,
3-Ruthenium/Cell_YASPAM.gmol,4,
3-Ruthenium/Cell_YASPAM.gmol,5,
3-Ruthenium/Cell_YASPAM.gmol,6,
3-Ruthenium/Cell_YASPAM.gmol,7,
1-Iron/Cell_SILWOA.gmol,0,
1-Iron/Cell_SILWOA.gmol,1,
1-Iron/Cell_SILWOA.gmol,2,
1-Iron/Cell_SILWOA.gmol,3,
1-Iron/Cell_SILWOA.gmol,4,
1-Iron/Cell_SILWOA.gmol,5,
1-Iron/Cell_SILWOA.gmol,6,
1-Iron/Cell_SILWOA.gmol,7,
1-Iron/Cell_SILWOA.gmol,8,
1-Iron/Cell_SILWOA.gmol,9,
1-Iron/Cell_SILWOA.gmol,10,
1-Iron/Cell_SILWOA.gmol,11,
1-Iron/Cell_SILWOA.gmol,12,
1-Iron/Cell_SILWOA.gmol,13,
1-Iron/Cell_SILWOA.gmol,14,
1-Iron/Cell_SILWOA.gmol,15,
1-Iron/Cell_SILWOA.gmol,16,
1-Iron/Cell_SILWOA.gmol,17,
1-Iron/Cell_SILWOA.gmol,18,
1-Iron/Cell_SILWOA.gmol,19,
1-Iron/Cell_SILWOA.gmol,20,
1-Iron/Cell_SILWOA.gmol,21,
1-Iron/Cell_SILWOA.gmol,22,
1-Iron/Cell_SILWOA.gmol,23,
6-Cobalt/Cell_PUQFIR.gmol,0,
6-Cobalt/Cell_PUQFIR.gmol,1,
6-Cobalt/Cell_PUQFIR.gmol,2,
6-Cobalt/Cell_PUQFIR.gmol,3,
6-Cobalt/Cell_PUQFIR.gmol,4,
6-Cobalt/Cell_PUQFIR.gmol,5,
6-Cobalt/Cell_PUQFIR.gmol,6,
6-Cobalt/Cell_PUQFIR.gmol,7,
7-Nickel/Cell_XUVHUR.gmol,0,
7-Nickel/Cell_XUVHUR.gmol,1,
7-Nickel/Cell_XUVHUR.gmol,2,
7-Nickel/Cell_XUVHUR.gmol,3,
7-Nickel/Cell_XUVHUR.gmol,4,
7-Nickel/Cell_XUVHUR.gmol,5,
7-Nickel/Cell_XUVHUR.gmol,6,
7-Nickel/Cell_XUVHUR.gmol,7,
7-Nickel/Cell_XUVHUR.gmol,8,
7-Nickel/Cell_XUVHUR.gmol,9,
5-Chromium/Cell_SUJZUT.gmol,0,
5-Chromium/Cell_SUJZUT.gmol,1,
5-Chromium/Cell_SUJZUT.gmol,2,
5-Chromium/Cell_SUJZUT.gmol,3,
5-Chromium/Cell_SUJZUT.gmol,4,
5-Chromium/Cell_SUJZUT.gmol,5,
5-Chromium/Cell_SUJZUT.gmol,6,
5-Chromium/Cell_SUJZUT.gmol,7,
5-Chromium/Cell_SUJZUT.gmol,8,
5-Chromium/Cell_SUJZUT.gmol,9,
5-Chromium/Cell_SUJZUT.gmol,10,
5-Chromium/Cell_SUJZUT.gmol,11,
5-Chromium/Cell_SUJZUT.gmol,12,
5-Chromium/Cell_SUJZUT.gmol,13,
5-Chromium/Cell_SUJZUT.gmol,14,
5-Chromium/Cell_SUJZUT.gmol,15,
5-Chromium/Cell_SUJZUT.gmol,16,
5-Chromium/Cell_SUJZUT.gmol,17,
5-Chromium/Cell_SUJZUT.gmol,18,
5-Chromium/Cell_SUJZUT.gmol,19,
5-Chromium/Cell_SUJZUT.gmol,20,
5-Chromium/Cell_SUJZUT.gmol,21,
5-Chromium/Cell_SUJZUT.gmol,22,
5-Chromium/Cell_SUJZUT.gmol,23,
2-Manganese/Cell_TRPYMN.gmol,0,
2-Manganese/Cell_TRPYMN.gmol,1,
2-Manganese/Cell_TRPYMN.gmol,2,
2-Manganese/Cell_TRPYMN.gmol,3,
2-Manganese/Cell_TRPYMN.gmol,4,
2-Manganese/Cell_TRPYMN.gmol,5,
2-Manganese/Cell_TRPYMN.gmol,6,
2-Manganese/Cell_TRPYMN.gmol,7,
2-Manganese/Cell_TRPYMN.gmol,8,
2-Manganese/Cell_TRPYMN.gmol,9,
2-Manganese/Cell_TRPYMN.gmol,10,
2-Manganese/Cell_TRPYMN.gmol,11,
8-Copper/Cell_OCIXOO.gmol,0,
8-Copper/Cell_OCIXOO.gmol,1,
8-Copper/Cell_OCIXOO.gmol,2,
8-Copper/Cell_OCIXOO.gmol,3,
8-Copper/Cell_OCIXOO.gmol,4,
8-Copper/Cell_OCIXOO.gmol,5,
8-Copper/Cell_YOHNER.gmol,0,
8-Copper/Cell_YOHNER.gmol,1,
8-Copper/Cell_ROTQAU.gmol,0,
8-Copper/Cell_ROTQAU.gmol,1,
8-Copper/Cell_ROTQAU.gmol,2,
8-Copper/Cell_ROTQAU.gmol,3,
8-Copper/Cell_ROTQAU.gmol,4,
8-Copper/Cell_ROTQAU.gmol,5,
8-Copper/Cell_ROTQAU.gmol,6,
8-Copper/Cell_ROTQAU.gmol,7,
8-Copper/Cell_ROTQAU.gmol,8,
8-Copper/Cell_ROTQAU.gmol,9,
8-Copper/Cell_ROTQAU.gmol,10,
8-Copper/Cell_ROTQAU.gmol,11,
7-Nickel/Cell_BURCIA.gmol,0,
7-Nickel/Cell_BURCIA.gmol,1,
7-Nickel/Cell_BURCIA.gmol,2,
7-Nickel/Cell_BURCIA.gmol,3,
7-Nickel/Cell_COJTAW.gmol,0,
4-Rhenium/Cell_AXIXIO.gmol,0,
4-Rhenium/Cell_AXIXIO.gmol,1,
4-Rhenium/Cell_AXIXIO.gmol,2,
4-Rhenium/Cell_AXIXIO.gmol,3,
7-Nickel/Cell_KAHTUL.gmol,0,
7-Nickel/Cell_KAHTUL.gmol,1,
7-Nickel/Cell_KAHTUL.gmol,2,
7-Nickel/Cell_KAHTUL.gmol,3,
7-Nickel/Cell_DARMOA.gmol,0,
7-Nickel/Cell_DARMOA.gmol,1,
7-Nickel/Cell_DARMOA.gmol,2,
7-Nickel/Cell_DARMOA.gmol,3,
7-Nickel/Cell_DARMOA.gmol,4,
7-Nickel/Cell_DARMOA.gmol,5,
8-Copper/Cell_UPATAI.gmol,0,
8-Copper/Cell_UPATAI.gmol,1,
6-Cobalt/Cell_YAVLEO.gmol,0,
6-Cobalt/Cell_YAVLEO.gmol,1,
6-Cobalt/Cell_YAVLEO.gmol,2,
6-Cobalt/Cell_YAVLEO.gmol,3,
6-Cobalt/Cell_GUFGOD.gmol,0,
6-Cobalt/Cell_GUFGOD.gmol,1,
6-Cobalt/Cell_GUFGOD.gmol,2,
6-Cobalt/Cell_GUFGOD.gmol,3,
6-Cobalt/Cell_GUFGOD.gmol,4,
6-Cobalt/Cell_GUFGOD.gmol,5,
6-Cobalt/Cell_GUFGOD.gmol,6,
6-Cobalt/Cell_GUFGOD.gmol,7,
6-Cobalt/Cell_GUFGOD.gmol,8,
6-Cobalt/Cell_GUFGOD.gmol,9,
6-Cobalt/Cell_GUFGOD.gmol,10,
6-Cobalt/Cell_GUFGOD.gmol,11,
6-Cobalt/Cell_GUFGOD.gmol,12,
6-Cobalt/Cell_GUFGOD.gmol,13,
6-Cobalt/Cell_GUFGOD.gmol,14,
6-Cobalt/Cell_GUFGOD.gmol,15,
8-Copper/Cell_HAYQUV.gmol,0,
8-Copper/Cell_HAYQUV.gmol,1,
8-Copper/Cell_HAYQUV.gmol,2,
8-Copper/Cell_HAYQUV.gmol,3,
8-Copper/Cell_HAYQUV.gmol,4,
8-Copper/Cell_HAYQUV.gmol,5,
8-Copper/Cell_HAYQUV.gmol,6,
8-Copper/Cell_HAYQUV.gmol,7,
8-Copper/Cell_HAYQUV.gmol,8,
8-Copper/Cell_HAYQUV.gmol,9,
8-Copper/Cell_HAYQUV.gmol,10,
8-Copper/Cell_HAYQUV.gmol,11,
6-Cobalt/Cell_AYAQIC.gmol,0,
6-Cobalt/Cell_AYAQIC.gmol,1,
6-Cobalt/Cell_AYAQIC.gmol,2,
6-Cobalt/Cell_AYAQIC.gmol,3,
8-Copper/Cell_EDOHOV.gmol,0,
8-Copper/Cell_EDOHOV.gmol,1,
1-Iron/Cell_ZAHHOI.gmol,0,
1-Iron/Cell_ZAHHOI.gmol,1,
1-Iron/Cell_ZAHHOI.gmol,2,
1-Iron/Cell_ZAHHOI.gmol,3,
8-Copper/Cell_RIYGOY.gmol,0,
8-Copper/Cell_RIYGOY.gmol,1,
8-Copper/Cell_RIYGOY.gmol,2,
8-Copper/Cell_RIYGOY.gmol,3,
8-Copper/Cell_RIYGOY.gmol,4,
8-Copper/Cell_RIYGOY.gmol,5,
8-Copper/Cell_RIYGOY.gmol,6,
8-Copper/Cell_RIYGOY.gmol,7,
8-Copper/Cell_RIYGOY.gmol,8,
8-Copper/Cell_RIYGOY.gmol,9,
8-Copper/Cell_RIYGOY.gmol,10,
8-Copper/Cell_RIYGOY.gmol,11,
1-Iron/Cell_BADQAA.gmol,0,
1-Iron/Cell_BADQAA.gmol,1,
1-Iron/Cell_BADQAA.gmol,2,
8-Copper/Cell_YEYVEE.gmol,0,
8-Copper/Cell_YEYVEE.gmol,1,
8-Copper/Cell_YEYVEE.gmol,2,
8-Copper/Cell_YEYVEE.gmol,3,
8-Copper/Cell_YEYVEE.gmol,4,
8-Copper/Cell_YEYVEE.gmol,5,
8-Copper/Cell_YEYVEE.gmol,6,
8-Copper/Cell_YEYVEE.gmol,7,
8-Copper/Cell_YEYVEE.gmol,8,
8-Copper/Cell_YEYVEE.gmol,9,
8-Copper/Cell_YEYVEE.gmol,10,
8-Copper/Cell_YEYVEE.gmol,11,
8-Copper/Cell_YEYVEE.gmol,12,
8-Copper/Cell_YEYVEE.gmol,13,
8-Copper/Cell_YEYVEE.gmol,14,
8-Copper/Cell_YEYVEE.gmol,15,
7-Nickel/Cell_YUVXUJ.gmol,0,
7-Nickel/Cell_YUVXUJ.gmol,1,
7-Nickel/Cell_YOHBAA.gmol,0,
7-Nickel/Cell_YOHBAA.gmol,1,
7-Nickel/Cell_YOHBAA.gmol,2,
7-Nickel/Cell_YOHBAA.gmol,3,
7-Nickel/Cell_YOHBAA.gmol,4,
7-Nickel/Cell_YOHBAA.gmol,5,
8-Copper/Cell_YOWLIF.gmol,0,
8-Copper/Cell_YOWLIF.gmol,1,
8-Copper/Cell_YOWLIF.gmol,2,
8-Copper/Cell_YOWLIF.gmol,3,
8-Copper/Cell_YOWLIF.gmol,4,
8-Copper/Cell_YOWLIF.gmol,5,
8-Copper/Cell_YOWLIF.gmol,6,
8-Copper/Cell_YOWLIF.gmol,7,
8-Copper/Cell_EHOYOQ.gmol,0,
8-Copper/Cell_EHOYOQ.gmol,1,
8-Copper/Cell_EHOYOQ.gmol,2,
8-Copper/Cell_EHOYOQ.gmol,3,
7-Nickel/Cell_CALGII.gmol,0,
7-Nickel/Cell_CALGII.gmol,1,
7-Nickel/Cell_CALGII.gmol,2,
7-Nickel/Cell_CALGII.gmol,3,
8-Copper/Cell_HEWZUF.gmol,0,
8-Copper/Cell_HEWZUF.gmol,1,
8-Copper/Cell_HEWZUF.gmol,2,
8-Copper/Cell_HEWZUF.gmol,3,
8-Copper/Cell_HEWZUF.gmol,4,
8-Copper/Cell_HEWZUF.gmol,5,
8-Copper/Cell_HEWZUF.gmol,6,
8-Copper/Cell_HEWZUF.gmol,7,
6-Cobalt/Cell_ELOSEE.gmol,0,
6-Cobalt/Cell_ELOSEE.gmol,1,
6-Cobalt/Cell_ELOSEE.gmol,2,
6-Cobalt/Cell_ELOSEE.gmol,3,
1-Iron/Cell_ZILZUP.gmol,0,
1-Iron/Cell_ZILZUP.gmol,1,
1-Iron/Cell_ZILZUP.gmol,2,
1-Iron/Cell_ZILZUP.gmol,3,
1-Iron/Cell_ZILZUP.gmol,4,
1-Iron/Cell_ZILZUP.gmol,5,
1-Iron/Cell_ZILZUP.gmol,6,
1-Iron/Cell_ZILZUP.gmol,7,
1-Iron/Cell_ZILZUP.gmol,8,
1-Iron/Cell_ZILZUP.gmol,9,
1-Iron/Cell_ZILZUP.gmol,10,
1-Iron/Cell_ZILZUP.gmol,11,
1-Iron/Cell_ZILZUP.gmol,12,
1-Iron/Cell_ZILZUP.gmol,13,
1-Iron/Cell_ZILZUP.gmol,14,
1-Iron/Cell_ZILZUP.gmol,15,
8-Copper/Cell_DISCEO.gmol,0,
8-Copper/Cell_DISCEO.gmol,1,
8-Copper/Cell_DISCEO.gmol,2,
8-Copper/Cell_DISCEO.gmol,3,
8-Copper/Cell_DISCEO.gmol,4,
8-Copper/Cell_DISCEO.gmol,5,
8-Copper/Cell_HICHOQ.gmol,0,
8-Copper/Cell_HICHOQ.gmol,1,
3-Ruthenium/Cell_TESNOX.gmol,0,
3-Ruthenium/Cell_TESNOX.gmol,1,
3-Ruthenium/Cell_TESNOX.gmol,2,
3-Ruthenium/Cell_TESNOX.gmol,3,
8-Copper/Cell_AKOCUZ.gmol,0,
8-Copper/Cell_AKOCUZ.gmol,1,
8-Copper/Cell_AKOCUZ.gmol,2,
8-Copper/Cell_AKOCUZ.gmol,3,
8-Copper/Cell_AKOCUZ.gmol,4,
8-Copper/Cell_AKOCUZ.gmol,5,
8-Copper/Cell_AKOCUZ.gmol,6,
8-Copper/Cell_AKOCUZ.gmol,7,
8-Copper/Cell_AKOCUZ.gmol,8,
8-Copper/Cell_AKOCUZ.gmol,9,
8-Copper/Cell_AKOCUZ.gmol,10,
8-Copper/Cell_AKOCUZ.gmol,11,
8-Copper/Cell_RISLEM.gmol,0,
8-Copper/Cell_RISLEM.gmol,1,
8-Copper/Cell_RISLEM.gmol,2,
8-Copper/Cell_RISLEM.gmol,3,
3-Ruthenium/Cell_COFJUC10.gmol,0,
3-Ruthenium/Cell_COFJUC10.gmol,1,
6-Cobalt/Cell_PUPHIS.gmol,0,
6-Cobalt/Cell_PUPHIS.gmol,1,
6-Cobalt/Cell_PUPHIS.gmol,2,
6-Cobalt/Cell_PUPHIS.gmol,3,
6-Cobalt/Cell_PUPHIS.gmol,4,
6-Cobalt/Cell_PUPHIS.gmol,5,
6-Cobalt/Cell_PUPHIS.gmol,6,
6-Cobalt/Cell_PUPHIS.gmol,7,
6-Cobalt/Cell_PUPHIS.gmol,8,
6-Cobalt/Cell_PUPHIS.gmol,9,
6-Cobalt/Cell_PUPHIS.gmol,10,
6-Cobalt/Cell_PUPHIS.gmol,11,
6-Cobalt/Cell_PUPHIS.gmol,12,
6-Cobalt/Cell_PUPHIS.gmol,13,
6-Cobalt/Cell_PUPHIS.gmol,14,
6-Cobalt/Cell_PUPHIS.gmol,15,
6-Cobalt/Cell_PUPHIS.gmol,16,
6-Cobalt/Cell_PUPHIS.gmol,17,
6-Cobalt/Cell_PUPHIS.gmol,18,
6-Cobalt/Cell_PUPHIS.gmol,19,
6-Cobalt/Cell_PUPHIS.gmol,20,
6-Cobalt/Cell_PUPHIS.gmol,21,
8-Copper/Cell_TICWEK.gmol,0,
8-Copper/Cell_TICWEK.gmol,1,
7-Nickel/Cell_DARRUK.gmol,0,
7-Nickel/Cell_DARRUK.gmol,1,
7-Nickel/Cell_DARRUK.gmol,2,
7-Nickel/Cell_DARRUK.gmol,3,
7-Nickel/Cell_DARRUK.gmol,4,
7-Nickel/Cell_DARRUK.gmol,5,
7-Nickel/Cell_DARRUK.gmol,6,
7-Nickel/Cell_DARRUK.gmol,7,
7-Nickel/Cell_TUZGON.gmol,0,
7-Nickel/Cell_TUZGON.gmol,1,
7-Nickel/Cell_TUZGON.gmol,2,
7-Nickel/Cell_TUZGON.gmol,3,
8-Copper/Cell_TEPKAA.gmol,0,
8-Copper/Cell_TEPKAA.gmol,1,
8-Copper/Cell_TEPKAA.gmol,2,
8-Copper/Cell_TEPKAA.gmol,3,
8-Copper/Cell_TEPKAA.gmol,4,
8-Copper/Cell_TEPKAA.gmol,5,
8-Copper/Cell_TEPKAA.gmol,6,
8-Copper/Cell_TEPKAA.gmol,7,
7-Nickel/Cell_HOYFUW.gmol,0,
7-Nickel/Cell_HOYFUW.gmol,1,
7-Nickel/Cell_HOYFUW.gmol,2,
7-Nickel/Cell_HOYFUW.gmol,3,
7-Nickel/Cell_HOYFUW.gmol,4,
7-Nickel/Cell_HOYFUW.gmol,5,
7-Nickel/Cell_HOYFUW.gmol,6,
7-Nickel/Cell_HOYFUW.gmol,7,
8-Copper/Cell_REZDIJ.gmol,0,
8-Copper/Cell_REZDIJ.gmol,1,
8-Copper/Cell_REZDIJ.gmol,2,
8-Copper/Cell_REZDIJ.gmol,3,
8-Copper/Cell_REZDIJ.gmol,4,
8-Copper/Cell_REZDIJ.gmol,5,
8-Copper/Cell_REZDIJ.gmol,6,
8-Copper/Cell_REZDIJ.gmol,7,
5-Chromium/Cell_SUWWEM.gmol,0,
5-Chromium/Cell_SUWWEM.gmol,1,
8-Copper/Cell_IKOHIZ.gmol,0,
8-Copper/Cell_IKOHIZ.gmol,1,
8-Copper/Cell_IKOHIZ.gmol,2,
8-Copper/Cell_IKOHIZ.gmol,3,
8-Copper/Cell_IKOHIZ.gmol,4,
8-Copper/Cell_IKOHIZ.gmol,5,
8-Copper/Cell_IKOHIZ.gmol,6,
8-Copper/Cell_IKOHIZ.gmol,7,
3-Ruthenium/Cell_ZIRSUO.gmol,0,
3-Ruthenium/Cell_ZIRSUO.gmol,1,
3-Ruthenium/Cell_ZIRSUO.gmol,2,
3-Ruthenium/Cell_ZIRSUO.gmol,3,
3-Ruthenium/Cell_ZIRSUO.gmol,4,
3-Ruthenium/Cell_ZIRSUO.gmol,5,
3-Ruthenium/Cell_ZIRSUO.gmol,6,
3-Ruthenium/Cell_ZIRSUO.gmol,7,
1-Iron/Cell_WONGEL.gmol,0,
1-Iron/Cell_WONGEL.gmol,1,
1-Iron/Cell_WONGEL.gmol,2,
1-Iron/Cell_WONGEL.gmol,3,
1-Iron/Cell_WONGEL.gmol,4,
1-Iron/Cell_WONGEL.gmol,5,
3-Ruthenium/Cell_AHIDAX.gmol,0,
3-Ruthenium/Cell_AHIDAX.gmol,1,
3-Ruthenium/Cell_AHIDAX.gmol,2,
3-Ruthenium/Cell_AHIDAX.gmol,3,
3-Ruthenium/Cell_AHIDAX.gmol,4,
3-Ruthenium/Cell_AHIDAX.gmol,5,
3-Ruthenium/Cell_AHIDAX.gmol,6,
3-Ruthenium/Cell_AHIDAX.gmol,7,
3-Ruthenium/Cell_AHIDAX.gmol,8,
3-Ruthenium/Cell_AHIDAX.gmol,9,
3-Ruthenium/Cell_AHIDAX.gmol,10,
3-Ruthenium/Cell_AHIDAX.gmol,11,
3-Ruthenium/Cell_AHIDAX.gmol,12,
3-Ruthenium/Cell_AHIDAX.gmol,13,
3-Ruthenium/Cell_AHIDAX.gmol,14,
3-Ruthenium/Cell_AHIDAX.gmol,15,
3-Ruthenium/Cell_PAZYEU.gmol,0,
3-Ruthenium/Cell_PAZYEU.gmol,1,
3-Ruthenium/Cell_PAZYEU.gmol,2,
3-Ruthenium/Cell_PAZYEU.gmol,3,
7-Nickel/Cell_BEKWOD.gmol,0,
7-Nickel/Cell_BEKWOD.gmol,1,
7-Nickel/Cell_BEKWOD.gmol,2,
7-Nickel/Cell_BEKWOD.gmol,3,
7-Nickel/Cell_BEKWOD.gmol,4,
7-Nickel/Cell_BEKWOD.gmol,5,
7-Nickel/Cell_BEKWOD.gmol,6,
7-Nickel/Cell_BEKWOD.gmol,7,
7-Nickel/Cell_BEKWOD.gmol,8,
7-Nickel/Cell_BEKWOD.gmol,9,
7-Nickel/Cell_BEKWOD.gmol,10,
7-Nickel/Cell_BEKWOD.gmol,11,
8-Copper/Cell_LUCWAJ.gmol,0,
8-Copper/Cell_LUCWAJ.gmol,1,
8-Copper/Cell_MAQBEL.gmol,0,
8-Copper/Cell_MAQBEL.gmol,1,
8-Copper/Cell_MAQBEL.gmol,2,
8-Copper/Cell_MAQBEL.gmol,3,
8-Copper/Cell_MAQBEL.gmol,4,
8-Copper/Cell_MAQBEL.gmol,5,
8-Copper/Cell_MAQBEL.gmol,6,
8-Copper/Cell_MAQBEL.gmol,7,
8-Copper/Cell_MAQBEL.gmol,8,
8-Copper/Cell_MAQBEL.gmol,9,
8-Copper/Cell_MAQBEL.gmol,10,
8-Copper/Cell_MAQBEL.gmol,11,
8-Copper/Cell_DOZQAL.gmol,0,
8-Copper/Cell_NOQPEP.gmol,0,
8-Copper/Cell_NOQPEP.gmol,1,
2-Manganese/Cell_FUZYUW.gmol,0,
2-Manganese/Cell_FUZYUW.gmol,1,
2-Manganese/Cell_QOFYIU.gmol,0,
2-Manganese/Cell_QOFYIU.gmol,1,
8-Copper/Cell_AVOCOE.gmol,0,
8-Copper/Cell_AVOCOE.gmol,1,
8-Copper/Cell_AVOCOE.gmol,2,
8-Copper/Cell_AVOCOE.gmol,3,
6-Cobalt/Cell_VAFHAM.gmol,0,
6-Cobalt/Cell_VAFHAM.gmol,1,
1-Iron/Cell_TEGVAC.gmol,0,
1-Iron/Cell_TEGVAC.gmol,1,
1-Iron/Cell_TEGVAC.gmol,2,
1-Iron/Cell_TEGVAC.gmol,3,
8-Copper/Cell_JASQUQ.gmol,0,
8-Copper/Cell_JASQUQ.gmol,1,
8-Copper/Cell_JASQUQ.gmol,2,
8-Copper/Cell_JASQUQ.gmol,3,
7-Nickel/Cell_HIHNOC.gmol,0,
7-Nickel/Cell_HIHNOC.gmol,1,
7-Nickel/Cell_HIHNOC.gmol,2,
7-Nickel/Cell_HIHNOC.gmol,3,
7-Nickel/Cell_HIHNOC.gmol,4,
7-Nickel/Cell_HIHNOC.gmol,5,
7-Nickel/Cell_HIHNOC.gmol,6,
7-Nickel/Cell_HIHNOC.gmol,7,
7-Nickel/Cell_HIHNOC.gmol,8,
7-Nickel/Cell_HIHNOC.gmol,9,
7-Nickel/Cell_ASOXEL.gmol,0,
7-Nickel/Cell_ASOXEL.gmol,1,
7-Nickel/Cell_ASOXEL.gmol,2,
7-Nickel/Cell_ASOXEL.gmol,3,
8-Copper/Cell_VIDYEO.gmol,0,
8-Copper/Cell_VIDYEO.gmol,1,
8-Copper/Cell_VIDYEO.gmol,2,
8-Copper/Cell_VIDYEO.gmol,3,
8-Copper/Cell_WETQAQ.gmol,0,
8-Copper/Cell_WETQAQ.gmol,1,
8-Copper/Cell_WETQAQ.gmol,2,
8-Copper/Cell_WETQAQ.gmol,3,
8-Copper/Cell_WETQAQ.gmol,4,
8-Copper/Cell_WETQAQ.gmol,5,
8-Copper/Cell_WETQAQ.gmol,6,
8-Copper/Cell_WETQAQ.gmol,7,
8-Copper/Cell_MISXUI.gmol,0,
8-Copper/Cell_MISXUI.gmol,1,
8-Copper/Cell_MISXUI.gmol,2,
8-Copper/Cell_MISXUI.gmol,3,
8-Copper/Cell_YURXAM.gmol,0,
8-Copper/Cell_YURXAM.gmol,1,
6-Cobalt/Cell_MAFTAS.gmol,0,
6-Cobalt/Cell_MAFTAS.gmol,1,
6-Cobalt/Cell_MAFTAS.gmol,2,
6-Cobalt/Cell_MAFTAS.gmol,3,
6-Cobalt/Cell_MAFTAS.gmol,4,
6-Cobalt/Cell_MAFTAS.gmol,5,
6-Cobalt/Cell_MAFTAS.gmol,6,
6-Cobalt/Cell_MAFTAS.gmol,7,
3-Ruthenium/Cell_WAVKEK.gmol,0,
3-Ruthenium/Cell_WAVKEK.gmol,1,
3-Ruthenium/Cell_WAVKEK.gmol,2,
3-Ruthenium/Cell_WAVKEK.gmol,3,
3-Ruthenium/Cell_ILUZUM.gmol,0,
3-Ruthenium/Cell_ILUZUM.gmol,1,
3-Ruthenium/Cell_ILUZUM.gmol,2,
3-Ruthenium/Cell_ILUZUM.gmol,3,
1-Iron/Cell_ACOFAZ.gmol,0,
1-Iron/Cell_ACOFAZ.gmol,1,
1-Iron/Cell_ACOFAZ.gmol,2,
1-Iron/Cell_ACOFAZ.gmol,3,
7-Nickel/Cell_RAXZUM.gmol,0,
7-Nickel/Cell_RAXZUM.gmol,1,
7-Nickel/Cell_RAXZUM.gmol,2,
7-Nickel/Cell_RAXZUM.gmol,3,
7-Nickel/Cell_IWUZOP.gmol,0,
7-Nickel/Cell_IWUZOP.gmol,1,
7-Nickel/Cell_IWUZOP.gmol,2,
7-Nickel/Cell_IWUZOP.gmol,3,
7-Nickel/Cell_IWUZOP.gmol,4,
7-Nickel/Cell_IWUZOP.gmol,5,
7-Nickel/Cell_IWUZOP.gmol,6,
7-Nickel/Cell_IWUZOP.gmol,7,
8-Copper/Cell_DUKSUY.gmol,0,
8-Copper/Cell_DUKSUY.gmol,1,
8-Copper/Cell_DUKSUY.gmol,2,
8-Copper/Cell_DUKSUY.gmol,3,
8-Copper/Cell_DUKSUY.gmol,4,
8-Copper/Cell_DUKSUY.gmol,5,
8-Copper/Cell_DUKSUY.gmol,6,
8-Copper/Cell_DUKSUY.gmol,7,
8-Copper/Cell_DUKSUY.gmol,8,
8-Copper/Cell_DUKSUY.gmol,9,
8-Copper/Cell_DUKSUY.gmol,10,
8-Copper/Cell_DUKSUY.gmol,11,
8-Copper/Cell_DUKSUY.gmol,12,
8-Copper/Cell_DUKSUY.gmol,13,
8-Copper/Cell_DUKSUY.gmol,14,
8-Copper/Cell_DUKSUY.gmol,15,
8-Copper/Cell_DUKSUY.gmol,16,
8-Copper/Cell_DUKSUY.gmol,17,
8-Copper/Cell_DUKSUY.gmol,18,
8-Copper/Cell_DUKSUY.gmol,19,
6-Cobalt/Cell_HONBOC.gmol,0,
6-Cobalt/Cell_HONBOC.gmol,1,
6-Cobalt/Cell_HONBOC.gmol,2,
6-Cobalt/Cell_HONBOC.gmol,3,
6-Cobalt/Cell_HONBOC.gmol,4,
6-Cobalt/Cell_HONBOC.gmol,5,
8-Copper/Cell_FAJMIN.gmol,0,
8-Copper/Cell_FAJMIN.gmol,1,
8-Copper/Cell_FAJMIN.gmol,2,
8-Copper/Cell_FAJMIN.gmol,3,
8-Copper/Cell_FAJMIN.gmol,4,
8-Copper/Cell_FAJMIN.gmol,5,
8-Copper/Cell_GUPZIC.gmol,0,
8-Copper/Cell_GUPZIC.gmol,1,
8-Copper/Cell_GUPZIC.gmol,2,
8-Copper/Cell_GUPZIC.gmol,3,
1-Iron/Cell_ITEZUE.gmol,0,
1-Iron/Cell_ITEZUE.gmol,1,
1-Iron/Cell_ITEZUE.gmol,2,
1-Iron/Cell_ITEZUE.gmol,3,
1-Iron/Cell_ITEZUE.gmol,4,
1-Iron/Cell_ITEZUE.gmol,5,
1-Iron/Cell_ITEZUE.gmol,6,
1-Iron/Cell_ITEZUE.gmol,7,
7-Nickel/Cell_AHUCOY.gmol,0,
7-Nickel/Cell_AHUCOY.gmol,1,
7-Nickel/Cell_AHUCOY.gmol,2,
7-Nickel/Cell_AHUCOY.gmol,3,
4-Rhenium/Cell_TEGJUM.gmol,0,
4-Rhenium/Cell_TEGJUM.gmol,1,
4-Rhenium/Cell_TEGJUM.gmol,2,
4-Rhenium/Cell_TEGJUM.gmol,3,
4-Rhenium/Cell_TEGJUM.gmol,4,
4-Rhenium/Cell_TEGJUM.gmol,5,
4-Rhenium/Cell_TEGJUM.gmol,6,
4-Rhenium/Cell_TEGJUM.gmol,7,
2-Manganese/Cell_XUZJOS.gmol,0,
2-Manganese/Cell_XUZJOS.gmol,1,
2-Manganese/Cell_XUZJOS.gmol,2,
2-Manganese/Cell_XUZJOS.gmol,3,
2-Manganese/Cell_XUZJOS.gmol,4,
2-Manganese/Cell_XUZJOS.gmol,5,
5-Chromium/Cell_DIYTEN.gmol,0,
5-Chromium/Cell_DIYTEN.gmol,1,
8-Copper/Cell_TUGKOX.gmol,0,
8-Copper/Cell_TUGKOX.gmol,1,
8-Copper/Cell_TUGKOX.gmol,2,
8-Copper/Cell_TUGKOX.gmol,3,
2-Manganese/Cell_LIBWUP.gmol,0,
2-Manganese/Cell_LIBWUP.gmol,1,
2-Manganese/Cell_LIBWUP.gmol,2,
2-Manganese/Cell_LIBWUP.gmol,3,
2-Manganese/Cell_LIBWUP.gmol,4,
2-Manganese/Cell_LIBWUP.gmol,5,
2-Manganese/Cell_LIBWUP.gmol,6,
2-Manganese/Cell_LIBWUP.gmol,7,
3-Ruthenium/Cell_JUVHOA.gmol,0,
3-Ruthenium/Cell_JUVHOA.gmol,1,
3-Ruthenium/Cell_WEJBOE.gmol,0,
3-Ruthenium/Cell_WEJBOE.gmol,1,
3-Ruthenium/Cell_WEJBOE.gmol,2,
3-Ruthenium/Cell_WEJBOE.gmol,3,
3-Ruthenium/Cell_WEJBOE.gmol,4,
3-Ruthenium/Cell_WEJBOE.gmol,5,
3-Ruthenium/Cell_WEJBOE.gmol,6,
3-Ruthenium/Cell_WEJBOE.gmol,7,
3-Ruthenium/Cell_WEJBOE.gmol,8,
3-Ruthenium/Cell_WEJBOE.gmol,9,
3-Ruthenium/Cell_WEJBOE.gmol,10,
3-Ruthenium/Cell_WEJBOE.gmol,11,
3-Ruthenium/Cell_WEJBOE.gmol,12,
3-Ruthenium/Cell_WEJBOE.gmol,13,
3-Ruthenium/Cell_WEJBOE.gmol,14,
3-Ruthenium/Cell_WEJBOE.gmol,15,
3-Ruthenium/Cell_WEJBOE.gmol,16,
3-Ruthenium/Cell_WEJBOE.gmol,17,
1-Iron/Cell_PEWHAC.gmol,0,
1-Iron/Cell_PEWHAC.gmol,1,
1-Iron/Cell_PEWHAC.gmol,2,
1-Iron/Cell_PEWHAC.gmol,3,
1-Iron/Cell_PEWHAC.gmol,4,
1-Iron/Cell_PEWHAC.gmol,5,
1-Iron/Cell_PEWHAC.gmol,6,
1-Iron/Cell_PEWHAC.gmol,7,
8-Copper/Cell_ETOYOC.gmol,0,
8-Copper/Cell_ETOYOC.gmol,1,
1-Iron/Cell_HEYNOO.gmol,0,
1-Iron/Cell_HEYNOO.gmol,1,
1-Iron/Cell_HEYNOO.gmol,2,
1-Iron/Cell_HEYNOO.gmol,3,
8-Copper/Cell_QOWXIK.gmol,0,
7-Nickel/Cell_DUKGAS.gmol,0,
7-Nickel/Cell_DUKGAS.gmol,1,
7-Nickel/Cell_DUKGAS.gmol,2,
7-Nickel/Cell_DUKGAS.gmol,3,
7-Nickel/Cell_DUKGAS.gmol,4,
7-Nickel/Cell_DUKGAS.gmol,5,
7-Nickel/Cell_DUKGAS.gmol,6,
7-Nickel/Cell_DUKGAS.gmol,7,
7-Nickel/Cell_DUKGAS.gmol,8,
7-Nickel/Cell_DUKGAS.gmol,9,
7-Nickel/Cell_DUKGAS.gmol,10,
7-Nickel/Cell_DUKGAS.gmol,11,
7-Nickel/Cell_DUKGAS.gmol,12,
7-Nickel/Cell_DUKGAS.gmol,13,
7-Nickel/Cell_DUKGAS.gmol,14,
7-Nickel/Cell_DUKGAS.gmol,15,
7-Nickel/Cell_DUKGAS.gmol,16,
7-Nickel/Cell_DUKGAS.gmol,17,
7-Nickel/Cell_DUKGAS.gmol,18,
7-Nickel/Cell_DUKGAS.gmol,19,
3-Ruthenium/Cell_HIKDAJ.gmol,0,
3-Ruthenium/Cell_HIKDAJ.gmol,1,
3-Ruthenium/Cell_HIKDAJ.gmol,2,
3-Ruthenium/Cell_HIKDAJ.gmol,3,
3-Ruthenium/Cell_HIKDAJ.gmol,4,
3-Ruthenium/Cell_HIKDAJ.gmol,5,
3-Ruthenium/Cell_HIKDAJ.gmol,6,
3-Ruthenium/Cell_HIKDAJ.gmol,7,
3-Ruthenium/Cell_HIKDAJ.gmol,8,
3-Ruthenium/Cell_HIKDAJ.gmol,9,
3-Ruthenium/Cell_HIKDAJ.gmol,10,
3-Ruthenium/Cell_HIKDAJ.gmol,11,
3-Ruthenium/Cell_HIKDAJ.gmol,12,
3-Ruthenium/Cell_HIKDAJ.gmol,13,
3-Ruthenium/Cell_HIKDAJ.gmol,14,
3-Ruthenium/Cell_HIKDAJ.gmol,15,
1-Iron/Cell_COQJEY.gmol,0,
1-Iron/Cell_COQJEY.gmol,1,
1-Iron/Cell_COQJEY.gmol,2,
1-Iron/Cell_COQJEY.gmol,3,
1-Iron/Cell_COQJEY.gmol,4,
1-Iron/Cell_COQJEY.gmol,5,
8-Copper/Cell_KOYTEX.gmol,0,
8-Copper/Cell_KOYTEX.gmol,1,
8-Copper/Cell_KOYTEX.gmol,2,
8-Copper/Cell_KOYTEX.gmol,3,
8-Copper/Cell_YAMRAI.gmol,0,
8-Copper/Cell_YAMRAI.gmol,1,
8-Copper/Cell_YAMRAI.gmol,2,
8-Copper/Cell_YAMRAI.gmol,3,
8-Copper/Cell_YAMRAI.gmol,4,
8-Copper/Cell_YAMRAI.gmol,5,
8-Copper/Cell_YAMRAI.gmol,6,
8-Copper/Cell_YAMRAI.gmol,7,
8-Copper/Cell_GUMYAQ.gmol,0,
8-Copper/Cell_GUMYAQ.gmol,1,
8-Copper/Cell_GUMYAQ.gmol,2,
8-Copper/Cell_GUMYAQ.gmol,3,
8-Copper/Cell_GUMYAQ.gmol,4,
8-Copper/Cell_GUMYAQ.gmol,5,
8-Copper/Cell_GUMYAQ.gmol,6,
8-Copper/Cell_GUMYAQ.gmol,7,
8-Copper/Cell_GUMYAQ.gmol,8,
8-Copper/Cell_GUMYAQ.gmol,9,
7-Nickel/Cell_YAFJEW.gmol,0,
7-Nickel/Cell_YAFJEW.gmol,1,
8-Copper/Cell_PIZTID.gmol,0,
8-Copper/Cell_PIZTID.gmol,1,
8-Copper/Cell_LUKWUL.gmol,0,
8-Copper/Cell_LUKWUL.gmol,1,
3-Ruthenium/Cell_OLECUE.gmol,0,
3-Ruthenium/Cell_OLECUE.gmol,1,
3-Ruthenium/Cell_OLECUE.gmol,2,
3-Ruthenium/Cell_OLECUE.gmol,3,
7-Nickel/Cell_ZONKIY.gmol,0,
7-Nickel/Cell_ZONKIY.gmol,1,
7-Nickel/Cell_ZONKIY.gmol,2,
7-Nickel/Cell_ZONKIY.gmol,3,
7-Nickel/Cell_ZONKIY.gmol,4,
7-Nickel/Cell_ZONKIY.gmol,5,
7-Nickel/Cell_ZONKIY.gmol,6,
7-Nickel/Cell_ZONKIY.gmol,7,
7-Nickel/Cell_ZONKIY.gmol,8,
7-Nickel/Cell_ZONKIY.gmol,9,
7-Nickel/Cell_ZONKIY.gmol,10,
7-Nickel/Cell_ZONKIY.gmol,11,
7-Nickel/Cell_ZONKIY.gmol,12,
7-Nickel/Cell_ZONKIY.gmol,13,
7-Nickel/Cell_ZONKIY.gmol,14,
7-Nickel/Cell_ZONKIY.gmol,15,
7-Nickel/Cell_ZONKIY.gmol,16,
7-Nickel/Cell_ZONKIY.gmol,17,
7-Nickel/Cell_ZONKIY.gmol,18,
7-Nickel/Cell_ZONKIY.gmol,19,
1-Iron/Cell_QIMWAM.gmol,0,
1-Iron/Cell_QIMWAM.gmol,1,
1-Iron/Cell_QIMWAM.gmol,2,
1-Iron/Cell_QIMWAM.gmol,3,
1-Iron/Cell_QIMWAM.gmol,4,
1-Iron/Cell_QIMWAM.gmol,5,
1-Iron/Cell_QIMWAM.gmol,6,
1-Iron/Cell_QIMWAM.gmol,7,
1-Iron/Cell_QIMWAM.gmol,8,
1-Iron/Cell_QIMWAM.gmol,9,
1-Iron/Cell_QIMWAM.gmol,10,
1-Iron/Cell_QIMWAM.gmol,11,
1-Iron/Cell_QIMWAM.gmol,12,
1-Iron/Cell_QIMWAM.gmol,13,
1-Iron/Cell_QIMWAM.gmol,14,
1-Iron/Cell_QIMWAM.gmol,15,
1-Iron/Cell_QIMWAM.gmol,16,
1-Iron/Cell_QIMWAM.gmol,17,
1-Iron/Cell_QIMWAM.gmol,18,
1-Iron/Cell_QIMWAM.gmol,19,
8-Copper/Cell_LAZWOA.gmol,0,
8-Copper/Cell_LAZWOA.gmol,1,
8-Copper/Cell_LAZWOA.gmol,2,
8-Copper/Cell_LAZWOA.gmol,3,
8-Copper/Cell_LAZWOA.gmol,4,
8-Copper/Cell_LAZWOA.gmol,5,
8-Copper/Cell_LAZWOA.gmol,6,
8-Copper/Cell_LAZWOA.gmol,7,
5-Chromium/Cell_VOVZOX.gmol,0,
5-Chromium/Cell_VOVZOX.gmol,1,
5-Chromium/Cell_VOVZOX.gmol,2,
5-Chromium/Cell_VOVZOX.gmol,3,
5-Chromium/Cell_VOVZOX.gmol,4,
5-Chromium/Cell_VOVZOX.gmol,5,
5-Chromium/Cell_VOVZOX.gmol,6,
5-Chromium/Cell_VOVZOX.gmol,7,
5-Chromium/Cell_VOVZOX.gmol,8,
5-Chromium/Cell_VOVZOX.gmol,9,
5-Chromium/Cell_VOVZOX.gmol,10,
5-Chromium/Cell_VOVZOX.gmol,11,
1-Iron/Cell_DEGQUE.gmol,0,
1-Iron/Cell_DEGQUE.gmol,1,
1-Iron/Cell_DEGQUE.gmol,2,
1-Iron/Cell_DEGQUE.gmol,3,
1-Iron/Cell_DEGQUE.gmol,4,
1-Iron/Cell_DEGQUE.gmol,5,
1-Iron/Cell_DEGQUE.gmol,6,
1-Iron/Cell_DEGQUE.gmol,7,
1-Iron/Cell_DEGQUE.gmol,8,
1-Iron/Cell_DEGQUE.gmol,9,
1-Iron/Cell_DEGQUE.gmol,10,
1-Iron/Cell_DEGQUE.gmol,11,
8-Copper/Cell_BUQYIX.gmol,0,
8-Copper/Cell_BUQYIX.gmol,1,
6-Cobalt/Cell_WOMTOJ.gmol,0,
6-Cobalt/Cell_WOMTOJ.gmol,1,
6-Cobalt/Cell_WOMTOJ.gmol,2,
6-Cobalt/Cell_WOMTOJ.gmol,3,
6-Cobalt/Cell_IZACUJ.gmol,0,
6-Cobalt/Cell_IZACUJ.gmol,1,
6-Cobalt/Cell_IZACUJ.gmol,2,
6-Cobalt/Cell_IZACUJ.gmol,3,
6-Cobalt/Cell_IZACUJ.gmol,4,
6-Cobalt/Cell_IZACUJ.gmol,5,
6-Cobalt/Cell_IZACUJ.gmol,6,
6-Cobalt/Cell_IZACUJ.gmol,7,
6-Cobalt/Cell_IZACUJ.gmol,8,
6-Cobalt/Cell_IZACUJ.gmol,9,
2-Manganese/Cell_SEGXOT.gmol,0,
2-Manganese/Cell_SEGXOT.gmol,1,
2-Manganese/Cell_SEGXOT.gmol,2,
2-Manganese/Cell_SEGXOT.gmol,3,
8-Copper/Cell_KAYWEM.gmol,0,
8-Copper/Cell_KAYWEM.gmol,1,
8-Copper/Cell_KAYWEM.gmol,2,
8-Copper/Cell_KAYWEM.gmol,3,
8-Copper/Cell_KAYWEM.gmol,4,
8-Copper/Cell_KAYWEM.gmol,5,
8-Copper/Cell_KAYWEM.gmol,6,
8-Copper/Cell_KAYWEM.gmol,7,
8-Copper/Cell_LEBHAC.gmol,0,
8-Copper/Cell_LEBHAC.gmol,1,
8-Copper/Cell_LEBHAC.gmol,2,
8-Copper/Cell_LEBHAC.gmol,3,
8-Copper/Cell_LEBHAC.gmol,4,
8-Copper/Cell_LEBHAC.gmol,5,
7-Nickel/Cell_LOGWUZ.gmol,0,
7-Nickel/Cell_LOGWUZ.gmol,1,
7-Nickel/Cell_LOGWUZ.gmol,2,
7-Nickel/Cell_LOGWUZ.gmol,3,
7-Nickel/Cell_QEJNUP.gmol,0,
7-Nickel/Cell_QEJNUP.gmol,1,
7-Nickel/Cell_QEJNUP.gmol,2,
7-Nickel/Cell_QEJNUP.gmol,3,
2-Manganese/Cell_DAXPOI.gmol,0,
2-Manganese/Cell_DAXPOI.gmol,1,
2-Manganese/Cell_DAXPOI.gmol,2,
2-Manganese/Cell_DAXPOI.gmol,3,
8-Copper/Cell_QUCCOH.gmol,0,
8-Copper/Cell_QUCCOH.gmol,1,
8-Copper/Cell_QUCCOH.gmol,2,
8-Copper/Cell_QUCCOH.gmol,3,
8-Copper/Cell_QUCCOH.gmol,4,
8-Copper/Cell_QUCCOH.gmol,5,
8-Copper/Cell_QUCCOH.gmol,6,
8-Copper/Cell_QUCCOH.gmol,7,
8-Copper/Cell_MEGCOQ.gmol,0,
8-Copper/Cell_MEGCOQ.gmol,1,
8-Copper/Cell_MEGCOQ.gmol,2,
8-Copper/Cell_MEGCOQ.gmol,3,
2-Manganese/Cell_JODSUR.gmol,0,
2-Manganese/Cell_JODSUR.gmol,1,
2-Manganese/Cell_JODSUR.gmol,2,
2-Manganese/Cell_JODSUR.gmol,3,
2-Manganese/Cell_JODSUR.gmol,4,
2-Manganese/Cell_JODSUR.gmol,5,
6-Cobalt/Cell_CICWIV.gmol,0,
6-Cobalt/Cell_CICWIV.gmol,1,
6-Cobalt/Cell_CICWIV.gmol,2,
6-Cobalt/Cell_CICWIV.gmol,3,
6-Cobalt/Cell_CICWIV.gmol,4,
6-Cobalt/Cell_CICWIV.gmol,5,
6-Cobalt/Cell_CICWIV.gmol,6,
6-Cobalt/Cell_CICWIV.gmol,7,
6-Cobalt/Cell_CICWIV.gmol,8,
6-Cobalt/Cell_CICWIV.gmol,9,
6-Cobalt/Cell_CICWIV.gmol,10,
6-Cobalt/Cell_CICWIV.gmol,11,
1-Iron/Cell_NIBJEQ.gmol,0,
1-Iron/Cell_NIBJEQ.gmol,1,
1-Iron/Cell_NIBJEQ.gmol,2,
1-Iron/Cell_NIBJEQ.gmol,3,
1-Iron/Cell_TARBAS.gmol,0,
1-Iron/Cell_TARBAS.gmol,1,
1-Iron/Cell_TARBAS.gmol,2,
1-Iron/Cell_TARBAS.gmol,3,
1-Iron/Cell_TARBAS.gmol,4,
1-Iron/Cell_TARBAS.gmol,5,
7-Nickel/Cell_YICMED.gmol,0,
7-Nickel/Cell_YICMED.gmol,1,
6-Cobalt/Cell_RAJBIP.gmol,0,
6-Cobalt/Cell_RAJBIP.gmol,1,
6-Cobalt/Cell_RAJBIP.gmol,2,
6-Cobalt/Cell_RAJBIP.gmol,3,
4-Rhenium/Cell_RURXOS.gmol,0,
4-Rhenium/Cell_RURXOS.gmol,1,
4-Rhenium/Cell_RURXOS.gmol,2,
4-Rhenium/Cell_RURXOS.gmol,3,
8-Copper/Cell_CAYSEC.gmol,0,
8-Copper/Cell_CAYSEC.gmol,1,
8-Copper/Cell_CAYSEC.gmol,2,
8-Copper/Cell_CAYSEC.gmol,3,
3-Ruthenium/Cell_COWXUH.gmol,0,
3-Ruthenium/Cell_COWXUH.gmol,1,
3-Ruthenium/Cell_COWXUH.gmol,2,
3-Ruthenium/Cell_COWXUH.gmol,3,
3-Ruthenium/Cell_COWXUH.gmol,4,
3-Ruthenium/Cell_COWXUH.gmol,5,
3-Ruthenium/Cell_COWXUH.gmol,6,
3-Ruthenium/Cell_COWXUH.gmol,7,
3-Ruthenium/Cell_COWXUH.gmol,8,
3-Ruthenium/Cell_COWXUH.gmol,9,
3-Ruthenium/Cell_COWXUH.gmol,10,
3-Ruthenium/Cell_COWXUH.gmol,11,
3-Ruthenium/Cell_COWXUH.gmol,12,
3-Ruthenium/Cell_COWXUH.gmol,13,
3-Ruthenium/Cell_COWXUH.gmol,14,
3-Ruthenium/Cell_COWXUH.gmol,15,
7-Nickel/Cell_ESEVOO.gmol,0,
7-Nickel/Cell_ESEVOO.gmol,1,
7-Nickel/Cell_ESEVOO.gmol,2,
7-Nickel/Cell_ESEVOO.gmol,3,
3-Ruthenium/Cell_COTTIR.gmol,0,
3-Ruthenium/Cell_COTTIR.gmol,1,
5-Chromium/Cell_TAJYAG.gmol,0,
5-Chromium/Cell_TAJYAG.gmol,1,
5-Chromium/Cell_TAJYAG.gmol,2,
5-Chromium/Cell_TAJYAG.gmol,3,
5-Chromium/Cell_TAJYAG.gmol,4,
5-Chromium/Cell_TAJYAG.gmol,5,
5-Chromium/Cell_TAJYAG.gmol,6,
5-Chromium/Cell_TAJYAG.gmol,7,
8-Copper/Cell_TETJAE.gmol,0,
8-Copper/Cell_TETJAE.gmol,1,
8-Copper/Cell_TETJAE.gmol,2,
8-Copper/Cell_TETJAE.gmol,3,
6-Cobalt/Cell_MIFXEF.gmol,0,
6-Cobalt/Cell_MIFXEF.gmol,1,
6-Cobalt/Cell_MIFXEF.gmol,2,
6-Cobalt/Cell_MIFXEF.gmol,3,
8-Copper/Cell_LUDFEX.gmol,0,
8-Copper/Cell_LUDFEX.gmol,1,
8-Copper/Cell_LUDFEX.gmol,2,
8-Copper/Cell_LUDFEX.gmol,3,
8-Copper/Cell_LUDFEX.gmol,4,
8-Copper/Cell_LUDFEX.gmol,5,
8-Copper/Cell_LUDFEX.gmol,6,
8-Copper/Cell_LUDFEX.gmol,7,
8-Copper/Cell_LUDFEX.gmol,8,
8-Copper/Cell_LUDFEX.gmol,9,
7-Nickel/Cell_TUJSOI.gmol,0,
7-Nickel/Cell_TUJSOI.gmol,1,
7-Nickel/Cell_TUJSOI.gmol,2,
7-Nickel/Cell_TUJSOI.gmol,3,
8-Copper/Cell_DAYTEC.gmol,0,
8-Copper/Cell_DAYTEC.gmol,1,
8-Copper/Cell_DAYTEC.gmol,2,
8-Copper/Cell_DAYTEC.gmol,3,
8-Copper/Cell_DAYTEC.gmol,4,
8-Copper/Cell_DAYTEC.gmol,5,
8-Copper/Cell_DAYTEC.gmol,6,
8-Copper/Cell_DAYTEC.gmol,7,
7-Nickel/Cell_KITJED.gmol,0,
7-Nickel/Cell_KITJED.gmol,1,
7-Nickel/Cell_KITJED.gmol,2,
7-Nickel/Cell_KITJED.gmol,3,
7-Nickel/Cell_KITJED.gmol,4,
7-Nickel/Cell_KITJED.gmol,5,
7-Nickel/Cell_KITJED.gmol,6,
7-Nickel/Cell_KITJED.gmol,7,
7-Nickel/Cell_KITJED.gmol,8,
7-Nickel/Cell_KITJED.gmol,9,
7-Nickel/Cell_KITJED.gmol,10,
7-Nickel/Cell_KITJED.gmol,11,
7-Nickel/Cell_KITJED.gmol,12,
7-Nickel/Cell_KITJED.gmol,13,
7-Nickel/Cell_KITJED.gmol,14,
7-Nickel/Cell_KITJED.gmol,15,
7-Nickel/Cell_KITJED.gmol,16,
7-Nickel/Cell_KITJED.gmol,17,
7-Nickel/Cell_KITJED.gmol,18,
7-Nickel/Cell_KITJED.gmol,19,
7-Nickel/Cell_KITJED.gmol,20,
7-Nickel/Cell_KITJED.gmol,21,
7-Nickel/Cell_KITJED.gmol,22,
7-Nickel/Cell_KITJED.gmol,23,
7-Nickel/Cell_KITJED.gmol,24,
7-Nickel/Cell_KITJED.gmol,25,
7-Nickel/Cell_KITJED.gmol,26,
7-Nickel/Cell_KITJED.gmol,27,
5-Chromium/Cell_BOZCAW.gmol,0,
5-Chromium/Cell_BOZCAW.gmol,1,
5-Chromium/Cell_BOZCAW.gmol,2,
5-Chromium/Cell_BOZCAW.gmol,3,
5-Chromium/Cell_BOZCAW.gmol,4,
5-Chromium/Cell_BOZCAW.gmol,5,
5-Chromium/Cell_BOZCAW.gmol,6,
5-Chromium/Cell_BOZCAW.gmol,7,
5-Chromium/Cell_BOZCAW.gmol,8,
5-Chromium/Cell_BOZCAW.gmol,9,
5-Chromium/Cell_BOZCAW.gmol,10,
5-Chromium/Cell_BOZCAW.gmol,11,
5-Chromium/Cell_BOZCAW.gmol,12,
5-Chromium/Cell_BOZCAW.gmol,13,
1-Iron/Cell_VUMSII.gmol,0,
1-Iron/Cell_VUMSII.gmol,1,
1-Iron/Cell_VUMSII.gmol,2,
1-Iron/Cell_VUMSII.gmol,3,
1-Iron/Cell_VUMSII.gmol,4,
1-Iron/Cell_VUMSII.gmol,5,
1-Iron/Cell_VUMSII.gmol,6,
1-Iron/Cell_VUMSII.gmol,7,
8-Copper/Cell_ICICUV.gmol,0,
8-Copper/Cell_ICICUV.gmol,1,
8-Copper/Cell_ICICUV.gmol,2,
8-Copper/Cell_ICICUV.gmol,3,
8-Copper/Cell_ICICUV.gmol,4,
8-Copper/Cell_ICICUV.gmol,5,
8-Copper/Cell_FUGPON.gmol,0,
8-Copper/Cell_FUGPON.gmol,1,
8-Copper/Cell_FUGPON.gmol,2,
8-Copper/Cell_FUGPON.gmol,3,
2-Manganese/Cell_AQAWIY.gmol,0,
2-Manganese/Cell_AQAWIY.gmol,1,
2-Manganese/Cell_AQAWIY.gmol,2,
2-Manganese/Cell_AQAWIY.gmol,3,
2-Manganese/Cell_AQAWIY.gmol,4,
2-Manganese/Cell_AQAWIY.gmol,5,
2-Manganese/Cell_AQAWIY.gmol,6,
2-Manganese/Cell_AQAWIY.gmol,7,
4-Rhenium/Cell_FIBVAP.gmol,0,
4-Rhenium/Cell_FIBVAP.gmol,1,
4-Rhenium/Cell_FIBVAP.gmol,2,
4-Rhenium/Cell_FIBVAP.gmol,3,
7-Nickel/Cell_DAXYUY.gmol,0,
7-Nickel/Cell_DAXYUY.gmol,1,
7-Nickel/Cell_DAXYUY.gmol,2,
7-Nickel/Cell_DAXYUY.gmol,3,
7-Nickel/Cell_DAXYUY.gmol,4,
7-Nickel/Cell_DAXYUY.gmol,5,
7-Nickel/Cell_DAXYUY.gmol,6,
7-Nickel/Cell_DAXYUY.gmol,7,
8-Copper/Cell_SITZUT.gmol,0,
8-Copper/Cell_SITZUT.gmol,1,
8-Copper/Cell_SITZUT.gmol,2,
8-Copper/Cell_SITZUT.gmol,3,
7-Nickel/Cell_NUVTEE.gmol,0,
7-Nickel/Cell_NUVTEE.gmol,1,
7-Nickel/Cell_NUVTEE.gmol,2,
7-Nickel/Cell_NUVTEE.gmol,3,
7-Nickel/Cell_NUVTEE.gmol,4,
7-Nickel/Cell_NUVTEE.gmol,5,
7-Nickel/Cell_NUVTEE.gmol,6,
7-Nickel/Cell_NUVTEE.gmol,7,
7-Nickel/Cell_NUVTEE.gmol,8,
7-Nickel/Cell_NUVTEE.gmol,9,
7-Nickel/Cell_NUVTEE.gmol,10,
7-Nickel/Cell_NUVTEE.gmol,11,
7-Nickel/Cell_DEFYUL.gmol,0,
8-Copper/Cell_KAGGAD.gmol,0,
8-Copper/Cell_KAGGAD.gmol,1,
8-Copper/Cell_KAGGAD.gmol,2,
8-Copper/Cell_KAGGAD.gmol,3,
8-Copper/Cell_KAGGAD.gmol,4,
8-Copper/Cell_KAGGAD.gmol,5,
1-Iron/Cell_ECOPAO.gmol,0,
1-Iron/Cell_ECOPAO.gmol,1,
3-Ruthenium/Cell_OCOWAG.gmol,0,
3-Ruthenium/Cell_OCOWAG.gmol,1,
3-Ruthenium/Cell_OCOWAG.gmol,2,
3-Ruthenium/Cell_OCOWAG.gmol,3,
8-Copper/Cell_YUNNOK.gmol,0,
8-Copper/Cell_YUNNOK.gmol,1,
8-Copper/Cell_YUNNOK.gmol,2,
8-Copper/Cell_YUNNOK.gmol,3,
8-Copper/Cell_HAFPIN.gmol,0,
8-Copper/Cell_HAFPIN.gmol,1,
7-Nickel/Cell_QEBQEW.gmol,0,
7-Nickel/Cell_QEBQEW.gmol,1,
7-Nickel/Cell_ULISIT.gmol,0,
7-Nickel/Cell_ULISIT.gmol,1,
7-Nickel/Cell_ULISIT.gmol,2,
7-Nickel/Cell_ULISIT.gmol,3,
6-Cobalt/Cell_WONMOB.gmol,0,
6-Cobalt/Cell_WONMOB.gmol,1,
6-Cobalt/Cell_WONMOB.gmol,2,
6-Cobalt/Cell_WONMOB.gmol,3,
1-Iron/Cell_XEZZUX.gmol,0,
1-Iron/Cell_XEZZUX.gmol,1,
1-Iron/Cell_XEZZUX.gmol,2,
1-Iron/Cell_XEZZUX.gmol,3,
1-Iron/Cell_XEZZUX.gmol,4,
1-Iron/Cell_XEZZUX.gmol,5,
1-Iron/Cell_XEZZUX.gmol,6,
1-Iron/Cell_XEZZUX.gmol,7,
3-Ruthenium/Cell_LATVUY.gmol,0,
3-Ruthenium/Cell_LATVUY.gmol,1,
3-Ruthenium/Cell_LATVUY.gmol,2,
3-Ruthenium/Cell_LATVUY.gmol,3,
3-Ruthenium/Cell_LATVUY.gmol,4,
3-Ruthenium/Cell_LATVUY.gmol,5,
3-Ruthenium/Cell_LATVUY.gmol,6,
3-Ruthenium/Cell_LATVUY.gmol,7,
3-Ruthenium/Cell_LATVUY.gmol,8,
3-Ruthenium/Cell_LATVUY.gmol,9,
3-Ruthenium/Cell_LATVUY.gmol,10,
3-Ruthenium/Cell_LATVUY.gmol,11,
8-Copper/Cell_MITJOR.gmol,0,
8-Copper/Cell_MITJOR.gmol,1,
8-Copper/Cell_MITJOR.gmol,2,
8-Copper/Cell_MITJOR.gmol,3,
8-Copper/Cell_MITJOR.gmol,4,
8-Copper/Cell_MITJOR.gmol,5,
8-Copper/Cell_MITJOR.gmol,6,
8-Copper/Cell_MITJOR.gmol,7,
8-Copper/Cell_MITJOR.gmol,8,
8-Copper/Cell_MITJOR.gmol,9,
8-Copper/Cell_MITJOR.gmol,10,
8-Copper/Cell_MITJOR.gmol,11,
6-Cobalt/Cell_DOBYEB.gmol,0,
6-Cobalt/Cell_DOBYEB.gmol,1,
6-Cobalt/Cell_DOBYEB.gmol,2,
6-Cobalt/Cell_DOBYEB.gmol,3,
8-Copper/Cell_UHIPIK.gmol,0,
8-Copper/Cell_UHIPIK.gmol,1,
8-Copper/Cell_UHIPIK.gmol,2,
8-Copper/Cell_UHIPIK.gmol,3,
8-Copper/Cell_UHIPIK.gmol,4,
8-Copper/Cell_UHIPIK.gmol,5,
8-Copper/Cell_UHIPIK.gmol,6,
8-Copper/Cell_UHIPIK.gmol,7,
6-Cobalt/Cell_ZAYGEN.gmol,0,
6-Cobalt/Cell_ZAYGEN.gmol,1,
6-Cobalt/Cell_ZAYGEN.gmol,2,
6-Cobalt/Cell_ZAYGEN.gmol,3,
1-Iron/Cell_KAFLUA.gmol,0,
1-Iron/Cell_KAFLUA.gmol,1,
1-Iron/Cell_KAFLUA.gmol,2,
1-Iron/Cell_KAFLUA.gmol,3,
8-Copper/Cell_DEPREW.gmol,0,
8-Copper/Cell_DEPREW.gmol,1,
8-Copper/Cell_DEPREW.gmol,2,
8-Copper/Cell_DEPREW.gmol,3,
8-Copper/Cell_DEPREW.gmol,4,
8-Copper/Cell_DEPREW.gmol,5,
8-Copper/Cell_DEPREW.gmol,6,
8-Copper/Cell_DEPREW.gmol,7,
8-Copper/Cell_DEPREW.gmol,8,
8-Copper/Cell_DEPREW.gmol,9,
8-Copper/Cell_DEPREW.gmol,10,
8-Copper/Cell_DEPREW.gmol,11,
8-Copper/Cell_LAGCOM.gmol,0,
8-Copper/Cell_LAGCOM.gmol,1,
8-Copper/Cell_LAGCOM.gmol,2,
8-Copper/Cell_LAGCOM.gmol,3,
6-Cobalt/Cell_VOYNII.gmol,0,
6-Cobalt/Cell_VOYNII.gmol,1,
6-Cobalt/Cell_VOYNII.gmol,2,
6-Cobalt/Cell_VOYNII.gmol,3,
6-Cobalt/Cell_VOYNII.gmol,4,
6-Cobalt/Cell_VOYNII.gmol,5,
6-Cobalt/Cell_VOYNII.gmol,6,
6-Cobalt/Cell_VOYNII.gmol,7,
6-Cobalt/Cell_VOYNII.gmol,8,
6-Cobalt/Cell_VOYNII.gmol,9,
6-Cobalt/Cell_VOYNII.gmol,10,
6-Cobalt/Cell_VOYNII.gmol,11,
6-Cobalt/Cell_VOYNII.gmol,12,
6-Cobalt/Cell_VOYNII.gmol,13,
6-Cobalt/Cell_VOYNII.gmol,14,
6-Cobalt/Cell_VOYNII.gmol,15,
6-Cobalt/Cell_VOYNII.gmol,16,
6-Cobalt/Cell_VOYNII.gmol,17,
6-Cobalt/Cell_VOYNII.gmol,18,
6-Cobalt/Cell_VOYNII.gmol,19,
6-Cobalt/Cell_VOYNII.gmol,20,
6-Cobalt/Cell_VOYNII.gmol,21,
6-Cobalt/Cell_VOYNII.gmol,22,
6-Cobalt/Cell_VOYNII.gmol,23,
6-Cobalt/Cell_VOYNII.gmol,24,
6-Cobalt/Cell_VOYNII.gmol,25,
6-Cobalt/Cell_VOYNII.gmol,26,
6-Cobalt/Cell_VOYNII.gmol,27,
6-Cobalt/Cell_VOYNII.gmol,28,
6-Cobalt/Cell_VOYNII.gmol,29,
6-Cobalt/Cell_VOYNII.gmol,30,
6-Cobalt/Cell_VOYNII.gmol,31,
6-Cobalt/Cell_VOYNII.gmol,32,
6-Cobalt/Cell_VOYNII.gmol,33,
6-Cobalt/Cell_VOYNII.gmol,34,
6-Cobalt/Cell_VOYNII.gmol,35,
6-Cobalt/Cell_VOYNII.gmol,36,
6-Cobalt/Cell_VOYNII.gmol,37,
6-Cobalt/Cell_VOYNII.gmol,38,
6-Cobalt/Cell_VOYNII.gmol,39,
6-Cobalt/Cell_VOYNII.gmol,40,
6-Cobalt/Cell_VOYNII.gmol,41,
6-Cobalt/Cell_VOYNII.gmol,42,
6-Cobalt/Cell_VOYNII.gmol,43,
6-Cobalt/Cell_VOYNII.gmol,44,
6-Cobalt/Cell_VOYNII.gmol,45,
6-Cobalt/Cell_VOYNII.gmol,46,
6-Cobalt/Cell_VOYNII.gmol,47,
7-Nickel/Cell_CAQBUR.gmol,0,
7-Nickel/Cell_CAQBUR.gmol,1,
7-Nickel/Cell_CAQBUR.gmol,2,
7-Nickel/Cell_CAQBUR.gmol,3,
7-Nickel/Cell_CAQBUR.gmol,4,
7-Nickel/Cell_CAQBUR.gmol,5,
7-Nickel/Cell_CAQBUR.gmol,6,
7-Nickel/Cell_CAQBUR.gmol,7,
6-Cobalt/Cell_MIFVAZ.gmol,0,
6-Cobalt/Cell_MIFVAZ.gmol,1,
7-Nickel/Cell_NONNUB.gmol,0,
7-Nickel/Cell_NONNUB.gmol,1,
7-Nickel/Cell_NONNUB.gmol,2,
7-Nickel/Cell_NONNUB.gmol,3,
3-Ruthenium/Cell_OKINIF.gmol,0,
3-Ruthenium/Cell_OKINIF.gmol,1,
3-Ruthenium/Cell_OKINIF.gmol,2,
3-Ruthenium/Cell_OKINIF.gmol,3,
8-Copper/Cell_NAPFIW.gmol,0,
8-Copper/Cell_NAPFIW.gmol,1,
8-Copper/Cell_NAPFIW.gmol,2,
8-Copper/Cell_NAPFIW.gmol,3,
7-Nickel/Cell_UXECIL.gmol,0,
7-Nickel/Cell_UXECIL.gmol,1,
7-Nickel/Cell_UXECIL.gmol,2,
7-Nickel/Cell_UXECIL.gmol,3,
7-Nickel/Cell_UXECIL.gmol,4,
7-Nickel/Cell_UXECIL.gmol,5,
3-Ruthenium/Cell_WEKPOS.gmol,0,
3-Ruthenium/Cell_WEKPOS.gmol,1,
3-Ruthenium/Cell_WEKPOS.gmol,2,
3-Ruthenium/Cell_WEKPOS.gmol,3,
7-Nickel/Cell_RACHIP.gmol,0,
7-Nickel/Cell_RACHIP.gmol,1,
7-Nickel/Cell_GAXYOW.gmol,0,
7-Nickel/Cell_GAXYOW.gmol,1,
7-Nickel/Cell_GAXYOW.gmol,2,
7-Nickel/Cell_GAXYOW.gmol,3,
7-Nickel/Cell_GAXYOW.gmol,4,
7-Nickel/Cell_GAXYOW.gmol,5,
7-Nickel/Cell_GAXYOW.gmol,6,
7-Nickel/Cell_GAXYOW.gmol,7,
7-Nickel/Cell_XIYLIB.gmol,0,
7-Nickel/Cell_XIYLIB.gmol,1,
7-Nickel/Cell_XIYLIB.gmol,2,
7-Nickel/Cell_XIYLIB.gmol,3,
7-Nickel/Cell_XIYLIB.gmol,4,
7-Nickel/Cell_XIYLIB.gmol,5,
7-Nickel/Cell_XIYLIB.gmol,6,
7-Nickel/Cell_XIYLIB.gmol,7,
7-Nickel/Cell_XIYLIB.gmol,8,
7-Nickel/Cell_XIYLIB.gmol,9,
7-Nickel/Cell_XIYLIB.gmol,10,
7-Nickel/Cell_XIYLIB.gmol,11,
7-Nickel/Cell_XOBWOB.gmol,0,
7-Nickel/Cell_XOBWOB.gmol,1,
7-Nickel/Cell_XOBWOB.gmol,2,
7-Nickel/Cell_XOBWOB.gmol,3,
8-Copper/Cell_REQHEC.gmol,0,
8-Copper/Cell_REQHEC.gmol,1,
8-Copper/Cell_REQHEC.gmol,2,
8-Copper/Cell_REQHEC.gmol,3,
8-Copper/Cell_IQEFER.gmol,0,
8-Copper/Cell_IQEFER.gmol,1,
8-Copper/Cell_IQEFER.gmol,2,
8-Copper/Cell_IQEFER.gmol,3,
6-Cobalt/Cell_UBICEP.gmol,0,
6-Cobalt/Cell_UBICEP.gmol,1,
6-Cobalt/Cell_UBICEP.gmol,2,
6-Cobalt/Cell_UBICEP.gmol,3,
6-Cobalt/Cell_UBICEP.gmol,4,
6-Cobalt/Cell_UBICEP.gmol,5,
6-Cobalt/Cell_UBICEP.gmol,6,
6-Cobalt/Cell_UBICEP.gmol,7,
6-Cobalt/Cell_UBICEP.gmol,8,
6-Cobalt/Cell_UBICEP.gmol,9,
6-Cobalt/Cell_UBICEP.gmol,10,
6-Cobalt/Cell_UBICEP.gmol,11,
1-Iron/Cell_EPIQAY.gmol,0,
7-Nickel/Cell_QETKIM.gmol,0,
7-Nickel/Cell_QETKIM.gmol,1,
7-Nickel/Cell_QETKIM.gmol,2,
7-Nickel/Cell_QETKIM.gmol,3,
5-Chromium/Cell_TIGREG.gmol,0,
5-Chromium/Cell_TIGREG.gmol,1,
2-Manganese/Cell_JUCJEZ.gmol,0,
2-Manganese/Cell_JUCJEZ.gmol,1,
2-Manganese/Cell_JUCJEZ.gmol,2,
2-Manganese/Cell_JUCJEZ.gmol,3,
2-Manganese/Cell_JUCJEZ.gmol,4,
2-Manganese/Cell_JUCJEZ.gmol,5,
2-Manganese/Cell_JUCJEZ.gmol,6,
2-Manganese/Cell_JUCJEZ.gmol,7,
2-Manganese/Cell_JUCJEZ.gmol,8,
2-Manganese/Cell_JUCJEZ.gmol,9,
2-Manganese/Cell_JUCJEZ.gmol,10,
2-Manganese/Cell_JUCJEZ.gmol,11,
8-Copper/Cell_BUZBEF.gmol,0,
8-Copper/Cell_BUZBEF.gmol,1,
8-Copper/Cell_XEWQEW.gmol,0,
8-Copper/Cell_XEWQEW.gmol,1,
8-Copper/Cell_XEWQEW.gmol,2,
8-Copper/Cell_XEWQEW.gmol,3,
8-Copper/Cell_XEWQEW.gmol,4,
8-Copper/Cell_XEWQEW.gmol,5,
8-Copper/Cell_XEWQEW.gmol,6,
8-Copper/Cell_XEWQEW.gmol,7,
8-Copper/Cell_XEWQEW.gmol,8,
8-Copper/Cell_XEWQEW.gmol,9,
8-Copper/Cell_XEWQEW.gmol,10,
8-Copper/Cell_XEWQEW.gmol,11,
8-Copper/Cell_XEWQEW.gmol,12,
8-Copper/Cell_XEWQEW.gmol,13,
8-Copper/Cell_XEWQEW.gmol,14,
8-Copper/Cell_XEWQEW.gmol,15,
8-Copper/Cell_PUSZOS.gmol,0,
8-Copper/Cell_PUSZOS.gmol,1,
8-Copper/Cell_OJONEH.gmol,0,
8-Copper/Cell_OJONEH.gmol,1,
8-Copper/Cell_OJONEH.gmol,2,
8-Copper/Cell_OJONEH.gmol,3,
8-Copper/Cell_OJONEH.gmol,4,
8-Copper/Cell_OJONEH.gmol,5,
8-Copper/Cell_OJONEH.gmol,6,
8-Copper/Cell_OJONEH.gmol,7,
8-Copper/Cell_OJONEH.gmol,8,
8-Copper/Cell_OJONEH.gmol,9,
8-Copper/Cell_OJONEH.gmol,10,
8-Copper/Cell_OJONEH.gmol,11,
7-Nickel/Cell_UJIMEG.gmol,0,
7-Nickel/Cell_UJIMEG.gmol,1,
7-Nickel/Cell_UJIMEG.gmol,2,
7-Nickel/Cell_UJIMEG.gmol,3,
7-Nickel/Cell_UJIMEG.gmol,4,
7-Nickel/Cell_UJIMEG.gmol,5,
7-Nickel/Cell_UJIMEG.gmol,6,
7-Nickel/Cell_UJIMEG.gmol,7,
1-Iron/Cell_MAYWAM.gmol,0,
1-Iron/Cell_MAYWAM.gmol,1,
1-Iron/Cell_MAYWAM.gmol,2,
1-Iron/Cell_MAYWAM.gmol,3,
1-Iron/Cell_MAYWAM.gmol,4,
1-Iron/Cell_MAYWAM.gmol,5,
6-Cobalt/Cell_MIRQAG.gmol,0,
6-Cobalt/Cell_MIRQAG.gmol,1,
6-Cobalt/Cell_MIRQAG.gmol,2,
6-Cobalt/Cell_MIRQAG.gmol,3,
6-Cobalt/Cell_MIRQAG.gmol,4,
6-Cobalt/Cell_MIRQAG.gmol,5,
6-Cobalt/Cell_MIRQAG.gmol,6,
6-Cobalt/Cell_MIRQAG.gmol,7,
6-Cobalt/Cell_MIRQAG.gmol,8,
6-Cobalt/Cell_MIRQAG.gmol,9,
8-Copper/Cell_YUMRUW.gmol,0,
8-Copper/Cell_YUMRUW.gmol,1,
5-Chromium/Cell_YONHAK.gmol,0,
5-Chromium/Cell_YONHAK.gmol,1,
5-Chromium/Cell_YONHAK.gmol,2,
5-Chromium/Cell_YONHAK.gmol,3,
1-Iron/Cell_SAGFUB.gmol,0,
1-Iron/Cell_SAGFUB.gmol,1,
8-Copper/Cell_RISSOC.gmol,0,
8-Copper/Cell_RISSOC.gmol,1,
8-Copper/Cell_RISSOC.gmol,2,
8-Copper/Cell_RISSOC.gmol,3,
8-Copper/Cell_RISSOC.gmol,4,
8-Copper/Cell_RISSOC.gmol,5,
8-Copper/Cell_RISSOC.gmol,6,
8-Copper/Cell_RISSOC.gmol,7,
8-Copper/Cell_RISSOC.gmol,8,
8-Copper/Cell_RISSOC.gmol,9,
6-Cobalt/Cell_SUPNOI.gmol,0,
6-Cobalt/Cell_SUPNOI.gmol,1,
6-Cobalt/Cell_SUPNOI.gmol,2,
6-Cobalt/Cell_SUPNOI.gmol,3,
6-Cobalt/Cell_SUPNOI.gmol,4,
6-Cobalt/Cell_SUPNOI.gmol,5,
6-Cobalt/Cell_SUPNOI.gmol,6,
6-Cobalt/Cell_SUPNOI.gmol,7,
6-Cobalt/Cell_SUPNOI.gmol,8,
6-Cobalt/Cell_SUPNOI.gmol,9,
7-Nickel/Cell_ULAMIE.gmol,0,
7-Nickel/Cell_ULAMIE.gmol,1,
7-Nickel/Cell_ULAMIE.gmol,2,
7-Nickel/Cell_ULAMIE.gmol,3,
7-Nickel/Cell_ULAMIE.gmol,4,
7-Nickel/Cell_ULAMIE.gmol,5,
7-Nickel/Cell_ULAMIE.gmol,6,
7-Nickel/Cell_ULAMIE.gmol,7,
7-Nickel/Cell_JAZXOX.gmol,0,
7-Nickel/Cell_JAZXOX.gmol,1,
1-Iron/Cell_GOLVEK.gmol,0,
1-Iron/Cell_GOLVEK.gmol,1,
1-Iron/Cell_GOLVEK.gmol,2,
1-Iron/Cell_GOLVEK.gmol,3,
1-Iron/Cell_GOLVEK.gmol,4,
1-Iron/Cell_GOLVEK.gmol,5,
1-Iron/Cell_GOLVEK.gmol,6,
1-Iron/Cell_GOLVEK.gmol,7,
1-Iron/Cell_GOLVEK.gmol,8,
1-Iron/Cell_GOLVEK.gmol,9,
8-Copper/Cell_QUFKIM.gmol,0,
8-Copper/Cell_QUFKIM.gmol,1,
1-Iron/Cell_SIXQOI.gmol,0,
1-Iron/Cell_SIXQOI.gmol,1,
1-Iron/Cell_SIXQOI.gmol,2,
1-Iron/Cell_SIXQOI.gmol,3,
7-Nickel/Cell_QUTJUM.gmol,0,
7-Nickel/Cell_QUTJUM.gmol,1,
6-Cobalt/Cell_RULFEK.gmol,0,
6-Cobalt/Cell_RULFEK.gmol,1,
6-Cobalt/Cell_RULFEK.gmol,2,
6-Cobalt/Cell_RULFEK.gmol,3,
6-Cobalt/Cell_MIMKAU.gmol,0,
6-Cobalt/Cell_MIMKAU.gmol,1,
6-Cobalt/Cell_MIMKAU.gmol,2,
6-Cobalt/Cell_MIMKAU.gmol,3,
8-Copper/Cell_UTAXAP.gmol,0,
8-Copper/Cell_UTAXAP.gmol,1,
8-Copper/Cell_UTAXAP.gmol,2,
8-Copper/Cell_UTAXAP.gmol,3,
8-Copper/Cell_UTAXAP.gmol,4,
8-Copper/Cell_UTAXAP.gmol,5,
8-Copper/Cell_UTAXAP.gmol,6,
8-Copper/Cell_UTAXAP.gmol,7,
8-Copper/Cell_UTAXAP.gmol,8,
8-Copper/Cell_UTAXAP.gmol,9,
8-Copper/Cell_UTAXAP.gmol,10,
8-Copper/Cell_UTAXAP.gmol,11,
8-Copper/Cell_UTAXAP.gmol,12,
8-Copper/Cell_UTAXAP.gmol,13,
8-Copper/Cell_UTAXAP.gmol,14,
8-Copper/Cell_UTAXAP.gmol,15,
8-Copper/Cell_YOHRUL.gmol,0,
8-Copper/Cell_YOHRUL.gmol,1,
8-Copper/Cell_YOHRUL.gmol,2,
8-Copper/Cell_YOHRUL.gmol,3,
7-Nickel/Cell_KASKOF.gmol,0,
7-Nickel/Cell_KASKOF.gmol,1,
7-Nickel/Cell_KASKOF.gmol,2,
7-Nickel/Cell_KASKOF.gmol,3,
7-Nickel/Cell_KASKOF.gmol,4,
7-Nickel/Cell_KASKOF.gmol,5,
7-Nickel/Cell_KASKOF.gmol,6,
7-Nickel/Cell_KASKOF.gmol,7,
7-Nickel/Cell_KASKOF.gmol,8,
7-Nickel/Cell_KASKOF.gmol,9,
8-Copper/Cell_LACCUE.gmol,0,
8-Copper/Cell_LACCUE.gmol,1,
8-Copper/Cell_LACCUE.gmol,2,
8-Copper/Cell_LACCUE.gmol,3,
1-Iron/Cell_KERGEV.gmol,0,
1-Iron/Cell_KERGEV.gmol,1,
1-Iron/Cell_KERGEV.gmol,2,
1-Iron/Cell_KERGEV.gmol,3,
1-Iron/Cell_KERGEV.gmol,4,
1-Iron/Cell_KERGEV.gmol,5,
1-Iron/Cell_KERGEV.gmol,6,
1-Iron/Cell_KERGEV.gmol,7,
1-Iron/Cell_KERGEV.gmol,8,
1-Iron/Cell_KERGEV.gmol,9,
1-Iron/Cell_KERGEV.gmol,10,
1-Iron/Cell_KERGEV.gmol,11,
1-Iron/Cell_KERGEV.gmol,12,
1-Iron/Cell_KERGEV.gmol,13,
1-Iron/Cell_KERGEV.gmol,14,
1-Iron/Cell_KERGEV.gmol,15,
1-Iron/Cell_KERGEV.gmol,16,
1-Iron/Cell_KERGEV.gmol,17,
1-Iron/Cell_KERGEV.gmol,18,
1-Iron/Cell_KERGEV.gmol,19,
1-Iron/Cell_KERGEV.gmol,20,
1-Iron/Cell_KERGEV.gmol,21,
1-Iron/Cell_KERGEV.gmol,22,
1-Iron/Cell_KERGEV.gmol,23,
1-Iron/Cell_KERGEV.gmol,24,
1-Iron/Cell_KERGEV.gmol,25,
1-Iron/Cell_KERGEV.gmol,26,
1-Iron/Cell_KERGEV.gmol,27,
1-Iron/Cell_KERGEV.gmol,28,
1-Iron/Cell_KERGEV.gmol,29,
1-Iron/Cell_KERGEV.gmol,30,
1-Iron/Cell_KERGEV.gmol,31,
6-Cobalt/Cell_YEXVEE.gmol,0,
6-Cobalt/Cell_YEXVEE.gmol,1,
6-Cobalt/Cell_YEXVEE.gmol,2,
6-Cobalt/Cell_YEXVEE.gmol,3,
6-Cobalt/Cell_YEXVEE.gmol,4,
6-Cobalt/Cell_YEXVEE.gmol,5,
6-Cobalt/Cell_YEXVEE.gmol,6,
6-Cobalt/Cell_YEXVEE.gmol,7,
3-Ruthenium/Cell_EBOYEC.gmol,0,
3-Ruthenium/Cell_EBOYEC.gmol,1,
3-Ruthenium/Cell_EBOYEC.gmol,2,
3-Ruthenium/Cell_EBOYEC.gmol,3,
4-Rhenium/Cell_DOTXIV.gmol,0,
4-Rhenium/Cell_DOTXIV.gmol,1,
4-Rhenium/Cell_DOTXIV.gmol,2,
4-Rhenium/Cell_DOTXIV.gmol,3,
8-Copper/Cell_MIGKET.gmol,0,
8-Copper/Cell_MIGKET.gmol,1,
8-Copper/Cell_MIGKET.gmol,2,
6-Cobalt/Cell_DOBYIF.gmol,0,
6-Cobalt/Cell_DOBYIF.gmol,1,
2-Manganese/Cell_QAFCOS.gmol,0,
2-Manganese/Cell_QAFCOS.gmol,1,
2-Manganese/Cell_QAFCOS.gmol,2,
2-Manganese/Cell_QAFCOS.gmol,3,
2-Manganese/Cell_QAFCOS.gmol,4,
2-Manganese/Cell_QAFCOS.gmol,5,
2-Manganese/Cell_QAFCOS.gmol,6,
2-Manganese/Cell_QAFCOS.gmol,7,
7-Nickel/Cell_IWIMOQ.gmol,0,
7-Nickel/Cell_IWIMOQ.gmol,1,
7-Nickel/Cell_IWIMOQ.gmol,2,
8-Copper/Cell_YIQROG.gmol,0,
8-Copper/Cell_YIQROG.gmol,1,
8-Copper/Cell_PEGTIF.gmol,0,
8-Copper/Cell_PEGTIF.gmol,1,
8-Copper/Cell_PEGTIF.gmol,2,
8-Copper/Cell_PEGTIF.gmol,3,
8-Copper/Cell_CINDUY.gmol,0,
8-Copper/Cell_CINDUY.gmol,1,
8-Copper/Cell_CINDUY.gmol,2,
8-Copper/Cell_CINDUY.gmol,3,
5-Chromium/Cell_MANQEY.gmol,0,
5-Chromium/Cell_MANQEY.gmol,1,
5-Chromium/Cell_MANQEY.gmol,2,
5-Chromium/Cell_MANQEY.gmol,3,
2-Manganese/Cell_ANEHUY.gmol,0,
2-Manganese/Cell_ANEHUY.gmol,1,
2-Manganese/Cell_ANEHUY.gmol,2,
2-Manganese/Cell_ANEHUY.gmol,3,
2-Manganese/Cell_ANEHUY.gmol,4,
2-Manganese/Cell_ANEHUY.gmol,5,
2-Manganese/Cell_ANEHUY.gmol,6,
2-Manganese/Cell_ANEHUY.gmol,7,
2-Manganese/Cell_ANEHUY.gmol,8,
2-Manganese/Cell_ANEHUY.gmol,9,
7-Nickel/Cell_GAVJOD.gmol,0,
7-Nickel/Cell_GAVJOD.gmol,1,
7-Nickel/Cell_GAVJOD.gmol,2,
7-Nickel/Cell_GAVJOD.gmol,3,
7-Nickel/Cell_GAVJOD.gmol,4,
7-Nickel/Cell_GAVJOD.gmol,5,
7-Nickel/Cell_GAVJOD.gmol,6,
7-Nickel/Cell_GAVJOD.gmol,7,
7-Nickel/Cell_KEBHUU.gmol,0,
7-Nickel/Cell_KEBHUU.gmol,1,
3-Ruthenium/Cell_FUCGUF.gmol,0,
3-Ruthenium/Cell_FUCGUF.gmol,1,
3-Ruthenium/Cell_FUCGUF.gmol,2,
3-Ruthenium/Cell_FUCGUF.gmol,3,
3-Ruthenium/Cell_FUCGUF.gmol,4,
3-Ruthenium/Cell_FUCGUF.gmol,5,
3-Ruthenium/Cell_FUCGUF.gmol,6,
3-Ruthenium/Cell_FUCGUF.gmol,7,
7-Nickel/Cell_MUGHOM.gmol,0,
7-Nickel/Cell_MUGHOM.gmol,1,
8-Copper/Cell_KUNCAA.gmol,0,
8-Copper/Cell_KUNCAA.gmol,1,
7-Nickel/Cell_TESHUU.gmol,0,
7-Nickel/Cell_TESHUU.gmol,1,
8-Copper/Cell_QAGXOP.gmol,0,
8-Copper/Cell_QAGXOP.gmol,1,
8-Copper/Cell_QAGXOP.gmol,2,
8-Copper/Cell_QAGXOP.gmol,3,
8-Copper/Cell_CAYCUD.gmol,0,
8-Copper/Cell_CAYCUD.gmol,1,
8-Copper/Cell_CAYCUD.gmol,2,
8-Copper/Cell_CAYCUD.gmol,3,
8-Copper/Cell_CAYCUD.gmol,4,
8-Copper/Cell_CAYCUD.gmol,5,
8-Copper/Cell_CAYCUD.gmol,6,
8-Copper/Cell_CAYCUD.gmol,7,
8-Copper/Cell_OSULIZ.gmol,0,
8-Copper/Cell_OSULIZ.gmol,1,
8-Copper/Cell_OSULIZ.gmol,2,
8-Copper/Cell_OSULIZ.gmol,3,
7-Nickel/Cell_JOWHUA.gmol,0,
7-Nickel/Cell_JOWHUA.gmol,1,
7-Nickel/Cell_JOWHUA.gmol,2,
7-Nickel/Cell_JOWHUA.gmol,3,
5-Chromium/Cell_TUMBEK.gmol,0,
5-Chromium/Cell_TUMBEK.gmol,1,
5-Chromium/Cell_TUMBEK.gmol,2,
5-Chromium/Cell_TUMBEK.gmol,3,
5-Chromium/Cell_TUMBEK.gmol,4,
5-Chromium/Cell_TUMBEK.gmol,5,
5-Chromium/Cell_TUMBEK.gmol,6,
5-Chromium/Cell_TUMBEK.gmol,7,
5-Chromium/Cell_TUMBEK.gmol,8,
5-Chromium/Cell_TUMBEK.gmol,9,
5-Chromium/Cell_TUMBEK.gmol,10,
5-Chromium/Cell_TUMBEK.gmol,11,
3-Ruthenium/Cell_YUVSAJ.gmol,0,
3-Ruthenium/Cell_YUVSAJ.gmol,1,
3-Ruthenium/Cell_YUVSAJ.gmol,2,
3-Ruthenium/Cell_YUVSAJ.gmol,3,
2-Manganese/Cell_OJUHAF.gmol,0,
2-Manganese/Cell_OJUHAF.gmol,1,
2-Manganese/Cell_OJUHAF.gmol,2,
2-Manganese/Cell_OJUHAF.gmol,3,
7-Nickel/Cell_EWUZOM.gmol,0,
7-Nickel/Cell_EWUZOM.gmol,1,
7-Nickel/Cell_EWUZOM.gmol,2,
7-Nickel/Cell_EWUZOM.gmol,3,
7-Nickel/Cell_EWUZOM.gmol,4,
7-Nickel/Cell_EWUZOM.gmol,5,
5-Chromium/Cell_IDUMIE.gmol,0,
5-Chromium/Cell_IDUMIE.gmol,1,
8-Copper/Cell_MABGIH.gmol,0,
8-Copper/Cell_MABGIH.gmol,1,
8-Copper/Cell_MABGIH.gmol,2,
8-Copper/Cell_MABGIH.gmol,3,
8-Copper/Cell_MABGIH.gmol,4,
8-Copper/Cell_MABGIH.gmol,5,
8-Copper/Cell_MABGIH.gmol,6,
8-Copper/Cell_MABGIH.gmol,7,
8-Copper/Cell_MABGIH.gmol,8,
8-Copper/Cell_MABGIH.gmol,9,
6-Cobalt/Cell_QUKYUT.gmol,0,
6-Cobalt/Cell_QUKYUT.gmol,1,
1-Iron/Cell_WEVQEW.gmol,0,
1-Iron/Cell_WEVQEW.gmol,1,
1-Iron/Cell_WEVQEW.gmol,2,
1-Iron/Cell_WEVQEW.gmol,3,
8-Copper/Cell_NIKQUV.gmol,0,
8-Copper/Cell_NIKQUV.gmol,1,
8-Copper/Cell_NIKQUV.gmol,2,
8-Copper/Cell_NIKQUV.gmol,3,
7-Nickel/Cell_FAHPUC.gmol,0,
7-Nickel/Cell_FAHPUC.gmol,1,
7-Nickel/Cell_FAHPUC.gmol,2,
7-Nickel/Cell_FAHPUC.gmol,3,
7-Nickel/Cell_FAHPUC.gmol,4,
7-Nickel/Cell_FAHPUC.gmol,5,
7-Nickel/Cell_FAHPUC.gmol,6,
7-Nickel/Cell_FAHPUC.gmol,7,
7-Nickel/Cell_FAHPUC.gmol,8,
7-Nickel/Cell_FAHPUC.gmol,9,
7-Nickel/Cell_FAHPUC.gmol,10,
7-Nickel/Cell_FAHPUC.gmol,11,
6-Cobalt/Cell_CIMTID.gmol,0,
8-Copper/Cell_GECXIV.gmol,0,
8-Copper/Cell_GECXIV.gmol,1,
8-Copper/Cell_GECXIV.gmol,2,
8-Copper/Cell_GECXIV.gmol,3,
8-Copper/Cell_IBODUA.gmol,0,
8-Copper/Cell_IBODUA.gmol,1,
8-Copper/Cell_IBODUA.gmol,2,
8-Copper/Cell_IBODUA.gmol,3,
8-Copper/Cell_IBODUA.gmol,4,
8-Copper/Cell_IBODUA.gmol,5,
8-Copper/Cell_IBODUA.gmol,6,
8-Copper/Cell_IBODUA.gmol,7,
8-Copper/Cell_IBODUA.gmol,8,
8-Copper/Cell_IBODUA.gmol,9,
8-Copper/Cell_IBODUA.gmol,10,
8-Copper/Cell_IBODUA.gmol,11,
8-Copper/Cell_IBODUA.gmol,12,
8-Copper/Cell_IBODUA.gmol,13,
8-Copper/Cell_IBODUA.gmol,14,
8-Copper/Cell_IBODUA.gmol,15,
8-Copper/Cell_IBODUA.gmol,16,
8-Copper/Cell_IBODUA.gmol,17,
8-Copper/Cell_IBODUA.gmol,18,
8-Copper/Cell_IBODUA.gmol,19,
8-Copper/Cell_IBODUA.gmol,20,
8-Copper/Cell_IBODUA.gmol,21,
8-Copper/Cell_IBODUA.gmol,22,
8-Copper/Cell_IBODUA.gmol,23,
8-Copper/Cell_IBODUA.gmol,24,
8-Copper/Cell_IBODUA.gmol,25,
8-Copper/Cell_IBODUA.gmol,26,
8-Copper/Cell_IBODUA.gmol,27,
2-Manganese/Cell_DUWVAT.gmol,0,
2-Manganese/Cell_DUWVAT.gmol,1,
7-Nickel/Cell_RUQJES.gmol,0,
7-Nickel/Cell_RUQJES.gmol,1,
7-Nickel/Cell_RUQJES.gmol,2,
7-Nickel/Cell_RUQJES.gmol,3,
7-Nickel/Cell_RUQJES.gmol,4,
7-Nickel/Cell_RUQJES.gmol,5,
8-Copper/Cell_BUZJIS.gmol,0,
8-Copper/Cell_BUZJIS.gmol,1,
8-Copper/Cell_BUZJIS.gmol,2,
8-Copper/Cell_BUZJIS.gmol,3,
8-Copper/Cell_BUZJIS.gmol,4,
8-Copper/Cell_BUZJIS.gmol,5,
8-Copper/Cell_BUZJIS.gmol,6,
8-Copper/Cell_BUZJIS.gmol,7,
2-Manganese/Cell_YUFWUT.gmol,0,
2-Manganese/Cell_YUFWUT.gmol,1,
3-Ruthenium/Cell_DEGHUV.gmol,0,
3-Ruthenium/Cell_DEGHUV.gmol,1,
3-Ruthenium/Cell_DEGHUV.gmol,2,
3-Ruthenium/Cell_DEGHUV.gmol,3,
8-Copper/Cell_QUSMOH.gmol,0,
7-Nickel/Cell_KAYPOR.gmol,0,
7-Nickel/Cell_KAYPOR.gmol,1,
7-Nickel/Cell_VUYDAW.gmol,0,
7-Nickel/Cell_VUYDAW.gmol,1,
8-Copper/Cell_JADDUR.gmol,0,
8-Copper/Cell_JADDUR.gmol,1,
1-Iron/Cell_AHAQUV.gmol,0,
1-Iron/Cell_AHAQUV.gmol,1,
1-Iron/Cell_AHAQUV.gmol,2,
1-Iron/Cell_AHAQUV.gmol,3,
7-Nickel/Cell_DIDTOB.gmol,0,
7-Nickel/Cell_DIDTOB.gmol,1,
7-Nickel/Cell_DIDTOB.gmol,2,
7-Nickel/Cell_DIDTOB.gmol,3,
7-Nickel/Cell_DIDTOB.gmol,4,
7-Nickel/Cell_DIDTOB.gmol,5,
7-Nickel/Cell_DIDTOB.gmol,6,
7-Nickel/Cell_DIDTOB.gmol,7,
7-Nickel/Cell_DIDTOB.gmol,8,
7-Nickel/Cell_DIDTOB.gmol,9,
7-Nickel/Cell_DIDTOB.gmol,10,
7-Nickel/Cell_DIDTOB.gmol,11,
8-Copper/Cell_NAWBUK.gmol,0,
8-Copper/Cell_NAWBUK.gmol,1,
8-Copper/Cell_NAWBUK.gmol,2,
8-Copper/Cell_NAWBUK.gmol,3,
8-Copper/Cell_ZACZUY.gmol,0,
8-Copper/Cell_ZACZUY.gmol,1,
8-Copper/Cell_ZACZUY.gmol,2,
8-Copper/Cell_ZACZUY.gmol,3,
8-Copper/Cell_EZUQUL.gmol,0,
8-Copper/Cell_EZUQUL.gmol,1,
8-Copper/Cell_EZUQUL.gmol,2,
8-Copper/Cell_EZUQUL.gmol,3,
8-Copper/Cell_CEXYAF.gmol,0,
8-Copper/Cell_CEXYAF.gmol,1,
8-Copper/Cell_CEXYAF.gmol,2,
8-Copper/Cell_CEXYAF.gmol,3,
8-Copper/Cell_CEXYAF.gmol,4,
8-Copper/Cell_CEXYAF.gmol,5,
8-Copper/Cell_CEXYAF.gmol,6,
8-Copper/Cell_CEXYAF.gmol,7,
6-Cobalt/Cell_PEBSEW.gmol,0,
6-Cobalt/Cell_PEBSEW.gmol,1,
8-Copper/Cell_OKESUU.gmol,0,
8-Copper/Cell_OKESUU.gmol,1,
8-Copper/Cell_OKESUU.gmol,2,
8-Copper/Cell_OKESUU.gmol,3,
8-Copper/Cell_OKESUU.gmol,4,
8-Copper/Cell_OKESUU.gmol,5,
8-Copper/Cell_OKESUU.gmol,6,
8-Copper/Cell_OKESUU.gmol,7,
8-Copper/Cell_OKESUU.gmol,8,
8-Copper/Cell_OKESUU.gmol,9,
8-Copper/Cell_OKESUU.gmol,10,
8-Copper/Cell_OKESUU.gmol,11,
8-Copper/Cell_OKESUU.gmol,12,
8-Copper/Cell_OKESUU.gmol,13,
8-Copper/Cell_OKESUU.gmol,14,
8-Copper/Cell_OKESUU.gmol,15,
8-Copper/Cell_OKESUU.gmol,16,
8-Copper/Cell_OKESUU.gmol,17,
8-Copper/Cell_OKESUU.gmol,18,
8-Copper/Cell_OKESUU.gmol,19,
8-Copper/Cell_OKESUU.gmol,20,
8-Copper/Cell_OKESUU.gmol,21,
8-Copper/Cell_OKESUU.gmol,22,
8-Copper/Cell_OKESUU.gmol,23,
1-Iron/Cell_NEYDON.gmol,0,
1-Iron/Cell_NEYDON.gmol,1,
1-Iron/Cell_NEYDON.gmol,2,
1-Iron/Cell_NEYDON.gmol,3,
1-Iron/Cell_XEVCEI.gmol,0,
1-Iron/Cell_XEVCEI.gmol,1,
1-Iron/Cell_XEVCEI.gmol,2,
1-Iron/Cell_XEVCEI.gmol,3,
1-Iron/Cell_XEVCEI.gmol,4,
1-Iron/Cell_XEVCEI.gmol,5,
1-Iron/Cell_XEVCEI.gmol,6,
1-Iron/Cell_XEVCEI.gmol,7,
8-Copper/Cell_RIWYON.gmol,0,
8-Copper/Cell_RIWYON.gmol,1,
8-Copper/Cell_RIWYON.gmol,2,
8-Copper/Cell_RIWYON.gmol,3,
8-Copper/Cell_FAXMAV.gmol,0,
8-Copper/Cell_FAXMAV.gmol,1,
8-Copper/Cell_FAXMAV.gmol,2,
8-Copper/Cell_FAXMAV.gmol,3,
8-Copper/Cell_FAXMAV.gmol,4,
8-Copper/Cell_FAXMAV.gmol,5,
7-Nickel/Cell_MAXGIC.gmol,0,
7-Nickel/Cell_MAXGIC.gmol,1,
7-Nickel/Cell_MAXGIC.gmol,2,
7-Nickel/Cell_MAXGIC.gmol,3,
7-Nickel/Cell_YAXFEI.gmol,0,
7-Nickel/Cell_YAXFEI.gmol,1,
7-Nickel/Cell_YAXFEI.gmol,2,
7-Nickel/Cell_YAXFEI.gmol,3,
7-Nickel/Cell_YAXFEI.gmol,4,
7-Nickel/Cell_YAXFEI.gmol,5,
7-Nickel/Cell_YAXFEI.gmol,6,
7-Nickel/Cell_YAXFEI.gmol,7,
6-Cobalt/Cell_UDUYUN.gmol,0,
3-Ruthenium/Cell_HAXSIK.gmol,0,
3-Ruthenium/Cell_HAXSIK.gmol,1,
3-Ruthenium/Cell_HAXSIK.gmol,2,
3-Ruthenium/Cell_HAXSIK.gmol,3,
3-Ruthenium/Cell_HAXSIK.gmol,4,
3-Ruthenium/Cell_HAXSIK.gmol,5,
3-Ruthenium/Cell_HAXSIK.gmol,6,
3-Ruthenium/Cell_HAXSIK.gmol,7,
3-Ruthenium/Cell_HAXSIK.gmol,8,
3-Ruthenium/Cell_HAXSIK.gmol,9,
3-Ruthenium/Cell_HAXSIK.gmol,10,
3-Ruthenium/Cell_HAXSIK.gmol,11,
3-Ruthenium/Cell_HAXSIK.gmol,12,
3-Ruthenium/Cell_HAXSIK.gmol,13,
3-Ruthenium/Cell_HAXSIK.gmol,14,
3-Ruthenium/Cell_HAXSIK.gmol,15,
7-Nickel/Cell_IMIVAB.gmol,0,
7-Nickel/Cell_IMIVAB.gmol,1,
7-Nickel/Cell_IMIVAB.gmol,2,
7-Nickel/Cell_IMIVAB.gmol,3,
7-Nickel/Cell_IMIVAB.gmol,4,
7-Nickel/Cell_IMIVAB.gmol,5,
7-Nickel/Cell_AGIKUW.gmol,0,
7-Nickel/Cell_AGIKUW.gmol,1,
7-Nickel/Cell_AGIKUW.gmol,2,
7-Nickel/Cell_AGIKUW.gmol,3,
7-Nickel/Cell_AYIRIK.gmol,0,
7-Nickel/Cell_AYIRIK.gmol,1,
7-Nickel/Cell_AYIRIK.gmol,2,
7-Nickel/Cell_AYIRIK.gmol,3,
7-Nickel/Cell_AYIRIK.gmol,4,
7-Nickel/Cell_AYIRIK.gmol,5,
7-Nickel/Cell_AYIRIK.gmol,6,
7-Nickel/Cell_AYIRIK.gmol,7,
8-Copper/Cell_SEVKUZ.gmol,0,
8-Copper/Cell_SEVKUZ.gmol,1,
8-Copper/Cell_SEVKUZ.gmol,2,
8-Copper/Cell_SEVKUZ.gmol,3,
8-Copper/Cell_SEVKUZ.gmol,4,
8-Copper/Cell_SEVKUZ.gmol,5,
4-Rhenium/Cell_JAHVEU.gmol,0,
4-Rhenium/Cell_JAHVEU.gmol,1,
4-Rhenium/Cell_JAHVEU.gmol,2,
4-Rhenium/Cell_JAHVEU.gmol,3,
7-Nickel/Cell_JILVEF.gmol,0,
7-Nickel/Cell_JILVEF.gmol,1,
1-Iron/Cell_ZAZHUF.gmol,0,
1-Iron/Cell_ZAZHUF.gmol,1,
1-Iron/Cell_YICKIF.gmol,0,
1-Iron/Cell_YICKIF.gmol,1,
1-Iron/Cell_YICKIF.gmol,2,
1-Iron/Cell_YICKIF.gmol,3,
1-Iron/Cell_YICKIF.gmol,4,
1-Iron/Cell_YICKIF.gmol,5,
1-Iron/Cell_YICKIF.gmol,6,
1-Iron/Cell_YICKIF.gmol,7,
1-Iron/Cell_YICKIF.gmol,8,
1-Iron/Cell_YICKIF.gmol,9,
1-Iron/Cell_YICKIF.gmol,10,
1-Iron/Cell_YICKIF.gmol,11,
1-Iron/Cell_YICKIF.gmol,12,
1-Iron/Cell_YICKIF.gmol,13,
1-Iron/Cell_YICKIF.gmol,14,
1-Iron/Cell_YICKIF.gmol,15,
1-Iron/Cell_YICKIF.gmol,16,
1-Iron/Cell_YICKIF.gmol,17,
1-Iron/Cell_YICKIF.gmol,18,
1-Iron/Cell_YICKIF.gmol,19,
1-Iron/Cell_YICKIF.gmol,20,
1-Iron/Cell_YICKIF.gmol,21,
1-Iron/Cell_YICKIF.gmol,22,
1-Iron/Cell_YICKIF.gmol,23,
1-Iron/Cell_YICKIF.gmol,24,
1-Iron/Cell_YICKIF.gmol,25,
1-Iron/Cell_YICKIF.gmol,26,
1-Iron/Cell_YICKIF.gmol,27,
1-Iron/Cell_YICKIF.gmol,28,
1-Iron/Cell_YICKIF.gmol,29,
1-Iron/Cell_YICKIF.gmol,30,
1-Iron/Cell_YICKIF.gmol,31,
1-Iron/Cell_YICKIF.gmol,32,
1-Iron/Cell_YICKIF.gmol,33,
1-Iron/Cell_YICKIF.gmol,34,
1-Iron/Cell_YICKIF.gmol,35,
1-Iron/Cell_YICKIF.gmol,36,
1-Iron/Cell_YICKIF.gmol,37,
1-Iron/Cell_YICKIF.gmol,38,
1-Iron/Cell_YICKIF.gmol,39,
1-Iron/Cell_YICKIF.gmol,40,
1-Iron/Cell_YICKIF.gmol,41,
1-Iron/Cell_YICKIF.gmol,42,
1-Iron/Cell_YICKIF.gmol,43,
1-Iron/Cell_YICKIF.gmol,44,
1-Iron/Cell_YICKIF.gmol,45,
1-Iron/Cell_YICKIF.gmol,46,
1-Iron/Cell_YICKIF.gmol,47,
1-Iron/Cell_YICKIF.gmol,48,
1-Iron/Cell_YICKIF.gmol,49,
1-Iron/Cell_YICKIF.gmol,50,
1-Iron/Cell_YICKIF.gmol,51,
1-Iron/Cell_YICKIF.gmol,52,
1-Iron/Cell_YICKIF.gmol,53,
1-Iron/Cell_YICKIF.gmol,54,
1-Iron/Cell_YICKIF.gmol,55,
1-Iron/Cell_YICKIF.gmol,56,
1-Iron/Cell_YICKIF.gmol,57,
1-Iron/Cell_YICKIF.gmol,58,
1-Iron/Cell_YICKIF.gmol,59,
1-Iron/Cell_YICKIF.gmol,60,
1-Iron/Cell_YICKIF.gmol,61,
1-Iron/Cell_YICKIF.gmol,62,
1-Iron/Cell_YICKIF.gmol,63,
1-Iron/Cell_YICKIF.gmol,64,
1-Iron/Cell_YICKIF.gmol,65,
1-Iron/Cell_YICKIF.gmol,66,
1-Iron/Cell_YICKIF.gmol,67,
1-Iron/Cell_YICKIF.gmol,68,
1-Iron/Cell_YICKIF.gmol,69,
1-Iron/Cell_YICKIF.gmol,70,
1-Iron/Cell_YICKIF.gmol,71,
8-Copper/Cell_FIHXIE.gmol,0,
8-Copper/Cell_FIHXIE.gmol,1,
8-Copper/Cell_FIHXIE.gmol,2,
8-Copper/Cell_FIHXIE.gmol,3,
8-Copper/Cell_FIHXIE.gmol,4,
8-Copper/Cell_FIHXIE.gmol,5,
8-Copper/Cell_FIHXIE.gmol,6,
8-Copper/Cell_FIHXIE.gmol,7,
8-Copper/Cell_FIHXIE.gmol,8,
8-Copper/Cell_FIHXIE.gmol,9,
8-Copper/Cell_FIHXIE.gmol,10,
8-Copper/Cell_FIHXIE.gmol,11,
7-Nickel/Cell_ULUZAE.gmol,0,
7-Nickel/Cell_ULUZAE.gmol,1,
7-Nickel/Cell_ULUZAE.gmol,2,
7-Nickel/Cell_ULUZAE.gmol,3,
8-Copper/Cell_SITHIN.gmol,0,
8-Copper/Cell_SITHIN.gmol,1,
8-Copper/Cell_SITHIN.gmol,2,
8-Copper/Cell_SITHIN.gmol,3,
6-Cobalt/Cell_YEFRIN.gmol,0,
6-Cobalt/Cell_YEFRIN.gmol,1,
8-Copper/Cell_PEPFUO.gmol,0,
8-Copper/Cell_PEPFUO.gmol,1,
8-Copper/Cell_SURKOG.gmol,0,
8-Copper/Cell_SURKOG.gmol,1,
8-Copper/Cell_SURKOG.gmol,2,
8-Copper/Cell_SURKOG.gmol,3,
8-Copper/Cell_SURKOG.gmol,4,
8-Copper/Cell_SURKOG.gmol,5,
8-Copper/Cell_SURKOG.gmol,6,
8-Copper/Cell_SURKOG.gmol,7,
8-Copper/Cell_SURKOG.gmol,8,
8-Copper/Cell_SURKOG.gmol,9,
8-Copper/Cell_SURKOG.gmol,10,
8-Copper/Cell_SURKOG.gmol,11,
8-Copper/Cell_SURKOG.gmol,12,
8-Copper/Cell_SURKOG.gmol,13,
8-Copper/Cell_SURKOG.gmol,14,
8-Copper/Cell_SURKOG.gmol,15,
6-Cobalt/Cell_DIYMIH.gmol,0,
6-Cobalt/Cell_DIYMIH.gmol,1,
6-Cobalt/Cell_DIYMIH.gmol,2,
6-Cobalt/Cell_DIYMIH.gmol,3,
6-Cobalt/Cell_DIYMIH.gmol,4,
6-Cobalt/Cell_DIYMIH.gmol,5,
6-Cobalt/Cell_DIYMIH.gmol,6,
6-Cobalt/Cell_DIYMIH.gmol,7,
3-Ruthenium/Cell_DAZDOX.gmol,0,
3-Ruthenium/Cell_DAZDOX.gmol,1,
3-Ruthenium/Cell_DAZDOX.gmol,2,
3-Ruthenium/Cell_DAZDOX.gmol,3,
8-Copper/Cell_IYOXEZ.gmol,0,
8-Copper/Cell_IYOXEZ.gmol,1,
8-Copper/Cell_IYOXEZ.gmol,2,
8-Copper/Cell_IYOXEZ.gmol,3,
8-Copper/Cell_IYOXEZ.gmol,4,
8-Copper/Cell_IYOXEZ.gmol,5,
8-Copper/Cell_IYOXEZ.gmol,6,
8-Copper/Cell_IYOXEZ.gmol,7,
8-Copper/Cell_IYOXEZ.gmol,8,
8-Copper/Cell_IYOXEZ.gmol,9,
8-Copper/Cell_IYOXEZ.gmol,10,
8-Copper/Cell_IYOXEZ.gmol,11,
5-Chromium/Cell_JUVYOO.gmol,0,
5-Chromium/Cell_JUVYOO.gmol,1,
3-Ruthenium/Cell_IDETEQ.gmol,0,
3-Ruthenium/Cell_IDETEQ.gmol,1,
3-Ruthenium/Cell_HEXGAT.gmol,0,
3-Ruthenium/Cell_HEXGAT.gmol,1,
3-Ruthenium/Cell_HEXGAT.gmol,2,
3-Ruthenium/Cell_HEXGAT.gmol,3,
7-Nickel/Cell_HOSXUK.gmol,0,
7-Nickel/Cell_HOSXUK.gmol,1,
7-Nickel/Cell_HOSXUK.gmol,2,
7-Nickel/Cell_HOSXUK.gmol,3,
7-Nickel/Cell_HOSXUK.gmol,4,
7-Nickel/Cell_HOSXUK.gmol,5,
7-Nickel/Cell_HOSXUK.gmol,6,
7-Nickel/Cell_HOSXUK.gmol,7,
5-Chromium/Cell_HURYOJ.gmol,0,
5-Chromium/Cell_HURYOJ.gmol,1,
5-Chromium/Cell_HURYOJ.gmol,2,
5-Chromium/Cell_HURYOJ.gmol,3,
8-Copper/Cell_JAGKEK.gmol,0,
8-Copper/Cell_JAGKEK.gmol,1,
8-Copper/Cell_JAGKEK.gmol,2,
8-Copper/Cell_JAGKEK.gmol,3,
8-Copper/Cell_JAGKEK.gmol,4,
8-Copper/Cell_JAGKEK.gmol,5,
8-Copper/Cell_JAGKEK.gmol,6,
8-Copper/Cell_JAGKEK.gmol,7,
4-Rhenium/Cell_QAGTUO.gmol,0,
4-Rhenium/Cell_QAGTUO.gmol,1,
4-Rhenium/Cell_QAGTUO.gmol,2,
4-Rhenium/Cell_QAGTUO.gmol,3,
8-Copper/Cell_OHAYIF.gmol,0,
8-Copper/Cell_OHAYIF.gmol,1,
4-Rhenium/Cell_DAMHUW.gmol,0,
4-Rhenium/Cell_DAMHUW.gmol,1,
4-Rhenium/Cell_DAMHUW.gmol,2,
4-Rhenium/Cell_DAMHUW.gmol,3,
8-Copper/Cell_MOQYEX.gmol,0,
8-Copper/Cell_MOQYEX.gmol,1,
8-Copper/Cell_MOQYEX.gmol,2,
8-Copper/Cell_MOQYEX.gmol,3,
8-Copper/Cell_MOQYEX.gmol,4,
8-Copper/Cell_MOQYEX.gmol,5,
8-Copper/Cell_MOQYEX.gmol,6,
8-Copper/Cell_MOQYEX.gmol,7,
8-Copper/Cell_YAYQUN.gmol,0,
8-Copper/Cell_YAYQUN.gmol,1,
8-Copper/Cell_YAYQUN.gmol,2,
8-Copper/Cell_YAYQUN.gmol,3,
1-Iron/Cell_MOWTUO.gmol,0,
1-Iron/Cell_MOWTUO.gmol,1,
1-Iron/Cell_MOWTUO.gmol,2,
1-Iron/Cell_MOWTUO.gmol,3,
8-Copper/Cell_YEDWUC.gmol,0,
8-Copper/Cell_YEDWUC.gmol,1,
2-Manganese/Cell_HEWQAC.gmol,0,
8-Copper/Cell_LEJVAY.gmol,0,
8-Copper/Cell_LEJVAY.gmol,1,
8-Copper/Cell_LEJVAY.gmol,2,
8-Copper/Cell_LEJVAY.gmol,3,
8-Copper/Cell_TUKKUG.gmol,0,
8-Copper/Cell_TUKKUG.gmol,1,
2-Manganese/Cell_NUNTAR.gmol,0,
2-Manganese/Cell_NUNTAR.gmol,1,
2-Manganese/Cell_NUNTAR.gmol,2,
2-Manganese/Cell_NUNTAR.gmol,3,
2-Manganese/Cell_NUNTAR.gmol,4,
2-Manganese/Cell_NUNTAR.gmol,5,
2-Manganese/Cell_NUNTAR.gmol,6,
2-Manganese/Cell_NUNTAR.gmol,7,
2-Manganese/Cell_NUNTAR.gmol,8,
2-Manganese/Cell_NUNTAR.gmol,9,
2-Manganese/Cell_NUNTAR.gmol,10,
2-Manganese/Cell_NUNTAR.gmol,11,
8-Copper/Cell_VUMGAN.gmol,0,
8-Copper/Cell_VUMGAN.gmol,1,
7-Nickel/Cell_MUMPAL.gmol,0,
7-Nickel/Cell_MUMPAL.gmol,1,
7-Nickel/Cell_MUMPAL.gmol,2,
7-Nickel/Cell_MUMPAL.gmol,3,
7-Nickel/Cell_MUMPAL.gmol,4,
7-Nickel/Cell_MUMPAL.gmol,5,
7-Nickel/Cell_MUMPAL.gmol,6,
7-Nickel/Cell_MUMPAL.gmol,7,
1-Iron/Cell_NEGPUL.gmol,0,
1-Iron/Cell_NEGPUL.gmol,1,
1-Iron/Cell_NEGPUL.gmol,2,
1-Iron/Cell_NEGPUL.gmol,3,
1-Iron/Cell_NEGPUL.gmol,4,
1-Iron/Cell_NEGPUL.gmol,5,
1-Iron/Cell_NEGPUL.gmol,6,
1-Iron/Cell_NEGPUL.gmol,7,
1-Iron/Cell_NEGPUL.gmol,8,
1-Iron/Cell_NEGPUL.gmol,9,
1-Iron/Cell_NEGPUL.gmol,10,
1-Iron/Cell_NEGPUL.gmol,11,
1-Iron/Cell_HEYPAC.gmol,0,
1-Iron/Cell_HEYPAC.gmol,1,
1-Iron/Cell_HEYPAC.gmol,2,
1-Iron/Cell_HEYPAC.gmol,3,
1-Iron/Cell_HEYPAC.gmol,4,
1-Iron/Cell_HEYPAC.gmol,5,
1-Iron/Cell_HEYPAC.gmol,6,
1-Iron/Cell_HEYPAC.gmol,7,
1-Iron/Cell_VEXFEL.gmol,0,
1-Iron/Cell_VEXFEL.gmol,1,
1-Iron/Cell_VEXFEL.gmol,2,
1-Iron/Cell_VEXFEL.gmol,3,
6-Cobalt/Cell_TAHTEE01.gmol,0,
6-Cobalt/Cell_TAHTEE01.gmol,1,
8-Copper/Cell_LOXXIH.gmol,0,
8-Copper/Cell_LOXXIH.gmol,1,
8-Copper/Cell_LOXXIH.gmol,2,
8-Copper/Cell_LOXXIH.gmol,3,
2-Manganese/Cell_YOGPAM.gmol,0,
2-Manganese/Cell_YOGPAM.gmol,1,
7-Nickel/Cell_WIMHUV.gmol,0,
7-Nickel/Cell_WIMHUV.gmol,1,
7-Nickel/Cell_WIMHUV.gmol,2,
7-Nickel/Cell_WIMHUV.gmol,3,
7-Nickel/Cell_WIMHUV.gmol,4,
7-Nickel/Cell_WIMHUV.gmol,5,
7-Nickel/Cell_WIMHUV.gmol,6,
7-Nickel/Cell_WIMHUV.gmol,7,
5-Chromium/Cell_RADBAA.gmol,0,
5-Chromium/Cell_RADBAA.gmol,1,
5-Chromium/Cell_RADBAA.gmol,2,
5-Chromium/Cell_RADBAA.gmol,3,
5-Chromium/Cell_RADBAA.gmol,4,
5-Chromium/Cell_RADBAA.gmol,5,
5-Chromium/Cell_RADBAA.gmol,6,
5-Chromium/Cell_RADBAA.gmol,7,
7-Nickel/Cell_KAPBEK.gmol,0,
7-Nickel/Cell_YUNGAS.gmol,0,
7-Nickel/Cell_YUNGAS.gmol,1,
7-Nickel/Cell_YUNGAS.gmol,2,
7-Nickel/Cell_YUNGAS.gmol,3,
7-Nickel/Cell_YUNGAS.gmol,4,
7-Nickel/Cell_YUNGAS.gmol,5,
7-Nickel/Cell_YUNGAS.gmol,6,
7-Nickel/Cell_YUNGAS.gmol,7,
7-Nickel/Cell_YUNGAS.gmol,8,
7-Nickel/Cell_YUNGAS.gmol,9,
7-Nickel/Cell_YUNGAS.gmol,10,
7-Nickel/Cell_YUNGAS.gmol,11,
8-Copper/Cell_BOSDUK.gmol,0,
8-Copper/Cell_BOSDUK.gmol,1,
1-Iron/Cell_GIWCOH.gmol,0,
1-Iron/Cell_GIWCOH.gmol,1,
1-Iron/Cell_GIWCOH.gmol,2,
1-Iron/Cell_GIWCOH.gmol,3,
1-Iron/Cell_GIWCOH.gmol,4,
1-Iron/Cell_GIWCOH.gmol,5,
1-Iron/Cell_GIWCOH.gmol,6,
1-Iron/Cell_GIWCOH.gmol,7,
1-Iron/Cell_DEYZIS.gmol,0,
1-Iron/Cell_DEYZIS.gmol,1,
1-Iron/Cell_DEYZIS.gmol,2,
1-Iron/Cell_DEYZIS.gmol,3,
1-Iron/Cell_DEYZIS.gmol,4,
1-Iron/Cell_DEYZIS.gmol,5,
1-Iron/Cell_DEYZIS.gmol,6,
1-Iron/Cell_DEYZIS.gmol,7,
2-Manganese/Cell_JUHQIM.gmol,0,
2-Manganese/Cell_JUHQIM.gmol,1,
2-Manganese/Cell_JUHQIM.gmol,2,
2-Manganese/Cell_JUHQIM.gmol,3,
1-Iron/Cell_OXAKUU.gmol,0,
1-Iron/Cell_OXAKUU.gmol,1,
1-Iron/Cell_OXAKUU.gmol,2,
1-Iron/Cell_OXAKUU.gmol,3,
7-Nickel/Cell_ZENNUE.gmol,0,
7-Nickel/Cell_ZENNUE.gmol,1,
7-Nickel/Cell_ZENNUE.gmol,2,
7-Nickel/Cell_ZENNUE.gmol,3,
7-Nickel/Cell_ZENNUE.gmol,4,
7-Nickel/Cell_ZENNUE.gmol,5,
7-Nickel/Cell_ZENNUE.gmol,6,
7-Nickel/Cell_ZENNUE.gmol,7,
7-Nickel/Cell_ZENNUE.gmol,8,
7-Nickel/Cell_ZENNUE.gmol,9,
7-Nickel/Cell_ZENNUE.gmol,10,
7-Nickel/Cell_ZENNUE.gmol,11,
7-Nickel/Cell_ZENNUE.gmol,12,
7-Nickel/Cell_ZENNUE.gmol,13,
7-Nickel/Cell_ZENNUE.gmol,14,
7-Nickel/Cell_ZENNUE.gmol,15,
8-Copper/Cell_LESREG.gmol,0,
8-Copper/Cell_LESREG.gmol,1,
8-Copper/Cell_LESREG.gmol,2,
8-Copper/Cell_LESREG.gmol,3,
8-Copper/Cell_LESREG.gmol,4,
8-Copper/Cell_LESREG.gmol,5,
8-Copper/Cell_LESREG.gmol,6,
8-Copper/Cell_LESREG.gmol,7,
8-Copper/Cell_JORBOH.gmol,0,
8-Copper/Cell_JORBOH.gmol,1,
8-Copper/Cell_JORBOH.gmol,2,
8-Copper/Cell_JORBOH.gmol,3,
8-Copper/Cell_GUYRUN.gmol,0,
8-Copper/Cell_GUYRUN.gmol,1,
8-Copper/Cell_MAEPCU.gmol,0,
8-Copper/Cell_MAEPCU.gmol,1,
8-Copper/Cell_MAEPCU.gmol,2,
8-Copper/Cell_MAEPCU.gmol,3,
8-Copper/Cell_JEDQAL.gmol,0,
8-Copper/Cell_JEDQAL.gmol,1,
8-Copper/Cell_JEDQAL.gmol,2,
8-Copper/Cell_JEDQAL.gmol,3,
8-Copper/Cell_JEDQAL.gmol,4,
8-Copper/Cell_JEDQAL.gmol,5,
8-Copper/Cell_JEDQAL.gmol,6,
8-Copper/Cell_JEDQAL.gmol,7,
8-Copper/Cell_JEDQAL.gmol,8,
8-Copper/Cell_JEDQAL.gmol,9,
8-Copper/Cell_JEDQAL.gmol,10,
8-Copper/Cell_JEDQAL.gmol,11,
8-Copper/Cell_JEDQAL.gmol,12,
8-Copper/Cell_JEDQAL.gmol,13,
8-Copper/Cell_JEDQAL.gmol,14,
8-Copper/Cell_JEDQAL.gmol,15,
7-Nickel/Cell_SIXJAL.gmol,0,
7-Nickel/Cell_SIXJAL.gmol,1,
7-Nickel/Cell_SIXJAL.gmol,2,
7-Nickel/Cell_SIXJAL.gmol,3,
7-Nickel/Cell_DUHGIX.gmol,0,
7-Nickel/Cell_DUHGIX.gmol,1,
7-Nickel/Cell_DUHGIX.gmol,2,
7-Nickel/Cell_DUHGIX.gmol,3,
8-Copper/Cell_XECQUS.gmol,0,
3-Ruthenium/Cell_JOSRIS.gmol,0,
3-Ruthenium/Cell_JOSRIS.gmol,1,
3-Ruthenium/Cell_JOSRIS.gmol,2,
3-Ruthenium/Cell_JOSRIS.gmol,3,
3-Ruthenium/Cell_JOSRIS.gmol,4,
3-Ruthenium/Cell_JOSRIS.gmol,5,
1-Iron/Cell_XAGBOW.gmol,0,
1-Iron/Cell_XAGBOW.gmol,1,
1-Iron/Cell_XAGBOW.gmol,2,
1-Iron/Cell_XAGBOW.gmol,3,
3-Ruthenium/Cell_SOTLAP.gmol,0,
3-Ruthenium/Cell_SOTLAP.gmol,1,
3-Ruthenium/Cell_SOTLAP.gmol,2,
3-Ruthenium/Cell_SOTLAP.gmol,3,
4-Rhenium/Cell_PECBUV.gmol,0,
4-Rhenium/Cell_PECBUV.gmol,1,
2-Manganese/Cell_GUXNOD.gmol,0,
2-Manganese/Cell_GUXNOD.gmol,1,
2-Manganese/Cell_GUXNOD.gmol,2,
2-Manganese/Cell_GUXNOD.gmol,3,
1-Iron/Cell_DOPQOQ.gmol,0,
1-Iron/Cell_DOPQOQ.gmol,1,
1-Iron/Cell_DOPQOQ.gmol,2,
1-Iron/Cell_DOPQOQ.gmol,3,
1-Iron/Cell_DOPQOQ.gmol,4,
1-Iron/Cell_DOPQOQ.gmol,5,
1-Iron/Cell_DOPQOQ.gmol,6,
1-Iron/Cell_DOPQOQ.gmol,7,
1-Iron/Cell_DOPQOQ.gmol,8,
1-Iron/Cell_DOPQOQ.gmol,9,
1-Iron/Cell_DOPQOQ.gmol,10,
1-Iron/Cell_DOPQOQ.gmol,11,
1-Iron/Cell_DOPQOQ.gmol,12,
1-Iron/Cell_DOPQOQ.gmol,13,
1-Iron/Cell_DOPQOQ.gmol,14,
1-Iron/Cell_DOPQOQ.gmol,15,
1-Iron/Cell_DOPQOQ.gmol,16,
1-Iron/Cell_DOPQOQ.gmol,17,
1-Iron/Cell_DOPQOQ.gmol,18,
1-Iron/Cell_DOPQOQ.gmol,19,
7-Nickel/Cell_UFEYOW.gmol,0,
7-Nickel/Cell_UFEYOW.gmol,1,
7-Nickel/Cell_UFEYOW.gmol,2,
7-Nickel/Cell_UFEYOW.gmol,3,
6-Cobalt/Cell_JESXAJ.gmol,0,
6-Cobalt/Cell_JESXAJ.gmol,1,
6-Cobalt/Cell_JESXAJ.gmol,2,
6-Cobalt/Cell_JESXAJ.gmol,3,
6-Cobalt/Cell_JESXAJ.gmol,4,
6-Cobalt/Cell_JESXAJ.gmol,5,
6-Cobalt/Cell_JESXAJ.gmol,6,
6-Cobalt/Cell_JESXAJ.gmol,7,
6-Cobalt/Cell_JESXAJ.gmol,8,
6-Cobalt/Cell_JESXAJ.gmol,9,
6-Cobalt/Cell_JESXAJ.gmol,10,
6-Cobalt/Cell_JESXAJ.gmol,11,
3-Ruthenium/Cell_PAKFUD.gmol,0,
3-Ruthenium/Cell_PAKFUD.gmol,1,
3-Ruthenium/Cell_PAKFUD.gmol,2,
3-Ruthenium/Cell_PAKFUD.gmol,3,
3-Ruthenium/Cell_PAKFUD.gmol,4,
3-Ruthenium/Cell_PAKFUD.gmol,5,
3-Ruthenium/Cell_PAKFUD.gmol,6,
3-Ruthenium/Cell_PAKFUD.gmol,7,
3-Ruthenium/Cell_PAKFUD.gmol,8,
3-Ruthenium/Cell_PAKFUD.gmol,9,
3-Ruthenium/Cell_PAKFUD.gmol,10,
3-Ruthenium/Cell_PAKFUD.gmol,11,
7-Nickel/Cell_AIBXNI.gmol,0,
7-Nickel/Cell_AIBXNI.gmol,1,
7-Nickel/Cell_AIBXNI.gmol,2,
7-Nickel/Cell_AIBXNI.gmol,3,
7-Nickel/Cell_AIBXNI.gmol,4,
7-Nickel/Cell_AIBXNI.gmol,5,
6-Cobalt/Cell_QAFKOA.gmol,0,
6-Cobalt/Cell_QAFKOA.gmol,1,
6-Cobalt/Cell_QAFKOA.gmol,2,
6-Cobalt/Cell_QAFKOA.gmol,3,
7-Nickel/Cell_CERYUT.gmol,0,
7-Nickel/Cell_CERYUT.gmol,1,
7-Nickel/Cell_CERYUT.gmol,2,
7-Nickel/Cell_CERYUT.gmol,3,
7-Nickel/Cell_RENJIE.gmol,0,
7-Nickel/Cell_RENJIE.gmol,1,
7-Nickel/Cell_RENJIE.gmol,2,
7-Nickel/Cell_RENJIE.gmol,3,
7-Nickel/Cell_RENJIE.gmol,4,
7-Nickel/Cell_RENJIE.gmol,5,
7-Nickel/Cell_RENJIE.gmol,6,
7-Nickel/Cell_RENJIE.gmol,7,
8-Copper/Cell_CAQDEF.gmol,0,
8-Copper/Cell_CAQDEF.gmol,1,
8-Copper/Cell_CAQDEF.gmol,2,
8-Copper/Cell_CAQDEF.gmol,3,
8-Copper/Cell_CAQDEF.gmol,4,
8-Copper/Cell_CAQDEF.gmol,5,
8-Copper/Cell_CAQDEF.gmol,6,
8-Copper/Cell_CAQDEF.gmol,7,
8-Copper/Cell_CAQDEF.gmol,8,
8-Copper/Cell_CAQDEF.gmol,9,
8-Copper/Cell_CAQDEF.gmol,10,
8-Copper/Cell_CAQDEF.gmol,11,
8-Copper/Cell_CAQDEF.gmol,12,
8-Copper/Cell_CAQDEF.gmol,13,
8-Copper/Cell_CAQDEF.gmol,14,
8-Copper/Cell_CAQDEF.gmol,15,
8-Copper/Cell_CAQDEF.gmol,16,
8-Copper/Cell_CAQDEF.gmol,17,
8-Copper/Cell_CAQDEF.gmol,18,
8-Copper/Cell_CAQDEF.gmol,19,
8-Copper/Cell_CAQDEF.gmol,20,
8-Copper/Cell_CAQDEF.gmol,21,
8-Copper/Cell_CAQDEF.gmol,22,
8-Copper/Cell_CAQDEF.gmol,23,
6-Cobalt/Cell_MERSEK.gmol,0,
6-Cobalt/Cell_MERSEK.gmol,1,
6-Cobalt/Cell_MERSEK.gmol,2,
6-Cobalt/Cell_MERSEK.gmol,3,
6-Cobalt/Cell_MERSEK.gmol,4,
6-Cobalt/Cell_MERSEK.gmol,5,
8-Copper/Cell_BEPDAC.gmol,0,
8-Copper/Cell_BEPDAC.gmol,1,
8-Copper/Cell_BEPDAC.gmol,2,
8-Copper/Cell_BEPDAC.gmol,3,
8-Copper/Cell_BEPDAC.gmol,4,
8-Copper/Cell_BEPDAC.gmol,5,
7-Nickel/Cell_FUZTUS.gmol,0,
7-Nickel/Cell_FUZTUS.gmol,1,
7-Nickel/Cell_FUZTUS.gmol,2,
7-Nickel/Cell_FUZTUS.gmol,3,
4-Rhenium/Cell_KEVZER.gmol,0,
4-Rhenium/Cell_KEVZER.gmol,1,
1-Iron/Cell_MIJJUN.gmol,0,
1-Iron/Cell_MIJJUN.gmol,1,
1-Iron/Cell_MIJJUN.gmol,2,
1-Iron/Cell_MIJJUN.gmol,3,
1-Iron/Cell_MIJJUN.gmol,4,
1-Iron/Cell_MIJJUN.gmol,5,
1-Iron/Cell_MIJJUN.gmol,6,
1-Iron/Cell_MIJJUN.gmol,7,
7-Nickel/Cell_ZESKOA.gmol,0,
7-Nickel/Cell_ZESKOA.gmol,1,
7-Nickel/Cell_ZESKOA.gmol,2,
7-Nickel/Cell_ZESKOA.gmol,3,
7-Nickel/Cell_ZESKOA.gmol,4,
7-Nickel/Cell_ZESKOA.gmol,5,
7-Nickel/Cell_ZESKOA.gmol,6,
7-Nickel/Cell_ZESKOA.gmol,7,
7-Nickel/Cell_ORETEN.gmol,0,
7-Nickel/Cell_ORETEN.gmol,1,
7-Nickel/Cell_ORETEN.gmol,2,
7-Nickel/Cell_ORETEN.gmol,3,
7-Nickel/Cell_ORETEN.gmol,4,
7-Nickel/Cell_ORETEN.gmol,5,
8-Copper/Cell_XAGYAI.gmol,0,
7-Nickel/Cell_LIYCUU.gmol,0,
7-Nickel/Cell_LIYCUU.gmol,1,
7-Nickel/Cell_LIYCUU.gmol,2,
7-Nickel/Cell_LIYCUU.gmol,3,
7-Nickel/Cell_LIYCUU.gmol,4,
7-Nickel/Cell_LIYCUU.gmol,5,
7-Nickel/Cell_LIYCUU.gmol,6,
7-Nickel/Cell_LIYCUU.gmol,7,
7-Nickel/Cell_LIYCUU.gmol,8,
7-Nickel/Cell_LIYCUU.gmol,9,
7-Nickel/Cell_LIYCUU.gmol,10,
7-Nickel/Cell_LIYCUU.gmol,11,
8-Copper/Cell_ROFYUI.gmol,0,
8-Copper/Cell_ROFYUI.gmol,1,
8-Copper/Cell_ROFYUI.gmol,2,
8-Copper/Cell_ROFYUI.gmol,3,
8-Copper/Cell_ATUSEN.gmol,0,
8-Copper/Cell_ATUSEN.gmol,1,
8-Copper/Cell_ATUSEN.gmol,2,
8-Copper/Cell_ATUSEN.gmol,3,
8-Copper/Cell_ATUSEN.gmol,4,
8-Copper/Cell_ATUSEN.gmol,5,
8-Copper/Cell_ATUSEN.gmol,6,
8-Copper/Cell_ATUSEN.gmol,7,
8-Copper/Cell_ATUSEN.gmol,8,
8-Copper/Cell_ATUSEN.gmol,9,
8-Copper/Cell_ATUSEN.gmol,10,
8-Copper/Cell_ATUSEN.gmol,11,
8-Copper/Cell_ATUSEN.gmol,12,
8-Copper/Cell_ATUSEN.gmol,13,
8-Copper/Cell_ATUSEN.gmol,14,
8-Copper/Cell_ATUSEN.gmol,15,
8-Copper/Cell_ATUSEN.gmol,16,
8-Copper/Cell_ATUSEN.gmol,17,
8-Copper/Cell_ATUSEN.gmol,18,
8-Copper/Cell_ATUSEN.gmol,19,
8-Copper/Cell_ATUSEN.gmol,20,
8-Copper/Cell_ATUSEN.gmol,21,
8-Copper/Cell_ATUSEN.gmol,22,
8-Copper/Cell_ATUSEN.gmol,23,
8-Copper/Cell_ATUSEN.gmol,24,
8-Copper/Cell_ATUSEN.gmol,25,
8-Copper/Cell_ATUSEN.gmol,26,
8-Copper/Cell_ATUSEN.gmol,27,
8-Copper/Cell_ATUSEN.gmol,28,
8-Copper/Cell_ATUSEN.gmol,29,
7-Nickel/Cell_GEYVIP.gmol,0,
7-Nickel/Cell_GEYVIP.gmol,1,
7-Nickel/Cell_GEYVIP.gmol,2,
7-Nickel/Cell_GEYVIP.gmol,3,
7-Nickel/Cell_GEYVIP.gmol,4,
7-Nickel/Cell_GEYVIP.gmol,5,
7-Nickel/Cell_GIDQUH.gmol,0,
7-Nickel/Cell_GIDQUH.gmol,1,
7-Nickel/Cell_GIDQUH.gmol,2,
7-Nickel/Cell_GIDQUH.gmol,3,
7-Nickel/Cell_GIDQUH.gmol,4,
7-Nickel/Cell_GIDQUH.gmol,5,
7-Nickel/Cell_GIDQUH.gmol,6,
7-Nickel/Cell_GIDQUH.gmol,7,
7-Nickel/Cell_GIDQUH.gmol,8,
7-Nickel/Cell_GIDQUH.gmol,9,
7-Nickel/Cell_GIDQUH.gmol,10,
7-Nickel/Cell_GIDQUH.gmol,11,
7-Nickel/Cell_GIDQUH.gmol,12,
7-Nickel/Cell_GIDQUH.gmol,13,
7-Nickel/Cell_GIDQUH.gmol,14,
7-Nickel/Cell_GIDQUH.gmol,15,
7-Nickel/Cell_GIDQUH.gmol,16,
7-Nickel/Cell_GIDQUH.gmol,17,
7-Nickel/Cell_GIDQUH.gmol,18,
7-Nickel/Cell_GIDQUH.gmol,19,
7-Nickel/Cell_GIDQUH.gmol,20,
7-Nickel/Cell_GIDQUH.gmol,21,
7-Nickel/Cell_GIDQUH.gmol,22,
7-Nickel/Cell_GIDQUH.gmol,23,
7-Nickel/Cell_QOZBEP.gmol,0,
7-Nickel/Cell_QOZBEP.gmol,1,
8-Copper/Cell_GAJFAA.gmol,0,
8-Copper/Cell_GAJFAA.gmol,1,
8-Copper/Cell_GAJFAA.gmol,2,
8-Copper/Cell_GAJFAA.gmol,3,
8-Copper/Cell_NUNZUS.gmol,0,
8-Copper/Cell_NUNZUS.gmol,1,
7-Nickel/Cell_MARNEB.gmol,0,
7-Nickel/Cell_MARNEB.gmol,1,
7-Nickel/Cell_MARNEB.gmol,2,
7-Nickel/Cell_MARNEB.gmol,3,
7-Nickel/Cell_MARNEB.gmol,4,
7-Nickel/Cell_MARNEB.gmol,5,
6-Cobalt/Cell_GASLOE.gmol,0,
6-Cobalt/Cell_GASLOE.gmol,1,
6-Cobalt/Cell_GASLOE.gmol,2,
6-Cobalt/Cell_GASLOE.gmol,3,
6-Cobalt/Cell_GASLOE.gmol,4,
6-Cobalt/Cell_GASLOE.gmol,5,
6-Cobalt/Cell_GASLOE.gmol,6,
6-Cobalt/Cell_GASLOE.gmol,7,
6-Cobalt/Cell_GASLOE.gmol,8,
6-Cobalt/Cell_GASLOE.gmol,9,
6-Cobalt/Cell_GASLOE.gmol,10,
6-Cobalt/Cell_GASLOE.gmol,11,
4-Rhenium/Cell_MIYROC.gmol,0,
4-Rhenium/Cell_MIYROC.gmol,1,
4-Rhenium/Cell_MIYROC.gmol,2,
4-Rhenium/Cell_MIYROC.gmol,3,
8-Copper/Cell_GATZAE.gmol,0,
8-Copper/Cell_GATZAE.gmol,1,
8-Copper/Cell_GATZAE.gmol,2,
8-Copper/Cell_GATZAE.gmol,3,
7-Nickel/Cell_UKEPAB.gmol,0,
7-Nickel/Cell_UKEPAB.gmol,1,
7-Nickel/Cell_UKEPAB.gmol,2,
1-Iron/Cell_JEWTEL.gmol,0,
1-Iron/Cell_JEWTEL.gmol,1,
2-Manganese/Cell_NIWTOC.gmol,0,
2-Manganese/Cell_NIWTOC.gmol,1,
2-Manganese/Cell_NIWTOC.gmol,2,
2-Manganese/Cell_NIWTOC.gmol,3,
2-Manganese/Cell_NIWTOC.gmol,4,
2-Manganese/Cell_NIWTOC.gmol,5,
8-Copper/Cell_LOFRUV.gmol,0,
8-Copper/Cell_LOFRUV.gmol,1,
8-Copper/Cell_WAKJUN.gmol,0,
8-Copper/Cell_WAKJUN.gmol,1,
8-Copper/Cell_WAKJUN.gmol,2,
8-Copper/Cell_WAKJUN.gmol,3,
8-Copper/Cell_WAKJUN.gmol,4,
8-Copper/Cell_WAKJUN.gmol,5,
8-Copper/Cell_KIQNAZ.gmol,0,
8-Copper/Cell_KIQNAZ.gmol,1,
8-Copper/Cell_KIQNAZ.gmol,2,
8-Copper/Cell_KIQNAZ.gmol,3,
8-Copper/Cell_KIQNAZ.gmol,4,
8-Copper/Cell_KIQNAZ.gmol,5,
8-Copper/Cell_KIQNAZ.gmol,6,
8-Copper/Cell_KIQNAZ.gmol,7,
8-Copper/Cell_KIQNAZ.gmol,8,
8-Copper/Cell_KIQNAZ.gmol,9,
8-Copper/Cell_KIQNAZ.gmol,10,
8-Copper/Cell_KIQNAZ.gmol,11,
4-Rhenium/Cell_OKOJIJ.gmol,0,
4-Rhenium/Cell_OKOJIJ.gmol,1,
4-Rhenium/Cell_OKOJIJ.gmol,2,
4-Rhenium/Cell_OKOJIJ.gmol,3,
8-Copper/Cell_ELUBAQ.gmol,0,
8-Copper/Cell_ELUBAQ.gmol,1,
8-Copper/Cell_ELUBAQ.gmol,2,
8-Copper/Cell_ELUBAQ.gmol,3,
8-Copper/Cell_ELUBAQ.gmol,4,
8-Copper/Cell_ELUBAQ.gmol,5,
8-Copper/Cell_ELUBAQ.gmol,6,
8-Copper/Cell_ELUBAQ.gmol,7,
8-Copper/Cell_ELUBAQ.gmol,8,
8-Copper/Cell_ELUBAQ.gmol,9,
8-Copper/Cell_ELUBAQ.gmol,10,
8-Copper/Cell_ELUBAQ.gmol,11,
8-Copper/Cell_ELUBAQ.gmol,12,
8-Copper/Cell_ELUBAQ.gmol,13,
8-Copper/Cell_ELUBAQ.gmol,14,
8-Copper/Cell_ELUBAQ.gmol,15,
8-Copper/Cell_ELUBAQ.gmol,16,
8-Copper/Cell_ELUBAQ.gmol,17,
8-Copper/Cell_ELUBAQ.gmol,18,
8-Copper/Cell_ELUBAQ.gmol,19,
8-Copper/Cell_ELUBAQ.gmol,20,
7-Nickel/Cell_PIBPOH.gmol,0,
7-Nickel/Cell_PIBPOH.gmol,1,
7-Nickel/Cell_PIBPOH.gmol,2,
7-Nickel/Cell_PIBPOH.gmol,3,
7-Nickel/Cell_PIBPOH.gmol,4,
7-Nickel/Cell_PIBPOH.gmol,5,
7-Nickel/Cell_PIBPOH.gmol,6,
7-Nickel/Cell_PIBPOH.gmol,7,
7-Nickel/Cell_PIBPOH.gmol,8,
7-Nickel/Cell_PIBPOH.gmol,9,
7-Nickel/Cell_PIBPOH.gmol,10,
7-Nickel/Cell_PIBPOH.gmol,11,
8-Copper/Cell_BAPLUA.gmol,0,
8-Copper/Cell_BAPLUA.gmol,1,
3-Ruthenium/Cell_NIJWUZ.gmol,0,
3-Ruthenium/Cell_NIJWUZ.gmol,1,
3-Ruthenium/Cell_NIJWUZ.gmol,2,
3-Ruthenium/Cell_NIJWUZ.gmol,3,
3-Ruthenium/Cell_NIJWUZ.gmol,4,
3-Ruthenium/Cell_NIJWUZ.gmol,5,
3-Ruthenium/Cell_NIJWUZ.gmol,6,
3-Ruthenium/Cell_NIJWUZ.gmol,7,
3-Ruthenium/Cell_NIJWUZ.gmol,8,
3-Ruthenium/Cell_NIJWUZ.gmol,9,
3-Ruthenium/Cell_NIJWUZ.gmol,10,
3-Ruthenium/Cell_NIJWUZ.gmol,11,
3-Ruthenium/Cell_NIJWUZ.gmol,12,
3-Ruthenium/Cell_NIJWUZ.gmol,13,
3-Ruthenium/Cell_NIJWUZ.gmol,14,
3-Ruthenium/Cell_NIJWUZ.gmol,15,
3-Ruthenium/Cell_NIJWUZ.gmol,16,
3-Ruthenium/Cell_NIJWUZ.gmol,17,
3-Ruthenium/Cell_NIJWUZ.gmol,18,
3-Ruthenium/Cell_NIJWUZ.gmol,19,
3-Ruthenium/Cell_VIHSOX.gmol,0,
3-Ruthenium/Cell_VIHSOX.gmol,1,
3-Ruthenium/Cell_VIHSOX.gmol,2,
3-Ruthenium/Cell_VIHSOX.gmol,3,
7-Nickel/Cell_YEPNOX.gmol,0,
7-Nickel/Cell_YEPNOX.gmol,1,
7-Nickel/Cell_YEPNOX.gmol,2,
7-Nickel/Cell_YEPNOX.gmol,3,
7-Nickel/Cell_YEPNOX.gmol,4,
7-Nickel/Cell_YEPNOX.gmol,5,
7-Nickel/Cell_BAPKEI.gmol,0,
7-Nickel/Cell_BAPKEI.gmol,1,
7-Nickel/Cell_BAPKEI.gmol,2,
7-Nickel/Cell_BAPKEI.gmol,3,
7-Nickel/Cell_BAPKEI.gmol,4,
7-Nickel/Cell_BAPKEI.gmol,5,
7-Nickel/Cell_BAPKEI.gmol,6,
7-Nickel/Cell_BAPKEI.gmol,7,
8-Copper/Cell_FUMREL.gmol,0,
8-Copper/Cell_FUMREL.gmol,1,
8-Copper/Cell_FUMREL.gmol,2,
8-Copper/Cell_FUMREL.gmol,3,
8-Copper/Cell_CUPDIC.gmol,0,
8-Copper/Cell_CUPDIC.gmol,1,
8-Copper/Cell_CUPDIC.gmol,2,
8-Copper/Cell_CISMUP.gmol,0,
8-Copper/Cell_CISMUP.gmol,1,
8-Copper/Cell_CISMUP.gmol,2,
8-Copper/Cell_CISMUP.gmol,3,
6-Cobalt/Cell_GEMMUG.gmol,0,
6-Cobalt/Cell_GEMMUG.gmol,1,
6-Cobalt/Cell_GEMMUG.gmol,2,
6-Cobalt/Cell_GEMMUG.gmol,3,
6-Cobalt/Cell_GEMMUG.gmol,4,
6-Cobalt/Cell_GEMMUG.gmol,5,
6-Cobalt/Cell_GEMMUG.gmol,6,
6-Cobalt/Cell_GEMMUG.gmol,7,
8-Copper/Cell_SABCUU.gmol,0,
8-Copper/Cell_SABCUU.gmol,1,
8-Copper/Cell_SABCUU.gmol,2,
8-Copper/Cell_SABCUU.gmol,3,
8-Copper/Cell_SABCUU.gmol,4,
8-Copper/Cell_SABCUU.gmol,5,
8-Copper/Cell_SABCUU.gmol,6,
8-Copper/Cell_SABCUU.gmol,7,
8-Copper/Cell_SABCUU.gmol,8,
8-Copper/Cell_SABCUU.gmol,9,
8-Copper/Cell_SABCUU.gmol,10,
8-Copper/Cell_SABCUU.gmol,11,
8-Copper/Cell_SABCUU.gmol,12,
8-Copper/Cell_SABCUU.gmol,13,
8-Copper/Cell_SABCUU.gmol,14,
8-Copper/Cell_SABCUU.gmol,15,
5-Chromium/Cell_RUWSAG.gmol,0,
5-Chromium/Cell_RUWSAG.gmol,1,
5-Chromium/Cell_RUWSAG.gmol,2,
5-Chromium/Cell_RUWSAG.gmol,3,
8-Copper/Cell_GICYOH.gmol,0,
8-Copper/Cell_GICYOH.gmol,1,
8-Copper/Cell_GICYOH.gmol,2,
8-Copper/Cell_GICYOH.gmol,3,
7-Nickel/Cell_IRAYIL.gmol,0,
7-Nickel/Cell_IRAYIL.gmol,1,
7-Nickel/Cell_YIYDAM.gmol,0,
7-Nickel/Cell_YIYDAM.gmol,1,
7-Nickel/Cell_YIYDAM.gmol,2,
7-Nickel/Cell_YIYDAM.gmol,3,
8-Copper/Cell_IBUGIX.gmol,0,
8-Copper/Cell_IBUGIX.gmol,1,
8-Copper/Cell_FIPROM.gmol,0,
8-Copper/Cell_FIPROM.gmol,1,
8-Copper/Cell_YEBFOC.gmol,0,
8-Copper/Cell_FIYVAM.gmol,0,
8-Copper/Cell_FIYVAM.gmol,1,
8-Copper/Cell_NEKCIR.gmol,0,
8-Copper/Cell_NEKCIR.gmol,1,
8-Copper/Cell_NEKCIR.gmol,2,
8-Copper/Cell_NEKCIR.gmol,3,
8-Copper/Cell_NEKCIR.gmol,4,
8-Copper/Cell_NEKCIR.gmol,5,
8-Copper/Cell_NEKCIR.gmol,6,
8-Copper/Cell_NEKCIR.gmol,7,
7-Nickel/Cell_XEJRIN.gmol,0,
7-Nickel/Cell_XEJRIN.gmol,1,
7-Nickel/Cell_CEPXIG.gmol,0,
7-Nickel/Cell_CEPXIG.gmol,1,
6-Cobalt/Cell_IDACCO.gmol,0,
6-Cobalt/Cell_IDACCO.gmol,1,
6-Cobalt/Cell_IDACCO.gmol,2,
6-Cobalt/Cell_IDACCO.gmol,3,
6-Cobalt/Cell_IDACCO.gmol,4,
6-Cobalt/Cell_IDACCO.gmol,5,
6-Cobalt/Cell_IDACCO.gmol,6,
6-Cobalt/Cell_IDACCO.gmol,7,
6-Cobalt/Cell_IDACCO.gmol,8,
6-Cobalt/Cell_IDACCO.gmol,9,
6-Cobalt/Cell_IDACCO.gmol,10,
6-Cobalt/Cell_IDACCO.gmol,11,
6-Cobalt/Cell_IDACCO.gmol,12,
6-Cobalt/Cell_IDACCO.gmol,13,
6-Cobalt/Cell_IDACCO.gmol,14,
6-Cobalt/Cell_IDACCO.gmol,15,
6-Cobalt/Cell_IDACCO.gmol,16,
6-Cobalt/Cell_IDACCO.gmol,17,
6-Cobalt/Cell_IDACCO.gmol,18,
6-Cobalt/Cell_IDACCO.gmol,19,
6-Cobalt/Cell_IDACCO.gmol,20,
6-Cobalt/Cell_IDACCO.gmol,21,
6-Cobalt/Cell_IDACCO.gmol,22,
6-Cobalt/Cell_IDACCO.gmol,23,
6-Cobalt/Cell_IDACCO.gmol,24,
6-Cobalt/Cell_IDACCO.gmol,25,
6-Cobalt/Cell_IDACCO.gmol,26,
6-Cobalt/Cell_IDACCO.gmol,27,
6-Cobalt/Cell_IDACCO.gmol,28,
6-Cobalt/Cell_IDACCO.gmol,29,
6-Cobalt/Cell_IDACCO.gmol,30,
6-Cobalt/Cell_IDACCO.gmol,31,
6-Cobalt/Cell_IDACCO.gmol,32,
6-Cobalt/Cell_IDACCO.gmol,33,
6-Cobalt/Cell_IDACCO.gmol,34,
6-Cobalt/Cell_IDACCO.gmol,35,
3-Ruthenium/Cell_LUQYUS.gmol,0,
3-Ruthenium/Cell_LUQYUS.gmol,1,
3-Ruthenium/Cell_LUQYUS.gmol,2,
3-Ruthenium/Cell_LUQYUS.gmol,3,
3-Ruthenium/Cell_LUQYUS.gmol,4,
3-Ruthenium/Cell_LUQYUS.gmol,5,
2-Manganese/Cell_QUSGUH.gmol,0,
2-Manganese/Cell_QUSGUH.gmol,1,
2-Manganese/Cell_QUSGUH.gmol,2,
2-Manganese/Cell_QUSGUH.gmol,3,
2-Manganese/Cell_QUSGUH.gmol,4,
2-Manganese/Cell_QUSGUH.gmol,5,
2-Manganese/Cell_QUSGUH.gmol,6,
2-Manganese/Cell_QUSGUH.gmol,7,
6-Cobalt/Cell_NUZQEF.gmol,0,
6-Cobalt/Cell_NUZQEF.gmol,1,
6-Cobalt/Cell_NUZQEF.gmol,2,
6-Cobalt/Cell_NUZQEF.gmol,3,
7-Nickel/Cell_YAMVUE.gmol,0,
7-Nickel/Cell_YAMVUE.gmol,1,
7-Nickel/Cell_YAMVUE.gmol,2,
7-Nickel/Cell_YAMVUE.gmol,3,
7-Nickel/Cell_YAMVUE.gmol,4,
7-Nickel/Cell_YAMVUE.gmol,5,
3-Ruthenium/Cell_BUKGAS.gmol,0,
3-Ruthenium/Cell_BUKGAS.gmol,1,
3-Ruthenium/Cell_BUKGAS.gmol,2,
3-Ruthenium/Cell_BUKGAS.gmol,3,
7-Nickel/Cell_LAXHEA.gmol,0,
7-Nickel/Cell_LAXHEA.gmol,1,
7-Nickel/Cell_LAXHEA.gmol,2,
7-Nickel/Cell_LAXHEA.gmol,3,
7-Nickel/Cell_LAXHEA.gmol,4,
7-Nickel/Cell_TIJCAQ.gmol,0,
7-Nickel/Cell_TIJCAQ.gmol,1,
7-Nickel/Cell_TIJCAQ.gmol,2,
8-Copper/Cell_PUFXOE.gmol,0,
8-Copper/Cell_PUFXOE.gmol,1,
8-Copper/Cell_PUFXOE.gmol,2,
8-Copper/Cell_PUFXOE.gmol,3,
8-Copper/Cell_WAZTOG.gmol,0,"- Covalent bonds missing from SCOPE: ['0:Cu-7:C', '0:Cu-8:C']
- Metal bonds missing from SCOPE: ['0:Cu-7:C', '0:Cu-8:C']
- Different metal coordination numbers: cell2mol=[('Cu', 2, 6)], SCOPE=[('Cu', 2, 4)]"
8-Copper/Cell_WAZTOG.gmol,1,"- Covalent bonds missing from SCOPE: ['16:Cu-29:C', '16:Cu-63:C']
- Metal bonds missing from SCOPE: ['16:Cu-29:C', '16:Cu-63:C']
- Different metal coordination numbers: cell2mol=[('Cu', 2, 6)], SCOPE=[('Cu', 2, 4)]"
7-Nickel/Cell_UCOZES.gmol,0,
7-Nickel/Cell_UCOZES.gmol,1,
7-Nickel/Cell_UCOZES.gmol,2,
7-Nickel/Cell_UCOZES.gmol,3,
7-Nickel/Cell_UCOZES.gmol,4,
7-Nickel/Cell_UCOZES.gmol,5,
7-Nickel/Cell_UCOZES.gmol,6,
7-Nickel/Cell_UCOZES.gmol,7,
7-Nickel/Cell_UCOZES.gmol,8,
7-Nickel/Cell_UCOZES.gmol,9,
7-Nickel/Cell_UCOZES.gmol,10,
7-Nickel/Cell_UCOZES.gmol,11,
7-Nickel/Cell_UCOZES.gmol,12,
7-Nickel/Cell_UCOZES.gmol,13,
7-Nickel/Cell_UCOZES.gmol,14,
7-Nickel/Cell_UCOZES.gmol,15,
7-Nickel/Cell_UCOZES.gmol,16,
7-Nickel/Cell_UCOZES.gmol,17,
7-Nickel/Cell_UCOZES.gmol,18,
7-Nickel/Cell_UCOZES.gmol,19,
7-Nickel/Cell_UCOZES.gmol,20,
7-Nickel/Cell_UCOZES.gmol,21,
7-Nickel/Cell_UCOZES.gmol,22,
7-Nickel/Cell_UCOZES.gmol,23,
7-Nickel/Cell_KEJDEK.gmol,0,
7-Nickel/Cell_KEJDEK.gmol,1,
8-Copper/Cell_KIBSEW.gmol,0,
8-Copper/Cell_KIBSEW.gmol,1,
8-Copper/Cell_KIBSEW.gmol,2,
8-Copper/Cell_KIBSEW.gmol,3,
8-Copper/Cell_KIBSEW.gmol,4,
8-Copper/Cell_KIBSEW.gmol,5,
8-Copper/Cell_KIBSEW.gmol,6,
8-Copper/Cell_KIBSEW.gmol,7,
6-Cobalt/Cell_TAHROM01.gmol,0,
6-Cobalt/Cell_TAHROM01.gmol,1,
1-Iron/Cell_SIXRAV.gmol,0,
1-Iron/Cell_SIXRAV.gmol,1,
1-Iron/Cell_SIXRAV.gmol,2,
1-Iron/Cell_SIXRAV.gmol,3,
1-Iron/Cell_SIXRAV.gmol,4,
1-Iron/Cell_SIXRAV.gmol,5,
1-Iron/Cell_SIXRAV.gmol,6,
1-Iron/Cell_SIXRAV.gmol,7,
8-Copper/Cell_LUKQEO.gmol,0,
8-Copper/Cell_LUKQEO.gmol,1,
8-Copper/Cell_LUKQEO.gmol,2,
8-Copper/Cell_LUKQEO.gmol,3,
8-Copper/Cell_LUKQEO.gmol,4,
8-Copper/Cell_LUKQEO.gmol,5,
2-Manganese/Cell_RODTIO.gmol,0,
2-Manganese/Cell_RODTIO.gmol,1,
8-Copper/Cell_CUPVIT.gmol,0,
8-Copper/Cell_CUPVIT.gmol,1,
6-Cobalt/Cell_MUYQEC.gmol,0,
6-Cobalt/Cell_MUYQEC.gmol,1,
6-Cobalt/Cell_MUYQEC.gmol,2,
6-Cobalt/Cell_MUYQEC.gmol,3,
6-Cobalt/Cell_MUYQEC.gmol,4,
8-Copper/Cell_VOTLOH.gmol,0,
8-Copper/Cell_VOTLOH.gmol,1,
8-Copper/Cell_VOTLOH.gmol,2,
8-Copper/Cell_VOTLOH.gmol,3,
7-Nickel/Cell_TEYGUA.gmol,0,
7-Nickel/Cell_TEYGUA.gmol,1,
7-Nickel/Cell_TEYGUA.gmol,2,
7-Nickel/Cell_TEYGUA.gmol,3,
6-Cobalt/Cell_JEWRAF.gmol,0,
6-Cobalt/Cell_JEWRAF.gmol,1,
2-Manganese/Cell_WIFZEQ.gmol,0,
2-Manganese/Cell_WIFZEQ.gmol,1,
2-Manganese/Cell_WIFZEQ.gmol,2,
2-Manganese/Cell_WIFZEQ.gmol,3,
6-Cobalt/Cell_ECOQET.gmol,0,
6-Cobalt/Cell_ECOQET.gmol,1,
6-Cobalt/Cell_ECOQET.gmol,2,
6-Cobalt/Cell_ECOQET.gmol,3,
6-Cobalt/Cell_ECOQET.gmol,4,
6-Cobalt/Cell_ECOQET.gmol,5,
6-Cobalt/Cell_ECOQET.gmol,6,
6-Cobalt/Cell_ECOQET.gmol,7,
8-Copper/Cell_PAKCUC.gmol,0,
8-Copper/Cell_PAKCUC.gmol,1,
8-Copper/Cell_PAKCUC.gmol,2,
8-Copper/Cell_PAKCUC.gmol,3,
7-Nickel/Cell_QINLAA.gmol,0,
7-Nickel/Cell_QINLAA.gmol,1,
7-Nickel/Cell_QINLAA.gmol,2,
7-Nickel/Cell_QINLAA.gmol,3,
7-Nickel/Cell_QINLAA.gmol,4,
7-Nickel/Cell_QINLAA.gmol,5,
7-Nickel/Cell_QINLAA.gmol,6,
7-Nickel/Cell_QINLAA.gmol,7,
8-Copper/Cell_XIDVAK.gmol,0,
8-Copper/Cell_XIDVAK.gmol,1,
8-Copper/Cell_XIDVAK.gmol,2,
8-Copper/Cell_XIDVAK.gmol,3,
8-Copper/Cell_XIDVAK.gmol,4,
8-Copper/Cell_XIDVAK.gmol,5,
8-Copper/Cell_XIDVAK.gmol,6,
8-Copper/Cell_XIDVAK.gmol,7,
8-Copper/Cell_DAYTAA.gmol,0,
8-Copper/Cell_DAYTAA.gmol,1,
8-Copper/Cell_DAYTAA.gmol,2,
8-Copper/Cell_DAYTAA.gmol,3,
8-Copper/Cell_DAYTAA.gmol,4,
8-Copper/Cell_DAYTAA.gmol,5,
8-Copper/Cell_DAYTAA.gmol,6,
8-Copper/Cell_DAYTAA.gmol,7,
7-Nickel/Cell_VOFVUI.gmol,0,
7-Nickel/Cell_VOFVUI.gmol,1,
7-Nickel/Cell_VOFVUI.gmol,2,
7-Nickel/Cell_VOFVUI.gmol,3,
4-Rhenium/Cell_YUSKEC.gmol,0,
4-Rhenium/Cell_YUSKEC.gmol,1,
4-Rhenium/Cell_YUSKEC.gmol,2,
4-Rhenium/Cell_YUSKEC.gmol,3,
4-Rhenium/Cell_YUSKEC.gmol,4,
4-Rhenium/Cell_YUSKEC.gmol,5,
4-Rhenium/Cell_YUSKEC.gmol,6,
4-Rhenium/Cell_YUSKEC.gmol,7,
4-Rhenium/Cell_YUSKEC.gmol,8,
4-Rhenium/Cell_YUSKEC.gmol,9,
4-Rhenium/Cell_YUSKEC.gmol,10,
4-Rhenium/Cell_YUSKEC.gmol,11,
4-Rhenium/Cell_YUSKEC.gmol,12,
4-Rhenium/Cell_YUSKEC.gmol,13,
4-Rhenium/Cell_YUSKEC.gmol,14,
4-Rhenium/Cell_YUSKEC.gmol,15,
3-Ruthenium/Cell_FUYJAL.gmol,0,
3-Ruthenium/Cell_FUYJAL.gmol,1,
3-Ruthenium/Cell_FUYJAL.gmol,2,
3-Ruthenium/Cell_FUYJAL.gmol,3,
1-Iron/Cell_YANKUW.gmol,0,
1-Iron/Cell_YANKUW.gmol,1,
1-Iron/Cell_YANKUW.gmol,2,
1-Iron/Cell_YANKUW.gmol,3,
1-Iron/Cell_YANKUW.gmol,4,
1-Iron/Cell_YANKUW.gmol,5,
6-Cobalt/Cell_BUDHOY.gmol,0,
6-Cobalt/Cell_BUDHOY.gmol,1,
6-Cobalt/Cell_BUDHOY.gmol,2,
6-Cobalt/Cell_BUDHOY.gmol,3,
6-Cobalt/Cell_BUDHOY.gmol,4,
6-Cobalt/Cell_BUDHOY.gmol,5,
6-Cobalt/Cell_BUDHOY.gmol,6,
6-Cobalt/Cell_BUDHOY.gmol,7,
6-Cobalt/Cell_BUDHOY.gmol,8,
6-Cobalt/Cell_BUDHOY.gmol,9,
1-Iron/Cell_NAKFUE.gmol,0,
1-Iron/Cell_NAKFUE.gmol,1,
1-Iron/Cell_NAKFUE.gmol,2,
1-Iron/Cell_NAKFUE.gmol,3,
1-Iron/Cell_NAKFUE.gmol,4,
5-Chromium/Cell_NOMYIZ.gmol,0,
7-Nickel/Cell_DELCOO.gmol,0,
7-Nickel/Cell_DELCOO.gmol,1,
1-Iron/Cell_PUCHOL.gmol,0,
1-Iron/Cell_PUCHOL.gmol,1,
1-Iron/Cell_PUCHOL.gmol,2,
1-Iron/Cell_PUCHOL.gmol,3,
8-Copper/Cell_ZUZKAG.gmol,0,
8-Copper/Cell_ZUZKAG.gmol,1,
8-Copper/Cell_ZUZKAG.gmol,2,
8-Copper/Cell_ZUZKAG.gmol,3,
8-Copper/Cell_QANDIT.gmol,0,
8-Copper/Cell_QANDIT.gmol,1,
7-Nickel/Cell_WADKUK.gmol,0,
7-Nickel/Cell_WADKUK.gmol,1,
7-Nickel/Cell_WADKUK.gmol,2,
7-Nickel/Cell_WADKUK.gmol,3,
3-Ruthenium/Cell_UFEJOF.gmol,0,
3-Ruthenium/Cell_UFEJOF.gmol,1,
3-Ruthenium/Cell_UFEJOF.gmol,2,
3-Ruthenium/Cell_UFEJOF.gmol,3,
3-Ruthenium/Cell_UFEJOF.gmol,4,
3-Ruthenium/Cell_UFEJOF.gmol,5,
3-Ruthenium/Cell_UFEJOF.gmol,6,
3-Ruthenium/Cell_UFEJOF.gmol,7,
3-Ruthenium/Cell_UFEJOF.gmol,8,
3-Ruthenium/Cell_UFEJOF.gmol,9,
3-Ruthenium/Cell_UFEJOF.gmol,10,
3-Ruthenium/Cell_UFEJOF.gmol,11,
3-Ruthenium/Cell_UFEJOF.gmol,12,
3-Ruthenium/Cell_UFEJOF.gmol,13,
3-Ruthenium/Cell_UFEJOF.gmol,14,
3-Ruthenium/Cell_UFEJOF.gmol,15,
7-Nickel/Cell_LIKROP.gmol,0,
7-Nickel/Cell_LIKROP.gmol,1,
7-Nickel/Cell_LIKROP.gmol,2,
7-Nickel/Cell_LIKROP.gmol,3,
7-Nickel/Cell_LIKROP.gmol,4,
7-Nickel/Cell_LIKROP.gmol,5,
7-Nickel/Cell_LIKROP.gmol,6,
7-Nickel/Cell_LIKROP.gmol,7,
7-Nickel/Cell_LIKROP.gmol,8,
7-Nickel/Cell_LIKROP.gmol,9,
7-Nickel/Cell_LIKROP.gmol,10,
7-Nickel/Cell_LIKROP.gmol,11,
8-Copper/Cell_TAGMAP.gmol,0,
8-Copper/Cell_TAGMAP.gmol,1,
8-Copper/Cell_TAGMAP.gmol,2,
8-Copper/Cell_TAGMAP.gmol,3,
8-Copper/Cell_TAGMAP.gmol,4,
8-Copper/Cell_TAGMAP.gmol,5,
8-Copper/Cell_TAGMAP.gmol,6,
8-Copper/Cell_TAGMAP.gmol,7,
8-Copper/Cell_TAGMAP.gmol,8,
8-Copper/Cell_TAGMAP.gmol,9,
8-Copper/Cell_TAGMAP.gmol,10,
8-Copper/Cell_TAGMAP.gmol,11,
6-Cobalt/Cell_AQATIX.gmol,0,
6-Cobalt/Cell_AQATIX.gmol,1,
6-Cobalt/Cell_AQATIX.gmol,2,
6-Cobalt/Cell_AQATIX.gmol,3,
6-Cobalt/Cell_AQATIX.gmol,4,
6-Cobalt/Cell_AQATIX.gmol,5,
6-Cobalt/Cell_AQATIX.gmol,6,
6-Cobalt/Cell_AQATIX.gmol,7,
7-Nickel/Cell_UKAREE.gmol,0,
7-Nickel/Cell_UKAREE.gmol,1,
7-Nickel/Cell_UKAREE.gmol,2,
7-Nickel/Cell_UKAREE.gmol,3,
7-Nickel/Cell_UKAREE.gmol,4,
7-Nickel/Cell_UKAREE.gmol,5,
7-Nickel/Cell_UKAREE.gmol,6,
7-Nickel/Cell_UKAREE.gmol,7,
1-Iron/Cell_GAYWUB.gmol,0,
1-Iron/Cell_GAYWUB.gmol,1,
1-Iron/Cell_GAYWUB.gmol,2,
1-Iron/Cell_GAYWUB.gmol,3,
1-Iron/Cell_GAYWUB.gmol,4,
1-Iron/Cell_GAYWUB.gmol,5,
1-Iron/Cell_GAYWUB.gmol,6,
1-Iron/Cell_GAYWUB.gmol,7,
3-Ruthenium/Cell_KACNUX.gmol,0,
3-Ruthenium/Cell_KACNUX.gmol,1,
3-Ruthenium/Cell_KACNUX.gmol,2,
3-Ruthenium/Cell_KACNUX.gmol,3,
6-Cobalt/Cell_SIXXAB.gmol,0,
6-Cobalt/Cell_SIXXAB.gmol,1,
6-Cobalt/Cell_SIXXAB.gmol,2,
6-Cobalt/Cell_SIXXAB.gmol,3,
6-Cobalt/Cell_SIXXAB.gmol,4,
6-Cobalt/Cell_SIXXAB.gmol,5,
6-Cobalt/Cell_NUTGAK.gmol,0,
6-Cobalt/Cell_NUTGAK.gmol,1,
7-Nickel/Cell_LEGTID.gmol,0,
7-Nickel/Cell_LEGTID.gmol,1,
7-Nickel/Cell_LEGTID.gmol,2,
7-Nickel/Cell_LEGTID.gmol,3,
7-Nickel/Cell_LEGTID.gmol,4,
7-Nickel/Cell_LEGTID.gmol,5,
7-Nickel/Cell_LEGTID.gmol,6,
7-Nickel/Cell_LEGTID.gmol,7,
8-Copper/Cell_YIQPAS.gmol,0,
8-Copper/Cell_YIQPAS.gmol,1,
8-Copper/Cell_YIQPAS.gmol,2,
8-Copper/Cell_YIQPAS.gmol,3,
8-Copper/Cell_DONNUR.gmol,0,
8-Copper/Cell_DONNUR.gmol,1,
8-Copper/Cell_DONNUR.gmol,2,
8-Copper/Cell_DONNUR.gmol,3,
8-Copper/Cell_DONNUR.gmol,4,
8-Copper/Cell_DONNUR.gmol,5,
8-Copper/Cell_DONNUR.gmol,6,
8-Copper/Cell_DONNUR.gmol,7,
8-Copper/Cell_HEPSIF.gmol,0,
8-Copper/Cell_HEPSIF.gmol,1,
5-Chromium/Cell_FEZZIT.gmol,0,
5-Chromium/Cell_FEZZIT.gmol,1,
1-Iron/Cell_DESSAW.gmol,0,
1-Iron/Cell_DESSAW.gmol,1,
1-Iron/Cell_DESSAW.gmol,2,
1-Iron/Cell_DESSAW.gmol,3,
1-Iron/Cell_DESSAW.gmol,4,
1-Iron/Cell_DESSAW.gmol,5,
1-Iron/Cell_DESSAW.gmol,6,
1-Iron/Cell_DESSAW.gmol,7,
6-Cobalt/Cell_WELRIP.gmol,0,
6-Cobalt/Cell_WELRIP.gmol,1,
6-Cobalt/Cell_WELRIP.gmol,2,
6-Cobalt/Cell_WELRIP.gmol,3,
3-Ruthenium/Cell_LERLOM.gmol,0,
3-Ruthenium/Cell_LERLOM.gmol,1,
3-Ruthenium/Cell_LERLOM.gmol,2,
3-Ruthenium/Cell_LERLOM.gmol,3,
8-Copper/Cell_DISYAG.gmol,0,
8-Copper/Cell_DISYAG.gmol,1,
8-Copper/Cell_RIXQEU.gmol,0,
8-Copper/Cell_RIXQEU.gmol,1,
8-Copper/Cell_RIXQEU.gmol,2,
8-Copper/Cell_RIXQEU.gmol,3,
8-Copper/Cell_RIXQEU.gmol,4,
8-Copper/Cell_RIXQEU.gmol,5,
8-Copper/Cell_RIXQEU.gmol,6,
8-Copper/Cell_RIXQEU.gmol,7,
8-Copper/Cell_RIXQEU.gmol,8,
8-Copper/Cell_RIXQEU.gmol,9,
8-Copper/Cell_RIXQEU.gmol,10,
8-Copper/Cell_RIXQEU.gmol,11,
7-Nickel/Cell_MOTGAF.gmol,0,
7-Nickel/Cell_MOTGAF.gmol,1,
7-Nickel/Cell_MOTGAF.gmol,2,
7-Nickel/Cell_MOTGAF.gmol,3,
7-Nickel/Cell_OWUFOD.gmol,0,
7-Nickel/Cell_OWUFOD.gmol,1,
7-Nickel/Cell_OWUFOD.gmol,2,
7-Nickel/Cell_OWUFOD.gmol,3,
8-Copper/Cell_WELROX.gmol,0,
8-Copper/Cell_WELROX.gmol,1,
8-Copper/Cell_WELROX.gmol,2,
8-Copper/Cell_WELROX.gmol,3,
7-Nickel/Cell_DULPIK.gmol,0,
7-Nickel/Cell_DULPIK.gmol,1,
6-Cobalt/Cell_TIGBIV.gmol,0,
6-Cobalt/Cell_TIGBIV.gmol,1,
6-Cobalt/Cell_TIGBIV.gmol,2,
6-Cobalt/Cell_TIGBIV.gmol,3,
7-Nickel/Cell_REMMOM.gmol,0,
7-Nickel/Cell_REMMOM.gmol,1,
7-Nickel/Cell_REMMOM.gmol,2,
7-Nickel/Cell_REMMOM.gmol,3,
2-Manganese/Cell_PEGZOS.gmol,0,
2-Manganese/Cell_PEGZOS.gmol,1,
2-Manganese/Cell_PEGZOS.gmol,2,
2-Manganese/Cell_PEGZOS.gmol,3,
2-Manganese/Cell_YERZUR.gmol,0,
2-Manganese/Cell_YERZUR.gmol,1,
2-Manganese/Cell_YERZUR.gmol,2,
2-Manganese/Cell_YERZUR.gmol,3,
2-Manganese/Cell_YERZUR.gmol,4,
2-Manganese/Cell_YERZUR.gmol,5,
2-Manganese/Cell_YERZUR.gmol,6,
2-Manganese/Cell_YERZUR.gmol,7,
2-Manganese/Cell_YERZUR.gmol,8,
2-Manganese/Cell_YERZUR.gmol,9,
7-Nickel/Cell_AYOLEG.gmol,0,
8-Copper/Cell_QEZBUT.gmol,0,
8-Copper/Cell_QEZBUT.gmol,1,
8-Copper/Cell_QEZBUT.gmol,2,
8-Copper/Cell_QEZBUT.gmol,3,
8-Copper/Cell_GOFFIQ.gmol,0,
8-Copper/Cell_GOFFIQ.gmol,1,
8-Copper/Cell_GOFFIQ.gmol,2,
8-Copper/Cell_GOFFIQ.gmol,3,
8-Copper/Cell_VAMVUA.gmol,0,
8-Copper/Cell_VAMVUA.gmol,1,
8-Copper/Cell_VAMVUA.gmol,2,
8-Copper/Cell_VAMVUA.gmol,3,
8-Copper/Cell_VAMVUA.gmol,4,
8-Copper/Cell_VAMVUA.gmol,5,
8-Copper/Cell_VAMVUA.gmol,6,
8-Copper/Cell_VAMVUA.gmol,7,
8-Copper/Cell_VAMVUA.gmol,8,
8-Copper/Cell_VAMVUA.gmol,9,
8-Copper/Cell_VAMVUA.gmol,10,
8-Copper/Cell_VAMVUA.gmol,11,
8-Copper/Cell_VAMVUA.gmol,12,
8-Copper/Cell_VAMVUA.gmol,13,
8-Copper/Cell_VAMVUA.gmol,14,
8-Copper/Cell_VAMVUA.gmol,15,
3-Ruthenium/Cell_ODELIV.gmol,0,
3-Ruthenium/Cell_ODELIV.gmol,1,
3-Ruthenium/Cell_ODELIV.gmol,2,
3-Ruthenium/Cell_ODELIV.gmol,3,
7-Nickel/Cell_EWERIH.gmol,0,
7-Nickel/Cell_EWERIH.gmol,1,
7-Nickel/Cell_EWERIH.gmol,2,
7-Nickel/Cell_EWERIH.gmol,3,
7-Nickel/Cell_ELUROV.gmol,0,
7-Nickel/Cell_ELUROV.gmol,1,
3-Ruthenium/Cell_ICOSUO.gmol,0,
3-Ruthenium/Cell_ICOSUO.gmol,1,
3-Ruthenium/Cell_ICOSUO.gmol,2,
3-Ruthenium/Cell_ICOSUO.gmol,3,
8-Copper/Cell_ATOQUX.gmol,0,
8-Copper/Cell_ATOQUX.gmol,1,
8-Copper/Cell_ATOQUX.gmol,2,
8-Copper/Cell_ATOQUX.gmol,3,
8-Copper/Cell_ATOQUX.gmol,4,
8-Copper/Cell_ATOQUX.gmol,5,
8-Copper/Cell_ATOQUX.gmol,6,
8-Copper/Cell_ATOQUX.gmol,7,
8-Copper/Cell_MABGON.gmol,0,
8-Copper/Cell_MABGON.gmol,1,
8-Copper/Cell_MABGON.gmol,2,
8-Copper/Cell_MABGON.gmol,3,
8-Copper/Cell_MABGON.gmol,4,
8-Copper/Cell_MABGON.gmol,5,
8-Copper/Cell_MABGON.gmol,6,
8-Copper/Cell_MABGON.gmol,7,
8-Copper/Cell_MABGON.gmol,8,
8-Copper/Cell_MABGON.gmol,9,
8-Copper/Cell_MABGON.gmol,10,
8-Copper/Cell_MABGON.gmol,11,
8-Copper/Cell_MABGON.gmol,12,
8-Copper/Cell_MABGON.gmol,13,
8-Copper/Cell_MABGON.gmol,14,
8-Copper/Cell_MABGON.gmol,15,
8-Copper/Cell_MABGON.gmol,16,
8-Copper/Cell_MABGON.gmol,17,
8-Copper/Cell_MABGON.gmol,18,
8-Copper/Cell_MABGON.gmol,19,
8-Copper/Cell_MABGON.gmol,20,
8-Copper/Cell_MABGON.gmol,21,
8-Copper/Cell_MABGON.gmol,22,
8-Copper/Cell_MABGON.gmol,23,
6-Cobalt/Cell_YEDVOV.gmol,0,
6-Cobalt/Cell_YEDVOV.gmol,1,
8-Copper/Cell_VIJFIF.gmol,0,
8-Copper/Cell_VIJFIF.gmol,1,
8-Copper/Cell_VIJFIF.gmol,2,
8-Copper/Cell_VIJFIF.gmol,3,
8-Copper/Cell_IZEVOZ.gmol,0,
8-Copper/Cell_IZEVOZ.gmol,1,
8-Copper/Cell_IZEVOZ.gmol,2,
8-Copper/Cell_IZEVOZ.gmol,3,
7-Nickel/Cell_YONQEX.gmol,0,
7-Nickel/Cell_YONQEX.gmol,1,
7-Nickel/Cell_YONQEX.gmol,2,
7-Nickel/Cell_YONQEX.gmol,3,
7-Nickel/Cell_YONQEX.gmol,4,
7-Nickel/Cell_YONQEX.gmol,5,
7-Nickel/Cell_YONQEX.gmol,6,
7-Nickel/Cell_YONQEX.gmol,7,
7-Nickel/Cell_YONQEX.gmol,8,
7-Nickel/Cell_YONQEX.gmol,9,
3-Ruthenium/Cell_TAWVOC.gmol,0,
3-Ruthenium/Cell_TAWVOC.gmol,1,
2-Manganese/Cell_EHOMOE.gmol,0,
2-Manganese/Cell_EHOMOE.gmol,1,
2-Manganese/Cell_EHOMOE.gmol,2,
2-Manganese/Cell_EHOMOE.gmol,3,
7-Nickel/Cell_GAHKIN.gmol,0,
7-Nickel/Cell_GAHKIN.gmol,1,
7-Nickel/Cell_GAHKIN.gmol,2,
7-Nickel/Cell_GAHKIN.gmol,3,
7-Nickel/Cell_GAHKIN.gmol,4,
7-Nickel/Cell_GAHKIN.gmol,5,
8-Copper/Cell_ROLSAN.gmol,0,
8-Copper/Cell_ROLSAN.gmol,1,
8-Copper/Cell_ROLSAN.gmol,2,
6-Cobalt/Cell_YAZREY.gmol,0,
6-Cobalt/Cell_YAZREY.gmol,1,
6-Cobalt/Cell_YAZREY.gmol,2,
6-Cobalt/Cell_YAZREY.gmol,3,
6-Cobalt/Cell_YAZREY.gmol,4,
6-Cobalt/Cell_YAZREY.gmol,5,
6-Cobalt/Cell_YAZREY.gmol,6,
6-Cobalt/Cell_YAZREY.gmol,7,
6-Cobalt/Cell_YAZREY.gmol,8,
6-Cobalt/Cell_YAZREY.gmol,9,
6-Cobalt/Cell_YAZREY.gmol,10,
6-Cobalt/Cell_YAZREY.gmol,11,
2-Manganese/Cell_MEGMER.gmol,0,
8-Copper/Cell_LOFHUJ.gmol,0,
8-Copper/Cell_LOFHUJ.gmol,1,
7-Nickel/Cell_ROLVOD.gmol,0,
7-Nickel/Cell_ROLVOD.gmol,1,
7-Nickel/Cell_ROLVOD.gmol,2,
7-Nickel/Cell_ROLVOD.gmol,3,
7-Nickel/Cell_ROLVOD.gmol,4,
7-Nickel/Cell_ROLVOD.gmol,5,
7-Nickel/Cell_ROLVOD.gmol,6,
7-Nickel/Cell_ROLVOD.gmol,7,
7-Nickel/Cell_ROLVOD.gmol,8,
7-Nickel/Cell_ROLVOD.gmol,9,
7-Nickel/Cell_ROLVOD.gmol,10,
7-Nickel/Cell_ROLVOD.gmol,11,
8-Copper/Cell_QONCUS.gmol,0,
8-Copper/Cell_QONCUS.gmol,1,
8-Copper/Cell_QONCUS.gmol,2,
8-Copper/Cell_QONCUS.gmol,3,
8-Copper/Cell_QONCUS.gmol,4,
8-Copper/Cell_QONCUS.gmol,5,
8-Copper/Cell_QONCUS.gmol,6,
8-Copper/Cell_QONCUS.gmol,7,
8-Copper/Cell_QONCUS.gmol,8,
8-Copper/Cell_QONCUS.gmol,9,
8-Copper/Cell_QONCUS.gmol,10,
8-Copper/Cell_QONCUS.gmol,11,
8-Copper/Cell_WORSUU.gmol,0,
8-Copper/Cell_WORSUU.gmol,1,
8-Copper/Cell_RIXQOE.gmol,0,
8-Copper/Cell_RIXQOE.gmol,1,
8-Copper/Cell_RIXQOE.gmol,2,
8-Copper/Cell_RIXQOE.gmol,3,
8-Copper/Cell_RIXQOE.gmol,4,
8-Copper/Cell_RIXQOE.gmol,5,
8-Copper/Cell_RIXQOE.gmol,6,
8-Copper/Cell_RIXQOE.gmol,7,
8-Copper/Cell_RIXQOE.gmol,8,"- Covalent bonds missing from SCOPE: ['0:Cu-9:C', '0:Cu-12:C', '0:Cu-16:C', '0:Cu-17:C']
- Metal bonds missing from SCOPE: ['0:Cu-9:C', '0:Cu-12:C', '0:Cu-16:C', '0:Cu-17:C']
- Different metal coordination numbers: cell2mol=[('Cu', 2, 9)], SCOPE=[('Cu', 2, 5)]"
8-Copper/Cell_RIXQOE.gmol,9,"- Covalent bonds missing from SCOPE: ['0:Cu-9:C', '0:Cu-12:C', '0:Cu-16:C', '0:Cu-17:C']
- Metal bonds missing from SCOPE: ['0:Cu-9:C', '0:Cu-12:C', '0:Cu-16:C', '0:Cu-17:C']
- Different metal coordination numbers: cell2mol=[('Cu', 2, 9)], SCOPE=[('Cu', 2, 5)]"
8-Copper/Cell_RIXQOE.gmol,10,"- Covalent bonds missing from SCOPE: ['0:Cu-11:C', '0:Cu-14:C', '0:Cu-15:C', '0:Cu-16:C']
- Metal bonds missing from SCOPE: ['0:Cu-11:C', '0:Cu-14:C', '0:Cu-15:C', '0:Cu-16:C']
- Different metal coordination numbers: cell2mol=[('Cu', 2, 9)], SCOPE=[('Cu', 2, 5)]"
8-Copper/Cell_RIXQOE.gmol,11,"- Covalent bonds missing from SCOPE: ['0:Cu-11:C', '0:Cu-14:C', '0:Cu-15:C', '0:Cu-16:C']
- Metal bonds missing from SCOPE: ['0:Cu-11:C', '0:Cu-14:C', '0:Cu-15:C', '0:Cu-16:C']
- Different metal coordination numbers: cell2mol=[('Cu', 2, 9)], SCOPE=[('Cu', 2, 5)]"
8-Copper/Cell_RIXQOE.gmol,12,"- Covalent bonds missing from SCOPE: ['0:Cu-11:C', '0:Cu-14:C', '0:Cu-15:C', '0:Cu-16:C']
- Metal bonds missing from SCOPE: ['0:Cu-11:C', '0:Cu-14:C', '0:Cu-15:C', '0:Cu-16:C']
- Different metal coordination numbers: cell2mol=[('Cu', 2, 9)], SCOPE=[('Cu', 2, 5)]"
8-Copper/Cell_RIXQOE.gmol,13,"- Covalent bonds missing from SCOPE: ['0:Cu-11:C', '0:Cu-14:C', '0:Cu-15:C', '0:Cu-16:C']
- Metal bonds missing from SCOPE: ['0:Cu-11:C', '0:Cu-14:C', '0:Cu-15:C', '0:Cu-16:C']
- Different metal coordination numbers: cell2mol=[('Cu', 2, 9)], SCOPE=[('Cu', 2, 5)]"
8-Copper/Cell_RIXQOE.gmol,14,"- Covalent bonds missing from SCOPE: ['0:Cu-9:C', '0:Cu-12:C', '0:Cu-16:C', '0:Cu-17:C']
- Metal bonds missing from SCOPE: ['0:Cu-9:C', '0:Cu-12:C', '0:Cu-16:C', '0:Cu-17:C']
- Different metal coordination numbers: cell2mol=[('Cu', 2, 9)], SCOPE=[('Cu', 2, 5)]"
8-Copper/Cell_RIXQOE.gmol,15,"- Covalent bonds missing from SCOPE: ['0:Cu-9:C', '0:Cu-12:C', '0:Cu-16:C', '0:Cu-17:C']
- Metal bonds missing from SCOPE: ['0:Cu-9:C', '0:Cu-12:C', '0:Cu-16:C', '0:Cu-17:C']
- Different metal coordination numbers: cell2mol=[('Cu', 2, 9)], SCOPE=[('Cu', 2, 5)]"
7-Nickel/Cell_OCIKAO.gmol,0,
7-Nickel/Cell_OCIKAO.gmol,1,
7-Nickel/Cell_OCIKAO.gmol,2,
7-Nickel/Cell_OCIKAO.gmol,3,
7-Nickel/Cell_CUVFUV.gmol,0,
7-Nickel/Cell_CUVFUV.gmol,1,
7-Nickel/Cell_CUVFUV.gmol,2,
7-Nickel/Cell_CUVFUV.gmol,3,
7-Nickel/Cell_CUVFUV.gmol,4,
7-Nickel/Cell_CUVFUV.gmol,5,
7-Nickel/Cell_CUVFUV.gmol,6,
7-Nickel/Cell_CUVFUV.gmol,7,
7-Nickel/Cell_CUVFUV.gmol,8,
7-Nickel/Cell_CUVFUV.gmol,9,
7-Nickel/Cell_CUVFUV.gmol,10,
7-Nickel/Cell_CUVFUV.gmol,11,
7-Nickel/Cell_CUVFUV.gmol,12,
7-Nickel/Cell_CUVFUV.gmol,13,
7-Nickel/Cell_CUVFUV.gmol,14,
7-Nickel/Cell_CUVFUV.gmol,15,
7-Nickel/Cell_CUVFUV.gmol,16,
7-Nickel/Cell_CUVFUV.gmol,17,
7-Nickel/Cell_CUVFUV.gmol,18,
7-Nickel/Cell_CUVFUV.gmol,19,
2-Manganese/Cell_DOWBEX.gmol,0,
2-Manganese/Cell_DOWBEX.gmol,1,
2-Manganese/Cell_DOWBEX.gmol,2,
2-Manganese/Cell_DOWBEX.gmol,3,
8-Copper/Cell_KIGRUO.gmol,0,
8-Copper/Cell_KIGRUO.gmol,1,
8-Copper/Cell_KIGRUO.gmol,2,
8-Copper/Cell_KIGRUO.gmol,3,
8-Copper/Cell_KIGRUO.gmol,4,
2-Manganese/Cell_QAHQIB.gmol,0,
2-Manganese/Cell_QAHQIB.gmol,1,
2-Manganese/Cell_QAHQIB.gmol,2,
2-Manganese/Cell_QAHQIB.gmol,3,
7-Nickel/Cell_BAWNET.gmol,0,
7-Nickel/Cell_BAWNET.gmol,1,
7-Nickel/Cell_BAWNET.gmol,2,
7-Nickel/Cell_BAWNET.gmol,3,
7-Nickel/Cell_BAWNET.gmol,4,
7-Nickel/Cell_BAWNET.gmol,5,
7-Nickel/Cell_BAWNET.gmol,6,
7-Nickel/Cell_BAWNET.gmol,7,
7-Nickel/Cell_BAWNET.gmol,8,
7-Nickel/Cell_BAWNET.gmol,9,
7-Nickel/Cell_BAWNET.gmol,10,
7-Nickel/Cell_BAWNET.gmol,11,
8-Copper/Cell_ASANUD.gmol,0,
8-Copper/Cell_ASANUD.gmol,1,
8-Copper/Cell_ASANUD.gmol,2,
8-Copper/Cell_ASANUD.gmol,3,
8-Copper/Cell_ASANUD.gmol,4,
8-Copper/Cell_ASANUD.gmol,5,
8-Copper/Cell_ASANUD.gmol,6,
8-Copper/Cell_ASANUD.gmol,7,
4-Rhenium/Cell_MOYFIQ.gmol,0,
4-Rhenium/Cell_MOYFIQ.gmol,1,
4-Rhenium/Cell_MOYFIQ.gmol,2,
4-Rhenium/Cell_MOYFIQ.gmol,3,
5-Chromium/Cell_BOCMIR.gmol,0,
5-Chromium/Cell_BOCMIR.gmol,1,
5-Chromium/Cell_BOCMIR.gmol,2,
5-Chromium/Cell_BOCMIR.gmol,3,
1-Iron/Cell_VIBVAE.gmol,0,
1-Iron/Cell_VIBVAE.gmol,1,
1-Iron/Cell_VIBVAE.gmol,2,
1-Iron/Cell_VIBVAE.gmol,3,
1-Iron/Cell_VIBVAE.gmol,4,
1-Iron/Cell_VIBVAE.gmol,5,
1-Iron/Cell_VIBVAE.gmol,6,
1-Iron/Cell_VIBVAE.gmol,7,
1-Iron/Cell_VIBVAE.gmol,8,
1-Iron/Cell_VIBVAE.gmol,9,
1-Iron/Cell_VIBVAE.gmol,10,
1-Iron/Cell_VIBVAE.gmol,11,
1-Iron/Cell_VIBVAE.gmol,12,
1-Iron/Cell_VIBVAE.gmol,13,
1-Iron/Cell_VIBVAE.gmol,14,
1-Iron/Cell_VIBVAE.gmol,15,
1-Iron/Cell_HIYRUE.gmol,0,
1-Iron/Cell_HIYRUE.gmol,1,
1-Iron/Cell_HIYRUE.gmol,2,
1-Iron/Cell_HIYRUE.gmol,3,
1-Iron/Cell_HIYRUE.gmol,4,
1-Iron/Cell_HIYRUE.gmol,5,
1-Iron/Cell_MOYVEB.gmol,0,
1-Iron/Cell_MOYVEB.gmol,1,
1-Iron/Cell_MOYVEB.gmol,2,
1-Iron/Cell_MOYVEB.gmol,3,
1-Iron/Cell_MOYVEB.gmol,4,
1-Iron/Cell_MOYVEB.gmol,5,
1-Iron/Cell_MOYVEB.gmol,6,
1-Iron/Cell_MOYVEB.gmol,7,
6-Cobalt/Cell_HURSAR.gmol,0,
6-Cobalt/Cell_HURSAR.gmol,1,
6-Cobalt/Cell_HURSAR.gmol,2,
6-Cobalt/Cell_HURSAR.gmol,3,
6-Cobalt/Cell_HURSAR.gmol,4,
6-Cobalt/Cell_HURSAR.gmol,5,
6-Cobalt/Cell_HURSAR.gmol,6,
6-Cobalt/Cell_HURSAR.gmol,7,
6-Cobalt/Cell_HURSAR.gmol,8,
6-Cobalt/Cell_HURSAR.gmol,9,
6-Cobalt/Cell_HURSAR.gmol,10,
6-Cobalt/Cell_HURSAR.gmol,11,
6-Cobalt/Cell_HURSAR.gmol,12,
6-Cobalt/Cell_HURSAR.gmol,13,
6-Cobalt/Cell_HURSAR.gmol,14,
6-Cobalt/Cell_HURSAR.gmol,15,
8-Copper/Cell_GIMLIY.gmol,0,
8-Copper/Cell_GIMLIY.gmol,1,
8-Copper/Cell_GIMLIY.gmol,2,
8-Copper/Cell_GIMLIY.gmol,3,
8-Copper/Cell_TENVAJ.gmol,0,
8-Copper/Cell_TENVAJ.gmol,1,
8-Copper/Cell_TENVAJ.gmol,2,
8-Copper/Cell_TENVAJ.gmol,3,
8-Copper/Cell_TENVAJ.gmol,4,
8-Copper/Cell_TENVAJ.gmol,5,
8-Copper/Cell_TENVAJ.gmol,6,
8-Copper/Cell_TENVAJ.gmol,7,
8-Copper/Cell_TENVAJ.gmol,8,
8-Copper/Cell_TENVAJ.gmol,9,
8-Copper/Cell_TENVAJ.gmol,10,
8-Copper/Cell_TENVAJ.gmol,11,
6-Cobalt/Cell_EDIPEP.gmol,0,
6-Cobalt/Cell_EDIPEP.gmol,1,
6-Cobalt/Cell_EDIPEP.gmol,2,
6-Cobalt/Cell_EDIPEP.gmol,3,
6-Cobalt/Cell_EDIPEP.gmol,4,
6-Cobalt/Cell_EDIPEP.gmol,5,
6-Cobalt/Cell_EDIPEP.gmol,6,
6-Cobalt/Cell_EDIPEP.gmol,7,
3-Ruthenium/Cell_RAZKEI.gmol,0,
3-Ruthenium/Cell_RAZKEI.gmol,1,
3-Ruthenium/Cell_RAZKEI.gmol,2,
3-Ruthenium/Cell_RAZKEI.gmol,3,
3-Ruthenium/Cell_RAZKEI.gmol,4,
3-Ruthenium/Cell_RAZKEI.gmol,5,
3-Ruthenium/Cell_RAZKEI.gmol,6,
3-Ruthenium/Cell_RAZKEI.gmol,7,
7-Nickel/Cell_DIJNAO.gmol,0,
7-Nickel/Cell_DIJNAO.gmol,1,
7-Nickel/Cell_DIJNAO.gmol,2,
7-Nickel/Cell_DIJNAO.gmol,3,
6-Cobalt/Cell_TAVLUX.gmol,0,
6-Cobalt/Cell_TAVLUX.gmol,1,
6-Cobalt/Cell_TAVLUX.gmol,2,
6-Cobalt/Cell_TAVLUX.gmol,3,
6-Cobalt/Cell_TAVLUX.gmol,4,
6-Cobalt/Cell_TAVLUX.gmol,5,
6-Cobalt/Cell_TAVLUX.gmol,6,
6-Cobalt/Cell_TAVLUX.gmol,7,
6-Cobalt/Cell_TAVLUX.gmol,8,
6-Cobalt/Cell_TAVLUX.gmol,9,
1-Iron/Cell_WIMYAV.gmol,0,
1-Iron/Cell_WIMYAV.gmol,1,
1-Iron/Cell_WIMYAV.gmol,2,
1-Iron/Cell_WIMYAV.gmol,3,
1-Iron/Cell_WIMYAV.gmol,4,
1-Iron/Cell_WIMYAV.gmol,5,
1-Iron/Cell_WIMYAV.gmol,6,
1-Iron/Cell_WIMYAV.gmol,7,
6-Cobalt/Cell_ZIMPUG.gmol,0,
6-Cobalt/Cell_ZIMPUG.gmol,1,
6-Cobalt/Cell_FULDOF.gmol,0,
6-Cobalt/Cell_FULDOF.gmol,1,
6-Cobalt/Cell_NOPDAZ.gmol,0,
6-Cobalt/Cell_NOPDAZ.gmol,1,
6-Cobalt/Cell_NOPDAZ.gmol,2,
6-Cobalt/Cell_NOPDAZ.gmol,3,
8-Copper/Cell_TIQZAU.gmol,0,
8-Copper/Cell_TIQZAU.gmol,1,
8-Copper/Cell_TIQZAU.gmol,2,
8-Copper/Cell_TIQZAU.gmol,3,
8-Copper/Cell_TIQZAU.gmol,4,
8-Copper/Cell_TIQZAU.gmol,5,
8-Copper/Cell_TIQZAU.gmol,6,
8-Copper/Cell_TIQZAU.gmol,7,
8-Copper/Cell_TIQZAU.gmol,8,
8-Copper/Cell_TIQZAU.gmol,9,
8-Copper/Cell_TIQZAU.gmol,10,
8-Copper/Cell_TIQZAU.gmol,11,
8-Copper/Cell_TIQZAU.gmol,12,
8-Copper/Cell_TIQZAU.gmol,13,
8-Copper/Cell_TIQZAU.gmol,14,
8-Copper/Cell_TIQZAU.gmol,15,
8-Copper/Cell_TIQZAU.gmol,16,
8-Copper/Cell_TIQZAU.gmol,17,
8-Copper/Cell_TIQZAU.gmol,18,
8-Copper/Cell_TIQZAU.gmol,19,
8-Copper/Cell_JIYGUT.gmol,0,
8-Copper/Cell_JIYGUT.gmol,1,
8-Copper/Cell_JIYGUT.gmol,2,
8-Copper/Cell_JIYGUT.gmol,3,
8-Copper/Cell_FAQZIJ.gmol,0,
8-Copper/Cell_FAQZIJ.gmol,1,
8-Copper/Cell_FAQZIJ.gmol,2,
8-Copper/Cell_FAQZIJ.gmol,3,
8-Copper/Cell_FAQZIJ.gmol,4,
8-Copper/Cell_FAQZIJ.gmol,5,
8-Copper/Cell_FAQZIJ.gmol,6,
8-Copper/Cell_FAQZIJ.gmol,7,
8-Copper/Cell_ORIROX.gmol,0,
8-Copper/Cell_ORIROX.gmol,1,
8-Copper/Cell_ORIROX.gmol,2,
8-Copper/Cell_ORIROX.gmol,3,
8-Copper/Cell_ECOJOW.gmol,0,
8-Copper/Cell_ECOJOW.gmol,1,
8-Copper/Cell_ECOJOW.gmol,2,
8-Copper/Cell_ECOJOW.gmol,3,
6-Cobalt/Cell_TUSYEM.gmol,0,
6-Cobalt/Cell_TUSYEM.gmol,1,
8-Copper/Cell_KIFBOS.gmol,0,
8-Copper/Cell_KIFBOS.gmol,1,
8-Copper/Cell_KIFBOS.gmol,2,
8-Copper/Cell_KIFBOS.gmol,3,
8-Copper/Cell_KIFBOS.gmol,4,
8-Copper/Cell_KIFBOS.gmol,5,
8-Copper/Cell_KIFBOS.gmol,6,
8-Copper/Cell_KIFBOS.gmol,7,
2-Manganese/Cell_NUCXOZ.gmol,0,
2-Manganese/Cell_NUCXOZ.gmol,1,
1-Iron/Cell_KAWFET.gmol,0,
1-Iron/Cell_KAWFET.gmol,1,
1-Iron/Cell_KAWFET.gmol,2,
1-Iron/Cell_KAWFET.gmol,3,
8-Copper/Cell_OCITAY.gmol,0,
8-Copper/Cell_OCITAY.gmol,1,
8-Copper/Cell_OCITAY.gmol,2,
8-Copper/Cell_OCITAY.gmol,3,
2-Manganese/Cell_XEHYER.gmol,0,
2-Manganese/Cell_XEHYER.gmol,1,
2-Manganese/Cell_XEHYER.gmol,2,
2-Manganese/Cell_XEHYER.gmol,3,
1-Iron/Cell_HIFCAD.gmol,0,
1-Iron/Cell_HIFCAD.gmol,1,
1-Iron/Cell_HIFCAD.gmol,2,
1-Iron/Cell_HIFCAD.gmol,3,
1-Iron/Cell_HIFCAD.gmol,4,
1-Iron/Cell_HIFCAD.gmol,5,
1-Iron/Cell_HIFCAD.gmol,6,
1-Iron/Cell_HIFCAD.gmol,7,
1-Iron/Cell_HIFCAD.gmol,8,
1-Iron/Cell_HIFCAD.gmol,9,
1-Iron/Cell_HIFCAD.gmol,10,
1-Iron/Cell_HIFCAD.gmol,11,
5-Chromium/Cell_HETCRA.gmol,0,
5-Chromium/Cell_HETCRA.gmol,1,
5-Chromium/Cell_HETCRA.gmol,2,
5-Chromium/Cell_HETCRA.gmol,3,
3-Ruthenium/Cell_RELLIE.gmol,0,
3-Ruthenium/Cell_RELLIE.gmol,1,
7-Nickel/Cell_PEDYON.gmol,0,"- Covalent bonds missing from SCOPE: ['0:Ni-37:C', '1:S-2:S']
- Metal bonds missing from SCOPE: ['0:Ni-37:C']
- Different metal coordination numbers: cell2mol=[('Ni', 2, 5)], SCOPE=[('Ni', 2, 4)]"
7-Nickel/Cell_PEDYON.gmol,1,"- Covalent bonds missing from SCOPE: ['34:Ni-40:C', '35:S-36:S']
- Metal bonds missing from SCOPE: ['34:Ni-40:C']
- Different metal coordination numbers: cell2mol=[('Ni', 2, 5)], SCOPE=[('Ni', 2, 4)]"
7-Nickel/Cell_PEDYON.gmol,2,"- Covalent bonds missing from SCOPE: ['0:Ni-37:C', '1:S-2:S']
- Metal bonds missing from SCOPE: ['0:Ni-37:C']
- Different metal coordination numbers: cell2mol=[('Ni', 2, 5)], SCOPE=[('Ni', 2, 4)]"
7-Nickel/Cell_PEDYON.gmol,3,"- Covalent bonds missing from SCOPE: ['26:Ni-40:C', '27:S-28:S']
- Metal bonds missing from SCOPE: ['26:Ni-40:C']
- Different metal coordination numbers: cell2mol=[('Ni', 2, 5)], SCOPE=[('Ni', 2, 4)]"
7-Nickel/Cell_QUNFAJ.gmol,0,
7-Nickel/Cell_QUNFAJ.gmol,1,
8-Copper/Cell_MODTOQ.gmol,0,
8-Copper/Cell_MODTOQ.gmol,1,
3-Ruthenium/Cell_XUBMOX.gmol,0,
3-Ruthenium/Cell_XUBMOX.gmol,1,
3-Ruthenium/Cell_XUBMOX.gmol,2,
3-Ruthenium/Cell_XUBMOX.gmol,3,
3-Ruthenium/Cell_XUBMOX.gmol,4,
3-Ruthenium/Cell_XUBMOX.gmol,5,
3-Ruthenium/Cell_XUBMOX.gmol,6,
3-Ruthenium/Cell_XUBMOX.gmol,7,
8-Copper/Cell_TUJDIM.gmol,0,
8-Copper/Cell_TUJDIM.gmol,1,
8-Copper/Cell_TUJDIM.gmol,2,
8-Copper/Cell_TUJDIM.gmol,3,
8-Copper/Cell_RAGSAW.gmol,0,
8-Copper/Cell_RAGSAW.gmol,1,
8-Copper/Cell_RAGSAW.gmol,2,
8-Copper/Cell_RAGSAW.gmol,3,
8-Copper/Cell_RAGSAW.gmol,4,
8-Copper/Cell_RAGSAW.gmol,5,
8-Copper/Cell_RAGSAW.gmol,6,
8-Copper/Cell_RAGSAW.gmol,7,
8-Copper/Cell_RAGSAW.gmol,8,
8-Copper/Cell_RAGSAW.gmol,9,
8-Copper/Cell_HERCEN.gmol,0,
8-Copper/Cell_HERCEN.gmol,1,
8-Copper/Cell_HERCEN.gmol,2,
8-Copper/Cell_HERCEN.gmol,3,
8-Copper/Cell_HERCEN.gmol,4,
8-Copper/Cell_HERCEN.gmol,5,
8-Copper/Cell_HERCEN.gmol,6,
8-Copper/Cell_HERCEN.gmol,7,
8-Copper/Cell_HERCEN.gmol,8,
8-Copper/Cell_HERCEN.gmol,9,
8-Copper/Cell_HERCEN.gmol,10,
8-Copper/Cell_HERCEN.gmol,11,
8-Copper/Cell_HERCEN.gmol,12,
8-Copper/Cell_HERCEN.gmol,13,
8-Copper/Cell_HERCEN.gmol,14,
8-Copper/Cell_HERCEN.gmol,15,
6-Cobalt/Cell_PAYSAL01.gmol,0,
6-Cobalt/Cell_PAYSAL01.gmol,1,
7-Nickel/Cell_IKEPIX.gmol,0,
7-Nickel/Cell_IKEPIX.gmol,1,
7-Nickel/Cell_IKEPIX.gmol,2,
7-Nickel/Cell_IKEPIX.gmol,3,
7-Nickel/Cell_IKEPIX.gmol,4,
7-Nickel/Cell_IKEPIX.gmol,5,
3-Ruthenium/Cell_DOHSUP.gmol,0,
3-Ruthenium/Cell_DOHSUP.gmol,1,
3-Ruthenium/Cell_DOHSUP.gmol,2,
3-Ruthenium/Cell_DOHSUP.gmol,3,
7-Nickel/Cell_ZATWUP.gmol,0,
7-Nickel/Cell_ZATWUP.gmol,1,
7-Nickel/Cell_ZATWUP.gmol,2,
7-Nickel/Cell_ZATWUP.gmol,3,
7-Nickel/Cell_ZATWUP.gmol,4,
7-Nickel/Cell_ZATWUP.gmol,5,
7-Nickel/Cell_ZATWUP.gmol,6,
7-Nickel/Cell_ZATWUP.gmol,7,
7-Nickel/Cell_ZATWUP.gmol,8,
7-Nickel/Cell_ZATWUP.gmol,9,
2-Manganese/Cell_CEKWIA.gmol,0,
2-Manganese/Cell_CEKWIA.gmol,1,
2-Manganese/Cell_CEKWIA.gmol,2,
2-Manganese/Cell_CEKWIA.gmol,3,
6-Cobalt/Cell_WIPMEN.gmol,0,
6-Cobalt/Cell_WIPMEN.gmol,1,
6-Cobalt/Cell_WIPMEN.gmol,2,
6-Cobalt/Cell_WIPMEN.gmol,3,
7-Nickel/Cell_CIFLIO.gmol,0,
7-Nickel/Cell_CIFLIO.gmol,1,
7-Nickel/Cell_CIFLIO.gmol,2,
7-Nickel/Cell_CIFLIO.gmol,3,
7-Nickel/Cell_CIFLIO.gmol,4,
7-Nickel/Cell_CIFLIO.gmol,5,
2-Manganese/Cell_TADQIC.gmol,0,
2-Manganese/Cell_TADQIC.gmol,1,
2-Manganese/Cell_TADQIC.gmol,2,
2-Manganese/Cell_TADQIC.gmol,3,
6-Cobalt/Cell_ZOBQIQ.gmol,0,
6-Cobalt/Cell_ZOBQIQ.gmol,1,
6-Cobalt/Cell_ZOBQIQ.gmol,2,
6-Cobalt/Cell_ZOBQIQ.gmol,3,
6-Cobalt/Cell_ZOBQIQ.gmol,4,
6-Cobalt/Cell_ZOBQIQ.gmol,5,
6-Cobalt/Cell_REQPOS.gmol,0,
6-Cobalt/Cell_REQPOS.gmol,1,
6-Cobalt/Cell_REQPOS.gmol,2,
6-Cobalt/Cell_REQPOS.gmol,3,
6-Cobalt/Cell_REQPOS.gmol,4,
6-Cobalt/Cell_REQPOS.gmol,5,
6-Cobalt/Cell_REQPOS.gmol,6,
6-Cobalt/Cell_REQPOS.gmol,7,
4-Rhenium/Cell_TAMJUN.gmol,0,
4-Rhenium/Cell_TAMJUN.gmol,1,
4-Rhenium/Cell_TAMJUN.gmol,2,
4-Rhenium/Cell_TAMJUN.gmol,3,
4-Rhenium/Cell_TAMJUN.gmol,4,
4-Rhenium/Cell_TAMJUN.gmol,5,
4-Rhenium/Cell_TAMJUN.gmol,6,
4-Rhenium/Cell_TAMJUN.gmol,7,
4-Rhenium/Cell_TAMJUN.gmol,8,
4-Rhenium/Cell_TAMJUN.gmol,9,
4-Rhenium/Cell_TAMJUN.gmol,10,
4-Rhenium/Cell_TAMJUN.gmol,11,
4-Rhenium/Cell_TAMJUN.gmol,12,
4-Rhenium/Cell_TAMJUN.gmol,13,
4-Rhenium/Cell_TAMJUN.gmol,14,
4-Rhenium/Cell_TAMJUN.gmol,15,
4-Rhenium/Cell_TAMJUN.gmol,16,
4-Rhenium/Cell_TAMJUN.gmol,17,
4-Rhenium/Cell_TAMJUN.gmol,18,
4-Rhenium/Cell_TAMJUN.gmol,19,
7-Nickel/Cell_KOFVUX.gmol,0,
7-Nickel/Cell_KOFVUX.gmol,1,
7-Nickel/Cell_KOFVUX.gmol,2,
8-Copper/Cell_ARUGAV.gmol,0,
8-Copper/Cell_ARUGAV.gmol,1,
8-Copper/Cell_ARUGAV.gmol,2,
8-Copper/Cell_ARUGAV.gmol,3,
8-Copper/Cell_BEZZOW.gmol,0,
8-Copper/Cell_BEZZOW.gmol,1,
8-Copper/Cell_BEZZOW.gmol,2,
8-Copper/Cell_BEZZOW.gmol,3,
4-Rhenium/Cell_KAHXEZ.gmol,0,
4-Rhenium/Cell_KAHXEZ.gmol,1,
4-Rhenium/Cell_KAHXEZ.gmol,2,
8-Copper/Cell_BUXMIS.gmol,0,
8-Copper/Cell_BUXMIS.gmol,1,
8-Copper/Cell_BUXMIS.gmol,2,
8-Copper/Cell_BUXMIS.gmol,3,
6-Cobalt/Cell_ARUFUP.gmol,0,
6-Cobalt/Cell_ARUFUP.gmol,1,
6-Cobalt/Cell_ARUFUP.gmol,2,
6-Cobalt/Cell_ARUFUP.gmol,3,
6-Cobalt/Cell_ARUFUP.gmol,4,
6-Cobalt/Cell_ARUFUP.gmol,5,
6-Cobalt/Cell_ARUFUP.gmol,6,
6-Cobalt/Cell_ARUFUP.gmol,7,
8-Copper/Cell_ZODKUY.gmol,0,
8-Copper/Cell_ZODKUY.gmol,1,
8-Copper/Cell_ZODKUY.gmol,2,
8-Copper/Cell_ZODKUY.gmol,3,
7-Nickel/Cell_HAGXUI.gmol,0,
7-Nickel/Cell_HAGXUI.gmol,1,
7-Nickel/Cell_HAGXUI.gmol,2,
7-Nickel/Cell_HAGXUI.gmol,3,
7-Nickel/Cell_HAGXUI.gmol,4,
7-Nickel/Cell_HAGXUI.gmol,5,
7-Nickel/Cell_HAGXUI.gmol,6,
7-Nickel/Cell_HAGXUI.gmol,7,
6-Cobalt/Cell_HALBUR.gmol,0,
6-Cobalt/Cell_HALBUR.gmol,1,
6-Cobalt/Cell_HALBUR.gmol,2,
6-Cobalt/Cell_HALBUR.gmol,3,
6-Cobalt/Cell_HALBUR.gmol,4,
6-Cobalt/Cell_HALBUR.gmol,5,
6-Cobalt/Cell_HALBUR.gmol,6,
6-Cobalt/Cell_HALBUR.gmol,7,
6-Cobalt/Cell_HALBUR.gmol,8,
6-Cobalt/Cell_HALBUR.gmol,9,
6-Cobalt/Cell_HALBUR.gmol,10,
6-Cobalt/Cell_HALBUR.gmol,11,
1-Iron/Cell_BEBRIL.gmol,0,
1-Iron/Cell_BEBRIL.gmol,1,
1-Iron/Cell_BEBRIL.gmol,2,
1-Iron/Cell_BEBRIL.gmol,3,
1-Iron/Cell_BEBRIL.gmol,4,
1-Iron/Cell_BEBRIL.gmol,5,
8-Copper/Cell_OCIHOX.gmol,0,
8-Copper/Cell_OCIHOX.gmol,1,
8-Copper/Cell_OCIHOX.gmol,2,
8-Copper/Cell_OCIHOX.gmol,3,
6-Cobalt/Cell_DUWWEY.gmol,0,
6-Cobalt/Cell_DUWWEY.gmol,1,
6-Cobalt/Cell_DUWWEY.gmol,2,
6-Cobalt/Cell_DUWWEY.gmol,3,
6-Cobalt/Cell_DUWWEY.gmol,4,
6-Cobalt/Cell_DUWWEY.gmol,5,
8-Copper/Cell_PAGNAP.gmol,0,
8-Copper/Cell_PAGNAP.gmol,1,
8-Copper/Cell_PAGNAP.gmol,2,
8-Copper/Cell_PAGNAP.gmol,3,
4-Rhenium/Cell_YUBGOR.gmol,0,
4-Rhenium/Cell_YUBGOR.gmol,1,
4-Rhenium/Cell_YUBGOR.gmol,2,
4-Rhenium/Cell_YUBGOR.gmol,3,
8-Copper/Cell_IPAHIT.gmol,0,
8-Copper/Cell_XAJGUK.gmol,0,
8-Copper/Cell_XAJGUK.gmol,1,
8-Copper/Cell_XAJGUK.gmol,2,
8-Copper/Cell_XAJGUK.gmol,3,
8-Copper/Cell_XAJGUK.gmol,4,
8-Copper/Cell_XAJGUK.gmol,5,
8-Copper/Cell_XAJGUK.gmol,6,
8-Copper/Cell_XAJGUK.gmol,7,
8-Copper/Cell_XIMCUS.gmol,0,
8-Copper/Cell_XIMCUS.gmol,1,
8-Copper/Cell_AXADUY.gmol,0,
8-Copper/Cell_AXADUY.gmol,1,
8-Copper/Cell_AXADUY.gmol,2,
8-Copper/Cell_AXADUY.gmol,3,
8-Copper/Cell_AXADUY.gmol,4,
8-Copper/Cell_AXADUY.gmol,5,
8-Copper/Cell_AXADUY.gmol,6,
8-Copper/Cell_AXADUY.gmol,7,
8-Copper/Cell_AXADUY.gmol,8,
8-Copper/Cell_AXADUY.gmol,9,
8-Copper/Cell_AXADUY.gmol,10,
8-Copper/Cell_AXADUY.gmol,11,
8-Copper/Cell_AXADUY.gmol,12,
8-Copper/Cell_AXADUY.gmol,13,
8-Copper/Cell_AXADUY.gmol,14,
8-Copper/Cell_AXADUY.gmol,15,
4-Rhenium/Cell_UJUMAO.gmol,0,
4-Rhenium/Cell_UJUMAO.gmol,1,
8-Copper/Cell_ODAZIC.gmol,0,
8-Copper/Cell_ODAZIC.gmol,1,
8-Copper/Cell_ODAZIC.gmol,2,
8-Copper/Cell_ODAZIC.gmol,3,
8-Copper/Cell_ODAZIC.gmol,4,
8-Copper/Cell_ODAZIC.gmol,5,
8-Copper/Cell_ODAZIC.gmol,6,
8-Copper/Cell_ODAZIC.gmol,7,
8-Copper/Cell_ODAZIC.gmol,8,
8-Copper/Cell_ODAZIC.gmol,9,
8-Copper/Cell_ODAZIC.gmol,10,
8-Copper/Cell_ODAZIC.gmol,11,
8-Copper/Cell_ODAZIC.gmol,12,
8-Copper/Cell_ODAZIC.gmol,13,
8-Copper/Cell_ODAZIC.gmol,14,
8-Copper/Cell_ODAZIC.gmol,15,
8-Copper/Cell_ODAZIC.gmol,16,
8-Copper/Cell_ODAZIC.gmol,17,
8-Copper/Cell_ODAZIC.gmol,18,
8-Copper/Cell_ODAZIC.gmol,19,
8-Copper/Cell_ODAZIC.gmol,20,"- Covalent bonds missing from SCOPE: ['0:Cu-7:C']
- Metal bonds missing from SCOPE: ['0:Cu-7:C']
- Different metal coordination numbers: cell2mol=[('Cu', 2, 7)], SCOPE=[('Cu', 2, 6)]"
8-Copper/Cell_ODAZIC.gmol,21,
8-Copper/Cell_ODAZIC.gmol,22,
8-Copper/Cell_ODAZIC.gmol,23,"- Covalent bonds missing from SCOPE: ['0:Cu-7:C']
- Metal bonds missing from SCOPE: ['0:Cu-7:C']
- Different metal coordination numbers: cell2mol=[('Cu', 2, 7)], SCOPE=[('Cu', 2, 6)]"
6-Cobalt/Cell_DUBXEE.gmol,0,
6-Cobalt/Cell_DUBXEE.gmol,1,
7-Nickel/Cell_RODWIS.gmol,0,
7-Nickel/Cell_RODWIS.gmol,1,
7-Nickel/Cell_RODWIS.gmol,2,
7-Nickel/Cell_RODWIS.gmol,3,
5-Chromium/Cell_JILVAB.gmol,0,
5-Chromium/Cell_JILVAB.gmol,1,
5-Chromium/Cell_JILVAB.gmol,2,
5-Chromium/Cell_JILVAB.gmol,3,
8-Copper/Cell_TUTQEE.gmol,0,
8-Copper/Cell_TUTQEE.gmol,1,
8-Copper/Cell_TUTQEE.gmol,2,
8-Copper/Cell_TUTQEE.gmol,3,
8-Copper/Cell_TUTQEE.gmol,4,
8-Copper/Cell_TUTQEE.gmol,5,
8-Copper/Cell_TUTQEE.gmol,6,
8-Copper/Cell_TUTQEE.gmol,7,
6-Cobalt/Cell_FEZXEN.gmol,0,
6-Cobalt/Cell_FEZXEN.gmol,1,
6-Cobalt/Cell_FEZXEN.gmol,2,
6-Cobalt/Cell_FEZXEN.gmol,3,
6-Cobalt/Cell_FEZXEN.gmol,4,
6-Cobalt/Cell_FEZXEN.gmol,5,
6-Cobalt/Cell_FEZXEN.gmol,6,
6-Cobalt/Cell_FEZXEN.gmol,7,
7-Nickel/Cell_IZAVEL.gmol,0,
7-Nickel/Cell_IZAVEL.gmol,1,
6-Cobalt/Cell_UCAREY.gmol,0,
8-Copper/Cell_FACVUD.gmol,0,
8-Copper/Cell_FACVUD.gmol,1,
8-Copper/Cell_LOGPOM.gmol,0,
8-Copper/Cell_LOGPOM.gmol,1,
8-Copper/Cell_LOGPOM.gmol,2,
8-Copper/Cell_LOGPOM.gmol,3,
8-Copper/Cell_LOGPOM.gmol,4,
8-Copper/Cell_LOGPOM.gmol,5,
8-Copper/Cell_LOGPOM.gmol,6,
8-Copper/Cell_LOGPOM.gmol,7,
8-Copper/Cell_IKAJAH.gmol,0,
8-Copper/Cell_IKAJAH.gmol,1,
8-Copper/Cell_IKAJAH.gmol,2,
8-Copper/Cell_IKAJAH.gmol,3,
8-Copper/Cell_IKAJAH.gmol,4,
8-Copper/Cell_IKAJAH.gmol,5,
8-Copper/Cell_IKAJAH.gmol,6,
8-Copper/Cell_IKAJAH.gmol,7,
8-Copper/Cell_IKAJAH.gmol,8,
8-Copper/Cell_IKAJAH.gmol,9,
8-Copper/Cell_IKAJAH.gmol,10,
8-Copper/Cell_IKAJAH.gmol,11,
7-Nickel/Cell_WAQDOH.gmol,0,
7-Nickel/Cell_WAQDOH.gmol,1,
7-Nickel/Cell_WAQDOH.gmol,2,
7-Nickel/Cell_WAQDOH.gmol,3,
7-Nickel/Cell_WAQDOH.gmol,4,
7-Nickel/Cell_WAQDOH.gmol,5,
7-Nickel/Cell_WAQDOH.gmol,6,
7-Nickel/Cell_WAQDOH.gmol,7,
7-Nickel/Cell_WAQDOH.gmol,8,
7-Nickel/Cell_WAQDOH.gmol,9,
7-Nickel/Cell_WAQDOH.gmol,10,
7-Nickel/Cell_WAQDOH.gmol,11,
7-Nickel/Cell_DAYPOJ.gmol,0,
7-Nickel/Cell_DAYPOJ.gmol,1,
6-Cobalt/Cell_QALZAG.gmol,0,
6-Cobalt/Cell_QALZAG.gmol,1,
8-Copper/Cell_IJOMUQ.gmol,0,
8-Copper/Cell_IJOMUQ.gmol,1,
8-Copper/Cell_IJOMUQ.gmol,2,
8-Copper/Cell_IJOMUQ.gmol,3,
8-Copper/Cell_IJOMUQ.gmol,4,
8-Copper/Cell_IJOMUQ.gmol,5,
8-Copper/Cell_IJOMUQ.gmol,6,
8-Copper/Cell_IJOMUQ.gmol,7,
3-Ruthenium/Cell_PUKLOY.gmol,0,
3-Ruthenium/Cell_PUKLOY.gmol,1,
3-Ruthenium/Cell_PUKLOY.gmol,2,
3-Ruthenium/Cell_PUKLOY.gmol,3,
3-Ruthenium/Cell_PUKLOY.gmol,4,
3-Ruthenium/Cell_PUKLOY.gmol,5,
3-Ruthenium/Cell_PUKLOY.gmol,6,
3-Ruthenium/Cell_PUKLOY.gmol,7,
3-Ruthenium/Cell_PUKLOY.gmol,8,
3-Ruthenium/Cell_PUKLOY.gmol,9,
3-Ruthenium/Cell_PUKLOY.gmol,10,
3-Ruthenium/Cell_PUKLOY.gmol,11,
3-Ruthenium/Cell_PUKLOY.gmol,12,
3-Ruthenium/Cell_PUKLOY.gmol,13,
3-Ruthenium/Cell_PUKLOY.gmol,14,
3-Ruthenium/Cell_PUKLOY.gmol,15,
6-Cobalt/Cell_BANQAL.gmol,0,
6-Cobalt/Cell_BANQAL.gmol,1,
6-Cobalt/Cell_BANQAL.gmol,2,
6-Cobalt/Cell_BANQAL.gmol,3,
6-Cobalt/Cell_BANQAL.gmol,4,
6-Cobalt/Cell_BANQAL.gmol,5,
6-Cobalt/Cell_BANQAL.gmol,6,
6-Cobalt/Cell_BANQAL.gmol,7,
6-Cobalt/Cell_BANQAL.gmol,8,
6-Cobalt/Cell_BANQAL.gmol,9,
6-Cobalt/Cell_BANQAL.gmol,10,
6-Cobalt/Cell_BANQAL.gmol,11,
8-Copper/Cell_IDUMEZ.gmol,0,
8-Copper/Cell_IDUMEZ.gmol,1,
8-Copper/Cell_IDUMEZ.gmol,2,
8-Copper/Cell_IDUMEZ.gmol,3,
8-Copper/Cell_IDUMEZ.gmol,4,
8-Copper/Cell_IDUMEZ.gmol,5,
8-Copper/Cell_IDUMEZ.gmol,6,
8-Copper/Cell_IDUMEZ.gmol,7,
8-Copper/Cell_IDUMEZ.gmol,8,
8-Copper/Cell_IDUMEZ.gmol,9,
8-Copper/Cell_IDUMEZ.gmol,10,
8-Copper/Cell_IDUMEZ.gmol,11,
8-Copper/Cell_IDUMEZ.gmol,12,
8-Copper/Cell_IDUMEZ.gmol,13,
8-Copper/Cell_IDUMEZ.gmol,14,
8-Copper/Cell_IDUMEZ.gmol,15,
8-Copper/Cell_IDUMEZ.gmol,16,
8-Copper/Cell_IDUMEZ.gmol,17,
8-Copper/Cell_IDUMEZ.gmol,18,
8-Copper/Cell_IDUMEZ.gmol,19,
8-Copper/Cell_IDUMEZ.gmol,20,
8-Copper/Cell_IDUMEZ.gmol,21,
8-Copper/Cell_IDUMEZ.gmol,22,
8-Copper/Cell_IDUMEZ.gmol,23,
7-Nickel/Cell_AZOCNI16.gmol,0,
7-Nickel/Cell_AZOCNI16.gmol,1,
7-Nickel/Cell_AZOCNI16.gmol,2,
7-Nickel/Cell_AZOCNI16.gmol,3,
7-Nickel/Cell_AZOCNI16.gmol,4,
7-Nickel/Cell_AZOCNI16.gmol,5,
7-Nickel/Cell_AZOCNI16.gmol,6,
7-Nickel/Cell_AZOCNI16.gmol,7,
7-Nickel/Cell_JUHSUA.gmol,0,
7-Nickel/Cell_JUHSUA.gmol,1,
1-Iron/Cell_WIDHAT.gmol,0,
1-Iron/Cell_WIDHAT.gmol,1,
6-Cobalt/Cell_DEVDEQ.gmol,0,
6-Cobalt/Cell_DEVDEQ.gmol,1,
6-Cobalt/Cell_DEVDEQ.gmol,2,
6-Cobalt/Cell_DEVDEQ.gmol,3,
1-Iron/Cell_QIFBIR.gmol,0,
1-Iron/Cell_QIFBIR.gmol,1,
1-Iron/Cell_QIFBIR.gmol,2,
1-Iron/Cell_QIFBIR.gmol,3,
1-Iron/Cell_QIFBIR.gmol,4,
1-Iron/Cell_QIFBIR.gmol,5,
4-Rhenium/Cell_RETPAJ.gmol,0,
4-Rhenium/Cell_RETPAJ.gmol,1,
4-Rhenium/Cell_RETPAJ.gmol,2,
4-Rhenium/Cell_RETPAJ.gmol,3,
2-Manganese/Cell_NOBVEH.gmol,0,
2-Manganese/Cell_NOBVEH.gmol,1,
2-Manganese/Cell_NOBVEH.gmol,2,
8-Copper/Cell_ZURNUV.gmol,0,
8-Copper/Cell_ZURNUV.gmol,1,
8-Copper/Cell_ZURNUV.gmol,2,
8-Copper/Cell_ZURNUV.gmol,3,
8-Copper/Cell_ZURNUV.gmol,4,
8-Copper/Cell_ZURNUV.gmol,5,
8-Copper/Cell_ZURNUV.gmol,6,
8-Copper/Cell_ZURNUV.gmol,7,
8-Copper/Cell_ZURNUV.gmol,8,
8-Copper/Cell_ZURNUV.gmol,9,
8-Copper/Cell_ZURNUV.gmol,10,
8-Copper/Cell_ZURNUV.gmol,11,
1-Iron/Cell_BIXDIW.gmol,0,
1-Iron/Cell_BIXDIW.gmol,1,
1-Iron/Cell_BIXDIW.gmol,2,
1-Iron/Cell_BIXDIW.gmol,3,
4-Rhenium/Cell_QASYOY.gmol,0,
4-Rhenium/Cell_QASYOY.gmol,1,
4-Rhenium/Cell_QASYOY.gmol,2,
4-Rhenium/Cell_QASYOY.gmol,3,
4-Rhenium/Cell_QASYOY.gmol,4,
4-Rhenium/Cell_QASYOY.gmol,5,
4-Rhenium/Cell_QASYOY.gmol,6,
4-Rhenium/Cell_QASYOY.gmol,7,
2-Manganese/Cell_WOVXIQ.gmol,0,
2-Manganese/Cell_WOVXIQ.gmol,1,
2-Manganese/Cell_WOVXIQ.gmol,2,
2-Manganese/Cell_WOVXIQ.gmol,3,
8-Copper/Cell_TOWSAB.gmol,0,
8-Copper/Cell_TOWSAB.gmol,1,
8-Copper/Cell_TOWSAB.gmol,2,
8-Copper/Cell_TOWSAB.gmol,3,
8-Copper/Cell_TOWSAB.gmol,4,
8-Copper/Cell_TOWSAB.gmol,5,
8-Copper/Cell_TOWSAB.gmol,6,
8-Copper/Cell_TOWSAB.gmol,7,
7-Nickel/Cell_WAXGUZ.gmol,0,
7-Nickel/Cell_WAXGUZ.gmol,1,
7-Nickel/Cell_WAXGUZ.gmol,2,
7-Nickel/Cell_WAXGUZ.gmol,3,
7-Nickel/Cell_WAXGUZ.gmol,4,
7-Nickel/Cell_WAXGUZ.gmol,5,
7-Nickel/Cell_WAXGUZ.gmol,6,
7-Nickel/Cell_WAXGUZ.gmol,7,
7-Nickel/Cell_WAXGUZ.gmol,8,
7-Nickel/Cell_WAXGUZ.gmol,9,
7-Nickel/Cell_WAXGUZ.gmol,10,
7-Nickel/Cell_WAXGUZ.gmol,11,
7-Nickel/Cell_WAXGUZ.gmol,12,
7-Nickel/Cell_WAXGUZ.gmol,13,
7-Nickel/Cell_WAXGUZ.gmol,14,
7-Nickel/Cell_WAXGUZ.gmol,15,
7-Nickel/Cell_WAXGUZ.gmol,16,
7-Nickel/Cell_WAXGUZ.gmol,17,
7-Nickel/Cell_WAXGUZ.gmol,18,
7-Nickel/Cell_WAXGUZ.gmol,19,
7-Nickel/Cell_WAXGUZ.gmol,20,
7-Nickel/Cell_WAXGUZ.gmol,21,
7-Nickel/Cell_WAXGUZ.gmol,22,
7-Nickel/Cell_WAXGUZ.gmol,23,
7-Nickel/Cell_WAXGUZ.gmol,24,
7-Nickel/Cell_WAXGUZ.gmol,25,
7-Nickel/Cell_WAXGUZ.gmol,26,
7-Nickel/Cell_WAXGUZ.gmol,27,
7-Nickel/Cell_WAXGUZ.gmol,28,
7-Nickel/Cell_WAXGUZ.gmol,29,
7-Nickel/Cell_WAXGUZ.gmol,30,
7-Nickel/Cell_WAXGUZ.gmol,31,
7-Nickel/Cell_WAXGUZ.gmol,32,
7-Nickel/Cell_WAXGUZ.gmol,33,
7-Nickel/Cell_WAXGUZ.gmol,34,
7-Nickel/Cell_WAXGUZ.gmol,35,
7-Nickel/Cell_WAXGUZ.gmol,36,
7-Nickel/Cell_WAXGUZ.gmol,37,
7-Nickel/Cell_WAXGUZ.gmol,38,
7-Nickel/Cell_WAXGUZ.gmol,39,
8-Copper/Cell_VENHEC.gmol,0,
8-Copper/Cell_VENHEC.gmol,1,
8-Copper/Cell_VENHEC.gmol,2,
8-Copper/Cell_VENHEC.gmol,3,
8-Copper/Cell_VENHEC.gmol,4,
8-Copper/Cell_VENHEC.gmol,5,
3-Ruthenium/Cell_DAMBEZ.gmol,0,
3-Ruthenium/Cell_DAMBEZ.gmol,1,
3-Ruthenium/Cell_DAMBEZ.gmol,2,
3-Ruthenium/Cell_DAMBEZ.gmol,3,
3-Ruthenium/Cell_DAMBEZ.gmol,4,
3-Ruthenium/Cell_DAMBEZ.gmol,5,
3-Ruthenium/Cell_DAMBEZ.gmol,6,
3-Ruthenium/Cell_DAMBEZ.gmol,7,
6-Cobalt/Cell_COTZIW.gmol,0,
6-Cobalt/Cell_COTZIW.gmol,1,
6-Cobalt/Cell_COTZIW.gmol,2,
6-Cobalt/Cell_COTZIW.gmol,3,
6-Cobalt/Cell_COTZIW.gmol,4,
6-Cobalt/Cell_COTZIW.gmol,5,
6-Cobalt/Cell_COTZIW.gmol,6,
6-Cobalt/Cell_COTZIW.gmol,7,
6-Cobalt/Cell_COTZIW.gmol,8,
6-Cobalt/Cell_COTZIW.gmol,9,
6-Cobalt/Cell_COTZIW.gmol,10,
6-Cobalt/Cell_COTZIW.gmol,11,
6-Cobalt/Cell_COTZIW.gmol,12,
6-Cobalt/Cell_COTZIW.gmol,13,
6-Cobalt/Cell_COTZIW.gmol,14,
6-Cobalt/Cell_COTZIW.gmol,15,
7-Nickel/Cell_IKEXAX.gmol,0,
7-Nickel/Cell_IKEXAX.gmol,1,
7-Nickel/Cell_IKEXAX.gmol,2,
7-Nickel/Cell_IKEXAX.gmol,3,
4-Rhenium/Cell_TUQGUH.gmol,0,
4-Rhenium/Cell_TUQGUH.gmol,1,
4-Rhenium/Cell_TUQGUH.gmol,2,
4-Rhenium/Cell_TUQGUH.gmol,3,
4-Rhenium/Cell_TUQGUH.gmol,4,
4-Rhenium/Cell_TUQGUH.gmol,5,
4-Rhenium/Cell_TUQGUH.gmol,6,
4-Rhenium/Cell_TUQGUH.gmol,7,
4-Rhenium/Cell_TUQGUH.gmol,8,
4-Rhenium/Cell_TUQGUH.gmol,9,
4-Rhenium/Cell_TUQGUH.gmol,10,
4-Rhenium/Cell_TUQGUH.gmol,11,
1-Iron/Cell_JOKHIB.gmol,0,
1-Iron/Cell_JOKHIB.gmol,1,
1-Iron/Cell_JOKHIB.gmol,2,
1-Iron/Cell_JOKHIB.gmol,3,
6-Cobalt/Cell_TARZIX.gmol,0,
6-Cobalt/Cell_TARZIX.gmol,1,
6-Cobalt/Cell_TARZIX.gmol,2,
6-Cobalt/Cell_TARZIX.gmol,3,
6-Cobalt/Cell_TARZIX.gmol,4,
6-Cobalt/Cell_TARZIX.gmol,5,
6-Cobalt/Cell_TARZIX.gmol,6,
6-Cobalt/Cell_TARZIX.gmol,7,
6-Cobalt/Cell_TARZIX.gmol,8,
6-Cobalt/Cell_TARZIX.gmol,9,
1-Iron/Cell_MUPVEZ.gmol,0,
1-Iron/Cell_MUPVEZ.gmol,1,
1-Iron/Cell_ULAFEV.gmol,0,
1-Iron/Cell_ULAFEV.gmol,1,
1-Iron/Cell_ULAFEV.gmol,2,
1-Iron/Cell_ULAFEV.gmol,3,
1-Iron/Cell_ULAFEV.gmol,4,
1-Iron/Cell_ULAFEV.gmol,5,
1-Iron/Cell_ULAFEV.gmol,6,
1-Iron/Cell_ULAFEV.gmol,7,
8-Copper/Cell_EDUYEH.gmol,0,
8-Copper/Cell_EDUYEH.gmol,1,
8-Copper/Cell_EDUYEH.gmol,2,
8-Copper/Cell_EDUYEH.gmol,3,
8-Copper/Cell_EDUYEH.gmol,4,
8-Copper/Cell_EDUYEH.gmol,5,
8-Copper/Cell_EDUYEH.gmol,6,
8-Copper/Cell_EDUYEH.gmol,7,
8-Copper/Cell_EDUYEH.gmol,8,
8-Copper/Cell_EDUYEH.gmol,9,
8-Copper/Cell_EDUYEH.gmol,10,
8-Copper/Cell_EDUYEH.gmol,11,
3-Ruthenium/Cell_PAHLOZ.gmol,0,
3-Ruthenium/Cell_PAHLOZ.gmol,1,
3-Ruthenium/Cell_PAHLOZ.gmol,2,
3-Ruthenium/Cell_PAHLOZ.gmol,3,
7-Nickel/Cell_MAHNUF.gmol,0,
7-Nickel/Cell_MAHNUF.gmol,1,
7-Nickel/Cell_QEXPOZ.gmol,0,
7-Nickel/Cell_QEXPOZ.gmol,1,
7-Nickel/Cell_QEXPOZ.gmol,2,
7-Nickel/Cell_QEXPOZ.gmol,3,
7-Nickel/Cell_QEXPOZ.gmol,4,
7-Nickel/Cell_QEXPOZ.gmol,5,
7-Nickel/Cell_QEXPOZ.gmol,6,
7-Nickel/Cell_QEXPOZ.gmol,7,
7-Nickel/Cell_QEXPOZ.gmol,8,
7-Nickel/Cell_QEXPOZ.gmol,9,
7-Nickel/Cell_QEXPOZ.gmol,10,
7-Nickel/Cell_QEXPOZ.gmol,11,
7-Nickel/Cell_QEXPOZ.gmol,12,
7-Nickel/Cell_QEXPOZ.gmol,13,
7-Nickel/Cell_QEXPOZ.gmol,14,
7-Nickel/Cell_QEXPOZ.gmol,15,
7-Nickel/Cell_QEXPOZ.gmol,16,
7-Nickel/Cell_QEXPOZ.gmol,17,
7-Nickel/Cell_QEXPOZ.gmol,18,
7-Nickel/Cell_QEXPOZ.gmol,19,
7-Nickel/Cell_QEXPOZ.gmol,20,
7-Nickel/Cell_QEXPOZ.gmol,21,
7-Nickel/Cell_QEXPOZ.gmol,22,
7-Nickel/Cell_QEXPOZ.gmol,23,
1-Iron/Cell_ZAZNUJ.gmol,0,
1-Iron/Cell_ZAZNUJ.gmol,1,
1-Iron/Cell_ZAZNUJ.gmol,2,
1-Iron/Cell_ZAZNUJ.gmol,3,
8-Copper/Cell_CEVNUN.gmol,0,
8-Copper/Cell_CEVNUN.gmol,1,
8-Copper/Cell_CEVNUN.gmol,2,
8-Copper/Cell_CEVNUN.gmol,3,
8-Copper/Cell_CEVNUN.gmol,4,
8-Copper/Cell_CEVNUN.gmol,5,
8-Copper/Cell_CEVNUN.gmol,6,
8-Copper/Cell_CEVNUN.gmol,7,
8-Copper/Cell_CEVNUN.gmol,8,
8-Copper/Cell_CEVNUN.gmol,9,
8-Copper/Cell_CEVNUN.gmol,10,
8-Copper/Cell_CEVNUN.gmol,11,
5-Chromium/Cell_CUPCEV.gmol,0,
5-Chromium/Cell_CUPCEV.gmol,1,
5-Chromium/Cell_CUPCEV.gmol,2,
5-Chromium/Cell_CUPCEV.gmol,3,
5-Chromium/Cell_CUPCEV.gmol,4,
5-Chromium/Cell_CUPCEV.gmol,5,
5-Chromium/Cell_CUPCEV.gmol,6,
5-Chromium/Cell_CUPCEV.gmol,7,
5-Chromium/Cell_CUPCEV.gmol,8,
5-Chromium/Cell_CUPCEV.gmol,9,
5-Chromium/Cell_CUPCEV.gmol,10,
5-Chromium/Cell_CUPCEV.gmol,11,
7-Nickel/Cell_FISBIT.gmol,0,
7-Nickel/Cell_FISBIT.gmol,1,
7-Nickel/Cell_FISBIT.gmol,2,
7-Nickel/Cell_FISBIT.gmol,3,
7-Nickel/Cell_FISBIT.gmol,4,
7-Nickel/Cell_FISBIT.gmol,5,
7-Nickel/Cell_FISBIT.gmol,6,
7-Nickel/Cell_FISBIT.gmol,7,
6-Cobalt/Cell_SIQNAK.gmol,0,
6-Cobalt/Cell_SIQNAK.gmol,1,
6-Cobalt/Cell_SIQNAK.gmol,2,
6-Cobalt/Cell_SIQNAK.gmol,3,
1-Iron/Cell_KEHRAR.gmol,0,
1-Iron/Cell_KEHRAR.gmol,1,
1-Iron/Cell_KEHRAR.gmol,2,
1-Iron/Cell_KEHRAR.gmol,3,
3-Ruthenium/Cell_OJOWIT.gmol,0,
3-Ruthenium/Cell_OJOWIT.gmol,1,
3-Ruthenium/Cell_OJOWIT.gmol,2,
3-Ruthenium/Cell_OJOWIT.gmol,3,
8-Copper/Cell_HOQHAX.gmol,0,
8-Copper/Cell_HOQHAX.gmol,1,
1-Iron/Cell_IKOXUD.gmol,0,
1-Iron/Cell_IKOXUD.gmol,1,
1-Iron/Cell_IKOXUD.gmol,2,
1-Iron/Cell_IKOXUD.gmol,3,
1-Iron/Cell_IKOXUD.gmol,4,
1-Iron/Cell_IKOXUD.gmol,5,
1-Iron/Cell_IKOXUD.gmol,6,
1-Iron/Cell_IKOXUD.gmol,7,
6-Cobalt/Cell_SEQFUQ.gmol,0,
6-Cobalt/Cell_SEQFUQ.gmol,1,
3-Ruthenium/Cell_PIDNAR.gmol,0,
3-Ruthenium/Cell_PIDNAR.gmol,1,
8-Copper/Cell_DUQYIZ.gmol,0,
8-Copper/Cell_DUQYIZ.gmol,1,
2-Manganese/Cell_NITNUC.gmol,0,
2-Manganese/Cell_NITNUC.gmol,1,
8-Copper/Cell_QEHQUR.gmol,0,
8-Copper/Cell_QEHQUR.gmol,1,
8-Copper/Cell_QEHQUR.gmol,2,
8-Copper/Cell_QEHQUR.gmol,3,
7-Nickel/Cell_QALFER.gmol,0,
7-Nickel/Cell_QALFER.gmol,1,
7-Nickel/Cell_QALFER.gmol,2,
7-Nickel/Cell_QALFER.gmol,3,
7-Nickel/Cell_QALFER.gmol,4,
7-Nickel/Cell_QALFER.gmol,5,
7-Nickel/Cell_QALFER.gmol,6,
7-Nickel/Cell_QALFER.gmol,7,
6-Cobalt/Cell_OCAHOP.gmol,0,
6-Cobalt/Cell_OCAHOP.gmol,1,
1-Iron/Cell_WENWAP.gmol,0,
1-Iron/Cell_WENWAP.gmol,1,
1-Iron/Cell_WENWAP.gmol,2,
1-Iron/Cell_WENWAP.gmol,3,
1-Iron/Cell_WENWAP.gmol,4,
1-Iron/Cell_WENWAP.gmol,5,
1-Iron/Cell_WENWAP.gmol,6,
1-Iron/Cell_WENWAP.gmol,7,
6-Cobalt/Cell_VUXKOQ.gmol,0,
6-Cobalt/Cell_VUXKOQ.gmol,1,
6-Cobalt/Cell_VUXKOQ.gmol,2,
6-Cobalt/Cell_VUXKOQ.gmol,3,
6-Cobalt/Cell_VUXKOQ.gmol,4,
6-Cobalt/Cell_VUXKOQ.gmol,5,
6-Cobalt/Cell_VUXKOQ.gmol,6,
6-Cobalt/Cell_VUXKOQ.gmol,7,
8-Copper/Cell_FERKAO.gmol,0,
8-Copper/Cell_FERKAO.gmol,1,
8-Copper/Cell_FERKAO.gmol,2,
8-Copper/Cell_FERKAO.gmol,3,
5-Chromium/Cell_VAMBAM.gmol,0,
5-Chromium/Cell_VAMBAM.gmol,1,
5-Chromium/Cell_VAMBAM.gmol,2,
5-Chromium/Cell_VAMBAM.gmol,3,
8-Copper/Cell_KALDUX.gmol,0,
2-Manganese/Cell_NOBVUX01.gmol,0,
2-Manganese/Cell_NOBVUX01.gmol,1,
2-Manganese/Cell_NOBVUX01.gmol,2,
2-Manganese/Cell_NOBVUX01.gmol,3,
2-Manganese/Cell_NOBVUX01.gmol,4,
2-Manganese/Cell_NOBVUX01.gmol,5,
2-Manganese/Cell_NOBVUX01.gmol,6,
2-Manganese/Cell_NOBVUX01.gmol,7,
2-Manganese/Cell_NOBVUX01.gmol,8,
2-Manganese/Cell_NOBVUX01.gmol,9,
2-Manganese/Cell_NOBVUX01.gmol,10,
2-Manganese/Cell_NOBVUX01.gmol,11,
2-Manganese/Cell_NOBVUX01.gmol,12,
2-Manganese/Cell_NOBVUX01.gmol,13,
2-Manganese/Cell_NOBVUX01.gmol,14,
2-Manganese/Cell_NOBVUX01.gmol,15,
2-Manganese/Cell_NOBVUX01.gmol,16,
2-Manganese/Cell_NOBVUX01.gmol,17,
2-Manganese/Cell_NOBVUX01.gmol,18,
2-Manganese/Cell_NOBVUX01.gmol,19,
7-Nickel/Cell_RALHET.gmol,0,
7-Nickel/Cell_RALHET.gmol,1,
7-Nickel/Cell_RALHET.gmol,2,
7-Nickel/Cell_RALHET.gmol,3,
3-Ruthenium/Cell_SOBTOS.gmol,0,
3-Ruthenium/Cell_SOBTOS.gmol,1,
3-Ruthenium/Cell_SOBTOS.gmol,2,
3-Ruthenium/Cell_SOBTOS.gmol,3,
6-Cobalt/Cell_WOKRAQ.gmol,0,
6-Cobalt/Cell_WOKRAQ.gmol,1,
6-Cobalt/Cell_WOKRAQ.gmol,2,
6-Cobalt/Cell_WOKRAQ.gmol,3,
6-Cobalt/Cell_LESWIP.gmol,0,
6-Cobalt/Cell_LESWIP.gmol,1,
6-Cobalt/Cell_LESWIP.gmol,2,
6-Cobalt/Cell_LESWIP.gmol,3,
6-Cobalt/Cell_LESWIP.gmol,4,
6-Cobalt/Cell_LESWIP.gmol,5,
7-Nickel/Cell_GIFPOC.gmol,0,
7-Nickel/Cell_GIFPOC.gmol,1,
7-Nickel/Cell_GIFPOC.gmol,2,
7-Nickel/Cell_GIFPOC.gmol,3,
8-Copper/Cell_XETCAB.gmol,0,
8-Copper/Cell_XETCAB.gmol,1,
8-Copper/Cell_XETCAB.gmol,2,
8-Copper/Cell_XETCAB.gmol,3,
3-Ruthenium/Cell_HIQPIH.gmol,0,
3-Ruthenium/Cell_HIQPIH.gmol,1,
8-Copper/Cell_ABUBAD.gmol,0,
8-Copper/Cell_ABUBAD.gmol,1,
8-Copper/Cell_ABUBAD.gmol,2,
8-Copper/Cell_HIGFOT.gmol,0,
8-Copper/Cell_HIGFOT.gmol,1,
8-Copper/Cell_HIGFOT.gmol,2,
8-Copper/Cell_HIGFOT.gmol,3,
8-Copper/Cell_HIGFOT.gmol,4,
8-Copper/Cell_HIGFOT.gmol,5,
8-Copper/Cell_HIGFOT.gmol,6,
8-Copper/Cell_HIGFOT.gmol,7,
1-Iron/Cell_QEFFOY.gmol,0,
1-Iron/Cell_QEFFOY.gmol,1,
1-Iron/Cell_MOMXUJ.gmol,0,
1-Iron/Cell_MOMXUJ.gmol,1,
1-Iron/Cell_MOMXUJ.gmol,2,
1-Iron/Cell_MOMXUJ.gmol,3,
8-Copper/Cell_FINPAU.gmol,0,
8-Copper/Cell_FINPAU.gmol,1,
8-Copper/Cell_FINPAU.gmol,2,
1-Iron/Cell_OTOTEX.gmol,0,
1-Iron/Cell_OTOTEX.gmol,1,
1-Iron/Cell_OTOTEX.gmol,2,
1-Iron/Cell_OTOTEX.gmol,3,
8-Copper/Cell_INORUA.gmol,0,
7-Nickel/Cell_HOQBAS.gmol,0,
7-Nickel/Cell_HOQBAS.gmol,1,
7-Nickel/Cell_HOQBAS.gmol,2,
7-Nickel/Cell_HOQBAS.gmol,3,
6-Cobalt/Cell_KIFQUN.gmol,0,
6-Cobalt/Cell_KIFQUN.gmol,1,
6-Cobalt/Cell_KIFQUN.gmol,2,
6-Cobalt/Cell_KIFQUN.gmol,3,
8-Copper/Cell_CINRAS.gmol,0,"- Covalent bonds missing from SCOPE: ['0:Cu-6:N']
- Metal bonds missing from SCOPE: ['0:Cu-6:N']
- Different metal coordination numbers: cell2mol=[('Cu', 2, 5)], SCOPE=[('Cu', 2, 4)]"
8-Copper/Cell_CINRAS.gmol,1,"- Covalent bonds missing from SCOPE: ['0:Cu-6:N']
- Metal bonds missing from SCOPE: ['0:Cu-6:N']
- Different metal coordination numbers: cell2mol=[('Cu', 2, 5)], SCOPE=[('Cu', 2, 4)]"
8-Copper/Cell_CINRAS.gmol,2,"- Covalent bonds missing from SCOPE: ['0:Cu-6:N']
- Metal bonds missing from SCOPE: ['0:Cu-6:N']
- Different metal coordination numbers: cell2mol=[('Cu', 2, 5)], SCOPE=[('Cu', 2, 4)]"
8-Copper/Cell_CINRAS.gmol,3,"- Covalent bonds missing from SCOPE: ['0:Cu-6:N']
- Metal bonds missing from SCOPE: ['0:Cu-6:N']
- Different metal coordination numbers: cell2mol=[('Cu', 2, 5)], SCOPE=[('Cu', 2, 4)]"
7-Nickel/Cell_FEYWUC.gmol,0,
7-Nickel/Cell_FEYWUC.gmol,1,
7-Nickel/Cell_FEYWUC.gmol,2,
7-Nickel/Cell_FEYWUC.gmol,3,
7-Nickel/Cell_TUKGUB.gmol,0,
7-Nickel/Cell_TUKGUB.gmol,1,
7-Nickel/Cell_TUKGUB.gmol,2,
7-Nickel/Cell_TUKGUB.gmol,3,
4-Rhenium/Cell_VULVAA.gmol,0,
4-Rhenium/Cell_VULVAA.gmol,1,
4-Rhenium/Cell_VULVAA.gmol,2,
4-Rhenium/Cell_VULVAA.gmol,3,
8-Copper/Cell_VOXVEM.gmol,0,
8-Copper/Cell_VOXVEM.gmol,1,
8-Copper/Cell_VOXVEM.gmol,2,
8-Copper/Cell_VOXVEM.gmol,3,
7-Nickel/Cell_TACNIN.gmol,0,
7-Nickel/Cell_TACNIN.gmol,1,
7-Nickel/Cell_TACNIN.gmol,2,
8-Copper/Cell_QIJREG.gmol,0,
8-Copper/Cell_QIJREG.gmol,1,
8-Copper/Cell_QIJREG.gmol,2,
8-Copper/Cell_QIJREG.gmol,3,
7-Nickel/Cell_UNOKOY.gmol,0,
7-Nickel/Cell_UNOKOY.gmol,1,
7-Nickel/Cell_UNOKOY.gmol,2,
7-Nickel/Cell_UNOKOY.gmol,3,
7-Nickel/Cell_UNOKOY.gmol,4,
7-Nickel/Cell_UNOKOY.gmol,5,
8-Copper/Cell_OKIROP.gmol,0,
8-Copper/Cell_OKIROP.gmol,1,
8-Copper/Cell_OKIROP.gmol,2,
8-Copper/Cell_OKIROP.gmol,3,
8-Copper/Cell_OKIROP.gmol,4,
8-Copper/Cell_OKIROP.gmol,5,
8-Copper/Cell_OKIROP.gmol,6,
8-Copper/Cell_OKIROP.gmol,7,
8-Copper/Cell_OKIROP.gmol,8,
8-Copper/Cell_OKIROP.gmol,9,
8-Copper/Cell_OKIROP.gmol,10,
8-Copper/Cell_OKIROP.gmol,11,
8-Copper/Cell_OKIROP.gmol,12,
8-Copper/Cell_OKIROP.gmol,13,
8-Copper/Cell_OKIROP.gmol,14,
8-Copper/Cell_OKIROP.gmol,15,
7-Nickel/Cell_XUHJOA.gmol,0,
7-Nickel/Cell_XUHJOA.gmol,1,
7-Nickel/Cell_XUHJOA.gmol,2,
7-Nickel/Cell_XUHJOA.gmol,3,
7-Nickel/Cell_XUHJOA.gmol,4,
7-Nickel/Cell_XUHJOA.gmol,5,
7-Nickel/Cell_XUHJOA.gmol,6,
7-Nickel/Cell_XUHJOA.gmol,7,
1-Iron/Cell_PEKQAX.gmol,0,
1-Iron/Cell_PEKQAX.gmol,1,
5-Chromium/Cell_DILPUM.gmol,0,
5-Chromium/Cell_DILPUM.gmol,1,
5-Chromium/Cell_DILPUM.gmol,2,
5-Chromium/Cell_DILPUM.gmol,3,
5-Chromium/Cell_DILPUM.gmol,4,
5-Chromium/Cell_DILPUM.gmol,5,
5-Chromium/Cell_DILPUM.gmol,6,
5-Chromium/Cell_DILPUM.gmol,7,
5-Chromium/Cell_DILPUM.gmol,8,
5-Chromium/Cell_DILPUM.gmol,9,
5-Chromium/Cell_DILPUM.gmol,10,
5-Chromium/Cell_DILPUM.gmol,11,
7-Nickel/Cell_PUCSAI.gmol,0,
7-Nickel/Cell_PUCSAI.gmol,1,
7-Nickel/Cell_PUCSAI.gmol,2,
7-Nickel/Cell_PUCSAI.gmol,3,
7-Nickel/Cell_COPKUO.gmol,0,
7-Nickel/Cell_COPKUO.gmol,1,
7-Nickel/Cell_COPKUO.gmol,2,
7-Nickel/Cell_COPKUO.gmol,3,
1-Iron/Cell_QIDJET.gmol,0,
1-Iron/Cell_QIDJET.gmol,1,
1-Iron/Cell_QIDJET.gmol,2,
1-Iron/Cell_QIDJET.gmol,3,
8-Copper/Cell_SECBAE.gmol,0,
8-Copper/Cell_SECBAE.gmol,1,
8-Copper/Cell_SECBAE.gmol,2,
8-Copper/Cell_SECBAE.gmol,3,
8-Copper/Cell_SECBAE.gmol,4,
8-Copper/Cell_SECBAE.gmol,5,
8-Copper/Cell_SECBAE.gmol,6,
8-Copper/Cell_SECBAE.gmol,7,
8-Copper/Cell_SECBAE.gmol,8,
8-Copper/Cell_SECBAE.gmol,9,
5-Chromium/Cell_INAZAZ.gmol,0,
5-Chromium/Cell_INAZAZ.gmol,1,
5-Chromium/Cell_INAZAZ.gmol,2,
5-Chromium/Cell_INAZAZ.gmol,3,
2-Manganese/Cell_PYDMNB02.gmol,0,
2-Manganese/Cell_PYDMNB02.gmol,1,
2-Manganese/Cell_PYDMNB02.gmol,2,
2-Manganese/Cell_PYDMNB02.gmol,3,
2-Manganese/Cell_PYDMNB02.gmol,4,
2-Manganese/Cell_PYDMNB02.gmol,5,
3-Ruthenium/Cell_XULXOR.gmol,0,
3-Ruthenium/Cell_XULXOR.gmol,1,
1-Iron/Cell_RAGQIZ.gmol,0,
1-Iron/Cell_RAGQIZ.gmol,1,
1-Iron/Cell_RAGQIZ.gmol,2,
1-Iron/Cell_RAGQIZ.gmol,3,
7-Nickel/Cell_GIFFOS.gmol,0,
7-Nickel/Cell_GIFFOS.gmol,1,
7-Nickel/Cell_GIFFOS.gmol,2,
7-Nickel/Cell_GIFFOS.gmol,3,
7-Nickel/Cell_GIFFOS.gmol,4,
7-Nickel/Cell_GIFFOS.gmol,5,
7-Nickel/Cell_GIFFOS.gmol,6,
7-Nickel/Cell_GIFFOS.gmol,7,
6-Cobalt/Cell_EQIFOC.gmol,0,
6-Cobalt/Cell_EQIFOC.gmol,1,
6-Cobalt/Cell_EQIFOC.gmol,2,
6-Cobalt/Cell_EQIFOC.gmol,3,
6-Cobalt/Cell_EQIFOC.gmol,4,
6-Cobalt/Cell_EQIFOC.gmol,5,
6-Cobalt/Cell_EQIFOC.gmol,6,
6-Cobalt/Cell_EQIFOC.gmol,7,
6-Cobalt/Cell_EQIFOC.gmol,8,
6-Cobalt/Cell_EQIFOC.gmol,9,
3-Ruthenium/Cell_EQUKEI.gmol,0,
3-Ruthenium/Cell_EQUKEI.gmol,1,
3-Ruthenium/Cell_EQUKEI.gmol,2,
3-Ruthenium/Cell_EQUKEI.gmol,3,
1-Iron/Cell_SAZLUD.gmol,0,
1-Iron/Cell_SAZLUD.gmol,1,
8-Copper/Cell_WUNWUZ.gmol,0,
8-Copper/Cell_WUNWUZ.gmol,1,
8-Copper/Cell_WUNWUZ.gmol,2,
8-Copper/Cell_WUNWUZ.gmol,3,
8-Copper/Cell_WUNWUZ.gmol,4,
8-Copper/Cell_WUNWUZ.gmol,5,
8-Copper/Cell_WUNWUZ.gmol,6,
8-Copper/Cell_WUNWUZ.gmol,7,
8-Copper/Cell_WUNWUZ.gmol,8,
8-Copper/Cell_WUNWUZ.gmol,9,
8-Copper/Cell_WUNWUZ.gmol,10,
8-Copper/Cell_WUNWUZ.gmol,11,
8-Copper/Cell_WUNWUZ.gmol,12,
8-Copper/Cell_WUNWUZ.gmol,13,
8-Copper/Cell_WUNWUZ.gmol,14,
8-Copper/Cell_WUNWUZ.gmol,15,
2-Manganese/Cell_KURXIG.gmol,0,
2-Manganese/Cell_KURXIG.gmol,1,
2-Manganese/Cell_KURXIG.gmol,2,
2-Manganese/Cell_KURXIG.gmol,3,
6-Cobalt/Cell_BUXXEX.gmol,0,
6-Cobalt/Cell_BUXXEX.gmol,1,
6-Cobalt/Cell_BUXXEX.gmol,2,
6-Cobalt/Cell_BUXXEX.gmol,3,
8-Copper/Cell_ILOFIZ.gmol,0,
8-Copper/Cell_ILOFIZ.gmol,1,
8-Copper/Cell_ILOFIZ.gmol,2,
8-Copper/Cell_ILOFIZ.gmol,3,
4-Rhenium/Cell_AZEHAP.gmol,0,
4-Rhenium/Cell_AZEHAP.gmol,1,
7-Nickel/Cell_NESJAW.gmol,0,
7-Nickel/Cell_NESJAW.gmol,1,
8-Copper/Cell_AXIRAB.gmol,0,
8-Copper/Cell_AXIRAB.gmol,1,
8-Copper/Cell_AXIRAB.gmol,2,
8-Copper/Cell_AXIRAB.gmol,3,
8-Copper/Cell_AXIRAB.gmol,4,
8-Copper/Cell_AXIRAB.gmol,5,
8-Copper/Cell_MUYGUI.gmol,0,
8-Copper/Cell_MUYGUI.gmol,1,
6-Cobalt/Cell_UFUWAW.gmol,0,
6-Cobalt/Cell_UFUWAW.gmol,1,
6-Cobalt/Cell_UFUWAW.gmol,2,
6-Cobalt/Cell_UFUWAW.gmol,3,
6-Cobalt/Cell_UFUWAW.gmol,4,
6-Cobalt/Cell_UFUWAW.gmol,5,
6-Cobalt/Cell_UFUWAW.gmol,6,
6-Cobalt/Cell_UFUWAW.gmol,7,
6-Cobalt/Cell_UFUWAW.gmol,8,
6-Cobalt/Cell_UFUWAW.gmol,9,
8-Copper/Cell_DIWCIW.gmol,0,
8-Copper/Cell_DIWCIW.gmol,1,
8-Copper/Cell_DIWCIW.gmol,2,
8-Copper/Cell_DIWCIW.gmol,3,
8-Copper/Cell_DIWCIW.gmol,4,
8-Copper/Cell_DIWCIW.gmol,5,
1-Iron/Cell_QOWWAB.gmol,0,
1-Iron/Cell_QOWWAB.gmol,1,
1-Iron/Cell_QOWWAB.gmol,2,
1-Iron/Cell_QOWWAB.gmol,3,
1-Iron/Cell_ZAXCEG.gmol,0,
1-Iron/Cell_ZAXCEG.gmol,1,
1-Iron/Cell_ZAXCEG.gmol,2,
1-Iron/Cell_ZAXCEG.gmol,3,
3-Ruthenium/Cell_ESAKEP.gmol,0,
3-Ruthenium/Cell_ESAKEP.gmol,1,
3-Ruthenium/Cell_ESAKEP.gmol,2,
3-Ruthenium/Cell_ESAKEP.gmol,3,
3-Ruthenium/Cell_ESAKEP.gmol,4,
3-Ruthenium/Cell_ESAKEP.gmol,5,
3-Ruthenium/Cell_ESAKEP.gmol,6,
3-Ruthenium/Cell_ESAKEP.gmol,7,
3-Ruthenium/Cell_ESAKEP.gmol,8,
3-Ruthenium/Cell_ESAKEP.gmol,9,
3-Ruthenium/Cell_ESAKEP.gmol,10,
3-Ruthenium/Cell_ESAKEP.gmol,11,
3-Ruthenium/Cell_ESAKEP.gmol,12,
3-Ruthenium/Cell_ESAKEP.gmol,13,
3-Ruthenium/Cell_ESAKEP.gmol,14,
3-Ruthenium/Cell_ESAKEP.gmol,15,
6-Cobalt/Cell_QIRYEV.gmol,0,
6-Cobalt/Cell_QIRYEV.gmol,1,
6-Cobalt/Cell_QIRYEV.gmol,2,
6-Cobalt/Cell_QIRYEV.gmol,3,
6-Cobalt/Cell_QIRYEV.gmol,4,
6-Cobalt/Cell_QIRYEV.gmol,5,
6-Cobalt/Cell_QIRYEV.gmol,6,
6-Cobalt/Cell_QIRYEV.gmol,7,
8-Copper/Cell_FARWIH.gmol,0,
8-Copper/Cell_FARWIH.gmol,1,
8-Copper/Cell_FARWIH.gmol,2,
8-Copper/Cell_FARWIH.gmol,3,
1-Iron/Cell_IJEBAC.gmol,0,
1-Iron/Cell_IJEBAC.gmol,1,
1-Iron/Cell_IJEBAC.gmol,2,
8-Copper/Cell_OXUQUV02.gmol,0,
8-Copper/Cell_OXUQUV02.gmol,1,
8-Copper/Cell_OXUQUV02.gmol,2,
8-Copper/Cell_OXUQUV02.gmol,3,
4-Rhenium/Cell_TUYBIZ.gmol,0,
4-Rhenium/Cell_TUYBIZ.gmol,1,
8-Copper/Cell_BELVUM.gmol,0,
8-Copper/Cell_BELVUM.gmol,1,
8-Copper/Cell_BELVUM.gmol,2,
8-Copper/Cell_BELVUM.gmol,3,
8-Copper/Cell_BELVUM.gmol,4,
8-Copper/Cell_BELVUM.gmol,5,
7-Nickel/Cell_QOWVUU.gmol,0,
7-Nickel/Cell_QOWVUU.gmol,1,
3-Ruthenium/Cell_TESNUD.gmol,0,
3-Ruthenium/Cell_TESNUD.gmol,1,
3-Ruthenium/Cell_TESNUD.gmol,2,
3-Ruthenium/Cell_TESNUD.gmol,3,
3-Ruthenium/Cell_TESNUD.gmol,4,
3-Ruthenium/Cell_TESNUD.gmol,5,
3-Ruthenium/Cell_TESNUD.gmol,6,
3-Ruthenium/Cell_TESNUD.gmol,7,
3-Ruthenium/Cell_LESZUF.gmol,0,
3-Ruthenium/Cell_LESZUF.gmol,1,
3-Ruthenium/Cell_LESZUF.gmol,2,
3-Ruthenium/Cell_LESZUF.gmol,3,
8-Copper/Cell_QUGNIQ.gmol,0,
8-Copper/Cell_QUGNIQ.gmol,1,
8-Copper/Cell_QUGNIQ.gmol,2,
8-Copper/Cell_QUGNIQ.gmol,3,
7-Nickel/Cell_IPAGOV.gmol,0,
7-Nickel/Cell_IPAGOV.gmol,1,
7-Nickel/Cell_IPAGOV.gmol,2,
7-Nickel/Cell_IPAGOV.gmol,3,
3-Ruthenium/Cell_IJEJAI.gmol,0,
3-Ruthenium/Cell_IJEJAI.gmol,1,
3-Ruthenium/Cell_IJEJAI.gmol,2,
3-Ruthenium/Cell_IJEJAI.gmol,3,
7-Nickel/Cell_ESILEY.gmol,0,
7-Nickel/Cell_ESILEY.gmol,1,
7-Nickel/Cell_ESILEY.gmol,2,
7-Nickel/Cell_ESILEY.gmol,3,
7-Nickel/Cell_ESILEY.gmol,4,
7-Nickel/Cell_ESILEY.gmol,5,
7-Nickel/Cell_ESILEY.gmol,6,
7-Nickel/Cell_ESILEY.gmol,7,
8-Copper/Cell_XAOICU.gmol,0,
6-Cobalt/Cell_GAZKIB.gmol,0,
6-Cobalt/Cell_GAZKIB.gmol,1,
6-Cobalt/Cell_GAZKIB.gmol,2,
6-Cobalt/Cell_GAZKIB.gmol,3,
6-Cobalt/Cell_GAZKIB.gmol,4,
6-Cobalt/Cell_GAZKIB.gmol,5,
6-Cobalt/Cell_GAZKIB.gmol,6,
6-Cobalt/Cell_GAZKIB.gmol,7,
8-Copper/Cell_QEYDAA.gmol,0,
8-Copper/Cell_QEYDAA.gmol,1,
8-Copper/Cell_QEYDAA.gmol,2,
8-Copper/Cell_QEYDAA.gmol,3,
7-Nickel/Cell_NELNUN.gmol,0,
7-Nickel/Cell_NELNUN.gmol,1,
7-Nickel/Cell_NELNUN.gmol,2,
7-Nickel/Cell_NELNUN.gmol,3,
7-Nickel/Cell_NELNUN.gmol,4,
7-Nickel/Cell_NELNUN.gmol,5,
7-Nickel/Cell_NELNUN.gmol,6,
3-Ruthenium/Cell_XIWVAB.gmol,0,
3-Ruthenium/Cell_XIWVAB.gmol,1,
3-Ruthenium/Cell_XIWVAB.gmol,2,
3-Ruthenium/Cell_XIWVAB.gmol,3,
8-Copper/Cell_SAGJUF.gmol,0,
8-Copper/Cell_SAGJUF.gmol,1,
8-Copper/Cell_SAGJUF.gmol,2,
8-Copper/Cell_SAGJUF.gmol,3,
8-Copper/Cell_SAGJUF.gmol,4,
8-Copper/Cell_SAGJUF.gmol,5,
8-Copper/Cell_SAGJUF.gmol,6,
8-Copper/Cell_SAGJUF.gmol,7,
8-Copper/Cell_SAGJUF.gmol,8,
8-Copper/Cell_SAGJUF.gmol,9,
8-Copper/Cell_SAGJUF.gmol,10,
8-Copper/Cell_SAGJUF.gmol,11,
8-Copper/Cell_XUGJAK.gmol,0,
8-Copper/Cell_XUGJAK.gmol,1,
8-Copper/Cell_XUGJAK.gmol,2,
8-Copper/Cell_XUGJAK.gmol,3,
8-Copper/Cell_SIJCUJ.gmol,0,
8-Copper/Cell_SIJCUJ.gmol,1,
8-Copper/Cell_SIJCUJ.gmol,2,
8-Copper/Cell_SIJCUJ.gmol,3,
8-Copper/Cell_WUGMIV.gmol,0,
8-Copper/Cell_WUGMIV.gmol,1,
6-Cobalt/Cell_UBIRUU.gmol,0,
6-Cobalt/Cell_UBIRUU.gmol,1,
6-Cobalt/Cell_UBIRUU.gmol,2,
6-Cobalt/Cell_UBIRUU.gmol,3,
7-Nickel/Cell_INAMEQ.gmol,0,
7-Nickel/Cell_INAMEQ.gmol,1,
7-Nickel/Cell_INAMEQ.gmol,2,
7-Nickel/Cell_INAMEQ.gmol,3,
7-Nickel/Cell_INAMEQ.gmol,4,
7-Nickel/Cell_INAMEQ.gmol,5,
8-Copper/Cell_CDACDH25.gmol,0,
8-Copper/Cell_CDACDH25.gmol,1,
8-Copper/Cell_NIJYIO.gmol,0,
8-Copper/Cell_NIJYIO.gmol,1,
8-Copper/Cell_NIJYIO.gmol,2,
8-Copper/Cell_NIJYIO.gmol,3,
8-Copper/Cell_SESLUA.gmol,0,
8-Copper/Cell_SESLUA.gmol,1,
8-Copper/Cell_SESLUA.gmol,2,
8-Copper/Cell_SESLUA.gmol,3,
8-Copper/Cell_SESLUA.gmol,4,
8-Copper/Cell_SESLUA.gmol,5,
8-Copper/Cell_SESLUA.gmol,6,
8-Copper/Cell_SESLUA.gmol,7,
2-Manganese/Cell_YAVMEP.gmol,0,
2-Manganese/Cell_YAVMEP.gmol,1,
8-Copper/Cell_FEYPEE.gmol,0,
8-Copper/Cell_FEYPEE.gmol,1,
8-Copper/Cell_FEYPEE.gmol,2,
6-Cobalt/Cell_KUYJIY.gmol,0,
6-Cobalt/Cell_KUYJIY.gmol,1,
6-Cobalt/Cell_KUYJIY.gmol,2,
6-Cobalt/Cell_KUYJIY.gmol,3,
8-Copper/Cell_ETUKAG.gmol,0,
8-Copper/Cell_ETUKAG.gmol,1,
8-Copper/Cell_ETUKAG.gmol,2,
8-Copper/Cell_ETUKAG.gmol,3,
8-Copper/Cell_ETUKAG.gmol,4,
8-Copper/Cell_ETUKAG.gmol,5,
8-Copper/Cell_ETUKAG.gmol,6,
8-Copper/Cell_ETUKAG.gmol,7,
8-Copper/Cell_ETUKAG.gmol,8,
8-Copper/Cell_ETUKAG.gmol,9,
8-Copper/Cell_ETUKAG.gmol,10,
8-Copper/Cell_ETUKAG.gmol,11,
8-Copper/Cell_CITFER.gmol,0,
8-Copper/Cell_CITFER.gmol,1,
8-Copper/Cell_CITFER.gmol,2,
8-Copper/Cell_CITFER.gmol,3,
7-Nickel/Cell_URCLNI.gmol,0,
1-Iron/Cell_VAKYOX.gmol,0,
1-Iron/Cell_VAKYOX.gmol,1,
1-Iron/Cell_VAKYOX.gmol,2,
1-Iron/Cell_VAKYOX.gmol,3,
1-Iron/Cell_VAKYOX.gmol,4,
1-Iron/Cell_VAKYOX.gmol,5,
1-Iron/Cell_VAKYOX.gmol,6,
1-Iron/Cell_VAKYOX.gmol,7,
1-Iron/Cell_VAKYOX.gmol,8,
1-Iron/Cell_VAKYOX.gmol,9,
1-Iron/Cell_VAKYOX.gmol,10,
1-Iron/Cell_VAKYOX.gmol,11,
1-Iron/Cell_VAKYOX.gmol,12,
1-Iron/Cell_VAKYOX.gmol,13,
1-Iron/Cell_VAKYOX.gmol,14,
1-Iron/Cell_VAKYOX.gmol,15,
1-Iron/Cell_VAKYOX.gmol,16,
1-Iron/Cell_VAKYOX.gmol,17,
1-Iron/Cell_VAKYOX.gmol,18,
1-Iron/Cell_VAKYOX.gmol,19,
5-Chromium/Cell_INIGAO.gmol,0,
5-Chromium/Cell_INIGAO.gmol,1,
5-Chromium/Cell_INIGAO.gmol,2,
5-Chromium/Cell_INIGAO.gmol,3,
7-Nickel/Cell_FENCUX.gmol,0,
7-Nickel/Cell_FENCUX.gmol,1,
7-Nickel/Cell_CIKHAI.gmol,0,
7-Nickel/Cell_CIKHAI.gmol,1,
7-Nickel/Cell_CIKHAI.gmol,2,
7-Nickel/Cell_CIKHAI.gmol,3,
7-Nickel/Cell_CIKHAI.gmol,4,
7-Nickel/Cell_CIKHAI.gmol,5,
7-Nickel/Cell_CIKHAI.gmol,6,
7-Nickel/Cell_CIKHAI.gmol,7,
7-Nickel/Cell_CIKHAI.gmol,8,
7-Nickel/Cell_CIKHAI.gmol,9,
7-Nickel/Cell_CIKHAI.gmol,10,
7-Nickel/Cell_CIKHAI.gmol,11,
7-Nickel/Cell_CIKHAI.gmol,12,
7-Nickel/Cell_CIKHAI.gmol,13,
7-Nickel/Cell_CIKHAI.gmol,14,
7-Nickel/Cell_CIKHAI.gmol,15,
7-Nickel/Cell_PILBOC.gmol,0,
7-Nickel/Cell_PILBOC.gmol,1,
7-Nickel/Cell_PILBOC.gmol,2,
7-Nickel/Cell_PILBOC.gmol,3,
7-Nickel/Cell_PILBOC.gmol,4,
7-Nickel/Cell_PILBOC.gmol,5,
7-Nickel/Cell_PILBOC.gmol,6,
7-Nickel/Cell_PILBOC.gmol,7,
1-Iron/Cell_KEFFOQ.gmol,0,
1-Iron/Cell_KEFFOQ.gmol,1,
1-Iron/Cell_KEFFOQ.gmol,2,
1-Iron/Cell_KEFFOQ.gmol,3,
1-Iron/Cell_ETUGIK.gmol,0,
1-Iron/Cell_ETUGIK.gmol,1,
1-Iron/Cell_ETUGIK.gmol,2,
1-Iron/Cell_ETUGIK.gmol,3,
1-Iron/Cell_ETUGIK.gmol,4,
1-Iron/Cell_ETUGIK.gmol,5,
1-Iron/Cell_ETUGIK.gmol,6,
1-Iron/Cell_ETUGIK.gmol,7,
7-Nickel/Cell_NAWFUP.gmol,0,
7-Nickel/Cell_NAWFUP.gmol,1,
7-Nickel/Cell_NAWFUP.gmol,2,
7-Nickel/Cell_NAWFUP.gmol,3,
8-Copper/Cell_IGUROT.gmol,0,
8-Copper/Cell_IGUROT.gmol,1,
8-Copper/Cell_IGUROT.gmol,2,
8-Copper/Cell_IGUROT.gmol,3,
8-Copper/Cell_IGUROT.gmol,4,
8-Copper/Cell_IGUROT.gmol,5,
8-Copper/Cell_IGUROT.gmol,6,
8-Copper/Cell_IGUROT.gmol,7,
8-Copper/Cell_IGUROT.gmol,8,
8-Copper/Cell_IGUROT.gmol,9,
8-Copper/Cell_IGUROT.gmol,10,
8-Copper/Cell_IGUROT.gmol,11,
7-Nickel/Cell_FEYWAH.gmol,0,
7-Nickel/Cell_FEYWAH.gmol,1,
7-Nickel/Cell_WOWTOR.gmol,0,
7-Nickel/Cell_WOWTOR.gmol,1,
7-Nickel/Cell_WOWTOR.gmol,2,
6-Cobalt/Cell_OQUGOX.gmol,0,
6-Cobalt/Cell_OQUGOX.gmol,1,
6-Cobalt/Cell_OQUGOX.gmol,2,
6-Cobalt/Cell_OQUGOX.gmol,3,
6-Cobalt/Cell_OQUGOX.gmol,4,
6-Cobalt/Cell_OQUGOX.gmol,5,
6-Cobalt/Cell_OQUGOX.gmol,6,
6-Cobalt/Cell_OQUGOX.gmol,7,
8-Copper/Cell_BIPBAE.gmol,0,
8-Copper/Cell_BIPBAE.gmol,1,
8-Copper/Cell_BIPBAE.gmol,2,
8-Copper/Cell_BIPBAE.gmol,3,
1-Iron/Cell_QOKSOY.gmol,0,
1-Iron/Cell_QOKSOY.gmol,1,
8-Copper/Cell_EJECOL.gmol,0,
8-Copper/Cell_EJECOL.gmol,1,
8-Copper/Cell_EJECOL.gmol,2,
8-Copper/Cell_EJECOL.gmol,3,
8-Copper/Cell_EJECOL.gmol,4,
8-Copper/Cell_EJECOL.gmol,5,
8-Copper/Cell_EJECOL.gmol,6,
8-Copper/Cell_EJECOL.gmol,7,
8-Copper/Cell_EJECOL.gmol,8,
8-Copper/Cell_EJECOL.gmol,9,
8-Copper/Cell_EJECOL.gmol,10,
8-Copper/Cell_EJECOL.gmol,11,
7-Nickel/Cell_UNOREV.gmol,0,
7-Nickel/Cell_UNOREV.gmol,1,
7-Nickel/Cell_UNOREV.gmol,2,
7-Nickel/Cell_UNOREV.gmol,3,
7-Nickel/Cell_UNOREV.gmol,4,
7-Nickel/Cell_UNOREV.gmol,5,
7-Nickel/Cell_UNOREV.gmol,6,
7-Nickel/Cell_UNOREV.gmol,7,
6-Cobalt/Cell_HAYRUW.gmol,0,
6-Cobalt/Cell_HAYRUW.gmol,1,
7-Nickel/Cell_NERXIU.gmol,0,
7-Nickel/Cell_NERXIU.gmol,1,
7-Nickel/Cell_NERXIU.gmol,2,
7-Nickel/Cell_NERXIU.gmol,3,
7-Nickel/Cell_NERXIU.gmol,4,
7-Nickel/Cell_NERXIU.gmol,5,
6-Cobalt/Cell_EACMCO.gmol,0,
6-Cobalt/Cell_EACMCO.gmol,1,
6-Cobalt/Cell_EACMCO.gmol,2,
6-Cobalt/Cell_EACMCO.gmol,3,
8-Copper/Cell_KUCNIG.gmol,0,
8-Copper/Cell_KUCNIG.gmol,1,
7-Nickel/Cell_OCEZEC.gmol,0,
7-Nickel/Cell_OCEZEC.gmol,1,
7-Nickel/Cell_OCEZEC.gmol,2,
7-Nickel/Cell_OCEZEC.gmol,3,
7-Nickel/Cell_OCEZEC.gmol,4,
7-Nickel/Cell_OCEZEC.gmol,5,
8-Copper/Cell_SOGBEV.gmol,0,
8-Copper/Cell_SOGBEV.gmol,1,
8-Copper/Cell_SOGBEV.gmol,2,
8-Copper/Cell_SOGBEV.gmol,3,
7-Nickel/Cell_WEZLES.gmol,0,
7-Nickel/Cell_WEZLES.gmol,1,
7-Nickel/Cell_WEZLES.gmol,2,
7-Nickel/Cell_WEZLES.gmol,3,
7-Nickel/Cell_WEZLES.gmol,4,
7-Nickel/Cell_WEZLES.gmol,5,
7-Nickel/Cell_WEZLES.gmol,6,
7-Nickel/Cell_WEZLES.gmol,7,
7-Nickel/Cell_WEZLES.gmol,8,
7-Nickel/Cell_WEZLES.gmol,9,
7-Nickel/Cell_WEZLES.gmol,10,
7-Nickel/Cell_WEZLES.gmol,11,
7-Nickel/Cell_WEZLES.gmol,12,
7-Nickel/Cell_WEZLES.gmol,13,
7-Nickel/Cell_WEZLES.gmol,14,
7-Nickel/Cell_WEZLES.gmol,15,
7-Nickel/Cell_WEZLES.gmol,16,
7-Nickel/Cell_WEZLES.gmol,17,
7-Nickel/Cell_WEZLES.gmol,18,
7-Nickel/Cell_WEZLES.gmol,19,
7-Nickel/Cell_WEZLES.gmol,20,
7-Nickel/Cell_WEZLES.gmol,21,
7-Nickel/Cell_WEZLES.gmol,22,
7-Nickel/Cell_WEZLES.gmol,23,
7-Nickel/Cell_WEZLES.gmol,24,
7-Nickel/Cell_WEZLES.gmol,25,
7-Nickel/Cell_WEZLES.gmol,26,
7-Nickel/Cell_WEZLES.gmol,27,
7-Nickel/Cell_WEZLES.gmol,28,
7-Nickel/Cell_WEZLES.gmol,29,
7-Nickel/Cell_WEZLES.gmol,30,
7-Nickel/Cell_WEZLES.gmol,31,
6-Cobalt/Cell_AJELIK.gmol,0,
6-Cobalt/Cell_AJELIK.gmol,1,
8-Copper/Cell_AHUVUU.gmol,0,
8-Copper/Cell_AHUVUU.gmol,1,
8-Copper/Cell_AHUVUU.gmol,2,
8-Copper/Cell_AHUVUU.gmol,3,
8-Copper/Cell_AHUVUU.gmol,4,
8-Copper/Cell_AHUVUU.gmol,5,
8-Copper/Cell_PABKIP.gmol,0,
8-Copper/Cell_PABKIP.gmol,1,
8-Copper/Cell_PABKIP.gmol,2,
8-Copper/Cell_PABKIP.gmol,3,
8-Copper/Cell_WUKKAO.gmol,0,
8-Copper/Cell_WUKKAO.gmol,1,
3-Ruthenium/Cell_ACTFIR.gmol,0,
3-Ruthenium/Cell_ACTFIR.gmol,1,
3-Ruthenium/Cell_ACTFIR.gmol,2,
3-Ruthenium/Cell_ACTFIR.gmol,3,
1-Iron/Cell_QATRAE.gmol,0,
7-Nickel/Cell_PEXKUB.gmol,0,
7-Nickel/Cell_PEXKUB.gmol,1,
7-Nickel/Cell_PEXKUB.gmol,2,
7-Nickel/Cell_PEXKUB.gmol,3,
1-Iron/Cell_XEZWAC.gmol,0,
1-Iron/Cell_XEZWAC.gmol,1,
1-Iron/Cell_XEZWAC.gmol,2,
1-Iron/Cell_XEZWAC.gmol,3,
1-Iron/Cell_DECKED.gmol,0,
1-Iron/Cell_DECKED.gmol,1,
1-Iron/Cell_DECKED.gmol,2,
1-Iron/Cell_DECKED.gmol,3,
8-Copper/Cell_IROQUE.gmol,0,
8-Copper/Cell_IROQUE.gmol,1,
8-Copper/Cell_IROQUE.gmol,2,
8-Copper/Cell_IROQUE.gmol,3,
8-Copper/Cell_IROQUE.gmol,4,
8-Copper/Cell_IROQUE.gmol,5,
8-Copper/Cell_IROQUE.gmol,6,
8-Copper/Cell_IROQUE.gmol,7,
8-Copper/Cell_IROQUE.gmol,8,
8-Copper/Cell_IROQUE.gmol,9,
8-Copper/Cell_IROQUE.gmol,10,
8-Copper/Cell_IROQUE.gmol,11,
7-Nickel/Cell_LIVHIK.gmol,0,
7-Nickel/Cell_LIVHIK.gmol,1,
7-Nickel/Cell_LIVHIK.gmol,2,
7-Nickel/Cell_LIVHIK.gmol,3,
7-Nickel/Cell_LIVHIK.gmol,4,
7-Nickel/Cell_LIVHIK.gmol,5,
8-Copper/Cell_EBOXUQ.gmol,0,
8-Copper/Cell_EBOXUQ.gmol,1,
8-Copper/Cell_EBOXUQ.gmol,2,
8-Copper/Cell_EBOXUQ.gmol,3,
8-Copper/Cell_EBOXUQ.gmol,4,
8-Copper/Cell_EBOXUQ.gmol,5,
8-Copper/Cell_EBOXUQ.gmol,6,
8-Copper/Cell_EBOXUQ.gmol,7,
7-Nickel/Cell_LIBGUA.gmol,0,
7-Nickel/Cell_LIBGUA.gmol,1,
7-Nickel/Cell_LIBGUA.gmol,2,
1-Iron/Cell_LESNAY.gmol,0,
1-Iron/Cell_LESNAY.gmol,1,
1-Iron/Cell_LESNAY.gmol,2,
1-Iron/Cell_LESNAY.gmol,3,
8-Copper/Cell_KALJUC.gmol,0,
8-Copper/Cell_KALJUC.gmol,1,
8-Copper/Cell_KALJUC.gmol,2,
8-Copper/Cell_KALJUC.gmol,3,
7-Nickel/Cell_JEKJIS.gmol,0,
7-Nickel/Cell_JEKJIS.gmol,1,
8-Copper/Cell_YISJOA.gmol,0,
8-Copper/Cell_YISJOA.gmol,1,
8-Copper/Cell_YISJOA.gmol,2,
8-Copper/Cell_YISJOA.gmol,3,
3-Ruthenium/Cell_VONLOA.gmol,0,
3-Ruthenium/Cell_VONLOA.gmol,1,
8-Copper/Cell_GEKREU.gmol,0,
8-Copper/Cell_GEKREU.gmol,1,
8-Copper/Cell_GEKREU.gmol,2,
8-Copper/Cell_GEKREU.gmol,3,
8-Copper/Cell_GEKREU.gmol,4,
8-Copper/Cell_GEKREU.gmol,5,
8-Copper/Cell_GEKREU.gmol,6,
8-Copper/Cell_GEKREU.gmol,7,
8-Copper/Cell_GEKREU.gmol,8,
8-Copper/Cell_GEKREU.gmol,9,
8-Copper/Cell_GEKREU.gmol,10,
8-Copper/Cell_GEKREU.gmol,11,
7-Nickel/Cell_YAPJUU.gmol,0,
7-Nickel/Cell_YAPJUU.gmol,1,
7-Nickel/Cell_YAPJUU.gmol,2,
7-Nickel/Cell_YAPJUU.gmol,3,
8-Copper/Cell_ELAZIB.gmol,0,
8-Copper/Cell_ELAZIB.gmol,1,
8-Copper/Cell_ELAZIB.gmol,2,
8-Copper/Cell_ELAZIB.gmol,3,
8-Copper/Cell_ELAZIB.gmol,4,
8-Copper/Cell_ELAZIB.gmol,5,
8-Copper/Cell_ELAZIB.gmol,6,
8-Copper/Cell_ELAZIB.gmol,7,
8-Copper/Cell_LADROZ.gmol,0,
8-Copper/Cell_LADROZ.gmol,1,
8-Copper/Cell_LADROZ.gmol,2,
8-Copper/Cell_LADROZ.gmol,3,
8-Copper/Cell_LADROZ.gmol,4,
8-Copper/Cell_LADROZ.gmol,5,
8-Copper/Cell_LADROZ.gmol,6,
8-Copper/Cell_LADROZ.gmol,7,
8-Copper/Cell_EPEJOB.gmol,0,
8-Copper/Cell_EPEJOB.gmol,1,
8-Copper/Cell_EPEJOB.gmol,2,
4-Rhenium/Cell_DINXAB.gmol,0,
4-Rhenium/Cell_DINXAB.gmol,1,
4-Rhenium/Cell_DINXAB.gmol,2,
4-Rhenium/Cell_DINXAB.gmol,3,
1-Iron/Cell_COZGUT.gmol,0,
1-Iron/Cell_COZGUT.gmol,1,
1-Iron/Cell_COZGUT.gmol,2,
1-Iron/Cell_COZGUT.gmol,3,
1-Iron/Cell_PIPGUS.gmol,0,
1-Iron/Cell_PIPGUS.gmol,1,
1-Iron/Cell_PIPGUS.gmol,2,
2-Manganese/Cell_AYODAV.gmol,0,
2-Manganese/Cell_AYODAV.gmol,1,
4-Rhenium/Cell_ECANOM.gmol,0,
4-Rhenium/Cell_ECANOM.gmol,1,
4-Rhenium/Cell_ECANOM.gmol,2,
4-Rhenium/Cell_ECANOM.gmol,3,
4-Rhenium/Cell_ECANOM.gmol,4,
4-Rhenium/Cell_ECANOM.gmol,5,
4-Rhenium/Cell_ECANOM.gmol,6,
4-Rhenium/Cell_ECANOM.gmol,7,
8-Copper/Cell_QIJYIU.gmol,0,
1-Iron/Cell_WOBTIQ.gmol,0,
1-Iron/Cell_WOBTIQ.gmol,1,
1-Iron/Cell_WOBTIQ.gmol,2,
1-Iron/Cell_WOBTIQ.gmol,3,
1-Iron/Cell_WOBTIQ.gmol,4,
1-Iron/Cell_WOBTIQ.gmol,5,
8-Copper/Cell_QANWUX.gmol,0,
8-Copper/Cell_QANWUX.gmol,1,
8-Copper/Cell_QANWUX.gmol,2,
8-Copper/Cell_QANWUX.gmol,3,
8-Copper/Cell_QANWUX.gmol,4,
8-Copper/Cell_QANWUX.gmol,5,
8-Copper/Cell_QANWUX.gmol,6,
8-Copper/Cell_QANWUX.gmol,7,
6-Cobalt/Cell_MEVZIY.gmol,0,
6-Cobalt/Cell_MEVZIY.gmol,1,
6-Cobalt/Cell_MEVZIY.gmol,2,
6-Cobalt/Cell_MEVZIY.gmol,3,
4-Rhenium/Cell_POHBIX.gmol,0,
4-Rhenium/Cell_POHBIX.gmol,1,
4-Rhenium/Cell_POHBIX.gmol,2,
4-Rhenium/Cell_POHBIX.gmol,3,
4-Rhenium/Cell_POHBIX.gmol,4,
4-Rhenium/Cell_POHBIX.gmol,5,
4-Rhenium/Cell_POHBIX.gmol,6,
4-Rhenium/Cell_POHBIX.gmol,7,
8-Copper/Cell_QIYLAO.gmol,0,
8-Copper/Cell_QIYLAO.gmol,1,
8-Copper/Cell_NOJDUM.gmol,0,
8-Copper/Cell_NOJDUM.gmol,1,
6-Cobalt/Cell_NEBKAJ.gmol,0,
6-Cobalt/Cell_NEBKAJ.gmol,1,
6-Cobalt/Cell_NEBKAJ.gmol,2,
6-Cobalt/Cell_NEBKAJ.gmol,3,
6-Cobalt/Cell_NEBKAJ.gmol,4,
6-Cobalt/Cell_NEBKAJ.gmol,5,
6-Cobalt/Cell_NEBKAJ.gmol,6,
6-Cobalt/Cell_NEBKAJ.gmol,7,
6-Cobalt/Cell_NEBKAJ.gmol,8,
6-Cobalt/Cell_NEBKAJ.gmol,9,
6-Cobalt/Cell_NEBKAJ.gmol,10,
6-Cobalt/Cell_NEBKAJ.gmol,11,
6-Cobalt/Cell_NEBKAJ.gmol,12,
6-Cobalt/Cell_NEBKAJ.gmol,13,
6-Cobalt/Cell_NEBKAJ.gmol,14,
6-Cobalt/Cell_NEBKAJ.gmol,15,
6-Cobalt/Cell_NEBKAJ.gmol,16,
6-Cobalt/Cell_NEBKAJ.gmol,17,
6-Cobalt/Cell_NEBKAJ.gmol,18,
6-Cobalt/Cell_NEBKAJ.gmol,19,
6-Cobalt/Cell_NEBKAJ.gmol,20,
6-Cobalt/Cell_NEBKAJ.gmol,21,
6-Cobalt/Cell_NEBKAJ.gmol,22,
6-Cobalt/Cell_NEBKAJ.gmol,23,
6-Cobalt/Cell_NEBKAJ.gmol,24,
6-Cobalt/Cell_NEBKAJ.gmol,25,
6-Cobalt/Cell_NEBKAJ.gmol,26,
6-Cobalt/Cell_NEBKAJ.gmol,27,
6-Cobalt/Cell_NEBKAJ.gmol,28,
6-Cobalt/Cell_NEBKAJ.gmol,29,
6-Cobalt/Cell_NEBKAJ.gmol,30,
6-Cobalt/Cell_NEBKAJ.gmol,31,
6-Cobalt/Cell_NEBKAJ.gmol,32,
6-Cobalt/Cell_NEBKAJ.gmol,33,
7-Nickel/Cell_NALHEP.gmol,0,
7-Nickel/Cell_NALHEP.gmol,1,
7-Nickel/Cell_NALHEP.gmol,2,
7-Nickel/Cell_NALHEP.gmol,3,
7-Nickel/Cell_NALHEP.gmol,4,
7-Nickel/Cell_NALHEP.gmol,5,
6-Cobalt/Cell_SAVSUE.gmol,0,
6-Cobalt/Cell_SAVSUE.gmol,1,
6-Cobalt/Cell_SAVSUE.gmol,2,
6-Cobalt/Cell_SAVSUE.gmol,3,
6-Cobalt/Cell_SAVSUE.gmol,4,
6-Cobalt/Cell_SAVSUE.gmol,5,
6-Cobalt/Cell_SAVSUE.gmol,6,
6-Cobalt/Cell_SAVSUE.gmol,7,
6-Cobalt/Cell_SAVSUE.gmol,8,
6-Cobalt/Cell_SAVSUE.gmol,9,
6-Cobalt/Cell_SAVSUE.gmol,10,
6-Cobalt/Cell_SAVSUE.gmol,11,
6-Cobalt/Cell_SAVSUE.gmol,12,
6-Cobalt/Cell_SAVSUE.gmol,13,
6-Cobalt/Cell_SAVSUE.gmol,14,
6-Cobalt/Cell_SAVSUE.gmol,15,
4-Rhenium/Cell_DEQQUM.gmol,0,
4-Rhenium/Cell_DEQQUM.gmol,1,
4-Rhenium/Cell_DEQQUM.gmol,2,
4-Rhenium/Cell_DEQQUM.gmol,3,
8-Copper/Cell_AGEVUE.gmol,0,
8-Copper/Cell_AGEVUE.gmol,1,
8-Copper/Cell_AGEVUE.gmol,2,
8-Copper/Cell_AGEVUE.gmol,3,
8-Copper/Cell_AGEVUE.gmol,4,
8-Copper/Cell_AGEVUE.gmol,5,
8-Copper/Cell_HECVIW.gmol,0,
8-Copper/Cell_HECVIW.gmol,1,
8-Copper/Cell_HECVIW.gmol,2,
8-Copper/Cell_HECVIW.gmol,3,
8-Copper/Cell_HECVIW.gmol,4,
8-Copper/Cell_HECVIW.gmol,5,
8-Copper/Cell_HECVIW.gmol,6,
8-Copper/Cell_HECVIW.gmol,7,
6-Cobalt/Cell_ZUMBAN.gmol,0,
6-Cobalt/Cell_ZUMBAN.gmol,1,
6-Cobalt/Cell_UJOFUU.gmol,0,
6-Cobalt/Cell_UJOFUU.gmol,1,
6-Cobalt/Cell_UJOFUU.gmol,2,
6-Cobalt/Cell_UJOFUU.gmol,3,
6-Cobalt/Cell_UJOFUU.gmol,4,
6-Cobalt/Cell_UJOFUU.gmol,5,
6-Cobalt/Cell_UJOFUU.gmol,6,
6-Cobalt/Cell_UJOFUU.gmol,7,
6-Cobalt/Cell_UJOFUU.gmol,8,
6-Cobalt/Cell_UJOFUU.gmol,9,
6-Cobalt/Cell_UJOFUU.gmol,10,
6-Cobalt/Cell_UJOFUU.gmol,11,
8-Copper/Cell_NIQMEI.gmol,0,
8-Copper/Cell_XUKQIF.gmol,0,
8-Copper/Cell_XUKQIF.gmol,1,
8-Copper/Cell_XUKQIF.gmol,2,
8-Copper/Cell_XUKQIF.gmol,3,
8-Copper/Cell_XUKQIF.gmol,4,
8-Copper/Cell_XUKQIF.gmol,5,
8-Copper/Cell_XUKQIF.gmol,6,
8-Copper/Cell_XUKQIF.gmol,7,
2-Manganese/Cell_BOHKUF.gmol,0,
2-Manganese/Cell_BOHKUF.gmol,1,
2-Manganese/Cell_BOHKUF.gmol,2,
2-Manganese/Cell_BOHKUF.gmol,3,
8-Copper/Cell_QOYDOX.gmol,0,
8-Copper/Cell_QOYDOX.gmol,1,
3-Ruthenium/Cell_TESNIR.gmol,0,
3-Ruthenium/Cell_TESNIR.gmol,1,
3-Ruthenium/Cell_TESNIR.gmol,2,
3-Ruthenium/Cell_TESNIR.gmol,3,
1-Iron/Cell_TUTPIJ.gmol,0,
1-Iron/Cell_TUTPIJ.gmol,1,
8-Copper/Cell_PEFQEW.gmol,0,
8-Copper/Cell_PEFQEW.gmol,1,
8-Copper/Cell_PEFQEW.gmol,2,
8-Copper/Cell_PEFQEW.gmol,3,
8-Copper/Cell_PEFQEW.gmol,4,
8-Copper/Cell_PEFQEW.gmol,5,
8-Copper/Cell_PEFQEW.gmol,6,
8-Copper/Cell_PEFQEW.gmol,7,
8-Copper/Cell_PEFQEW.gmol,8,
8-Copper/Cell_PEFQEW.gmol,9,
8-Copper/Cell_PEFQEW.gmol,10,
8-Copper/Cell_PEFQEW.gmol,11,
8-Copper/Cell_PEFQEW.gmol,12,
8-Copper/Cell_PEFQEW.gmol,13,
8-Copper/Cell_PEFQEW.gmol,14,
8-Copper/Cell_PEFQEW.gmol,15,
8-Copper/Cell_PEFQEW.gmol,16,
8-Copper/Cell_PEFQEW.gmol,17,
8-Copper/Cell_PEFQEW.gmol,18,
8-Copper/Cell_PEFQEW.gmol,19,
3-Ruthenium/Cell_JOCZAE.gmol,0,
3-Ruthenium/Cell_JOCZAE.gmol,1,
3-Ruthenium/Cell_JOCZAE.gmol,2,
3-Ruthenium/Cell_JOCZAE.gmol,3,
8-Copper/Cell_CUXWID.gmol,0,
8-Copper/Cell_CUXWID.gmol,1,
8-Copper/Cell_CUXWID.gmol,2,
8-Copper/Cell_CUXWID.gmol,3,
8-Copper/Cell_CUXWID.gmol,4,
8-Copper/Cell_CUXWID.gmol,5,
8-Copper/Cell_CUXWID.gmol,6,
8-Copper/Cell_CUXWID.gmol,7,
8-Copper/Cell_CUXWID.gmol,8,
8-Copper/Cell_CUXWID.gmol,9,
8-Copper/Cell_CUXWID.gmol,10,
8-Copper/Cell_CUXWID.gmol,11,
8-Copper/Cell_UVEXAW.gmol,0,
8-Copper/Cell_UVEXAW.gmol,1,
8-Copper/Cell_UVEXAW.gmol,2,
8-Copper/Cell_UVEXAW.gmol,3,
3-Ruthenium/Cell_ELETUK.gmol,0,
3-Ruthenium/Cell_ELETUK.gmol,1,
3-Ruthenium/Cell_ELETUK.gmol,2,
3-Ruthenium/Cell_ELETUK.gmol,3,
3-Ruthenium/Cell_ELETUK.gmol,4,
3-Ruthenium/Cell_ELETUK.gmol,5,
3-Ruthenium/Cell_ELETUK.gmol,6,
3-Ruthenium/Cell_ELETUK.gmol,7,
8-Copper/Cell_QEWKOV.gmol,0,
8-Copper/Cell_QEWKOV.gmol,1,
8-Copper/Cell_QEWKOV.gmol,2,
8-Copper/Cell_QEWKOV.gmol,3,
7-Nickel/Cell_ZZZACY01.gmol,0,
7-Nickel/Cell_ZZZACY01.gmol,1,
7-Nickel/Cell_ZZZACY01.gmol,2,
6-Cobalt/Cell_ZIFHUR.gmol,0,
6-Cobalt/Cell_ZIFHUR.gmol,1,
6-Cobalt/Cell_ZIFHUR.gmol,2,
6-Cobalt/Cell_ZIFHUR.gmol,3,
8-Copper/Cell_RADRUK.gmol,0,
8-Copper/Cell_RADRUK.gmol,1,
8-Copper/Cell_RADRUK.gmol,2,
8-Copper/Cell_RADRUK.gmol,3,
1-Iron/Cell_LOPTEQ.gmol,0,
1-Iron/Cell_LOPTEQ.gmol,1,
1-Iron/Cell_QOVKIW.gmol,0,
1-Iron/Cell_QOVKIW.gmol,1,
1-Iron/Cell_QOVKIW.gmol,2,
1-Iron/Cell_QOVKIW.gmol,3,
1-Iron/Cell_QOVKIW.gmol,4,
1-Iron/Cell_QOVKIW.gmol,5,
7-Nickel/Cell_PEQMEE.gmol,0,
7-Nickel/Cell_PEQMEE.gmol,1,
7-Nickel/Cell_PEQMEE.gmol,2,
2-Manganese/Cell_RETTOA.gmol,0,
2-Manganese/Cell_RETTOA.gmol,1,
2-Manganese/Cell_RETTOA.gmol,2,
2-Manganese/Cell_RETTOA.gmol,3,
2-Manganese/Cell_RETTOA.gmol,4,
2-Manganese/Cell_RETTOA.gmol,5,
2-Manganese/Cell_RETTOA.gmol,6,
2-Manganese/Cell_RETTOA.gmol,7,
2-Manganese/Cell_RETTOA.gmol,8,
2-Manganese/Cell_RETTOA.gmol,9,
2-Manganese/Cell_RETTOA.gmol,10,
2-Manganese/Cell_RETTOA.gmol,11,
1-Iron/Cell_XIFBIX.gmol,0,
1-Iron/Cell_XIFBIX.gmol,1,
1-Iron/Cell_XIFBIX.gmol,2,
1-Iron/Cell_XIFBIX.gmol,3,
1-Iron/Cell_XIFBIX.gmol,4,
1-Iron/Cell_XIFBIX.gmol,5,
1-Iron/Cell_XIFBIX.gmol,6,
1-Iron/Cell_XIFBIX.gmol,7,
7-Nickel/Cell_LINZUF.gmol,0,
7-Nickel/Cell_LINZUF.gmol,1,
8-Copper/Cell_OFARUI.gmol,0,
8-Copper/Cell_OFARUI.gmol,1,
8-Copper/Cell_OFARUI.gmol,2,
8-Copper/Cell_OFARUI.gmol,3,
8-Copper/Cell_OGUYIZ.gmol,0,
8-Copper/Cell_OGUYIZ.gmol,1,
8-Copper/Cell_OGUYIZ.gmol,2,
8-Copper/Cell_OGUYIZ.gmol,3,
8-Copper/Cell_OGUYIZ.gmol,4,
8-Copper/Cell_OGUYIZ.gmol,5,
7-Nickel/Cell_KEZREN.gmol,0,
7-Nickel/Cell_KEZREN.gmol,1,
7-Nickel/Cell_KEZREN.gmol,2,
7-Nickel/Cell_KEZREN.gmol,3,
7-Nickel/Cell_KEZREN.gmol,4,
7-Nickel/Cell_KEZREN.gmol,5,
7-Nickel/Cell_KEZREN.gmol,6,
7-Nickel/Cell_KEZREN.gmol,7,
8-Copper/Cell_WIWBAG.gmol,0,
8-Copper/Cell_WIWBAG.gmol,1,
8-Copper/Cell_WIWBAG.gmol,2,
8-Copper/Cell_WIWBAG.gmol,3,
6-Cobalt/Cell_NCACON.gmol,0,
6-Cobalt/Cell_NCACON.gmol,1,
6-Cobalt/Cell_NCACON.gmol,2,
6-Cobalt/Cell_NCACON.gmol,3,
6-Cobalt/Cell_NCACON.gmol,4,
6-Cobalt/Cell_NCACON.gmol,5,
8-Copper/Cell_SAVREO.gmol,0,
8-Copper/Cell_SAVREO.gmol,1,
8-Copper/Cell_SAVREO.gmol,2,
8-Copper/Cell_SAVREO.gmol,3,
8-Copper/Cell_SAVREO.gmol,4,
8-Copper/Cell_SAVREO.gmol,5,
8-Copper/Cell_SAVREO.gmol,6,
8-Copper/Cell_SAVREO.gmol,7,
8-Copper/Cell_BERFOU.gmol,0,
8-Copper/Cell_BERFOU.gmol,1,
8-Copper/Cell_BERFOU.gmol,2,
8-Copper/Cell_BERFOU.gmol,3,
8-Copper/Cell_BERFOU.gmol,4,
8-Copper/Cell_BERFOU.gmol,5,
2-Manganese/Cell_EWUZUT.gmol,0,
2-Manganese/Cell_EWUZUT.gmol,1,
2-Manganese/Cell_EWUZUT.gmol,2,
2-Manganese/Cell_EWUZUT.gmol,3,
2-Manganese/Cell_EWUZUT.gmol,4,
2-Manganese/Cell_EWUZUT.gmol,5,
2-Manganese/Cell_EWUZUT.gmol,6,
2-Manganese/Cell_EWUZUT.gmol,7,
6-Cobalt/Cell_XUJDEM.gmol,0,
6-Cobalt/Cell_XUJDEM.gmol,1,
6-Cobalt/Cell_XUJDEM.gmol,2,
6-Cobalt/Cell_XUJDEM.gmol,3,
7-Nickel/Cell_ZAZNOF.gmol,0,
7-Nickel/Cell_ZAZNOF.gmol,1,
7-Nickel/Cell_ZAZNOF.gmol,2,
7-Nickel/Cell_ZAZNOF.gmol,3,
7-Nickel/Cell_TIXNAQ.gmol,0,
7-Nickel/Cell_TIXNAQ.gmol,1,
7-Nickel/Cell_TIXNAQ.gmol,2,
7-Nickel/Cell_TIXNAQ.gmol,3,
7-Nickel/Cell_GOCFEK.gmol,0,
7-Nickel/Cell_GOCFEK.gmol,1,
7-Nickel/Cell_GOCFEK.gmol,2,
7-Nickel/Cell_GOCFEK.gmol,3,
7-Nickel/Cell_GOCFEK.gmol,4,
7-Nickel/Cell_GOCFEK.gmol,5,
8-Copper/Cell_QUCMAF.gmol,0,
8-Copper/Cell_QUCMAF.gmol,1,
8-Copper/Cell_QUCMAF.gmol,2,
8-Copper/Cell_QUCMAF.gmol,3,
8-Copper/Cell_QUCMAF.gmol,4,
8-Copper/Cell_QUCMAF.gmol,5,
8-Copper/Cell_QUCMAF.gmol,6,
8-Copper/Cell_QUCMAF.gmol,7,
8-Copper/Cell_REHSUV.gmol,0,
8-Copper/Cell_REHSUV.gmol,1,
8-Copper/Cell_TARFUP.gmol,0,
8-Copper/Cell_TARFUP.gmol,1,
1-Iron/Cell_QAGNOC.gmol,0,
1-Iron/Cell_QAGNOC.gmol,1,
1-Iron/Cell_QAGNOC.gmol,2,
1-Iron/Cell_QAGNOC.gmol,3,
1-Iron/Cell_QAGNOC.gmol,4,
1-Iron/Cell_QAGNOC.gmol,5,
1-Iron/Cell_QAGNOC.gmol,6,
1-Iron/Cell_QAGNOC.gmol,7,
4-Rhenium/Cell_EBIHUS.gmol,0,
4-Rhenium/Cell_EBIHUS.gmol,1,
4-Rhenium/Cell_EBIHUS.gmol,2,
4-Rhenium/Cell_EBIHUS.gmol,3,
1-Iron/Cell_LIGBEL.gmol,0,
1-Iron/Cell_LIGBEL.gmol,1,
8-Copper/Cell_ROVVOP.gmol,0,
8-Copper/Cell_ROVVOP.gmol,1,
8-Copper/Cell_XAMMED.gmol,0,
8-Copper/Cell_XAMMED.gmol,1,
8-Copper/Cell_XAMMED.gmol,2,
8-Copper/Cell_XAMMED.gmol,3,
8-Copper/Cell_GOCDAD.gmol,0,
8-Copper/Cell_GOCDAD.gmol,1,
8-Copper/Cell_GOCDAD.gmol,2,
8-Copper/Cell_GOCDAD.gmol,3,
8-Copper/Cell_FUQLUZ.gmol,0,
8-Copper/Cell_FUQLUZ.gmol,1,
8-Copper/Cell_FUQLUZ.gmol,2,
8-Copper/Cell_FUQLUZ.gmol,3,
3-Ruthenium/Cell_LUCYIR.gmol,0,
6-Cobalt/Cell_QUPYIJ.gmol,0,
6-Cobalt/Cell_QUPYIJ.gmol,1,
6-Cobalt/Cell_QUPYIJ.gmol,2,
6-Cobalt/Cell_QUPYIJ.gmol,3,
6-Cobalt/Cell_QUPYIJ.gmol,4,
6-Cobalt/Cell_QUPYIJ.gmol,5,
6-Cobalt/Cell_QUPYIJ.gmol,6,
6-Cobalt/Cell_QUPYIJ.gmol,7,
6-Cobalt/Cell_QUPYIJ.gmol,8,
6-Cobalt/Cell_QUPYIJ.gmol,9,
6-Cobalt/Cell_QUPYIJ.gmol,10,
6-Cobalt/Cell_QUPYIJ.gmol,11,
8-Copper/Cell_JUHWEO.gmol,0,
8-Copper/Cell_JUHWEO.gmol,1,
8-Copper/Cell_JUHWEO.gmol,2,
8-Copper/Cell_JUHWEO.gmol,3,
8-Copper/Cell_JUHWEO.gmol,4,
8-Copper/Cell_JUHWEO.gmol,5,
4-Rhenium/Cell_VIYDEN.gmol,0,
4-Rhenium/Cell_VIYDEN.gmol,1,
8-Copper/Cell_RESWAO.gmol,0,
8-Copper/Cell_RESWAO.gmol,1,
8-Copper/Cell_RESWAO.gmol,2,
8-Copper/Cell_RESWAO.gmol,3,
3-Ruthenium/Cell_CAGKUR.gmol,0,
3-Ruthenium/Cell_CAGKUR.gmol,1,
3-Ruthenium/Cell_CAGKUR.gmol,2,
3-Ruthenium/Cell_CAGKUR.gmol,3,
7-Nickel/Cell_FAMTUK.gmol,0,
8-Copper/Cell_PAKCOW.gmol,0,
8-Copper/Cell_PAKCOW.gmol,1,
8-Copper/Cell_PAKCOW.gmol,2,
8-Copper/Cell_PAKCOW.gmol,3,
7-Nickel/Cell_DOTMOQ.gmol,0,
7-Nickel/Cell_DOTMOQ.gmol,1,
7-Nickel/Cell_DOTMOQ.gmol,2,
7-Nickel/Cell_DOTMOQ.gmol,3,
7-Nickel/Cell_DOTMOQ.gmol,4,
7-Nickel/Cell_DOTMOQ.gmol,5,
7-Nickel/Cell_DOTMOQ.gmol,6,
7-Nickel/Cell_DOTMOQ.gmol,7,
1-Iron/Cell_GACLIF.gmol,0,
1-Iron/Cell_GACLIF.gmol,1,
1-Iron/Cell_GACLIF.gmol,2,
1-Iron/Cell_GACLIF.gmol,3,
1-Iron/Cell_GACLIF.gmol,4,
1-Iron/Cell_GACLIF.gmol,5,
1-Iron/Cell_GACLIF.gmol,6,
1-Iron/Cell_GACLIF.gmol,7,
4-Rhenium/Cell_HUTSIZ.gmol,0,
4-Rhenium/Cell_HUTSIZ.gmol,1,
5-Chromium/Cell_XOCNAF.gmol,0,
5-Chromium/Cell_XOCNAF.gmol,1,
5-Chromium/Cell_XOCNAF.gmol,2,
5-Chromium/Cell_XOCNAF.gmol,3,
5-Chromium/Cell_XOCNAF.gmol,4,
5-Chromium/Cell_XOCNAF.gmol,5,
5-Chromium/Cell_XOCNAF.gmol,6,
5-Chromium/Cell_XOCNAF.gmol,7,
8-Copper/Cell_QAGSUN.gmol,0,
8-Copper/Cell_QAGSUN.gmol,1,
8-Copper/Cell_QAGSUN.gmol,2,
7-Nickel/Cell_ZOZRAK.gmol,0,
7-Nickel/Cell_ZOZRAK.gmol,1,
8-Copper/Cell_XAXXEZ.gmol,0,
8-Copper/Cell_XAXXEZ.gmol,1,
7-Nickel/Cell_XAPHAY.gmol,0,
7-Nickel/Cell_XAPHAY.gmol,1,
7-Nickel/Cell_XAPHAY.gmol,2,
7-Nickel/Cell_XAPHAY.gmol,3,
7-Nickel/Cell_XAPHAY.gmol,4,
7-Nickel/Cell_XAPHAY.gmol,5,- Additional SCOPE covalent bonds: ['2:O-30:H']
7-Nickel/Cell_XAPHAY.gmol,6,
7-Nickel/Cell_XAPHAY.gmol,7,- Additional SCOPE covalent bonds: ['2:O-30:H']
7-Nickel/Cell_XAPHAY.gmol,8,- Additional SCOPE covalent bonds: ['2:O-30:H']
7-Nickel/Cell_XAPHAY.gmol,9,- Additional SCOPE covalent bonds: ['2:O-30:H']
7-Nickel/Cell_XAPHAY.gmol,10,
7-Nickel/Cell_XAPHAY.gmol,11,
6-Cobalt/Cell_QOGCOF.gmol,0,
6-Cobalt/Cell_QOGCOF.gmol,1,
6-Cobalt/Cell_QOGCOF.gmol,2,
6-Cobalt/Cell_QOGCOF.gmol,3,
7-Nickel/Cell_NINNUW.gmol,0,
7-Nickel/Cell_NINNUW.gmol,1,
7-Nickel/Cell_NINNUW.gmol,2,
7-Nickel/Cell_NINNUW.gmol,3,
8-Copper/Cell_TEKNUV.gmol,0,
8-Copper/Cell_TEKNUV.gmol,1,
8-Copper/Cell_TEKNUV.gmol,2,
8-Copper/Cell_TEKNUV.gmol,3,
8-Copper/Cell_TEKNUV.gmol,4,
8-Copper/Cell_TEKNUV.gmol,5,
1-Iron/Cell_INEDEM.gmol,0,
1-Iron/Cell_INEDEM.gmol,1,
1-Iron/Cell_INEDEM.gmol,2,
1-Iron/Cell_INEDEM.gmol,3,
1-Iron/Cell_INEDEM.gmol,4,
1-Iron/Cell_INEDEM.gmol,5,
1-Iron/Cell_INEDEM.gmol,6,
1-Iron/Cell_INEDEM.gmol,7,
3-Ruthenium/Cell_IREGIW.gmol,0,
3-Ruthenium/Cell_IREGIW.gmol,1,
3-Ruthenium/Cell_IREGIW.gmol,2,
3-Ruthenium/Cell_IREGIW.gmol,3,
6-Cobalt/Cell_HEQZEI.gmol,0,
6-Cobalt/Cell_HEQZEI.gmol,1,
6-Cobalt/Cell_HEQZEI.gmol,2,
6-Cobalt/Cell_HEQZEI.gmol,3,
6-Cobalt/Cell_HEQZEI.gmol,4,
6-Cobalt/Cell_HEQZEI.gmol,5,
1-Iron/Cell_GINBOW.gmol,0,
1-Iron/Cell_GINBOW.gmol,1,
1-Iron/Cell_GINBOW.gmol,2,
1-Iron/Cell_GINBOW.gmol,3,
1-Iron/Cell_GINBOW.gmol,4,
1-Iron/Cell_GINBOW.gmol,5,
1-Iron/Cell_GINBOW.gmol,6,
1-Iron/Cell_GINBOW.gmol,7,
8-Copper/Cell_WIZFIV.gmol,0,
8-Copper/Cell_WIZFIV.gmol,1,
8-Copper/Cell_WIZFIV.gmol,2,
8-Copper/Cell_WIZFIV.gmol,3,
6-Cobalt/Cell_BARKOW.gmol,0,
6-Cobalt/Cell_BARKOW.gmol,1,
6-Cobalt/Cell_BARKOW.gmol,2,
6-Cobalt/Cell_BARKOW.gmol,3,
6-Cobalt/Cell_BARKOW.gmol,4,
6-Cobalt/Cell_BARKOW.gmol,5,
6-Cobalt/Cell_BARKOW.gmol,6,
8-Copper/Cell_COXSAL.gmol,0,
8-Copper/Cell_COXSAL.gmol,1,
8-Copper/Cell_COXSAL.gmol,2,
8-Copper/Cell_COXSAL.gmol,3,
3-Ruthenium/Cell_IPADEJ.gmol,0,
3-Ruthenium/Cell_IPADEJ.gmol,1,
3-Ruthenium/Cell_IPADEJ.gmol,2,
3-Ruthenium/Cell_IPADEJ.gmol,3,
3-Ruthenium/Cell_IPADEJ.gmol,4,
3-Ruthenium/Cell_IPADEJ.gmol,5,
3-Ruthenium/Cell_IPADEJ.gmol,6,
3-Ruthenium/Cell_IPADEJ.gmol,7,
3-Ruthenium/Cell_IPADEJ.gmol,8,
3-Ruthenium/Cell_IPADEJ.gmol,9,
3-Ruthenium/Cell_IPADEJ.gmol,10,
3-Ruthenium/Cell_IPADEJ.gmol,11,
6-Cobalt/Cell_GOVBIE.gmol,0,
6-Cobalt/Cell_GOVBIE.gmol,1,
6-Cobalt/Cell_GOVBIE.gmol,2,
6-Cobalt/Cell_GOVBIE.gmol,3,
6-Cobalt/Cell_GOVBIE.gmol,4,
6-Cobalt/Cell_GOVBIE.gmol,5,
6-Cobalt/Cell_GOVBIE.gmol,6,
6-Cobalt/Cell_GOVBIE.gmol,7,
6-Cobalt/Cell_GOVBIE.gmol,8,
6-Cobalt/Cell_GOVBIE.gmol,9,
6-Cobalt/Cell_GOVBIE.gmol,10,
6-Cobalt/Cell_GOVBIE.gmol,11,
6-Cobalt/Cell_GOVBIE.gmol,12,
6-Cobalt/Cell_GOVBIE.gmol,13,
6-Cobalt/Cell_GOVBIE.gmol,14,
6-Cobalt/Cell_GOVBIE.gmol,15,
7-Nickel/Cell_ZOCLAG.gmol,0,
7-Nickel/Cell_ZOCLAG.gmol,1,
7-Nickel/Cell_ZOCLAG.gmol,2,
7-Nickel/Cell_ZOCLAG.gmol,3,
7-Nickel/Cell_ZOCLAG.gmol,4,
7-Nickel/Cell_ZOCLAG.gmol,5,
7-Nickel/Cell_ZOCLAG.gmol,6,
8-Copper/Cell_ZUPHEX.gmol,0,
8-Copper/Cell_ZUPHEX.gmol,1,
8-Copper/Cell_ZUPHEX.gmol,2,
8-Copper/Cell_ZUPHEX.gmol,3,
8-Copper/Cell_ZUPHEX.gmol,4,
8-Copper/Cell_ZUPHEX.gmol,5,
3-Ruthenium/Cell_ZIBNEG.gmol,0,
3-Ruthenium/Cell_ZIBNEG.gmol,1,
8-Copper/Cell_WOJLAJ.gmol,0,
8-Copper/Cell_WOJLAJ.gmol,1,
8-Copper/Cell_WOJLAJ.gmol,2,
8-Copper/Cell_WOJLAJ.gmol,3,
8-Copper/Cell_WOJLAJ.gmol,4,
8-Copper/Cell_WOJLAJ.gmol,5,
8-Copper/Cell_WOJLAJ.gmol,6,
8-Copper/Cell_WOJLAJ.gmol,7,
8-Copper/Cell_WOJLAJ.gmol,8,
8-Copper/Cell_WOJLAJ.gmol,9,
8-Copper/Cell_HERLEV.gmol,0,
8-Copper/Cell_HERLEV.gmol,1,
8-Copper/Cell_HERLEV.gmol,2,
8-Copper/Cell_HERLEV.gmol,3,
8-Copper/Cell_HERLEV.gmol,4,
8-Copper/Cell_HERLEV.gmol,5,
8-Copper/Cell_FANZEB.gmol,0,
8-Copper/Cell_FANZEB.gmol,1,
8-Copper/Cell_FANZEB.gmol,2,
8-Copper/Cell_FANZEB.gmol,3,
8-Copper/Cell_FANZEB.gmol,4,
8-Copper/Cell_FANZEB.gmol,5,
8-Copper/Cell_FANZEB.gmol,6,
8-Copper/Cell_FANZEB.gmol,7,
3-Ruthenium/Cell_NAHBAB.gmol,0,
3-Ruthenium/Cell_NAHBAB.gmol,1,
3-Ruthenium/Cell_NAHBAB.gmol,2,
3-Ruthenium/Cell_NAHBAB.gmol,3,
7-Nickel/Cell_ATUXOD.gmol,0,
7-Nickel/Cell_ATUXOD.gmol,1,
6-Cobalt/Cell_NUDWEQ.gmol,0,
6-Cobalt/Cell_NUDWEQ.gmol,1,
5-Chromium/Cell_EQIWAC.gmol,0,
5-Chromium/Cell_EQIWAC.gmol,1,
5-Chromium/Cell_EQIWAC.gmol,2,
5-Chromium/Cell_EQIWAC.gmol,3,
8-Copper/Cell_GOGGAL.gmol,0,
8-Copper/Cell_GOGGAL.gmol,1,
8-Copper/Cell_GOGGAL.gmol,2,
8-Copper/Cell_GOGGAL.gmol,3,
4-Rhenium/Cell_KEVZIV.gmol,0,
4-Rhenium/Cell_KEVZIV.gmol,1,
4-Rhenium/Cell_KEVZIV.gmol,2,
4-Rhenium/Cell_KEVZIV.gmol,3,
7-Nickel/Cell_NOHYEP.gmol,0,
7-Nickel/Cell_NOHYEP.gmol,1,
7-Nickel/Cell_NOHYEP.gmol,2,
7-Nickel/Cell_NOHYEP.gmol,3,
7-Nickel/Cell_NOHYEP.gmol,4,
7-Nickel/Cell_NOHYEP.gmol,5,
7-Nickel/Cell_NOHYEP.gmol,6,
7-Nickel/Cell_NOHYEP.gmol,7,
2-Manganese/Cell_PIDQOK.gmol,0,
2-Manganese/Cell_PIDQOK.gmol,1,
8-Copper/Cell_BOTXIT.gmol,0,
8-Copper/Cell_BOTXIT.gmol,1,
8-Copper/Cell_BOTXIT.gmol,2,
8-Copper/Cell_BOTXIT.gmol,3,
4-Rhenium/Cell_BEGQOU.gmol,0,
4-Rhenium/Cell_BEGQOU.gmol,1,
4-Rhenium/Cell_BEGQOU.gmol,2,
4-Rhenium/Cell_BEGQOU.gmol,3,
7-Nickel/Cell_WUFZIH.gmol,0,
7-Nickel/Cell_WUFZIH.gmol,1,
7-Nickel/Cell_WUFZIH.gmol,2,
7-Nickel/Cell_WUFZIH.gmol,3,
7-Nickel/Cell_WUFZIH.gmol,4,
7-Nickel/Cell_WUFZIH.gmol,5,
7-Nickel/Cell_WUFZIH.gmol,6,
7-Nickel/Cell_WUFZIH.gmol,7,
7-Nickel/Cell_WUFZIH.gmol,8,
7-Nickel/Cell_WUFZIH.gmol,9,
7-Nickel/Cell_WUFZIH.gmol,10,
7-Nickel/Cell_WUFZIH.gmol,11,
7-Nickel/Cell_WUFZIH.gmol,12,
7-Nickel/Cell_WUFZIH.gmol,13,
7-Nickel/Cell_WUFZIH.gmol,14,
7-Nickel/Cell_WUFZIH.gmol,15,
7-Nickel/Cell_WUFZIH.gmol,16,
7-Nickel/Cell_WUFZIH.gmol,17,
1-Iron/Cell_LIJBUB.gmol,0,
1-Iron/Cell_LIJBUB.gmol,1,
1-Iron/Cell_LIJBUB.gmol,2,
1-Iron/Cell_LIJBUB.gmol,3,
1-Iron/Cell_LIJBUB.gmol,4,
1-Iron/Cell_LIJBUB.gmol,5,
8-Copper/Cell_SOCVEM.gmol,0,
8-Copper/Cell_SOCVEM.gmol,1,
8-Copper/Cell_SOCVEM.gmol,2,
8-Copper/Cell_SOCVEM.gmol,3,
8-Copper/Cell_SOCVEM.gmol,4,
8-Copper/Cell_SOCVEM.gmol,5,
8-Copper/Cell_KEHLAN.gmol,0,
8-Copper/Cell_KEHLAN.gmol,1,
8-Copper/Cell_KEHLAN.gmol,2,
8-Copper/Cell_KEHLAN.gmol,3,
1-Iron/Cell_NOCVIK.gmol,0,
1-Iron/Cell_NOCVIK.gmol,1,
1-Iron/Cell_NOCVIK.gmol,2,
1-Iron/Cell_NOCVIK.gmol,3,
1-Iron/Cell_NOCVIK.gmol,4,
1-Iron/Cell_NOCVIK.gmol,5,
1-Iron/Cell_NOCVIK.gmol,6,
1-Iron/Cell_NOCVIK.gmol,7,
1-Iron/Cell_NOCVIK.gmol,8,
1-Iron/Cell_NOCVIK.gmol,9,
1-Iron/Cell_NOCVIK.gmol,10,
1-Iron/Cell_NOCVIK.gmol,11,
8-Copper/Cell_OGATIB.gmol,0,
8-Copper/Cell_OGATIB.gmol,1,
3-Ruthenium/Cell_NOCXAF.gmol,0,
3-Ruthenium/Cell_NOCXAF.gmol,1,
3-Ruthenium/Cell_NOCXAF.gmol,2,
3-Ruthenium/Cell_NOCXAF.gmol,3,
3-Ruthenium/Cell_RIZVAY.gmol,0,
3-Ruthenium/Cell_RIZVAY.gmol,1,
3-Ruthenium/Cell_RIZVAY.gmol,2,
3-Ruthenium/Cell_RIZVAY.gmol,3,
3-Ruthenium/Cell_RIZVAY.gmol,4,
3-Ruthenium/Cell_RIZVAY.gmol,5,
3-Ruthenium/Cell_RIZVAY.gmol,6,
3-Ruthenium/Cell_RIZVAY.gmol,7,
3-Ruthenium/Cell_BILMIT.gmol,0,
3-Ruthenium/Cell_BILMIT.gmol,1,
3-Ruthenium/Cell_BILMIT.gmol,2,
3-Ruthenium/Cell_BILMIT.gmol,3,
3-Ruthenium/Cell_BILMIT.gmol,4,
3-Ruthenium/Cell_BILMIT.gmol,5,
3-Ruthenium/Cell_BILMIT.gmol,6,
3-Ruthenium/Cell_BILMIT.gmol,7,
3-Ruthenium/Cell_BILMIT.gmol,8,
3-Ruthenium/Cell_BILMIT.gmol,9,
8-Copper/Cell_QUBYER.gmol,0,
8-Copper/Cell_QUBYER.gmol,1,
8-Copper/Cell_QUBYER.gmol,2,
8-Copper/Cell_QUBYER.gmol,3,
8-Copper/Cell_QOFKAX.gmol,0,
8-Copper/Cell_QOFKAX.gmol,1,
8-Copper/Cell_QOFKAX.gmol,2,
8-Copper/Cell_QOFKAX.gmol,3,
8-Copper/Cell_KEMWAC.gmol,0,
8-Copper/Cell_KEMWAC.gmol,1,
8-Copper/Cell_KEMWAC.gmol,2,
8-Copper/Cell_KEMWAC.gmol,3,
8-Copper/Cell_KEMWAC.gmol,4,
8-Copper/Cell_KEMWAC.gmol,5,
8-Copper/Cell_KEMWAC.gmol,6,
8-Copper/Cell_KEMWAC.gmol,7,
7-Nickel/Cell_ZEQKOY.gmol,0,
7-Nickel/Cell_ZEQKOY.gmol,1,
8-Copper/Cell_ZIMNAN.gmol,0,
8-Copper/Cell_ZIMNAN.gmol,1,
7-Nickel/Cell_FUDTOO.gmol,0,
7-Nickel/Cell_FUDTOO.gmol,1,
7-Nickel/Cell_VILYEW01.gmol,0,
7-Nickel/Cell_VILYEW01.gmol,1,
7-Nickel/Cell_VILYEW01.gmol,2,
7-Nickel/Cell_VILYEW01.gmol,3,
7-Nickel/Cell_VILYEW01.gmol,4,
7-Nickel/Cell_VILYEW01.gmol,5,
7-Nickel/Cell_VILYEW01.gmol,6,
7-Nickel/Cell_VILYEW01.gmol,7,
7-Nickel/Cell_VILYEW01.gmol,8,
7-Nickel/Cell_VILYEW01.gmol,9,
7-Nickel/Cell_VILYEW01.gmol,10,
7-Nickel/Cell_VILYEW01.gmol,11,
8-Copper/Cell_NIGJEU.gmol,0,
8-Copper/Cell_NIGJEU.gmol,1,
8-Copper/Cell_NIGJEU.gmol,2,
8-Copper/Cell_NIGJEU.gmol,3,
8-Copper/Cell_NIGJEU.gmol,4,
8-Copper/Cell_NIGJEU.gmol,5,
8-Copper/Cell_NIGJEU.gmol,6,
8-Copper/Cell_NIGJEU.gmol,7,
4-Rhenium/Cell_SOZJEW.gmol,0,
4-Rhenium/Cell_SOZJEW.gmol,1,
4-Rhenium/Cell_SOZJEW.gmol,2,
4-Rhenium/Cell_SOZJEW.gmol,3,
8-Copper/Cell_JITBOE.gmol,0,
8-Copper/Cell_JITBOE.gmol,1,
8-Copper/Cell_JIYHAA.gmol,0,
8-Copper/Cell_JIYHAA.gmol,1,
8-Copper/Cell_JIYHAA.gmol,2,
8-Copper/Cell_JIYHAA.gmol,3,
8-Copper/Cell_JIYHAA.gmol,4,
8-Copper/Cell_JIYHAA.gmol,5,
8-Copper/Cell_JIYHAA.gmol,6,
8-Copper/Cell_JIYHAA.gmol,7,
8-Copper/Cell_JIYHAA.gmol,8,
8-Copper/Cell_JIYHAA.gmol,9,
8-Copper/Cell_JIYHAA.gmol,10,
8-Copper/Cell_JIYHAA.gmol,11,
8-Copper/Cell_GIMDOW.gmol,0,
8-Copper/Cell_GIMDOW.gmol,1,
3-Ruthenium/Cell_XAZYUV.gmol,0,
3-Ruthenium/Cell_XAZYUV.gmol,1,
4-Rhenium/Cell_QAYKAF.gmol,0,
4-Rhenium/Cell_QAYKAF.gmol,1,
4-Rhenium/Cell_QAYKAF.gmol,2,
4-Rhenium/Cell_QAYKAF.gmol,3,
8-Copper/Cell_CISBOW.gmol,0,
8-Copper/Cell_CISBOW.gmol,1,
8-Copper/Cell_CISBOW.gmol,2,
8-Copper/Cell_CISBOW.gmol,3,
8-Copper/Cell_SUXRUZ.gmol,0,
8-Copper/Cell_SUXRUZ.gmol,1,
8-Copper/Cell_SUXRUZ.gmol,2,
8-Copper/Cell_SUXRUZ.gmol,3,
8-Copper/Cell_SUXRUZ.gmol,4,
8-Copper/Cell_SUXRUZ.gmol,5,
5-Chromium/Cell_VEPLEH.gmol,0,
5-Chromium/Cell_VEPLEH.gmol,1,
3-Ruthenium/Cell_MIMSOQ.gmol,0,
3-Ruthenium/Cell_MIMSOQ.gmol,1,
3-Ruthenium/Cell_MIMSOQ.gmol,2,
3-Ruthenium/Cell_MIMSOQ.gmol,3,
3-Ruthenium/Cell_MIMSOQ.gmol,4,
3-Ruthenium/Cell_MIMSOQ.gmol,5,
3-Ruthenium/Cell_MIMSOQ.gmol,6,
3-Ruthenium/Cell_MIMSOQ.gmol,7,
3-Ruthenium/Cell_MIMSOQ.gmol,8,
3-Ruthenium/Cell_MIMSOQ.gmol,9,
3-Ruthenium/Cell_MIMSOQ.gmol,10,
3-Ruthenium/Cell_MIMSOQ.gmol,11,
3-Ruthenium/Cell_MIMSOQ.gmol,12,
3-Ruthenium/Cell_MIMSOQ.gmol,13,
3-Ruthenium/Cell_MIMSOQ.gmol,14,
3-Ruthenium/Cell_MIMSOQ.gmol,15,
3-Ruthenium/Cell_BASLUF.gmol,0,
3-Ruthenium/Cell_BASLUF.gmol,1,
3-Ruthenium/Cell_BASLUF.gmol,2,
3-Ruthenium/Cell_BASLUF.gmol,3,
3-Ruthenium/Cell_BASLUF.gmol,4,
3-Ruthenium/Cell_BASLUF.gmol,5,
3-Ruthenium/Cell_BASLUF.gmol,6,
3-Ruthenium/Cell_BASLUF.gmol,7,
1-Iron/Cell_SAKLOG.gmol,0,
1-Iron/Cell_SAKLOG.gmol,1,
3-Ruthenium/Cell_JARTUS.gmol,0,
3-Ruthenium/Cell_JARTUS.gmol,1,
3-Ruthenium/Cell_JARTUS.gmol,2,
3-Ruthenium/Cell_JARTUS.gmol,3,
1-Iron/Cell_GOGBAF.gmol,0,
1-Iron/Cell_GOGBAF.gmol,1,
7-Nickel/Cell_LOQMOV.gmol,0,
5-Chromium/Cell_QEHQID.gmol,0,
5-Chromium/Cell_QEHQID.gmol,1,
5-Chromium/Cell_QEHQID.gmol,2,
5-Chromium/Cell_QEHQID.gmol,3,
7-Nickel/Cell_JIXCEZ.gmol,0,
7-Nickel/Cell_JIXCEZ.gmol,1,
8-Copper/Cell_SOCLIG.gmol,0,
8-Copper/Cell_SOCLIG.gmol,1,
8-Copper/Cell_SOCLIG.gmol,2,
8-Copper/Cell_SOCLIG.gmol,3,
7-Nickel/Cell_CYEPNI.gmol,0,
7-Nickel/Cell_CYEPNI.gmol,1,
7-Nickel/Cell_CYEPNI.gmol,2,
7-Nickel/Cell_CYEPNI.gmol,3,
6-Cobalt/Cell_YOXHOJ.gmol,0,
6-Cobalt/Cell_YOXHOJ.gmol,1,
7-Nickel/Cell_KETGIA.gmol,0,
7-Nickel/Cell_KETGIA.gmol,1,
7-Nickel/Cell_KETGIA.gmol,2,
7-Nickel/Cell_KETGIA.gmol,3,
7-Nickel/Cell_KETGIA.gmol,4,
7-Nickel/Cell_KETGIA.gmol,5,
7-Nickel/Cell_KETGIA.gmol,6,
7-Nickel/Cell_KETGIA.gmol,7,
8-Copper/Cell_ZUJVUV.gmol,0,
8-Copper/Cell_ZUJVUV.gmol,1,
8-Copper/Cell_ZUJVUV.gmol,2,
8-Copper/Cell_ZUJVUV.gmol,3,
7-Nickel/Cell_SOTQUO.gmol,0,
7-Nickel/Cell_SOTQUO.gmol,1,
7-Nickel/Cell_SOTQUO.gmol,2,
7-Nickel/Cell_SOTQUO.gmol,3,
7-Nickel/Cell_PEGYOS.gmol,0,
7-Nickel/Cell_PEGYOS.gmol,1,
7-Nickel/Cell_PEGYOS.gmol,2,
7-Nickel/Cell_PEGYOS.gmol,3,
7-Nickel/Cell_PEGYOS.gmol,4,
7-Nickel/Cell_PEGYOS.gmol,5,
7-Nickel/Cell_PEGYOS.gmol,6,
7-Nickel/Cell_PEGYOS.gmol,7,
8-Copper/Cell_NELWEG.gmol,0,
8-Copper/Cell_NELWEG.gmol,1,
8-Copper/Cell_NELWEG.gmol,2,
8-Copper/Cell_NELWEG.gmol,3,
5-Chromium/Cell_MEHBAC.gmol,0,
5-Chromium/Cell_MEHBAC.gmol,1,
5-Chromium/Cell_MEHBAC.gmol,2,
5-Chromium/Cell_MEHBAC.gmol,3,
1-Iron/Cell_MENWUY.gmol,0,
7-Nickel/Cell_HOGJAO.gmol,0,
7-Nickel/Cell_HOGJAO.gmol,1,
4-Rhenium/Cell_SUPVAB.gmol,0,
4-Rhenium/Cell_SUPVAB.gmol,1,
8-Copper/Cell_PABREQ.gmol,0,
8-Copper/Cell_PABREQ.gmol,1,
8-Copper/Cell_PIJBUG.gmol,0,
8-Copper/Cell_PIJBUG.gmol,1,
8-Copper/Cell_PIJBUG.gmol,2,
8-Copper/Cell_PIJBUG.gmol,3,
8-Copper/Cell_PIJBUG.gmol,4,
8-Copper/Cell_PIJBUG.gmol,5,
8-Copper/Cell_PIJBUG.gmol,6,
8-Copper/Cell_PIJBUG.gmol,7,
3-Ruthenium/Cell_NIPBIX.gmol,0,
3-Ruthenium/Cell_NIPBIX.gmol,1,
3-Ruthenium/Cell_NIPBIX.gmol,2,
3-Ruthenium/Cell_NIPBIX.gmol,3,
3-Ruthenium/Cell_NIPBIX.gmol,4,
3-Ruthenium/Cell_NIPBIX.gmol,5,
8-Copper/Cell_XUDLEO.gmol,0,
8-Copper/Cell_XUDLEO.gmol,1,
8-Copper/Cell_XUDLEO.gmol,2,
8-Copper/Cell_XUDLEO.gmol,3,
8-Copper/Cell_XUDLEO.gmol,4,
8-Copper/Cell_XUDLEO.gmol,5,
8-Copper/Cell_XUDLEO.gmol,6,
8-Copper/Cell_XUDLEO.gmol,7,
8-Copper/Cell_XUDLEO.gmol,8,
8-Copper/Cell_XUDLEO.gmol,9,
8-Copper/Cell_XUDLEO.gmol,10,
8-Copper/Cell_XUDLEO.gmol,11,
8-Copper/Cell_PSALCU.gmol,0,
8-Copper/Cell_PSALCU.gmol,1,
8-Copper/Cell_DUYZUU.gmol,0,
8-Copper/Cell_DUYZUU.gmol,1,
8-Copper/Cell_FIWLAZ.gmol,0,
8-Copper/Cell_FIWLAZ.gmol,1,
1-Iron/Cell_HAZRAE.gmol,0,
1-Iron/Cell_HAZRAE.gmol,1,
1-Iron/Cell_HAZRAE.gmol,2,
1-Iron/Cell_HAZRAE.gmol,3,
1-Iron/Cell_HAZRAE.gmol,4,
1-Iron/Cell_HAZRAE.gmol,5,
1-Iron/Cell_HAZRAE.gmol,6,
1-Iron/Cell_HAZRAE.gmol,7,
6-Cobalt/Cell_NINFAR.gmol,0,
6-Cobalt/Cell_NINFAR.gmol,1,
6-Cobalt/Cell_NINFAR.gmol,2,
6-Cobalt/Cell_NINFAR.gmol,3,
1-Iron/Cell_RIDYIN.gmol,0,
1-Iron/Cell_RIDYIN.gmol,1,
1-Iron/Cell_RIDYIN.gmol,2,
1-Iron/Cell_RIDYIN.gmol,3,
1-Iron/Cell_RIDYIN.gmol,4,
1-Iron/Cell_RIDYIN.gmol,5,
1-Iron/Cell_RIDYIN.gmol,6,
1-Iron/Cell_RIDYIN.gmol,7,
1-Iron/Cell_RIDYIN.gmol,8,
1-Iron/Cell_RIDYIN.gmol,9,
1-Iron/Cell_RIDYIN.gmol,10,
1-Iron/Cell_RIDYIN.gmol,11,
1-Iron/Cell_RIDYIN.gmol,12,
1-Iron/Cell_RIDYIN.gmol,13,
1-Iron/Cell_RIDYIN.gmol,14,
1-Iron/Cell_RIDYIN.gmol,15,
1-Iron/Cell_WEDGAO.gmol,0,
1-Iron/Cell_WEDGAO.gmol,1,
1-Iron/Cell_WEDGAO.gmol,2,
1-Iron/Cell_WEDGAO.gmol,3,
1-Iron/Cell_WEDGAO.gmol,4,
1-Iron/Cell_WEDGAO.gmol,5,
1-Iron/Cell_WEDGAO.gmol,6,
1-Iron/Cell_WEDGAO.gmol,7,
8-Copper/Cell_XUZTAO.gmol,0,
8-Copper/Cell_XUZTAO.gmol,1,
8-Copper/Cell_XUZTAO.gmol,2,
8-Copper/Cell_XUZTAO.gmol,3,
8-Copper/Cell_XUZTAO.gmol,4,
8-Copper/Cell_XUZTAO.gmol,5,
8-Copper/Cell_XUZTAO.gmol,6,
8-Copper/Cell_XUZTAO.gmol,7,
8-Copper/Cell_XUZTAO.gmol,8,
8-Copper/Cell_XUZTAO.gmol,9,
8-Copper/Cell_XUZTAO.gmol,10,
8-Copper/Cell_XUZTAO.gmol,11,
8-Copper/Cell_PIQXEU.gmol,0,
8-Copper/Cell_PIQXEU.gmol,1,
2-Manganese/Cell_KEHRIA.gmol,0,
2-Manganese/Cell_KEHRIA.gmol,1,
8-Copper/Cell_DIHSCU11.gmol,0,
8-Copper/Cell_DIHSCU11.gmol,1,
8-Copper/Cell_DIHSCU11.gmol,2,
8-Copper/Cell_DIHSCU11.gmol,3,
8-Copper/Cell_DIHSCU11.gmol,4,
8-Copper/Cell_DIHSCU11.gmol,5,
6-Cobalt/Cell_SETJEI.gmol,0,
6-Cobalt/Cell_SETJEI.gmol,1,
8-Copper/Cell_PITMIP.gmol,0,
8-Copper/Cell_PITMIP.gmol,1,
7-Nickel/Cell_YOQQOM.gmol,0,
6-Cobalt/Cell_SIXMUI.gmol,0,
6-Cobalt/Cell_SIXMUI.gmol,1,
6-Cobalt/Cell_SIXMUI.gmol,2,
6-Cobalt/Cell_SIXMUI.gmol,3,
6-Cobalt/Cell_SIXMUI.gmol,4,
6-Cobalt/Cell_SIXMUI.gmol,5,
6-Cobalt/Cell_SIXMUI.gmol,6,
6-Cobalt/Cell_SIXMUI.gmol,7,
6-Cobalt/Cell_SIXMUI.gmol,8,
6-Cobalt/Cell_SIXMUI.gmol,9,
6-Cobalt/Cell_SIXMUI.gmol,10,
6-Cobalt/Cell_SIXMUI.gmol,11,
8-Copper/Cell_WOJKUC.gmol,0,
8-Copper/Cell_WOJKUC.gmol,1,
8-Copper/Cell_WOJKUC.gmol,2,
8-Copper/Cell_WOJKUC.gmol,3,
8-Copper/Cell_WOJKUC.gmol,4,
8-Copper/Cell_WOJKUC.gmol,5,
8-Copper/Cell_WOJKUC.gmol,6,
8-Copper/Cell_WOJKUC.gmol,7,
8-Copper/Cell_WOJKUC.gmol,8,
8-Copper/Cell_WOJKUC.gmol,9,
8-Copper/Cell_WOJKUC.gmol,10,
8-Copper/Cell_WOJKUC.gmol,11,
8-Copper/Cell_WOJKUC.gmol,12,
8-Copper/Cell_WOJKUC.gmol,13,
8-Copper/Cell_WOJKUC.gmol,14,
8-Copper/Cell_WOJKUC.gmol,15,
8-Copper/Cell_WOJKUC.gmol,16,
8-Copper/Cell_WOJKUC.gmol,17,
8-Copper/Cell_WOJKUC.gmol,18,
8-Copper/Cell_WOJKUC.gmol,19,
8-Copper/Cell_WOJKOW.gmol,0,
8-Copper/Cell_WOJKOW.gmol,1,
8-Copper/Cell_WOJKOW.gmol,2,
8-Copper/Cell_WOJKOW.gmol,3,
8-Copper/Cell_WOJKOW.gmol,4,
8-Copper/Cell_WOJKOW.gmol,5,
8-Copper/Cell_WOJKOW.gmol,6,
8-Copper/Cell_WOJKOW.gmol,7,
1-Iron/Cell_JIWFUQ.gmol,0,
1-Iron/Cell_JIWFUQ.gmol,1,
1-Iron/Cell_JIWFUQ.gmol,2,
1-Iron/Cell_JIWFUQ.gmol,3,
6-Cobalt/Cell_NABFOL.gmol,0,
6-Cobalt/Cell_NABFOL.gmol,1,
6-Cobalt/Cell_NABFOL.gmol,2,
6-Cobalt/Cell_NABFOL.gmol,3,
6-Cobalt/Cell_NABFOL.gmol,4,
6-Cobalt/Cell_NABFOL.gmol,5,
6-Cobalt/Cell_NABFOL.gmol,6,
6-Cobalt/Cell_NABFOL.gmol,7,
6-Cobalt/Cell_NABFOL.gmol,8,
6-Cobalt/Cell_NABFOL.gmol,9,
6-Cobalt/Cell_NABFOL.gmol,10,
6-Cobalt/Cell_NABFOL.gmol,11,
8-Copper/Cell_UDOCAU.gmol,0,
8-Copper/Cell_UDOCAU.gmol,1,
8-Copper/Cell_UDOCAU.gmol,2,
8-Copper/Cell_UDOCAU.gmol,3,
1-Iron/Cell_WAFWEJ.gmol,0,
1-Iron/Cell_WAFWEJ.gmol,1,
1-Iron/Cell_WAFWEJ.gmol,2,
1-Iron/Cell_WAFWEJ.gmol,3,
1-Iron/Cell_WAFWEJ.gmol,4,
1-Iron/Cell_WAFWEJ.gmol,5,
3-Ruthenium/Cell_COGFAG.gmol,0,
3-Ruthenium/Cell_COGFAG.gmol,1,
3-Ruthenium/Cell_COGFAG.gmol,2,
3-Ruthenium/Cell_COGFAG.gmol,3,
3-Ruthenium/Cell_COGFAG.gmol,4,
3-Ruthenium/Cell_COGFAG.gmol,5,
3-Ruthenium/Cell_COGFAG.gmol,6,
3-Ruthenium/Cell_COGFAG.gmol,7,
3-Ruthenium/Cell_COGFAG.gmol,8,
3-Ruthenium/Cell_COGFAG.gmol,9,
3-Ruthenium/Cell_COGFAG.gmol,10,
3-Ruthenium/Cell_COGFAG.gmol,11,
3-Ruthenium/Cell_COGFAG.gmol,12,
3-Ruthenium/Cell_COGFAG.gmol,13,
3-Ruthenium/Cell_COGFAG.gmol,14,
3-Ruthenium/Cell_COGFAG.gmol,15,
6-Cobalt/Cell_DOBYEA.gmol,0,
6-Cobalt/Cell_VOPPIB.gmol,0,
6-Cobalt/Cell_VOPPIB.gmol,1,
6-Cobalt/Cell_VOPPIB.gmol,2,
6-Cobalt/Cell_VOPPIB.gmol,3,
6-Cobalt/Cell_VOPPIB.gmol,4,
6-Cobalt/Cell_VOPPIB.gmol,5,
8-Copper/Cell_EGOBEI.gmol,0,
8-Copper/Cell_EGOBEI.gmol,1,
8-Copper/Cell_EGOBEI.gmol,2,
8-Copper/Cell_EGOBEI.gmol,3,
8-Copper/Cell_VIMTOC.gmol,0,
8-Copper/Cell_VIMTOC.gmol,1,
6-Cobalt/Cell_SEYTUM.gmol,0,
6-Cobalt/Cell_SEYTUM.gmol,1,
6-Cobalt/Cell_SEYTUM.gmol,2,
6-Cobalt/Cell_SEYTUM.gmol,3,
6-Cobalt/Cell_SEYTUM.gmol,4,
6-Cobalt/Cell_SEYTUM.gmol,5,
6-Cobalt/Cell_SEYTUM.gmol,6,
6-Cobalt/Cell_SEYTUM.gmol,7,
1-Iron/Cell_DADDUJ.gmol,0,
1-Iron/Cell_DADDUJ.gmol,1,
7-Nickel/Cell_WIWDAI.gmol,0,
7-Nickel/Cell_WIWDAI.gmol,1,
3-Ruthenium/Cell_ENUMOQ.gmol,0,
3-Ruthenium/Cell_ENUMOQ.gmol,1,
3-Ruthenium/Cell_ENUMOQ.gmol,2,
3-Ruthenium/Cell_ENUMOQ.gmol,3,
3-Ruthenium/Cell_ENUMOQ.gmol,4,
3-Ruthenium/Cell_ENUMOQ.gmol,5,
6-Cobalt/Cell_KAGLUA.gmol,0,
6-Cobalt/Cell_KAGLUA.gmol,1,
6-Cobalt/Cell_KAGLUA.gmol,2,
6-Cobalt/Cell_KAGLUA.gmol,3,
6-Cobalt/Cell_KAGLUA.gmol,4,
6-Cobalt/Cell_KAGLUA.gmol,5,
8-Copper/Cell_ZEPTEW.gmol,0,
8-Copper/Cell_ZEPTEW.gmol,1,
8-Copper/Cell_ZEPTEW.gmol,2,
8-Copper/Cell_ZEPTEW.gmol,3,
8-Copper/Cell_ZEPTEW.gmol,4,
8-Copper/Cell_ZEPTEW.gmol,5,
8-Copper/Cell_ZEPTEW.gmol,6,
8-Copper/Cell_ZEPTEW.gmol,7,
8-Copper/Cell_ZEPTEW.gmol,8,
8-Copper/Cell_ZEPTEW.gmol,9,
8-Copper/Cell_ZEPTEW.gmol,10,
8-Copper/Cell_ZEPTEW.gmol,11,
2-Manganese/Cell_BUHRED.gmol,0,
2-Manganese/Cell_BUHRED.gmol,1,
2-Manganese/Cell_BUHRED.gmol,2,
2-Manganese/Cell_BUHRED.gmol,3,
1-Iron/Cell_AVOGIC.gmol,0,
1-Iron/Cell_AVOGIC.gmol,1,
1-Iron/Cell_AVOGIC.gmol,2,
1-Iron/Cell_AVOGIC.gmol,3,
1-Iron/Cell_AVOGIC.gmol,4,
1-Iron/Cell_AVOGIC.gmol,5,
1-Iron/Cell_AVOGIC.gmol,6,
1-Iron/Cell_AVOGIC.gmol,7,
1-Iron/Cell_NALQAS.gmol,0,
1-Iron/Cell_NALQAS.gmol,1,
1-Iron/Cell_NALQAS.gmol,2,
1-Iron/Cell_NALQAS.gmol,3,
7-Nickel/Cell_RIBXOR.gmol,0,
7-Nickel/Cell_RIBXOR.gmol,1,
7-Nickel/Cell_RIBXOR.gmol,2,
7-Nickel/Cell_RIBXOR.gmol,3,
7-Nickel/Cell_RIBXOR.gmol,4,
7-Nickel/Cell_RIBXOR.gmol,5,
7-Nickel/Cell_RIBXOR.gmol,6,
7-Nickel/Cell_RIBXOR.gmol,7,
3-Ruthenium/Cell_ICIVIZ.gmol,0,
3-Ruthenium/Cell_ICIVIZ.gmol,1,
3-Ruthenium/Cell_ICIVIZ.gmol,2,
3-Ruthenium/Cell_ICIVIZ.gmol,3,
3-Ruthenium/Cell_ICIVIZ.gmol,4,
3-Ruthenium/Cell_ICIVIZ.gmol,5,
3-Ruthenium/Cell_ICIVIZ.gmol,6,
3-Ruthenium/Cell_ICIVIZ.gmol,7,
6-Cobalt/Cell_ALUJID.gmol,0,
6-Cobalt/Cell_ALUJID.gmol,1,
6-Cobalt/Cell_ALUJID.gmol,2,
6-Cobalt/Cell_ALUJID.gmol,3,
7-Nickel/Cell_UFUSAS.gmol,0,
7-Nickel/Cell_UFUSAS.gmol,1,
7-Nickel/Cell_UFUSAS.gmol,2,
7-Nickel/Cell_UFUSAS.gmol,3,
7-Nickel/Cell_UFUSAS.gmol,4,
7-Nickel/Cell_UFUSAS.gmol,5,
7-Nickel/Cell_UFUSAS.gmol,6,
7-Nickel/Cell_UFUSAS.gmol,7,
7-Nickel/Cell_UFUSAS.gmol,8,
7-Nickel/Cell_UFUSAS.gmol,9,
7-Nickel/Cell_UFUSAS.gmol,10,
7-Nickel/Cell_UFUSAS.gmol,11,
7-Nickel/Cell_UFUSAS.gmol,12,
7-Nickel/Cell_UFUSAS.gmol,13,
7-Nickel/Cell_UFUSAS.gmol,14,
7-Nickel/Cell_UFUSAS.gmol,15,
7-Nickel/Cell_UFUSAS.gmol,16,
7-Nickel/Cell_UFUSAS.gmol,17,
7-Nickel/Cell_UFUSAS.gmol,18,
7-Nickel/Cell_UFUSAS.gmol,19,
7-Nickel/Cell_UFUSAS.gmol,20,
7-Nickel/Cell_UFUSAS.gmol,21,
7-Nickel/Cell_UFUSAS.gmol,22,
7-Nickel/Cell_UFUSAS.gmol,23,
7-Nickel/Cell_UFUSAS.gmol,24,
7-Nickel/Cell_UFUSAS.gmol,25,
7-Nickel/Cell_UFUSAS.gmol,26,
7-Nickel/Cell_UFUSAS.gmol,27,
8-Copper/Cell_AMUREG.gmol,0,
8-Copper/Cell_AMUREG.gmol,1,
8-Copper/Cell_AMUREG.gmol,2,
8-Copper/Cell_AMUREG.gmol,3,
8-Copper/Cell_AMUREG.gmol,4,
8-Copper/Cell_AMUREG.gmol,5,
8-Copper/Cell_AMUREG.gmol,6,
8-Copper/Cell_AMUREG.gmol,7,
8-Copper/Cell_AMUREG.gmol,8,
8-Copper/Cell_AMUREG.gmol,9,
8-Copper/Cell_FUDTII.gmol,0,
8-Copper/Cell_FUDTII.gmol,1,
8-Copper/Cell_FUDTII.gmol,2,
8-Copper/Cell_FUDTII.gmol,3,
8-Copper/Cell_TAMSCU10.gmol,0,
8-Copper/Cell_TAMSCU10.gmol,1,
1-Iron/Cell_BOWNIL.gmol,0,
1-Iron/Cell_BOWNIL.gmol,1,
1-Iron/Cell_BOWNIL.gmol,2,
1-Iron/Cell_BOWNIL.gmol,3,
1-Iron/Cell_BOWNIL.gmol,4,
1-Iron/Cell_BOWNIL.gmol,5,
8-Copper/Cell_LOMREK.gmol,0,
8-Copper/Cell_LOMREK.gmol,1,
8-Copper/Cell_LOMREK.gmol,2,
8-Copper/Cell_LOMREK.gmol,3,
8-Copper/Cell_LOMREK.gmol,4,
8-Copper/Cell_LOMREK.gmol,5,
6-Cobalt/Cell_CIZLAY.gmol,0,
6-Cobalt/Cell_CIZLAY.gmol,1,
6-Cobalt/Cell_CIZLAY.gmol,2,
6-Cobalt/Cell_CIZLAY.gmol,3,
1-Iron/Cell_ELUJUQ.gmol,0,
1-Iron/Cell_ELUJUQ.gmol,1,
1-Iron/Cell_ELUJUQ.gmol,2,
1-Iron/Cell_ELUJUQ.gmol,3,
8-Copper/Cell_ROKQAM.gmol,0,
8-Copper/Cell_ROKQAM.gmol,1,
1-Iron/Cell_NETGEA.gmol,0,
8-Copper/Cell_EYIROU.gmol,0,
8-Copper/Cell_EYIROU.gmol,1,
8-Copper/Cell_EYIROU.gmol,2,
8-Copper/Cell_EYIROU.gmol,3,
8-Copper/Cell_EYIROU.gmol,4,
8-Copper/Cell_EYIROU.gmol,5,
1-Iron/Cell_HAKDOO.gmol,0,
1-Iron/Cell_HAKDOO.gmol,1,
1-Iron/Cell_HAKDOO.gmol,2,
4-Rhenium/Cell_XABTAW.gmol,0,
4-Rhenium/Cell_XABTAW.gmol,1,
4-Rhenium/Cell_XABTAW.gmol,2,
4-Rhenium/Cell_XABTAW.gmol,3,
4-Rhenium/Cell_XABTAW.gmol,4,
4-Rhenium/Cell_XABTAW.gmol,5,
7-Nickel/Cell_SUQXEI.gmol,0,
7-Nickel/Cell_SUQXEI.gmol,1,
7-Nickel/Cell_OJAZAC.gmol,0,
7-Nickel/Cell_OJAZAC.gmol,1,
7-Nickel/Cell_OJAZAC.gmol,2,
7-Nickel/Cell_OJAZAC.gmol,3,
3-Ruthenium/Cell_JUJCAV.gmol,0,
3-Ruthenium/Cell_JUJCAV.gmol,1,
3-Ruthenium/Cell_JUJCAV.gmol,2,
3-Ruthenium/Cell_JUJCAV.gmol,3,
8-Copper/Cell_FACWAK.gmol,0,
8-Copper/Cell_FACWAK.gmol,1,
8-Copper/Cell_FACWAK.gmol,2,
8-Copper/Cell_FACWAK.gmol,3,
8-Copper/Cell_NUCPEG.gmol,0,
8-Copper/Cell_NUCPEG.gmol,1,
8-Copper/Cell_NUCPEG.gmol,2,
8-Copper/Cell_NUCPEG.gmol,3,
8-Copper/Cell_WEFPOO.gmol,0,
8-Copper/Cell_WEFPOO.gmol,1,
8-Copper/Cell_WEFPOO.gmol,2,
8-Copper/Cell_WEFPOO.gmol,3,
3-Ruthenium/Cell_FUBDEL.gmol,0,
3-Ruthenium/Cell_FUBDEL.gmol,1,
3-Ruthenium/Cell_FUBDEL.gmol,2,
3-Ruthenium/Cell_FUBDEL.gmol,3,
3-Ruthenium/Cell_FUBDEL.gmol,4,
3-Ruthenium/Cell_FUBDEL.gmol,5,
3-Ruthenium/Cell_FUBDEL.gmol,6,
3-Ruthenium/Cell_FUBDEL.gmol,7,
1-Iron/Cell_BAYDEL.gmol,0,
1-Iron/Cell_BAYDEL.gmol,1,
1-Iron/Cell_BAYDEL.gmol,2,
1-Iron/Cell_BAYDEL.gmol,3,
7-Nickel/Cell_MEYLAD.gmol,0,
7-Nickel/Cell_MEYLAD.gmol,1,
7-Nickel/Cell_MEYLAD.gmol,2,
7-Nickel/Cell_MEYLAD.gmol,3,
8-Copper/Cell_WAQXOD.gmol,0,
8-Copper/Cell_WAQXOD.gmol,1,
8-Copper/Cell_WAQXOD.gmol,2,
8-Copper/Cell_WAQXOD.gmol,3,
2-Manganese/Cell_FOHHOB.gmol,0,
2-Manganese/Cell_FOHHOB.gmol,1,
7-Nickel/Cell_CECHOK.gmol,0,
7-Nickel/Cell_CECHOK.gmol,1,
7-Nickel/Cell_CECHOK.gmol,2,
7-Nickel/Cell_CECHOK.gmol,3,
8-Copper/Cell_FIWKEB.gmol,0,
8-Copper/Cell_FIWKEB.gmol,1,
8-Copper/Cell_FIWKEB.gmol,2,
8-Copper/Cell_FIWKEB.gmol,3,
8-Copper/Cell_FIWKEB.gmol,4,
8-Copper/Cell_FIWKEB.gmol,5,
8-Copper/Cell_FIWKEB.gmol,6,
8-Copper/Cell_FIWKEB.gmol,7,
8-Copper/Cell_KEKGOW.gmol,0,
8-Copper/Cell_KEKGOW.gmol,1,
8-Copper/Cell_KEKGOW.gmol,2,
8-Copper/Cell_KEKGOW.gmol,3,
8-Copper/Cell_KEKGOW.gmol,4,
8-Copper/Cell_KEKGOW.gmol,5,
8-Copper/Cell_KEKGOW.gmol,6,
8-Copper/Cell_KEKGOW.gmol,7,
1-Iron/Cell_ROCDUK.gmol,0,
1-Iron/Cell_ROCDUK.gmol,1,
1-Iron/Cell_ROCDUK.gmol,2,
1-Iron/Cell_ROCDUK.gmol,3,
1-Iron/Cell_ROCDUK.gmol,4,
1-Iron/Cell_ROCDUK.gmol,5,
1-Iron/Cell_ROCDUK.gmol,6,
1-Iron/Cell_ROCDUK.gmol,7,
2-Manganese/Cell_SAPJUO.gmol,0,
2-Manganese/Cell_SAPJUO.gmol,1,
2-Manganese/Cell_SAPJUO.gmol,2,
2-Manganese/Cell_SAPJUO.gmol,3,
2-Manganese/Cell_SAPJUO.gmol,4,
2-Manganese/Cell_SAPJUO.gmol,5,
2-Manganese/Cell_SAPJUO.gmol,6,
2-Manganese/Cell_SAPJUO.gmol,7,
4-Rhenium/Cell_ZELSER.gmol,0,
4-Rhenium/Cell_ZELSER.gmol,1,
8-Copper/Cell_ANAXEU.gmol,0,
8-Copper/Cell_ANAXEU.gmol,1,
8-Copper/Cell_ANAXEU.gmol,2,
8-Copper/Cell_ANAXEU.gmol,3,
8-Copper/Cell_ANAXEU.gmol,4,
8-Copper/Cell_ANAXEU.gmol,5,
8-Copper/Cell_ANAXEU.gmol,6,
8-Copper/Cell_ANAXEU.gmol,7,
8-Copper/Cell_ANAXEU.gmol,8,
8-Copper/Cell_ANAXEU.gmol,9,
8-Copper/Cell_ANAXEU.gmol,10,
8-Copper/Cell_ANAXEU.gmol,11,
8-Copper/Cell_ANAXEU.gmol,12,
8-Copper/Cell_ANAXEU.gmol,13,
8-Copper/Cell_ANAXEU.gmol,14,
8-Copper/Cell_ANAXEU.gmol,15,
7-Nickel/Cell_QAHQAT.gmol,0,
7-Nickel/Cell_QAHQAT.gmol,1,
7-Nickel/Cell_QAHQAT.gmol,2,
7-Nickel/Cell_QAHQAT.gmol,3,
7-Nickel/Cell_QAHQAT.gmol,4,
7-Nickel/Cell_QAHQAT.gmol,5,
7-Nickel/Cell_QAHQAT.gmol,6,
7-Nickel/Cell_QAHQAT.gmol,7,
7-Nickel/Cell_QAHQAT.gmol,8,
7-Nickel/Cell_QAHQAT.gmol,9,
7-Nickel/Cell_QAHQAT.gmol,10,
7-Nickel/Cell_QAHQAT.gmol,11,
7-Nickel/Cell_QAHQAT.gmol,12,
7-Nickel/Cell_QAHQAT.gmol,13,
7-Nickel/Cell_QAHQAT.gmol,14,
7-Nickel/Cell_QAHQAT.gmol,15,
8-Copper/Cell_GOHTIG.gmol,0,
8-Copper/Cell_GOHTIG.gmol,1,
8-Copper/Cell_GOHTIG.gmol,2,
8-Copper/Cell_GOHTIG.gmol,3,
6-Cobalt/Cell_GUGCUI.gmol,0,
6-Cobalt/Cell_GUGCUI.gmol,1,
6-Cobalt/Cell_GUGCUI.gmol,2,
6-Cobalt/Cell_GUGCUI.gmol,3,
6-Cobalt/Cell_GUGCUI.gmol,4,
6-Cobalt/Cell_GUGCUI.gmol,5,
6-Cobalt/Cell_GUGCUI.gmol,6,
6-Cobalt/Cell_GUGCUI.gmol,7,
6-Cobalt/Cell_GUGCUI.gmol,8,
6-Cobalt/Cell_GUGCUI.gmol,9,
6-Cobalt/Cell_GUGCUI.gmol,10,
6-Cobalt/Cell_GUGCUI.gmol,11,
8-Copper/Cell_PASCIW.gmol,0,
8-Copper/Cell_PASCIW.gmol,1,
8-Copper/Cell_PASCIW.gmol,2,
8-Copper/Cell_PASCIW.gmol,3,
7-Nickel/Cell_GEXZIS.gmol,0,
7-Nickel/Cell_GEXZIS.gmol,1,
7-Nickel/Cell_GEXZIS.gmol,2,
7-Nickel/Cell_GEXZIS.gmol,3,
8-Copper/Cell_PYCUKT.gmol,0,
8-Copper/Cell_PYCUKT.gmol,1,
8-Copper/Cell_PYCUKT.gmol,2,
8-Copper/Cell_PYCUKT.gmol,3,
8-Copper/Cell_PYCUKT.gmol,4,
8-Copper/Cell_PYCUKT.gmol,5,
8-Copper/Cell_PYCUKT.gmol,6,
8-Copper/Cell_PYCUKT.gmol,7,
8-Copper/Cell_PYCUKT.gmol,8,
8-Copper/Cell_PYCUKT.gmol,9,
8-Copper/Cell_PYCUKT.gmol,10,
8-Copper/Cell_PYCUKT.gmol,11,
6-Cobalt/Cell_RAMHET.gmol,0,
6-Cobalt/Cell_RAMHET.gmol,1,
6-Cobalt/Cell_RAMHET.gmol,2,
6-Cobalt/Cell_RAMHET.gmol,3,
8-Copper/Cell_KABXUK.gmol,0,
8-Copper/Cell_KABXUK.gmol,1,
8-Copper/Cell_KABXUK.gmol,2,
8-Copper/Cell_KABXUK.gmol,3,
7-Nickel/Cell_GUBRAX.gmol,0,
7-Nickel/Cell_GUBRAX.gmol,1,
7-Nickel/Cell_GUBRAX.gmol,2,
7-Nickel/Cell_GUBRAX.gmol,3,
7-Nickel/Cell_GUBRAX.gmol,4,
7-Nickel/Cell_GUBRAX.gmol,5,
7-Nickel/Cell_GUBRAX.gmol,6,
7-Nickel/Cell_GUBRAX.gmol,7,
5-Chromium/Cell_NURVUR.gmol,0,
5-Chromium/Cell_NURVUR.gmol,1,
5-Chromium/Cell_NURVUR.gmol,2,
5-Chromium/Cell_NURVUR.gmol,3,
8-Copper/Cell_RUDSAM.gmol,0,
8-Copper/Cell_RUDSAM.gmol,1,
8-Copper/Cell_RUDSAM.gmol,2,
8-Copper/Cell_RUDSAM.gmol,3,
6-Cobalt/Cell_GASCIN.gmol,0,
6-Cobalt/Cell_GASCIN.gmol,1,
6-Cobalt/Cell_GASCIN.gmol,2,
6-Cobalt/Cell_GASCIN.gmol,3,
6-Cobalt/Cell_GASCIN.gmol,4,
6-Cobalt/Cell_GASCIN.gmol,5,
6-Cobalt/Cell_XUSNIJ.gmol,0,
6-Cobalt/Cell_XUSNIJ.gmol,1,
6-Cobalt/Cell_XUSNIJ.gmol,2,
6-Cobalt/Cell_XUSNIJ.gmol,3,
6-Cobalt/Cell_XUSNIJ.gmol,4,
7-Nickel/Cell_WOWJEZ.gmol,0,
7-Nickel/Cell_WOWJEZ.gmol,1,
7-Nickel/Cell_WOWJEZ.gmol,2,
7-Nickel/Cell_WOWJEZ.gmol,3,
8-Copper/Cell_PEHPOH.gmol,0,
8-Copper/Cell_PEHPOH.gmol,1,
8-Copper/Cell_PEHPOH.gmol,2,
8-Copper/Cell_PEHPOH.gmol,3,
8-Copper/Cell_PEHPOH.gmol,4,
8-Copper/Cell_PEHPOH.gmol,5,
6-Cobalt/Cell_WECCIT.gmol,0,
6-Cobalt/Cell_WECCIT.gmol,1,
6-Cobalt/Cell_WECCIT.gmol,2,
6-Cobalt/Cell_WECCIT.gmol,3,
6-Cobalt/Cell_WECCIT.gmol,4,
6-Cobalt/Cell_WECCIT.gmol,5,
6-Cobalt/Cell_WECCIT.gmol,6,
6-Cobalt/Cell_WECCIT.gmol,7,
6-Cobalt/Cell_WECCIT.gmol,8,
6-Cobalt/Cell_WECCIT.gmol,9,
6-Cobalt/Cell_WECCIT.gmol,10,
6-Cobalt/Cell_WECCIT.gmol,11,
8-Copper/Cell_PEDZIH.gmol,0,
8-Copper/Cell_PEDZIH.gmol,1,
8-Copper/Cell_PEDZIH.gmol,2,
8-Copper/Cell_PEDZIH.gmol,3,
8-Copper/Cell_PEDZIH.gmol,4,
8-Copper/Cell_PEDZIH.gmol,5,
8-Copper/Cell_PEDZIH.gmol,6,"- Covalent bonds missing from SCOPE: ['0:Cu-9:C', '0:Cu-10:C', '0:Cu-14:C', '0:Cu-15:C']
- Metal bonds missing from SCOPE: ['0:Cu-9:C', '0:Cu-10:C', '0:Cu-14:C', '0:Cu-15:C']
- Different metal coordination numbers: cell2mol=[('Cu', 2, 9)], SCOPE=[('Cu', 2, 5)]"
8-Copper/Cell_PEDZIH.gmol,7,"- Covalent bonds missing from SCOPE: ['0:Cu-9:C', '0:Cu-10:C', '0:Cu-14:C', '0:Cu-15:C']
- Metal bonds missing from SCOPE: ['0:Cu-9:C', '0:Cu-10:C', '0:Cu-14:C', '0:Cu-15:C']
- Different metal coordination numbers: cell2mol=[('Cu', 2, 9)], SCOPE=[('Cu', 2, 5)]"
8-Copper/Cell_PEDZIH.gmol,8,"- Covalent bonds missing from SCOPE: ['6:C-23:Cu', '7:C-23:Cu', '23:Cu-28:C', '23:Cu-29:C']
- Metal bonds missing from SCOPE: ['6:C-23:Cu', '7:C-23:Cu', '23:Cu-28:C', '23:Cu-29:C']
- Different metal coordination numbers: cell2mol=[('Cu', 2, 9)], SCOPE=[('Cu', 2, 5)]"
8-Copper/Cell_PEDZIH.gmol,9,"- Covalent bonds missing from SCOPE: ['6:C-24:Cu', '7:C-24:Cu', '24:Cu-29:C', '24:Cu-30:C']
- Metal bonds missing from SCOPE: ['6:C-24:Cu', '7:C-24:Cu', '24:Cu-29:C', '24:Cu-30:C']
- Different metal coordination numbers: cell2mol=[('Cu', 2, 9)], SCOPE=[('Cu', 2, 5)]"
8-Copper/Cell_PEDZIH.gmol,10,
8-Copper/Cell_PEDZIH.gmol,11,
7-Nickel/Cell_PIGDEO.gmol,0,
7-Nickel/Cell_PIGDEO.gmol,1,
7-Nickel/Cell_PIGDEO.gmol,2,
7-Nickel/Cell_PIGDEO.gmol,3,
7-Nickel/Cell_PIGDEO.gmol,4,
7-Nickel/Cell_PIGDEO.gmol,5,
7-Nickel/Cell_PIGDEO.gmol,6,
7-Nickel/Cell_PIGDEO.gmol,7,
7-Nickel/Cell_PIGDEO.gmol,8,
7-Nickel/Cell_PIGDEO.gmol,9,
7-Nickel/Cell_PIGDEO.gmol,10,
7-Nickel/Cell_PIGDEO.gmol,11,
7-Nickel/Cell_PIGDEO.gmol,12,
7-Nickel/Cell_PIGDEO.gmol,13,
7-Nickel/Cell_PIGDEO.gmol,14,
7-Nickel/Cell_PIGDEO.gmol,15,
7-Nickel/Cell_HICDAB.gmol,0,
7-Nickel/Cell_HICDAB.gmol,1,
7-Nickel/Cell_HICDAB.gmol,2,
7-Nickel/Cell_HICDAB.gmol,3,
8-Copper/Cell_RIYVEA.gmol,0,
8-Copper/Cell_RIYVEA.gmol,1,
8-Copper/Cell_RIYVEA.gmol,2,
8-Copper/Cell_RIYVEA.gmol,3,
8-Copper/Cell_DOPMEB.gmol,0,
8-Copper/Cell_DOPMEB.gmol,1,
8-Copper/Cell_DOPMEB.gmol,2,
8-Copper/Cell_DOPMEB.gmol,3,
7-Nickel/Cell_LAVTOR.gmol,0,
7-Nickel/Cell_LAVTOR.gmol,1,
8-Copper/Cell_QEPWIU.gmol,0,
8-Copper/Cell_QEPWIU.gmol,1,
8-Copper/Cell_QEPWIU.gmol,2,
8-Copper/Cell_QEPWIU.gmol,3,
8-Copper/Cell_QEPWIU.gmol,4,
8-Copper/Cell_QEPWIU.gmol,5,
8-Copper/Cell_QEPWIU.gmol,6,
8-Copper/Cell_QEPWIU.gmol,7,
5-Chromium/Cell_WALYOX.gmol,0,
5-Chromium/Cell_WALYOX.gmol,1,
5-Chromium/Cell_WALYOX.gmol,2,
5-Chromium/Cell_WALYOX.gmol,3,
6-Cobalt/Cell_SIPYOG.gmol,0,
6-Cobalt/Cell_SIPYOG.gmol,1,
6-Cobalt/Cell_SIPYOG.gmol,2,
6-Cobalt/Cell_SIPYOG.gmol,3,
2-Manganese/Cell_HULXER.gmol,0,
2-Manganese/Cell_HULXER.gmol,1,
2-Manganese/Cell_HULXER.gmol,2,
2-Manganese/Cell_HULXER.gmol,3,
2-Manganese/Cell_HULXER.gmol,4,
2-Manganese/Cell_HULXER.gmol,5,
2-Manganese/Cell_HULXER.gmol,6,
2-Manganese/Cell_HULXER.gmol,7,
2-Manganese/Cell_HULXER.gmol,8,
2-Manganese/Cell_HULXER.gmol,9,
2-Manganese/Cell_HULXER.gmol,10,
2-Manganese/Cell_HULXER.gmol,11,
8-Copper/Cell_FAFFEA.gmol,0,
8-Copper/Cell_FAFFEA.gmol,1,
8-Copper/Cell_FAFFEA.gmol,2,
8-Copper/Cell_FAFFEA.gmol,3,
8-Copper/Cell_FAFFEA.gmol,4,
8-Copper/Cell_FAFFEA.gmol,5,
8-Copper/Cell_FAFFEA.gmol,6,
8-Copper/Cell_FAFFEA.gmol,7,
6-Cobalt/Cell_KIWSOB.gmol,0,
6-Cobalt/Cell_KIWSOB.gmol,1,
6-Cobalt/Cell_KIWSOB.gmol,2,
6-Cobalt/Cell_KIWSOB.gmol,3,
8-Copper/Cell_JIQKAY.gmol,0,
8-Copper/Cell_JIQKAY.gmol,1,
1-Iron/Cell_IXAROP.gmol,0,
1-Iron/Cell_IXAROP.gmol,1,
1-Iron/Cell_IXAROP.gmol,2,
1-Iron/Cell_IXAROP.gmol,3,
8-Copper/Cell_WUCKOW.gmol,0,
2-Manganese/Cell_HUDHAP.gmol,0,
2-Manganese/Cell_HUDHAP.gmol,1,
6-Cobalt/Cell_PAMSON.gmol,0,
6-Cobalt/Cell_PAMSON.gmol,1,
6-Cobalt/Cell_PAMSON.gmol,2,
6-Cobalt/Cell_PAMSON.gmol,3,
7-Nickel/Cell_IVAGUJ.gmol,0,
7-Nickel/Cell_IVAGUJ.gmol,1,
7-Nickel/Cell_IVAGUJ.gmol,2,
7-Nickel/Cell_IVAGUJ.gmol,3,
8-Copper/Cell_YULQAZ.gmol,0,
8-Copper/Cell_YULQAZ.gmol,1,
8-Copper/Cell_YULQAZ.gmol,2,
8-Copper/Cell_YULQAZ.gmol,3,
8-Copper/Cell_YULQAZ.gmol,4,
8-Copper/Cell_YULQAZ.gmol,5,
8-Copper/Cell_YULQAZ.gmol,6,
8-Copper/Cell_YULQAZ.gmol,7,
3-Ruthenium/Cell_BUZYIF.gmol,0,
3-Ruthenium/Cell_BUZYIF.gmol,1,
3-Ruthenium/Cell_BUZYIF.gmol,2,
3-Ruthenium/Cell_BUZYIF.gmol,3,
3-Ruthenium/Cell_BUZYIF.gmol,4,
3-Ruthenium/Cell_BUZYIF.gmol,5,
3-Ruthenium/Cell_BUZYIF.gmol,6,
3-Ruthenium/Cell_BUZYIF.gmol,7,
7-Nickel/Cell_XECFAO.gmol,0,
7-Nickel/Cell_XECFAO.gmol,1,
7-Nickel/Cell_XECFAO.gmol,2,
7-Nickel/Cell_XECFAO.gmol,3,
7-Nickel/Cell_XECFAO.gmol,4,
7-Nickel/Cell_XECFAO.gmol,5,
7-Nickel/Cell_XECFAO.gmol,6,
7-Nickel/Cell_XECFAO.gmol,7,
7-Nickel/Cell_TEZKIS.gmol,0,
7-Nickel/Cell_TEZKIS.gmol,1,
7-Nickel/Cell_TEZKIS.gmol,2,
7-Nickel/Cell_TEZKIS.gmol,3,
7-Nickel/Cell_TEZKIS.gmol,4,
7-Nickel/Cell_TEZKIS.gmol,5,
7-Nickel/Cell_TEZKIS.gmol,6,
7-Nickel/Cell_TEZKIS.gmol,7,
7-Nickel/Cell_TEZKIS.gmol,8,
7-Nickel/Cell_TEZKIS.gmol,9,
7-Nickel/Cell_TEZKIS.gmol,10,
7-Nickel/Cell_TEZKIS.gmol,11,
7-Nickel/Cell_XARGED.gmol,0,
7-Nickel/Cell_XARGED.gmol,1,
7-Nickel/Cell_XARGED.gmol,2,
7-Nickel/Cell_XARGED.gmol,3,
8-Copper/Cell_HUGREG.gmol,0,
8-Copper/Cell_HUGREG.gmol,1,
8-Copper/Cell_HUGREG.gmol,2,
8-Copper/Cell_HUGREG.gmol,3,
8-Copper/Cell_HUGREG.gmol,4,
8-Copper/Cell_HUGREG.gmol,5,
8-Copper/Cell_DOMKUO.gmol,0,
8-Copper/Cell_DOMKUO.gmol,1,
3-Ruthenium/Cell_DAWZIK.gmol,0,
3-Ruthenium/Cell_DAWZIK.gmol,1,
3-Ruthenium/Cell_DAWZIK.gmol,2,
3-Ruthenium/Cell_DAWZIK.gmol,3,
4-Rhenium/Cell_RIVSAR.gmol,0,
4-Rhenium/Cell_RIVSAR.gmol,1,
4-Rhenium/Cell_RIVSAR.gmol,2,
4-Rhenium/Cell_RIVSAR.gmol,3,
7-Nickel/Cell_REHKUL.gmol,0,
7-Nickel/Cell_REHKUL.gmol,1,
7-Nickel/Cell_REHKUL.gmol,2,
7-Nickel/Cell_REHKUL.gmol,3,
7-Nickel/Cell_REHKUL.gmol,4,
7-Nickel/Cell_REHKUL.gmol,5,
6-Cobalt/Cell_XEZTIF.gmol,0,
6-Cobalt/Cell_XEZTIF.gmol,1,
6-Cobalt/Cell_XEZTIF.gmol,2,
6-Cobalt/Cell_XEZTIF.gmol,3,
6-Cobalt/Cell_XEZTIF.gmol,4,
6-Cobalt/Cell_XEZTIF.gmol,5,
6-Cobalt/Cell_XEZTIF.gmol,6,
6-Cobalt/Cell_XEZTIF.gmol,7,
6-Cobalt/Cell_XEZTIF.gmol,8,
6-Cobalt/Cell_XEZTIF.gmol,9,
6-Cobalt/Cell_XEZTIF.gmol,10,
6-Cobalt/Cell_XEZTIF.gmol,11,
8-Copper/Cell_EFULAS.gmol,0,
8-Copper/Cell_EFULAS.gmol,1,
7-Nickel/Cell_IPANUI.gmol,0,
7-Nickel/Cell_IPANUI.gmol,1,
7-Nickel/Cell_IPANUI.gmol,2,
7-Nickel/Cell_IPANUI.gmol,3,
7-Nickel/Cell_IPANUI.gmol,4,
7-Nickel/Cell_IPANUI.gmol,5,
8-Copper/Cell_LAKCAD.gmol,0,
8-Copper/Cell_LAKCAD.gmol,1,
6-Cobalt/Cell_JEGHIM.gmol,0,
6-Cobalt/Cell_JEGHIM.gmol,1,
6-Cobalt/Cell_JEGHIM.gmol,2,
6-Cobalt/Cell_JEGHIM.gmol,3,
7-Nickel/Cell_ODOTEH.gmol,0,
7-Nickel/Cell_ODOTEH.gmol,1,
7-Nickel/Cell_ODOTEH.gmol,2,
7-Nickel/Cell_ODOTEH.gmol,3,
7-Nickel/Cell_ODOTEH.gmol,4,
7-Nickel/Cell_ODOTEH.gmol,5,
7-Nickel/Cell_ODOTEH.gmol,6,
7-Nickel/Cell_ODOTEH.gmol,7,
7-Nickel/Cell_ODOTEH.gmol,8,
7-Nickel/Cell_ODOTEH.gmol,9,
6-Cobalt/Cell_DETBUC.gmol,0,- Additional SCOPE covalent bonds: ['35:H-37:O']
6-Cobalt/Cell_DETBUC.gmol,1,- Additional SCOPE covalent bonds: ['23:H-25:O']
6-Cobalt/Cell_DETBUC.gmol,2,- Additional SCOPE covalent bonds: ['24:O-49:H']
6-Cobalt/Cell_DETBUC.gmol,3,- Additional SCOPE covalent bonds: ['37:O-51:H']
6-Cobalt/Cell_EWAXEF.gmol,0,
6-Cobalt/Cell_EWAXEF.gmol,1,
6-Cobalt/Cell_EWAXEF.gmol,2,
6-Cobalt/Cell_EWAXEF.gmol,3,
6-Cobalt/Cell_EWAXEF.gmol,4,
6-Cobalt/Cell_EWAXEF.gmol,5,
8-Copper/Cell_UJIZIX.gmol,0,
8-Copper/Cell_UJIZIX.gmol,1,
8-Copper/Cell_UJIZIX.gmol,2,
8-Copper/Cell_UJIZIX.gmol,3,
7-Nickel/Cell_FIVGOI.gmol,0,
7-Nickel/Cell_FIVGOI.gmol,1,
7-Nickel/Cell_FIVGOI.gmol,2,
7-Nickel/Cell_FIVGOI.gmol,3,
7-Nickel/Cell_FIVGOI.gmol,4,
7-Nickel/Cell_FIVGOI.gmol,5,
7-Nickel/Cell_FIVGOI.gmol,6,
7-Nickel/Cell_FIVGOI.gmol,7,
7-Nickel/Cell_FIVGOI.gmol,8,
7-Nickel/Cell_FIVGOI.gmol,9,
7-Nickel/Cell_IXEPEI.gmol,0,
7-Nickel/Cell_IXEPEI.gmol,1,
7-Nickel/Cell_IXEPEI.gmol,2,
7-Nickel/Cell_IXEPEI.gmol,3,
8-Copper/Cell_KUZFUJ.gmol,0,
8-Copper/Cell_KUZFUJ.gmol,1,
8-Copper/Cell_KUZFUJ.gmol,2,
8-Copper/Cell_KUZFUJ.gmol,3,
7-Nickel/Cell_LAGHAG.gmol,0,
7-Nickel/Cell_LAGHAG.gmol,1,
7-Nickel/Cell_LAGHAG.gmol,2,
7-Nickel/Cell_LAGHAG.gmol,3,
7-Nickel/Cell_LAGHAG.gmol,4,
7-Nickel/Cell_LAGHAG.gmol,5,
7-Nickel/Cell_LAGHAG.gmol,6,
7-Nickel/Cell_LAGHAG.gmol,7,
7-Nickel/Cell_LAGHAG.gmol,8,
7-Nickel/Cell_LAGHAG.gmol,9,
7-Nickel/Cell_LAGHAG.gmol,10,
7-Nickel/Cell_LAGHAG.gmol,11,
1-Iron/Cell_MESROU.gmol,0,
1-Iron/Cell_MESROU.gmol,1,
8-Copper/Cell_GOLHEW.gmol,0,
8-Copper/Cell_GOLHEW.gmol,1,
8-Copper/Cell_GOLHEW.gmol,2,
8-Copper/Cell_GOLHEW.gmol,3,
8-Copper/Cell_GOLHEW.gmol,4,
8-Copper/Cell_GOLHEW.gmol,5,
8-Copper/Cell_GOLHEW.gmol,6,
8-Copper/Cell_GOLHEW.gmol,7,
8-Copper/Cell_MOLJEE.gmol,0,
8-Copper/Cell_MOLJEE.gmol,1,
8-Copper/Cell_MOLJEE.gmol,2,
8-Copper/Cell_MOLJEE.gmol,3,
8-Copper/Cell_MOLJEE.gmol,4,
8-Copper/Cell_MOLJEE.gmol,5,
8-Copper/Cell_MOLJEE.gmol,6,
8-Copper/Cell_MOLJEE.gmol,7,
8-Copper/Cell_MOLJEE.gmol,8,
8-Copper/Cell_MOLJEE.gmol,9,
8-Copper/Cell_MOLJEE.gmol,10,
8-Copper/Cell_MOLJEE.gmol,11,
2-Manganese/Cell_SETXEV.gmol,0,
2-Manganese/Cell_SETXEV.gmol,1,
2-Manganese/Cell_SETXEV.gmol,2,
2-Manganese/Cell_SETXEV.gmol,3,
8-Copper/Cell_XASGUU.gmol,0,
8-Copper/Cell_XASGUU.gmol,1,
8-Copper/Cell_XASGUU.gmol,2,
8-Copper/Cell_XASGUU.gmol,3,
3-Ruthenium/Cell_MUHJUW.gmol,0,
3-Ruthenium/Cell_MUHJUW.gmol,1,
3-Ruthenium/Cell_MUHJUW.gmol,2,
3-Ruthenium/Cell_MUHJUW.gmol,3,
3-Ruthenium/Cell_MUHJUW.gmol,4,
3-Ruthenium/Cell_MUHJUW.gmol,5,
3-Ruthenium/Cell_MUHJUW.gmol,6,
3-Ruthenium/Cell_MUHJUW.gmol,7,
3-Ruthenium/Cell_MUHJUW.gmol,8,
3-Ruthenium/Cell_MUHJUW.gmol,9,
3-Ruthenium/Cell_MUHJUW.gmol,10,
3-Ruthenium/Cell_MUHJUW.gmol,11,
3-Ruthenium/Cell_MUHJUW.gmol,12,
3-Ruthenium/Cell_MUHJUW.gmol,13,
3-Ruthenium/Cell_MUHJUW.gmol,14,
3-Ruthenium/Cell_MUHJUW.gmol,15,
7-Nickel/Cell_CASLOX.gmol,0,
7-Nickel/Cell_CASLOX.gmol,1,
7-Nickel/Cell_CASLOX.gmol,2,
7-Nickel/Cell_CASLOX.gmol,3,
1-Iron/Cell_ERERAV.gmol,0,
1-Iron/Cell_ERERAV.gmol,1,
1-Iron/Cell_ERERAV.gmol,2,
1-Iron/Cell_ERERAV.gmol,3,
1-Iron/Cell_ERERAV.gmol,4,
1-Iron/Cell_ERERAV.gmol,5,
1-Iron/Cell_ERERAV.gmol,6,
1-Iron/Cell_ERERAV.gmol,7,
8-Copper/Cell_PIWLIQ.gmol,0,
8-Copper/Cell_PIWLIQ.gmol,1,
8-Copper/Cell_PIWLIQ.gmol,2,
8-Copper/Cell_PIWLIQ.gmol,3,
8-Copper/Cell_PIWLIQ.gmol,4,
8-Copper/Cell_PIWLIQ.gmol,5,
8-Copper/Cell_PIWLIQ.gmol,6,
8-Copper/Cell_PIWLIQ.gmol,7,
6-Cobalt/Cell_HIBMOV.gmol,0,
6-Cobalt/Cell_HIBMOV.gmol,1,
6-Cobalt/Cell_HIBMOV.gmol,2,
6-Cobalt/Cell_HIBMOV.gmol,3,
6-Cobalt/Cell_ZEKPIO.gmol,0,
6-Cobalt/Cell_ZEKPIO.gmol,1,
6-Cobalt/Cell_ZEKPIO.gmol,2,
6-Cobalt/Cell_ZEKPIO.gmol,3,
6-Cobalt/Cell_ZEKPIO.gmol,4,
6-Cobalt/Cell_ZEKPIO.gmol,5,
6-Cobalt/Cell_ZEKPIO.gmol,6,
6-Cobalt/Cell_ZEKPIO.gmol,7,
6-Cobalt/Cell_ZEKPIO.gmol,8,
6-Cobalt/Cell_ZEKPIO.gmol,9,
6-Cobalt/Cell_ZEKPIO.gmol,10,
6-Cobalt/Cell_ZEKPIO.gmol,11,
6-Cobalt/Cell_ZEKPIO.gmol,12,
6-Cobalt/Cell_ZEKPIO.gmol,13,
6-Cobalt/Cell_ZEKPIO.gmol,14,
6-Cobalt/Cell_ZEKPIO.gmol,15,
6-Cobalt/Cell_ZEKPIO.gmol,16,
6-Cobalt/Cell_ZEKPIO.gmol,17,
6-Cobalt/Cell_ZEKPIO.gmol,18,
6-Cobalt/Cell_ZEKPIO.gmol,19,
6-Cobalt/Cell_ZEKPIO.gmol,20,
6-Cobalt/Cell_ZEKPIO.gmol,21,
6-Cobalt/Cell_ZEKPIO.gmol,22,
6-Cobalt/Cell_ZEKPIO.gmol,23,
6-Cobalt/Cell_ZEKPIO.gmol,24,
6-Cobalt/Cell_ZEKPIO.gmol,25,
6-Cobalt/Cell_ZEKPIO.gmol,26,
6-Cobalt/Cell_ZEKPIO.gmol,27,
8-Copper/Cell_DAYLAT.gmol,0,
8-Copper/Cell_DAYLAT.gmol,1,
8-Copper/Cell_DAYLAT.gmol,2,
8-Copper/Cell_DAYLAT.gmol,3,
8-Copper/Cell_DAYLAT.gmol,4,
8-Copper/Cell_DAYLAT.gmol,5,
6-Cobalt/Cell_XEZSEA.gmol,0,
6-Cobalt/Cell_XEZSEA.gmol,1,
6-Cobalt/Cell_XEZSEA.gmol,2,
6-Cobalt/Cell_XEZSEA.gmol,3,
6-Cobalt/Cell_XEZSEA.gmol,4,
6-Cobalt/Cell_XEZSEA.gmol,5,
6-Cobalt/Cell_XEZSEA.gmol,6,
6-Cobalt/Cell_XEZSEA.gmol,7,
6-Cobalt/Cell_XEZSEA.gmol,8,
6-Cobalt/Cell_XEZSEA.gmol,9,
6-Cobalt/Cell_XEZSEA.gmol,10,
6-Cobalt/Cell_XEZSEA.gmol,11,
8-Copper/Cell_ZOTCAO.gmol,0,
8-Copper/Cell_ZOTCAO.gmol,1,
8-Copper/Cell_ZOTCAO.gmol,2,
8-Copper/Cell_ZOTCAO.gmol,3,
8-Copper/Cell_ZOTCAO.gmol,4,
8-Copper/Cell_ZOTCAO.gmol,5,
6-Cobalt/Cell_DARCEE.gmol,0,- Additional SCOPE covalent bonds: ['3:O-30:H']
6-Cobalt/Cell_DARCEE.gmol,1,- Additional SCOPE covalent bonds: ['3:O-30:H']
6-Cobalt/Cell_DARCEE.gmol,2,- Additional SCOPE covalent bonds: ['3:O-25:H']
6-Cobalt/Cell_DARCEE.gmol,3,- Additional SCOPE covalent bonds: ['1:O-11:H']
6-Cobalt/Cell_DARCEE.gmol,4,- Additional SCOPE covalent bonds: ['3:O-24:H']
6-Cobalt/Cell_DARCEE.gmol,5,- Additional SCOPE covalent bonds: ['1:O-12:H']
6-Cobalt/Cell_DARCEE.gmol,6,- Additional SCOPE covalent bonds: ['1:O-12:H']
6-Cobalt/Cell_DARCEE.gmol,7,- Additional SCOPE covalent bonds: ['18:O-27:H']
3-Ruthenium/Cell_CORQEF.gmol,0,
3-Ruthenium/Cell_CORQEF.gmol,1,
3-Ruthenium/Cell_CORQEF.gmol,2,
3-Ruthenium/Cell_CORQEF.gmol,3,
3-Ruthenium/Cell_CORQEF.gmol,4,
3-Ruthenium/Cell_CORQEF.gmol,5,
3-Ruthenium/Cell_CORQEF.gmol,6,
3-Ruthenium/Cell_CORQEF.gmol,7,
1-Iron/Cell_WOBXAN.gmol,0,
1-Iron/Cell_WOBXAN.gmol,1,
1-Iron/Cell_WOBXAN.gmol,2,
1-Iron/Cell_WOBXAN.gmol,3,
1-Iron/Cell_WOBXAN.gmol,4,
1-Iron/Cell_WOBXAN.gmol,5,
1-Iron/Cell_WOBXAN.gmol,6,
1-Iron/Cell_WOBXAN.gmol,7,
1-Iron/Cell_WOBXAN.gmol,8,
1-Iron/Cell_WOBXAN.gmol,9,
1-Iron/Cell_WOBXAN.gmol,10,
1-Iron/Cell_WOBXAN.gmol,11,
1-Iron/Cell_WOBXAN.gmol,12,
1-Iron/Cell_WOBXAN.gmol,13,
1-Iron/Cell_WOBXAN.gmol,14,
1-Iron/Cell_WOBXAN.gmol,15,
1-Iron/Cell_WOBXAN.gmol,16,
1-Iron/Cell_WOBXAN.gmol,17,
1-Iron/Cell_WOBXAN.gmol,18,
1-Iron/Cell_WOBXAN.gmol,19,
1-Iron/Cell_WOBXAN.gmol,20,
1-Iron/Cell_WOBXAN.gmol,21,
1-Iron/Cell_WOBXAN.gmol,22,
1-Iron/Cell_WOBXAN.gmol,23,
6-Cobalt/Cell_VELPOU.gmol,0,
6-Cobalt/Cell_VELPOU.gmol,1,
8-Copper/Cell_HAVGOB.gmol,0,
8-Copper/Cell_HAVGOB.gmol,1,
8-Copper/Cell_HAVGOB.gmol,2,
8-Copper/Cell_HAVGOB.gmol,3,
8-Copper/Cell_HAVGOB.gmol,4,
8-Copper/Cell_HAVGOB.gmol,5,
8-Copper/Cell_HAVGOB.gmol,6,
8-Copper/Cell_HAVGOB.gmol,7,
8-Copper/Cell_HAVGOB.gmol,8,
8-Copper/Cell_HAVGOB.gmol,9,
8-Copper/Cell_HAVGOB.gmol,10,
8-Copper/Cell_HAVGOB.gmol,11,
8-Copper/Cell_ZUHMOG.gmol,0,
8-Copper/Cell_ZUHMOG.gmol,1,
8-Copper/Cell_ZUHMOG.gmol,2,
8-Copper/Cell_ZUHMOG.gmol,3,
8-Copper/Cell_ZUHMOG.gmol,4,
8-Copper/Cell_ZUHMOG.gmol,5,
8-Copper/Cell_ZUHMOG.gmol,6,
8-Copper/Cell_ZUHMOG.gmol,7,
8-Copper/Cell_ZUHMOG.gmol,8,
8-Copper/Cell_ZUHMOG.gmol,9,
8-Copper/Cell_ZUHMOG.gmol,10,
8-Copper/Cell_ZUHMOG.gmol,11,
7-Nickel/Cell_GOQNUY.gmol,0,
8-Copper/Cell_YIWLAS.gmol,0,
8-Copper/Cell_YIWLAS.gmol,1,
8-Copper/Cell_YIWLAS.gmol,2,
8-Copper/Cell_YIWLAS.gmol,3,
5-Chromium/Cell_COPKAU.gmol,0,
5-Chromium/Cell_COPKAU.gmol,1,
5-Chromium/Cell_COPKAU.gmol,2,
5-Chromium/Cell_COPKAU.gmol,3,
8-Copper/Cell_PUJNIR.gmol,0,
8-Copper/Cell_PUJNIR.gmol,1,
8-Copper/Cell_PUJNIR.gmol,2,
8-Copper/Cell_PUJNIR.gmol,3,
8-Copper/Cell_PUJNIR.gmol,4,
8-Copper/Cell_PUJNIR.gmol,5,
8-Copper/Cell_FURTIW.gmol,0,
8-Copper/Cell_FURTIW.gmol,1,
8-Copper/Cell_FURTIW.gmol,2,
8-Copper/Cell_FURTIW.gmol,3,
8-Copper/Cell_FURTIW.gmol,4,
8-Copper/Cell_FURTIW.gmol,5,
8-Copper/Cell_LIZDIJ.gmol,0,
8-Copper/Cell_LIZDIJ.gmol,1,
8-Copper/Cell_LIZDIJ.gmol,2,
8-Copper/Cell_LIZDIJ.gmol,3,
1-Iron/Cell_FEBPIM.gmol,0,
1-Iron/Cell_FEBPIM.gmol,1,
1-Iron/Cell_FEBPIM.gmol,2,
1-Iron/Cell_FEBPIM.gmol,3,
6-Cobalt/Cell_UPEMIN.gmol,0,
6-Cobalt/Cell_UPEMIN.gmol,1,
6-Cobalt/Cell_UPEMIN.gmol,2,
6-Cobalt/Cell_UPEMIN.gmol,3,
2-Manganese/Cell_XIDNON.gmol,0,
2-Manganese/Cell_XIDNON.gmol,1,
2-Manganese/Cell_XIDNON.gmol,2,
2-Manganese/Cell_XIDNON.gmol,3,
2-Manganese/Cell_XIDNON.gmol,4,
2-Manganese/Cell_XIDNON.gmol,5,
2-Manganese/Cell_XIDNON.gmol,6,
2-Manganese/Cell_XIDNON.gmol,7,
6-Cobalt/Cell_ZUTVUH.gmol,0,
6-Cobalt/Cell_ZUTVUH.gmol,1,
6-Cobalt/Cell_ZUTVUH.gmol,2,
6-Cobalt/Cell_ZUTVUH.gmol,3,
6-Cobalt/Cell_ZUTVUH.gmol,4,
6-Cobalt/Cell_ZUTVUH.gmol,5,
6-Cobalt/Cell_ZUTVUH.gmol,6,
6-Cobalt/Cell_ZUTVUH.gmol,7,
6-Cobalt/Cell_ZUTVUH.gmol,8,
6-Cobalt/Cell_ZUTVUH.gmol,9,
6-Cobalt/Cell_ZUTVUH.gmol,10,
6-Cobalt/Cell_ZUTVUH.gmol,11,
6-Cobalt/Cell_ZUTVUH.gmol,12,
6-Cobalt/Cell_ZUTVUH.gmol,13,
6-Cobalt/Cell_ZUTVUH.gmol,14,
6-Cobalt/Cell_ZUTVUH.gmol,15,
8-Copper/Cell_YASQOB.gmol,0,
8-Copper/Cell_YASQOB.gmol,1,
8-Copper/Cell_YASQOB.gmol,2,
8-Copper/Cell_YASQOB.gmol,3,
8-Copper/Cell_YASQOB.gmol,4,
8-Copper/Cell_YASQOB.gmol,5,
4-Rhenium/Cell_HIYKOQ.gmol,0,
4-Rhenium/Cell_HIYKOQ.gmol,1,
4-Rhenium/Cell_HIYKOQ.gmol,2,
4-Rhenium/Cell_HIYKOQ.gmol,3,
4-Rhenium/Cell_HIYKOQ.gmol,4,
4-Rhenium/Cell_HIYKOQ.gmol,5,
4-Rhenium/Cell_HIYKOQ.gmol,6,
4-Rhenium/Cell_HIYKOQ.gmol,7,
1-Iron/Cell_TALQOQ.gmol,0,
1-Iron/Cell_TALQOQ.gmol,1,
1-Iron/Cell_TALQOQ.gmol,2,
1-Iron/Cell_TALQOQ.gmol,3,
6-Cobalt/Cell_XONCEJ.gmol,0,
6-Cobalt/Cell_XONCEJ.gmol,1,
6-Cobalt/Cell_XONCEJ.gmol,2,
6-Cobalt/Cell_XONCEJ.gmol,3,
6-Cobalt/Cell_XONCEJ.gmol,4,
6-Cobalt/Cell_XONCEJ.gmol,5,
6-Cobalt/Cell_XONCEJ.gmol,6,
6-Cobalt/Cell_XONCEJ.gmol,7,
6-Cobalt/Cell_XONCEJ.gmol,8,
6-Cobalt/Cell_XONCEJ.gmol,9,
6-Cobalt/Cell_XONCEJ.gmol,10,
6-Cobalt/Cell_XONCEJ.gmol,11,
2-Manganese/Cell_WAVCUT.gmol,0,
2-Manganese/Cell_WAVCUT.gmol,1,
2-Manganese/Cell_WAVCUT.gmol,2,
2-Manganese/Cell_WAVCUT.gmol,3,
8-Copper/Cell_PUTSAB.gmol,0,
8-Copper/Cell_PUTSAB.gmol,1,
8-Copper/Cell_PUTSAB.gmol,2,
8-Copper/Cell_PUTSAB.gmol,3,
7-Nickel/Cell_XAKDAR.gmol,0,
7-Nickel/Cell_XAKDAR.gmol,1,
7-Nickel/Cell_XAKDAR.gmol,2,
7-Nickel/Cell_XAKDAR.gmol,3,
7-Nickel/Cell_XAKDAR.gmol,4,
7-Nickel/Cell_XAKDAR.gmol,5,
7-Nickel/Cell_XAKDAR.gmol,6,
7-Nickel/Cell_XAKDAR.gmol,7,
7-Nickel/Cell_MULLIQ.gmol,0,
7-Nickel/Cell_MULLIQ.gmol,1,
7-Nickel/Cell_MULLIQ.gmol,2,
7-Nickel/Cell_MULLIQ.gmol,3,
8-Copper/Cell_DAGTAG.gmol,0,
8-Copper/Cell_DAGTAG.gmol,1,
7-Nickel/Cell_TOGCIB.gmol,0,
7-Nickel/Cell_TOGCIB.gmol,1,
2-Manganese/Cell_TIRDUU.gmol,0,
2-Manganese/Cell_TIRDUU.gmol,1,
2-Manganese/Cell_TIRDUU.gmol,2,
2-Manganese/Cell_TIRDUU.gmol,3,
2-Manganese/Cell_TIRDUU.gmol,4,
2-Manganese/Cell_TIRDUU.gmol,5,
2-Manganese/Cell_TIRDUU.gmol,6,
2-Manganese/Cell_TIRDUU.gmol,7,
2-Manganese/Cell_TIRDUU.gmol,8,
2-Manganese/Cell_TIRDUU.gmol,9,
2-Manganese/Cell_TIRDUU.gmol,10,
2-Manganese/Cell_TIRDUU.gmol,11,
2-Manganese/Cell_TIRDUU.gmol,12,
2-Manganese/Cell_TIRDUU.gmol,13,
2-Manganese/Cell_TIRDUU.gmol,14,
2-Manganese/Cell_TIRDUU.gmol,15,
2-Manganese/Cell_TIRDUU.gmol,16,
2-Manganese/Cell_TIRDUU.gmol,17,
2-Manganese/Cell_TIRDUU.gmol,18,
2-Manganese/Cell_TIRDUU.gmol,19,
2-Manganese/Cell_TIRDUU.gmol,20,
2-Manganese/Cell_TIRDUU.gmol,21,
2-Manganese/Cell_TIRDUU.gmol,22,
2-Manganese/Cell_TIRDUU.gmol,23,
2-Manganese/Cell_TIRDUU.gmol,24,
2-Manganese/Cell_TIRDUU.gmol,25,
2-Manganese/Cell_TIRDUU.gmol,26,
2-Manganese/Cell_TIRDUU.gmol,27,
2-Manganese/Cell_TIRDUU.gmol,28,
2-Manganese/Cell_TIRDUU.gmol,29,
2-Manganese/Cell_TIRDUU.gmol,30,
2-Manganese/Cell_TIRDUU.gmol,31,
8-Copper/Cell_ZIBDUM.gmol,0,
8-Copper/Cell_ZIBDUM.gmol,1,
8-Copper/Cell_ZIBDUM.gmol,2,
8-Copper/Cell_ZIBDUM.gmol,3,
8-Copper/Cell_ZIBDUM.gmol,4,
8-Copper/Cell_ZIBDUM.gmol,5,
1-Iron/Cell_COSGEW.gmol,0,
1-Iron/Cell_COSGEW.gmol,1,
1-Iron/Cell_COSGEW.gmol,2,
1-Iron/Cell_COSGEW.gmol,3,
4-Rhenium/Cell_XUDFAD.gmol,0,
4-Rhenium/Cell_XUDFAD.gmol,1,
4-Rhenium/Cell_XUDFAD.gmol,2,
4-Rhenium/Cell_XUDFAD.gmol,3,
4-Rhenium/Cell_XUDFAD.gmol,4,
4-Rhenium/Cell_XUDFAD.gmol,5,
4-Rhenium/Cell_XUDFAD.gmol,6,
4-Rhenium/Cell_XUDFAD.gmol,7,
8-Copper/Cell_LUFVOX.gmol,0,
8-Copper/Cell_LUFVOX.gmol,1,
8-Copper/Cell_LUFVOX.gmol,2,
8-Copper/Cell_BUQYUJ.gmol,0,
8-Copper/Cell_BUQYUJ.gmol,1,
8-Copper/Cell_BUQYUJ.gmol,2,
8-Copper/Cell_BUQYUJ.gmol,3,
8-Copper/Cell_RIPXIA.gmol,0,
8-Copper/Cell_RIPXIA.gmol,1,
8-Copper/Cell_RIPXIA.gmol,2,
8-Copper/Cell_RIPXIA.gmol,3,
2-Manganese/Cell_NENGOC.gmol,0,
2-Manganese/Cell_NENGOC.gmol,1,
7-Nickel/Cell_TENCIA.gmol,0,
7-Nickel/Cell_TENCIA.gmol,1,
7-Nickel/Cell_TENCIA.gmol,2,
7-Nickel/Cell_TENCIA.gmol,3,
8-Copper/Cell_FAHMOR.gmol,0,
8-Copper/Cell_FAHMOR.gmol,1,
8-Copper/Cell_FAHMOR.gmol,2,
8-Copper/Cell_FAHMOR.gmol,3,
6-Cobalt/Cell_QAPZOY.gmol,0,
6-Cobalt/Cell_QAPZOY.gmol,1,
2-Manganese/Cell_YOSZEM.gmol,0,
2-Manganese/Cell_YOSZEM.gmol,1,
2-Manganese/Cell_YOSZEM.gmol,2,
7-Nickel/Cell_PAZPAI.gmol,0,
7-Nickel/Cell_PAZPAI.gmol,1,
7-Nickel/Cell_PAZPAI.gmol,2,
7-Nickel/Cell_PAZPAI.gmol,3,
7-Nickel/Cell_PAZPAI.gmol,4,
7-Nickel/Cell_PAZPAI.gmol,5,
7-Nickel/Cell_PAZPAI.gmol,6,
7-Nickel/Cell_PAZPAI.gmol,7,
7-Nickel/Cell_PAZPAI.gmol,8,
7-Nickel/Cell_PAZPAI.gmol,9,
7-Nickel/Cell_PAZPAI.gmol,10,
7-Nickel/Cell_PAZPAI.gmol,11,
4-Rhenium/Cell_NUNTAU.gmol,0,
4-Rhenium/Cell_NUNTAU.gmol,1,
7-Nickel/Cell_FUTJIQ.gmol,0,
7-Nickel/Cell_FUTJIQ.gmol,1,
7-Nickel/Cell_FUTJIQ.gmol,2,
7-Nickel/Cell_FUTJIQ.gmol,3,
3-Ruthenium/Cell_ALILOZ.gmol,0,
3-Ruthenium/Cell_ALILOZ.gmol,1,
3-Ruthenium/Cell_ALILOZ.gmol,2,
3-Ruthenium/Cell_ALILOZ.gmol,3,
3-Ruthenium/Cell_ALILOZ.gmol,4,
3-Ruthenium/Cell_ALILOZ.gmol,5,
8-Copper/Cell_HEPDAH.gmol,0,
8-Copper/Cell_HEPDAH.gmol,1,
8-Copper/Cell_HEPDAH.gmol,2,
8-Copper/Cell_HEPDAH.gmol,3,
8-Copper/Cell_HEPDAH.gmol,4,
8-Copper/Cell_HEPDAH.gmol,5,
4-Rhenium/Cell_NARJIA.gmol,0,
4-Rhenium/Cell_NARJIA.gmol,1,
4-Rhenium/Cell_NARJIA.gmol,2,
4-Rhenium/Cell_NARJIA.gmol,3,
8-Copper/Cell_UNOPIX.gmol,0,
8-Copper/Cell_UNOPIX.gmol,1,
8-Copper/Cell_UNOPIX.gmol,2,
8-Copper/Cell_UNOPIX.gmol,3,
8-Copper/Cell_UNOPIX.gmol,4,
8-Copper/Cell_UNOPIX.gmol,5,
8-Copper/Cell_UNOPIX.gmol,6,
8-Copper/Cell_UNOPIX.gmol,7,
8-Copper/Cell_UNOPIX.gmol,8,
8-Copper/Cell_UNOPIX.gmol,9,
8-Copper/Cell_UNOPIX.gmol,10,
8-Copper/Cell_UNOPIX.gmol,11,
8-Copper/Cell_UNOPIX.gmol,12,
8-Copper/Cell_UNOPIX.gmol,13,
8-Copper/Cell_UNOPIX.gmol,14,
8-Copper/Cell_UNOPIX.gmol,15,
8-Copper/Cell_UNOPIX.gmol,16,
8-Copper/Cell_UNOPIX.gmol,17,
8-Copper/Cell_UNOPIX.gmol,18,
8-Copper/Cell_UNOPIX.gmol,19,
8-Copper/Cell_UNOPIX.gmol,20,
8-Copper/Cell_UNOPIX.gmol,21,
8-Copper/Cell_UNOPIX.gmol,22,
8-Copper/Cell_UNOPIX.gmol,23,
8-Copper/Cell_UNOPIX.gmol,24,
8-Copper/Cell_UNOPIX.gmol,25,
8-Copper/Cell_UNOPIX.gmol,26,
8-Copper/Cell_UNOPIX.gmol,27,
8-Copper/Cell_UNOPIX.gmol,28,
8-Copper/Cell_UNOPIX.gmol,29,
8-Copper/Cell_UNOPIX.gmol,30,
8-Copper/Cell_UNOPIX.gmol,31,
8-Copper/Cell_UNOPIX.gmol,32,
8-Copper/Cell_UNOPIX.gmol,33,
8-Copper/Cell_UNOPIX.gmol,34,
8-Copper/Cell_UNOPIX.gmol,35,
8-Copper/Cell_UNOPIX.gmol,36,
8-Copper/Cell_UNOPIX.gmol,37,
8-Copper/Cell_UNOPIX.gmol,38,
8-Copper/Cell_UNOPIX.gmol,39,
7-Nickel/Cell_IREJUK.gmol,0,
7-Nickel/Cell_IREJUK.gmol,1,
7-Nickel/Cell_IREJUK.gmol,2,
7-Nickel/Cell_IREJUK.gmol,3,
1-Iron/Cell_DADJEX.gmol,0,
1-Iron/Cell_DADJEX.gmol,1,
1-Iron/Cell_DADJEX.gmol,2,
1-Iron/Cell_DADJEX.gmol,3,
3-Ruthenium/Cell_VIHHOL.gmol,0,
3-Ruthenium/Cell_VIHHOL.gmol,1,
3-Ruthenium/Cell_VIHHOL.gmol,2,
3-Ruthenium/Cell_VIHHOL.gmol,3,
3-Ruthenium/Cell_VIHHOL.gmol,4,
3-Ruthenium/Cell_VIHHOL.gmol,5,
6-Cobalt/Cell_MOWREW.gmol,0,
6-Cobalt/Cell_MOWREW.gmol,1,
6-Cobalt/Cell_MOWREW.gmol,2,
6-Cobalt/Cell_MOWREW.gmol,3,
6-Cobalt/Cell_MOWREW.gmol,4,
6-Cobalt/Cell_MOWREW.gmol,5,
6-Cobalt/Cell_MOWREW.gmol,6,
6-Cobalt/Cell_MOWREW.gmol,7,
6-Cobalt/Cell_MOWREW.gmol,8,
6-Cobalt/Cell_MOWREW.gmol,9,
6-Cobalt/Cell_MOWREW.gmol,10,
6-Cobalt/Cell_MOWREW.gmol,11,
6-Cobalt/Cell_MOWREW.gmol,12,
6-Cobalt/Cell_MOWREW.gmol,13,
6-Cobalt/Cell_MOWREW.gmol,14,
6-Cobalt/Cell_MOWREW.gmol,15,
1-Iron/Cell_YACNOH.gmol,0,
1-Iron/Cell_YACNOH.gmol,1,
1-Iron/Cell_YACNOH.gmol,2,
1-Iron/Cell_YACNOH.gmol,3,
1-Iron/Cell_YACNOH.gmol,4,
1-Iron/Cell_YACNOH.gmol,5,
1-Iron/Cell_YACNOH.gmol,6,
1-Iron/Cell_YACNOH.gmol,7,
1-Iron/Cell_YACNOH.gmol,8,
1-Iron/Cell_YACNOH.gmol,9,
1-Iron/Cell_YACNOH.gmol,10,
1-Iron/Cell_YACNOH.gmol,11,
6-Cobalt/Cell_CDMGCO11.gmol,0,
6-Cobalt/Cell_CDMGCO11.gmol,1,
7-Nickel/Cell_LAKRIZ.gmol,0,
7-Nickel/Cell_LAKRIZ.gmol,1,
7-Nickel/Cell_LAKRIZ.gmol,2,
8-Copper/Cell_DIVSEG.gmol,0,
8-Copper/Cell_DIVSEG.gmol,1,
6-Cobalt/Cell_GOGWEH.gmol,0,
6-Cobalt/Cell_GOGWEH.gmol,1,
6-Cobalt/Cell_GOGWEH.gmol,2,
6-Cobalt/Cell_GOGWEH.gmol,3,
5-Chromium/Cell_CAKCIA.gmol,0,
5-Chromium/Cell_CAKCIA.gmol,1,
5-Chromium/Cell_CAKCIA.gmol,2,
5-Chromium/Cell_CAKCIA.gmol,3,
5-Chromium/Cell_CAKCIA.gmol,4,
5-Chromium/Cell_CAKCIA.gmol,5,
5-Chromium/Cell_CAKCIA.gmol,6,
5-Chromium/Cell_CAKCIA.gmol,7,
5-Chromium/Cell_CAKCIA.gmol,8,
5-Chromium/Cell_CAKCIA.gmol,9,
5-Chromium/Cell_CAKCIA.gmol,10,
5-Chromium/Cell_CAKCIA.gmol,11,
5-Chromium/Cell_CAKCIA.gmol,12,
5-Chromium/Cell_CAKCIA.gmol,13,
5-Chromium/Cell_CAKCIA.gmol,14,
5-Chromium/Cell_CAKCIA.gmol,15,
5-Chromium/Cell_CAKCIA.gmol,16,
5-Chromium/Cell_CAKCIA.gmol,17,
5-Chromium/Cell_CAKCIA.gmol,18,
5-Chromium/Cell_CAKCIA.gmol,19,
5-Chromium/Cell_CAKCIA.gmol,20,
5-Chromium/Cell_CAKCIA.gmol,21,
5-Chromium/Cell_CAKCIA.gmol,22,
5-Chromium/Cell_CAKCIA.gmol,23,
3-Ruthenium/Cell_NENLUP.gmol,0,
3-Ruthenium/Cell_NENLUP.gmol,1,
3-Ruthenium/Cell_NENLUP.gmol,2,
3-Ruthenium/Cell_NENLUP.gmol,3,
8-Copper/Cell_DUGWAG.gmol,0,
8-Copper/Cell_DUGWAG.gmol,1,
8-Copper/Cell_DUGWAG.gmol,2,
8-Copper/Cell_YADHUH.gmol,0,
8-Copper/Cell_YADHUH.gmol,1,
7-Nickel/Cell_JOPCOG.gmol,0,
7-Nickel/Cell_JOPCOG.gmol,1,
7-Nickel/Cell_JOPCOG.gmol,2,
7-Nickel/Cell_JOPCOG.gmol,3,
7-Nickel/Cell_JOPCOG.gmol,4,
7-Nickel/Cell_JOPCOG.gmol,5,
7-Nickel/Cell_JOPCOG.gmol,6,
7-Nickel/Cell_JOPCOG.gmol,7,
7-Nickel/Cell_JOPCOG.gmol,8,
7-Nickel/Cell_JOPCOG.gmol,9,
7-Nickel/Cell_JOPCOG.gmol,10,
7-Nickel/Cell_JOPCOG.gmol,11,
7-Nickel/Cell_JOPCOG.gmol,12,
7-Nickel/Cell_JOPCOG.gmol,13,
7-Nickel/Cell_JOPCOG.gmol,14,
7-Nickel/Cell_JOPCOG.gmol,15,
7-Nickel/Cell_JOPCOG.gmol,16,
7-Nickel/Cell_JOPCOG.gmol,17,
7-Nickel/Cell_JOPCOG.gmol,18,
7-Nickel/Cell_JOPCOG.gmol,19,
7-Nickel/Cell_JOPCOG.gmol,20,
7-Nickel/Cell_JOPCOG.gmol,21,
7-Nickel/Cell_JOPCOG.gmol,22,
7-Nickel/Cell_JOPCOG.gmol,23,
8-Copper/Cell_FMNBCU.gmol,0,
8-Copper/Cell_FMNBCU.gmol,1,
8-Copper/Cell_FMNBCU.gmol,2,
8-Copper/Cell_FMNBCU.gmol,3,
8-Copper/Cell_FMNBCU.gmol,4,
8-Copper/Cell_FMNBCU.gmol,5,
8-Copper/Cell_FMNBCU.gmol,6,
8-Copper/Cell_FMNBCU.gmol,7,
6-Cobalt/Cell_DEGJEF.gmol,0,
6-Cobalt/Cell_DEGJEF.gmol,1,
6-Cobalt/Cell_DEGJEF.gmol,2,
6-Cobalt/Cell_DEGJEF.gmol,3,
6-Cobalt/Cell_DEGJEF.gmol,4,
6-Cobalt/Cell_DEGJEF.gmol,5,
6-Cobalt/Cell_DEGJEF.gmol,6,
6-Cobalt/Cell_DEGJEF.gmol,7,
6-Cobalt/Cell_DEGJEF.gmol,8,
6-Cobalt/Cell_DEGJEF.gmol,9,
6-Cobalt/Cell_DEGJEF.gmol,10,
6-Cobalt/Cell_DEGJEF.gmol,11,
6-Cobalt/Cell_DEGJEF.gmol,12,
6-Cobalt/Cell_DEGJEF.gmol,13,
6-Cobalt/Cell_DEGJEF.gmol,14,
6-Cobalt/Cell_DEGJEF.gmol,15,
6-Cobalt/Cell_DEGJEF.gmol,16,
6-Cobalt/Cell_DEGJEF.gmol,17,
6-Cobalt/Cell_DEGJEF.gmol,18,
6-Cobalt/Cell_DEGJEF.gmol,19,
6-Cobalt/Cell_DEGJEF.gmol,20,
6-Cobalt/Cell_DEGJEF.gmol,21,
6-Cobalt/Cell_DEGJEF.gmol,22,
6-Cobalt/Cell_DEGJEF.gmol,23,
8-Copper/Cell_XUQKOJ.gmol,0,
8-Copper/Cell_XUQKOJ.gmol,1,
8-Copper/Cell_XUQKOJ.gmol,2,
8-Copper/Cell_XUQKOJ.gmol,3,
6-Cobalt/Cell_YAPKAC.gmol,0,
6-Cobalt/Cell_YAPKAC.gmol,1,
6-Cobalt/Cell_YAPKAC.gmol,2,
6-Cobalt/Cell_YAPKAC.gmol,3,
6-Cobalt/Cell_YAPKAC.gmol,4,
6-Cobalt/Cell_YAPKAC.gmol,5,
6-Cobalt/Cell_YAPKAC.gmol,6,
6-Cobalt/Cell_YAPKAC.gmol,7,
8-Copper/Cell_WIXZIO.gmol,0,
8-Copper/Cell_WIXZIO.gmol,1,
8-Copper/Cell_WIXZIO.gmol,2,
8-Copper/Cell_WIXZIO.gmol,3,
8-Copper/Cell_WIXZIO.gmol,4,
8-Copper/Cell_WIXZIO.gmol,5,
8-Copper/Cell_WIXZIO.gmol,6,
8-Copper/Cell_WIXZIO.gmol,7,
8-Copper/Cell_WIXZIO.gmol,8,
8-Copper/Cell_WIXZIO.gmol,9,
8-Copper/Cell_WIXZIO.gmol,10,
8-Copper/Cell_WIXZIO.gmol,11,
8-Copper/Cell_QUSRAX.gmol,0,
8-Copper/Cell_QUSRAX.gmol,1,
8-Copper/Cell_QUSRAX.gmol,2,
8-Copper/Cell_QUSRAX.gmol,3,
8-Copper/Cell_EKIHUC.gmol,0,
8-Copper/Cell_EKIHUC.gmol,1,
8-Copper/Cell_EKIHUC.gmol,2,
8-Copper/Cell_EKIHUC.gmol,3,
8-Copper/Cell_EKIHUC.gmol,4,
8-Copper/Cell_EKIHUC.gmol,5,
8-Copper/Cell_EKIHUC.gmol,6,
8-Copper/Cell_EKIHUC.gmol,7,
8-Copper/Cell_NIZBON.gmol,0,
8-Copper/Cell_NIZBON.gmol,1,
8-Copper/Cell_NIZBON.gmol,2,
8-Copper/Cell_NIZBON.gmol,3,
4-Rhenium/Cell_BOWLAA.gmol,0,
4-Rhenium/Cell_BOWLAA.gmol,1,
4-Rhenium/Cell_BOWLAA.gmol,2,
4-Rhenium/Cell_BOWLAA.gmol,3,
7-Nickel/Cell_FUMJUU.gmol,0,
7-Nickel/Cell_FUMJUU.gmol,1,
7-Nickel/Cell_WOTSAZ.gmol,0,
7-Nickel/Cell_WOTSAZ.gmol,1,
7-Nickel/Cell_WOTSAZ.gmol,2,
7-Nickel/Cell_WOTSAZ.gmol,3,
7-Nickel/Cell_WOTSAZ.gmol,4,
7-Nickel/Cell_WOTSAZ.gmol,5,
1-Iron/Cell_GIFQUI.gmol,0,
1-Iron/Cell_GIFQUI.gmol,1,
1-Iron/Cell_GIFQUI.gmol,2,
1-Iron/Cell_GIFQUI.gmol,3,
1-Iron/Cell_GIFQUI.gmol,4,
1-Iron/Cell_GIFQUI.gmol,5,
1-Iron/Cell_GIFQUI.gmol,6,
1-Iron/Cell_GIFQUI.gmol,7,
7-Nickel/Cell_POJTUG.gmol,0,
7-Nickel/Cell_POJTUG.gmol,1,
8-Copper/Cell_JIMTAD.gmol,0,
8-Copper/Cell_JIMTAD.gmol,1,
8-Copper/Cell_JIMTAD.gmol,2,
8-Copper/Cell_JIMTAD.gmol,3,
4-Rhenium/Cell_GIZXAO.gmol,0,
4-Rhenium/Cell_GIZXAO.gmol,1,
4-Rhenium/Cell_GIZXAO.gmol,2,
4-Rhenium/Cell_GIZXAO.gmol,3,
6-Cobalt/Cell_PAYTUF.gmol,0,
6-Cobalt/Cell_PAYTUF.gmol,1,
6-Cobalt/Cell_PAYTUF.gmol,2,
6-Cobalt/Cell_PAYTUF.gmol,3,
6-Cobalt/Cell_PAYTUF.gmol,4,
6-Cobalt/Cell_PAYTUF.gmol,5,
6-Cobalt/Cell_PAYTUF.gmol,6,
6-Cobalt/Cell_PAYTUF.gmol,7,
6-Cobalt/Cell_PAYTUF.gmol,8,
6-Cobalt/Cell_PAYTUF.gmol,9,
6-Cobalt/Cell_PAYTUF.gmol,10,
6-Cobalt/Cell_PAYTUF.gmol,11,
6-Cobalt/Cell_PAYTUF.gmol,12,
6-Cobalt/Cell_PAYTUF.gmol,13,
6-Cobalt/Cell_PAYTUF.gmol,14,
6-Cobalt/Cell_PAYTUF.gmol,15,
6-Cobalt/Cell_PAYTUF.gmol,16,
6-Cobalt/Cell_PAYTUF.gmol,17,
6-Cobalt/Cell_PAYTUF.gmol,18,
6-Cobalt/Cell_PAYTUF.gmol,19,
7-Nickel/Cell_BABPAX.gmol,0,
7-Nickel/Cell_BABPAX.gmol,1,
7-Nickel/Cell_BABPAX.gmol,2,
7-Nickel/Cell_BABPAX.gmol,3,
7-Nickel/Cell_BABPAX.gmol,4,
7-Nickel/Cell_BABPAX.gmol,5,
7-Nickel/Cell_BABPAX.gmol,6,
7-Nickel/Cell_BABPAX.gmol,7,
7-Nickel/Cell_BABPAX.gmol,8,
7-Nickel/Cell_BABPAX.gmol,9,
7-Nickel/Cell_BABPAX.gmol,10,
7-Nickel/Cell_BABPAX.gmol,11,
7-Nickel/Cell_BABPAX.gmol,12,
7-Nickel/Cell_BABPAX.gmol,13,
7-Nickel/Cell_BABPAX.gmol,14,
7-Nickel/Cell_BABPAX.gmol,15,
7-Nickel/Cell_BABPAX.gmol,16,
7-Nickel/Cell_BABPAX.gmol,17,
7-Nickel/Cell_BABPAX.gmol,18,
7-Nickel/Cell_BABPAX.gmol,19,
6-Cobalt/Cell_REPZES.gmol,0,
6-Cobalt/Cell_REPZES.gmol,1,
2-Manganese/Cell_POMSAM.gmol,0,
2-Manganese/Cell_POMSAM.gmol,1,
2-Manganese/Cell_POMSAM.gmol,2,
2-Manganese/Cell_POMSAM.gmol,3,
7-Nickel/Cell_PEHXAB.gmol,0,
7-Nickel/Cell_PEHXAB.gmol,1,
8-Copper/Cell_LAJCUY.gmol,0,
8-Copper/Cell_LAJCUY.gmol,1,
8-Copper/Cell_LAJCUY.gmol,2,
8-Copper/Cell_LAJCUY.gmol,3,
8-Copper/Cell_LAJCUY.gmol,4,
8-Copper/Cell_LAJCUY.gmol,5,
8-Copper/Cell_LAJCUY.gmol,6,
8-Copper/Cell_LAJCUY.gmol,7,
8-Copper/Cell_LAJCUY.gmol,8,
8-Copper/Cell_LAJCUY.gmol,9,
8-Copper/Cell_LAJCUY.gmol,10,
8-Copper/Cell_LAJCUY.gmol,11,
8-Copper/Cell_LAJCUY.gmol,12,
8-Copper/Cell_LAJCUY.gmol,13,
8-Copper/Cell_LAJCUY.gmol,14,
8-Copper/Cell_LAJCUY.gmol,15,
8-Copper/Cell_LAJCUY.gmol,16,
8-Copper/Cell_LAJCUY.gmol,17,
8-Copper/Cell_LAJCUY.gmol,18,
8-Copper/Cell_LAJCUY.gmol,19,
8-Copper/Cell_IVEFEV.gmol,0,
8-Copper/Cell_IVEFEV.gmol,1,
3-Ruthenium/Cell_HEDROA.gmol,0,
3-Ruthenium/Cell_HEDROA.gmol,1,
3-Ruthenium/Cell_HEDROA.gmol,2,
3-Ruthenium/Cell_HEDROA.gmol,3,
8-Copper/Cell_YEXRUQ.gmol,0,
8-Copper/Cell_YEXRUQ.gmol,1,
8-Copper/Cell_YEXRUQ.gmol,2,
8-Copper/Cell_YEXRUQ.gmol,3,
8-Copper/Cell_YEXRUQ.gmol,4,
8-Copper/Cell_YEXRUQ.gmol,5,
6-Cobalt/Cell_IVIKUU.gmol,0,
6-Cobalt/Cell_IVIKUU.gmol,1,
6-Cobalt/Cell_IVIKUU.gmol,2,
6-Cobalt/Cell_IVIKUU.gmol,3,
6-Cobalt/Cell_IVIKUU.gmol,4,
6-Cobalt/Cell_IVIKUU.gmol,5,
6-Cobalt/Cell_IVIKUU.gmol,6,
6-Cobalt/Cell_IVIKUU.gmol,7,
6-Cobalt/Cell_IVIKUU.gmol,8,
6-Cobalt/Cell_IVIKUU.gmol,9,
7-Nickel/Cell_VAPYOA.gmol,0,
7-Nickel/Cell_VAPYOA.gmol,1,
7-Nickel/Cell_VAPYOA.gmol,2,
7-Nickel/Cell_VAPYOA.gmol,3,
7-Nickel/Cell_VAPYOA.gmol,4,
7-Nickel/Cell_VAPYOA.gmol,5,
7-Nickel/Cell_VAPYOA.gmol,6,
7-Nickel/Cell_VAPYOA.gmol,7,
7-Nickel/Cell_VAPYOA.gmol,8,
7-Nickel/Cell_VAPYOA.gmol,9,
7-Nickel/Cell_VAPYOA.gmol,10,
7-Nickel/Cell_VAPYOA.gmol,11,
3-Ruthenium/Cell_XAXCAB.gmol,0,
3-Ruthenium/Cell_XAXCAB.gmol,1,
3-Ruthenium/Cell_XAXCAB.gmol,2,
3-Ruthenium/Cell_XAXCAB.gmol,3,
6-Cobalt/Cell_BAMGOO.gmol,0,
6-Cobalt/Cell_BAMGOO.gmol,1,
6-Cobalt/Cell_BAMGOO.gmol,2,
6-Cobalt/Cell_BAMGOO.gmol,3,
6-Cobalt/Cell_BAMGOO.gmol,4,
6-Cobalt/Cell_BAMGOO.gmol,5,
6-Cobalt/Cell_BAMGOO.gmol,6,
6-Cobalt/Cell_BAMGOO.gmol,7,
6-Cobalt/Cell_BAMGOO.gmol,8,
6-Cobalt/Cell_BAMGOO.gmol,9,
6-Cobalt/Cell_BAMGOO.gmol,10,
6-Cobalt/Cell_BAMGOO.gmol,11,
8-Copper/Cell_YUHNIY.gmol,0,
8-Copper/Cell_YUHNIY.gmol,1,
7-Nickel/Cell_WOTREE.gmol,0,
7-Nickel/Cell_WOTREE.gmol,1,
7-Nickel/Cell_CEXMEX.gmol,0,
7-Nickel/Cell_CEXMEX.gmol,1,
7-Nickel/Cell_CEXMEX.gmol,2,
7-Nickel/Cell_CEXMEX.gmol,3,
6-Cobalt/Cell_RECCEI.gmol,0,
6-Cobalt/Cell_RECCEI.gmol,1,
6-Cobalt/Cell_RECCEI.gmol,2,
6-Cobalt/Cell_RECCEI.gmol,3,
6-Cobalt/Cell_RECCEI.gmol,4,
6-Cobalt/Cell_RECCEI.gmol,5,
8-Copper/Cell_FEYVUB.gmol,0,
8-Copper/Cell_FEYVUB.gmol,1,
7-Nickel/Cell_YAPGUS.gmol,0,
7-Nickel/Cell_YAPGUS.gmol,1,
7-Nickel/Cell_YAPGUS.gmol,2,
7-Nickel/Cell_YAPGUS.gmol,3,
2-Manganese/Cell_GICKEJ.gmol,0,
2-Manganese/Cell_GICKEJ.gmol,1,
2-Manganese/Cell_GICKEJ.gmol,2,
2-Manganese/Cell_GICKEJ.gmol,3,
2-Manganese/Cell_GICKEJ.gmol,4,
2-Manganese/Cell_GICKEJ.gmol,5,
2-Manganese/Cell_GICKEJ.gmol,6,
2-Manganese/Cell_GICKEJ.gmol,7,
3-Ruthenium/Cell_KEHSIB.gmol,0,
3-Ruthenium/Cell_KEHSIB.gmol,1,
3-Ruthenium/Cell_KEHSIB.gmol,2,
3-Ruthenium/Cell_KEHSIB.gmol,3,
8-Copper/Cell_LUDZAL.gmol,0,
8-Copper/Cell_LUDZAL.gmol,1,
8-Copper/Cell_LUDZAL.gmol,2,
8-Copper/Cell_LUDZAL.gmol,3,
3-Ruthenium/Cell_TAFDIP.gmol,0,
3-Ruthenium/Cell_TAFDIP.gmol,1,
3-Ruthenium/Cell_TAFDIP.gmol,2,
3-Ruthenium/Cell_TAFDIP.gmol,3,
3-Ruthenium/Cell_TAFDIP.gmol,4,
3-Ruthenium/Cell_TAFDIP.gmol,5,
3-Ruthenium/Cell_TAFDIP.gmol,6,
3-Ruthenium/Cell_TAFDIP.gmol,7,
8-Copper/Cell_IGUJEA.gmol,0,
8-Copper/Cell_IGUJEA.gmol,1,
8-Copper/Cell_IGUJEA.gmol,2,
8-Copper/Cell_IGUJEA.gmol,3,
6-Cobalt/Cell_YOVXUD.gmol,0,
6-Cobalt/Cell_YOVXUD.gmol,1,
7-Nickel/Cell_MICHEO.gmol,0,
7-Nickel/Cell_MICHEO.gmol,1,
4-Rhenium/Cell_XOPNEY.gmol,0,
4-Rhenium/Cell_XOPNEY.gmol,1,
8-Copper/Cell_MOSPIV.gmol,0,
8-Copper/Cell_MOSPIV.gmol,1,
8-Copper/Cell_MOSPIV.gmol,2,
8-Copper/Cell_MOSPIV.gmol,3,
1-Iron/Cell_FOCTEZ.gmol,0,
1-Iron/Cell_FOCTEZ.gmol,1,
8-Copper/Cell_HOYJAI.gmol,0,
8-Copper/Cell_HOYJAI.gmol,1,
8-Copper/Cell_HOYJAI.gmol,2,
8-Copper/Cell_HOYJAI.gmol,3,
4-Rhenium/Cell_DANTUH.gmol,0,
3-Ruthenium/Cell_QACYAV.gmol,0,
3-Ruthenium/Cell_QACYAV.gmol,1,
3-Ruthenium/Cell_QACYAV.gmol,2,
3-Ruthenium/Cell_QACYAV.gmol,3,
3-Ruthenium/Cell_QACYAV.gmol,4,
3-Ruthenium/Cell_QACYAV.gmol,5,
3-Ruthenium/Cell_QACYAV.gmol,6,
3-Ruthenium/Cell_QACYAV.gmol,7,
3-Ruthenium/Cell_QACYAV.gmol,8,
3-Ruthenium/Cell_QACYAV.gmol,9,
3-Ruthenium/Cell_QACYAV.gmol,10,
3-Ruthenium/Cell_QACYAV.gmol,11,
8-Copper/Cell_ACINIL.gmol,0,
8-Copper/Cell_ACINIL.gmol,1,
8-Copper/Cell_ACINIL.gmol,2,
8-Copper/Cell_ACINIL.gmol,3,
8-Copper/Cell_POMJEH.gmol,0,
7-Nickel/Cell_QAKJIV.gmol,0,
7-Nickel/Cell_QAKJIV.gmol,1,
6-Cobalt/Cell_OVATAI.gmol,0,
6-Cobalt/Cell_OVATAI.gmol,1,
8-Copper/Cell_FUTSUK.gmol,0,
8-Copper/Cell_FUTSUK.gmol,1,
8-Copper/Cell_FUTSUK.gmol,2,
8-Copper/Cell_FUTSUK.gmol,3,
8-Copper/Cell_FUTSUK.gmol,4,
8-Copper/Cell_FUTSUK.gmol,5,
8-Copper/Cell_FUTSUK.gmol,6,
8-Copper/Cell_FUTSUK.gmol,7,
8-Copper/Cell_FUTSUK.gmol,8,
8-Copper/Cell_FUTSUK.gmol,9,
8-Copper/Cell_FUTSUK.gmol,10,
8-Copper/Cell_FUTSUK.gmol,11,
7-Nickel/Cell_LEFFOR.gmol,0,
7-Nickel/Cell_LEFFOR.gmol,1,
7-Nickel/Cell_LEFFOR.gmol,2,
7-Nickel/Cell_LEFFOR.gmol,3,
7-Nickel/Cell_LEFFOR.gmol,4,
7-Nickel/Cell_LEFFOR.gmol,5,
6-Cobalt/Cell_VAGTIG.gmol,0,
6-Cobalt/Cell_VAGTIG.gmol,1,
6-Cobalt/Cell_VAGTIG.gmol,2,
6-Cobalt/Cell_VAGTIG.gmol,3,
4-Rhenium/Cell_AZOXOC.gmol,0,
4-Rhenium/Cell_AZOXOC.gmol,1,
4-Rhenium/Cell_AZOXOC.gmol,2,
4-Rhenium/Cell_AZOXOC.gmol,3,
2-Manganese/Cell_OCIZEI.gmol,0,
2-Manganese/Cell_OCIZEI.gmol,1,
2-Manganese/Cell_OCIZEI.gmol,2,
2-Manganese/Cell_OCIZEI.gmol,3,
6-Cobalt/Cell_ILIJUK.gmol,0,
6-Cobalt/Cell_ILIJUK.gmol,1,
6-Cobalt/Cell_ILIJUK.gmol,2,
6-Cobalt/Cell_ILIJUK.gmol,3,
6-Cobalt/Cell_ILIJUK.gmol,4,
6-Cobalt/Cell_ILIJUK.gmol,5,
6-Cobalt/Cell_ILIJUK.gmol,6,
6-Cobalt/Cell_ILIJUK.gmol,7,
3-Ruthenium/Cell_ISUKOX.gmol,0,
3-Ruthenium/Cell_ISUKOX.gmol,1,
3-Ruthenium/Cell_ISUKOX.gmol,2,
3-Ruthenium/Cell_ISUKOX.gmol,3,
3-Ruthenium/Cell_ISUKOX.gmol,4,
3-Ruthenium/Cell_ISUKOX.gmol,5,
3-Ruthenium/Cell_ISUKOX.gmol,6,
3-Ruthenium/Cell_ISUKOX.gmol,7,
3-Ruthenium/Cell_ISUKOX.gmol,8,
3-Ruthenium/Cell_ISUKOX.gmol,9,
1-Iron/Cell_FURTUI.gmol,0,
1-Iron/Cell_FURTUI.gmol,1,
1-Iron/Cell_FURTUI.gmol,2,
1-Iron/Cell_FURTUI.gmol,3,
1-Iron/Cell_FOQNOP.gmol,0,
1-Iron/Cell_FOQNOP.gmol,1,
8-Copper/Cell_VIMCIE.gmol,0,
8-Copper/Cell_VIMCIE.gmol,1,
6-Cobalt/Cell_UMEKAY.gmol,0,
6-Cobalt/Cell_UMEKAY.gmol,1,
6-Cobalt/Cell_UMEKAY.gmol,2,
6-Cobalt/Cell_UMEKAY.gmol,3,
6-Cobalt/Cell_UMEKAY.gmol,4,
6-Cobalt/Cell_UMEKAY.gmol,5,
6-Cobalt/Cell_MASLAV.gmol,0,
6-Cobalt/Cell_MASLAV.gmol,1,
6-Cobalt/Cell_MASLAV.gmol,2,
6-Cobalt/Cell_MASLAV.gmol,3,
8-Copper/Cell_IZAGAR.gmol,0,
8-Copper/Cell_IZAGAR.gmol,1,
8-Copper/Cell_IZAGAR.gmol,2,
8-Copper/Cell_IZAGAR.gmol,3,
8-Copper/Cell_IZAGAR.gmol,4,
8-Copper/Cell_IZAGAR.gmol,5,
8-Copper/Cell_IZAGAR.gmol,6,
8-Copper/Cell_IZAGAR.gmol,7,
8-Copper/Cell_IZAGAR.gmol,8,
8-Copper/Cell_IZAGAR.gmol,9,
8-Copper/Cell_IZAGAR.gmol,10,
8-Copper/Cell_IZAGAR.gmol,11,
8-Copper/Cell_IZAGAR.gmol,12,
8-Copper/Cell_IZAGAR.gmol,13,
8-Copper/Cell_IZAGAR.gmol,14,
8-Copper/Cell_IZAGAR.gmol,15,
8-Copper/Cell_IZAGAR.gmol,16,
8-Copper/Cell_IZAGAR.gmol,17,
8-Copper/Cell_IZAGAR.gmol,18,
8-Copper/Cell_IZAGAR.gmol,19,
7-Nickel/Cell_TIRKAG.gmol,0,
7-Nickel/Cell_TIRKAG.gmol,1,
1-Iron/Cell_FEDCUP.gmol,0,
1-Iron/Cell_FEDCUP.gmol,1,
1-Iron/Cell_FEDCUP.gmol,2,
1-Iron/Cell_FEDCUP.gmol,3,
3-Ruthenium/Cell_LACHEF.gmol,0,
3-Ruthenium/Cell_LACHEF.gmol,1,
3-Ruthenium/Cell_LACHEF.gmol,2,
3-Ruthenium/Cell_LACHEF.gmol,3,
3-Ruthenium/Cell_LACHEF.gmol,4,
3-Ruthenium/Cell_LACHEF.gmol,5,
3-Ruthenium/Cell_LACHEF.gmol,6,
3-Ruthenium/Cell_LACHEF.gmol,7,
3-Ruthenium/Cell_LACHEF.gmol,8,
3-Ruthenium/Cell_LACHEF.gmol,9,
3-Ruthenium/Cell_LACHEF.gmol,10,
3-Ruthenium/Cell_LACHEF.gmol,11,
8-Copper/Cell_WUWYOC.gmol,0,
8-Copper/Cell_WUWYOC.gmol,1,
8-Copper/Cell_UQUQIH.gmol,0,
8-Copper/Cell_UQUQIH.gmol,1,
7-Nickel/Cell_FETHUH.gmol,0,
7-Nickel/Cell_FETHUH.gmol,1,
6-Cobalt/Cell_VAQFOK.gmol,0,
6-Cobalt/Cell_VAQFOK.gmol,1,
1-Iron/Cell_ATILUK.gmol,0,
1-Iron/Cell_ATILUK.gmol,1,
1-Iron/Cell_ATILUK.gmol,2,
1-Iron/Cell_ATILUK.gmol,3,
7-Nickel/Cell_FANWEY.gmol,0,
7-Nickel/Cell_FANWEY.gmol,1,
8-Copper/Cell_ETOYUI.gmol,0,
8-Copper/Cell_ETOYUI.gmol,1,
8-Copper/Cell_ETOYUI.gmol,2,
8-Copper/Cell_ETOYUI.gmol,3,
8-Copper/Cell_ETOYUI.gmol,4,
8-Copper/Cell_ETOYUI.gmol,5,
8-Copper/Cell_ETOYUI.gmol,6,
8-Copper/Cell_ETOYUI.gmol,7,
4-Rhenium/Cell_RUWFAS.gmol,0,
4-Rhenium/Cell_RUWFAS.gmol,1,
4-Rhenium/Cell_RUWFAS.gmol,2,
4-Rhenium/Cell_RUWFAS.gmol,3,
8-Copper/Cell_DUXKAK.gmol,0,
8-Copper/Cell_WAXHEK.gmol,0,
8-Copper/Cell_WAXHEK.gmol,1,
8-Copper/Cell_WAXHEK.gmol,2,
8-Copper/Cell_WAXHEK.gmol,3,
8-Copper/Cell_WAXHEK.gmol,4,
8-Copper/Cell_WAXHEK.gmol,5,
8-Copper/Cell_BANQAK.gmol,0,
8-Copper/Cell_BANQAK.gmol,1,
1-Iron/Cell_SETDEB.gmol,0,
1-Iron/Cell_SETDEB.gmol,1,
1-Iron/Cell_SETDEB.gmol,2,
1-Iron/Cell_SETDEB.gmol,3,
7-Nickel/Cell_AREKOY.gmol,0,
7-Nickel/Cell_AREKOY.gmol,1,
7-Nickel/Cell_AREKOY.gmol,2,
7-Nickel/Cell_AREKOY.gmol,3,
8-Copper/Cell_DONROO.gmol,0,
8-Copper/Cell_DONROO.gmol,1,
8-Copper/Cell_DONROO.gmol,2,
8-Copper/Cell_DONROO.gmol,3,
8-Copper/Cell_DONROO.gmol,4,
8-Copper/Cell_DONROO.gmol,5,
8-Copper/Cell_DONROO.gmol,6,
8-Copper/Cell_DONROO.gmol,7,
8-Copper/Cell_DONROO.gmol,8,
8-Copper/Cell_DONROO.gmol,9,
8-Copper/Cell_DONROO.gmol,10,
8-Copper/Cell_DONROO.gmol,11,
8-Copper/Cell_DONROO.gmol,12,
8-Copper/Cell_DONROO.gmol,13,
8-Copper/Cell_DONROO.gmol,14,
8-Copper/Cell_DONROO.gmol,15,
8-Copper/Cell_GABVAJ.gmol,0,
8-Copper/Cell_GABVAJ.gmol,1,
8-Copper/Cell_GABVAJ.gmol,2,
8-Copper/Cell_GABVAJ.gmol,3,
1-Iron/Cell_SAVQIR.gmol,0,
1-Iron/Cell_SAVQIR.gmol,1,
1-Iron/Cell_SAVQIR.gmol,2,
1-Iron/Cell_SAVQIR.gmol,3,
1-Iron/Cell_SAVQIR.gmol,4,
1-Iron/Cell_SAVQIR.gmol,5,
1-Iron/Cell_SAVQIR.gmol,6,
1-Iron/Cell_SAVQIR.gmol,7,
1-Iron/Cell_SAVQIR.gmol,8,
1-Iron/Cell_SAVQIR.gmol,9,
1-Iron/Cell_SAVQIR.gmol,10,
1-Iron/Cell_SAVQIR.gmol,11,
6-Cobalt/Cell_LEFBAZ.gmol,0,
6-Cobalt/Cell_LEFBAZ.gmol,1,
6-Cobalt/Cell_LEFBAZ.gmol,2,
6-Cobalt/Cell_LEFBAZ.gmol,3,
6-Cobalt/Cell_LEFBAZ.gmol,4,
6-Cobalt/Cell_LEFBAZ.gmol,5,
6-Cobalt/Cell_LEFBAZ.gmol,6,
6-Cobalt/Cell_LEFBAZ.gmol,7,
6-Cobalt/Cell_LEFBAZ.gmol,8,
6-Cobalt/Cell_LEFBAZ.gmol,9,
6-Cobalt/Cell_LEFBAZ.gmol,10,
6-Cobalt/Cell_LEFBAZ.gmol,11,
6-Cobalt/Cell_LEFBAZ.gmol,12,
6-Cobalt/Cell_LEFBAZ.gmol,13,
6-Cobalt/Cell_LEFBAZ.gmol,14,
6-Cobalt/Cell_LEFBAZ.gmol,15,
6-Cobalt/Cell_LEFBAZ.gmol,16,
6-Cobalt/Cell_LEFBAZ.gmol,17,
6-Cobalt/Cell_LEFBAZ.gmol,18,
6-Cobalt/Cell_LEFBAZ.gmol,19,
6-Cobalt/Cell_LEFBAZ.gmol,20,
6-Cobalt/Cell_LEFBAZ.gmol,21,
6-Cobalt/Cell_LEFBAZ.gmol,22,
6-Cobalt/Cell_LEFBAZ.gmol,23,
6-Cobalt/Cell_LEFBAZ.gmol,24,
6-Cobalt/Cell_LEFBAZ.gmol,25,
6-Cobalt/Cell_LEFBAZ.gmol,26,
6-Cobalt/Cell_LEFBAZ.gmol,27,
7-Nickel/Cell_FOVFOM.gmol,0,
7-Nickel/Cell_FOVFOM.gmol,1,
7-Nickel/Cell_FOVFOM.gmol,2,
7-Nickel/Cell_FOVFOM.gmol,3,
7-Nickel/Cell_FOVFOM.gmol,4,
1-Iron/Cell_FEMYAA.gmol,0,
1-Iron/Cell_FEMYAA.gmol,1,
1-Iron/Cell_FEMYAA.gmol,2,
1-Iron/Cell_FEMYAA.gmol,3,
1-Iron/Cell_FEMYAA.gmol,4,
1-Iron/Cell_FEMYAA.gmol,5,
1-Iron/Cell_FEMYAA.gmol,6,
1-Iron/Cell_FEMYAA.gmol,7,
1-Iron/Cell_FEMYAA.gmol,8,
1-Iron/Cell_FEMYAA.gmol,9,
1-Iron/Cell_FEMYAA.gmol,10,
1-Iron/Cell_FEMYAA.gmol,11,
7-Nickel/Cell_KUKCIE.gmol,0,
7-Nickel/Cell_KUKCIE.gmol,1,
7-Nickel/Cell_KUKCIE.gmol,2,
7-Nickel/Cell_KUKCIE.gmol,3,
4-Rhenium/Cell_PEXZIB.gmol,0,
4-Rhenium/Cell_PEXZIB.gmol,1,
4-Rhenium/Cell_PEXZIB.gmol,2,
4-Rhenium/Cell_PEXZIB.gmol,3,
4-Rhenium/Cell_PEXZIB.gmol,4,
4-Rhenium/Cell_PEXZIB.gmol,5,
4-Rhenium/Cell_PEXZIB.gmol,6,
4-Rhenium/Cell_PEXZIB.gmol,7,
2-Manganese/Cell_CUNBAQ.gmol,0,
2-Manganese/Cell_CUNBAQ.gmol,1,
2-Manganese/Cell_CUNBAQ.gmol,2,
2-Manganese/Cell_CUNBAQ.gmol,3,
7-Nickel/Cell_FESFEO.gmol,0,
7-Nickel/Cell_FESFEO.gmol,1,
8-Copper/Cell_FUTPIV.gmol,0,
8-Copper/Cell_FUTPIV.gmol,1,
8-Copper/Cell_FUTPIV.gmol,2,
8-Copper/Cell_FUTPIV.gmol,3,
8-Copper/Cell_FUTPIV.gmol,4,
8-Copper/Cell_FUTPIV.gmol,5,
8-Copper/Cell_FUTPIV.gmol,6,
8-Copper/Cell_FUTPIV.gmol,7,
8-Copper/Cell_FUTPIV.gmol,8,
8-Copper/Cell_FUTPIV.gmol,9,
8-Copper/Cell_FUTPIV.gmol,10,
8-Copper/Cell_FUTPIV.gmol,11,
7-Nickel/Cell_TADGAG.gmol,0,
7-Nickel/Cell_TADGAG.gmol,1,
7-Nickel/Cell_TADGAG.gmol,2,
7-Nickel/Cell_TADGAG.gmol,3,
7-Nickel/Cell_TADGAG.gmol,4,
7-Nickel/Cell_TADGAG.gmol,5,
4-Rhenium/Cell_OQIRUC.gmol,0,
4-Rhenium/Cell_OQIRUC.gmol,1,
4-Rhenium/Cell_OQIRUC.gmol,2,
4-Rhenium/Cell_OQIRUC.gmol,3,
1-Iron/Cell_KACJAZ.gmol,0,
1-Iron/Cell_KACJAZ.gmol,1,
1-Iron/Cell_KACJAZ.gmol,2,
1-Iron/Cell_KACJAZ.gmol,3,
1-Iron/Cell_CAWNEV.gmol,0,
1-Iron/Cell_CAWNEV.gmol,1,
8-Copper/Cell_FEJLEO.gmol,0,
8-Copper/Cell_FEJLEO.gmol,1,
8-Copper/Cell_FEJLEO.gmol,2,
8-Copper/Cell_FEJLEO.gmol,3,
8-Copper/Cell_FEJLEO.gmol,4,
8-Copper/Cell_FEJLEO.gmol,5,
8-Copper/Cell_FEJLEO.gmol,6,
8-Copper/Cell_FEJLEO.gmol,7,
3-Ruthenium/Cell_GOKTOQ.gmol,0,
3-Ruthenium/Cell_GOKTOQ.gmol,1,
3-Ruthenium/Cell_GOKTOQ.gmol,2,
3-Ruthenium/Cell_GOKTOQ.gmol,3,
7-Nickel/Cell_KEZSAK.gmol,0,
7-Nickel/Cell_KEZSAK.gmol,1,
7-Nickel/Cell_KEZSAK.gmol,2,
7-Nickel/Cell_KEZSAK.gmol,3,
8-Copper/Cell_UHUGAF.gmol,0,
8-Copper/Cell_UHUGAF.gmol,1,
8-Copper/Cell_UHUGAF.gmol,2,
8-Copper/Cell_UHUGAF.gmol,3,
4-Rhenium/Cell_JAGDUR.gmol,0,
4-Rhenium/Cell_JAGDUR.gmol,1,
7-Nickel/Cell_TEHTAB.gmol,0,
7-Nickel/Cell_TEHTAB.gmol,1,
7-Nickel/Cell_TEHTAB.gmol,2,
7-Nickel/Cell_TEHTAB.gmol,3,
7-Nickel/Cell_TEHTAB.gmol,4,
7-Nickel/Cell_TEHTAB.gmol,5,
7-Nickel/Cell_TEHTAB.gmol,6,
7-Nickel/Cell_TEHTAB.gmol,7,
7-Nickel/Cell_TEHTAB.gmol,8,
7-Nickel/Cell_TEHTAB.gmol,9,
8-Copper/Cell_OGUYEV.gmol,0,
8-Copper/Cell_OGUYEV.gmol,1,
8-Copper/Cell_OGUYEV.gmol,2,
8-Copper/Cell_OGUYEV.gmol,3,
8-Copper/Cell_OGUYEV.gmol,4,
8-Copper/Cell_OGUYEV.gmol,5,
8-Copper/Cell_OGUYEV.gmol,6,
8-Copper/Cell_OGUYEV.gmol,7,
8-Copper/Cell_OGUYEV.gmol,8,
8-Copper/Cell_OGUYEV.gmol,9,
8-Copper/Cell_OGUYEV.gmol,10,
8-Copper/Cell_OGUYEV.gmol,11,
8-Copper/Cell_OGUYEV.gmol,12,
8-Copper/Cell_OGUYEV.gmol,13,
8-Copper/Cell_OGUYEV.gmol,14,
8-Copper/Cell_OGUYEV.gmol,15,
5-Chromium/Cell_WAGHET.gmol,0,
5-Chromium/Cell_WAGHET.gmol,1,
5-Chromium/Cell_WAGHET.gmol,2,
5-Chromium/Cell_WAGHET.gmol,3,
5-Chromium/Cell_WAGHET.gmol,4,
5-Chromium/Cell_WAGHET.gmol,5,
5-Chromium/Cell_WAGHET.gmol,6,
5-Chromium/Cell_WAGHET.gmol,7,
8-Copper/Cell_XETJAH.gmol,0,
8-Copper/Cell_XETJAH.gmol,1,
7-Nickel/Cell_OGIHUH.gmol,0,
7-Nickel/Cell_OGIHUH.gmol,1,
7-Nickel/Cell_OGIHUH.gmol,2,
7-Nickel/Cell_OGIHUH.gmol,3,
7-Nickel/Cell_OGIHUH.gmol,4,
6-Cobalt/Cell_YEYKOF.gmol,0,
6-Cobalt/Cell_YEYKOF.gmol,1,
6-Cobalt/Cell_YEYKOF.gmol,2,
6-Cobalt/Cell_YEYKOF.gmol,3,
6-Cobalt/Cell_YEYKOF.gmol,4,
6-Cobalt/Cell_YEYKOF.gmol,5,
6-Cobalt/Cell_YEYKOF.gmol,6,
6-Cobalt/Cell_YEYKOF.gmol,7,
8-Copper/Cell_OJULIP.gmol,0,
8-Copper/Cell_OJULIP.gmol,1,
8-Copper/Cell_OJULIP.gmol,2,
8-Copper/Cell_OJULIP.gmol,3,
2-Manganese/Cell_PIDQIE.gmol,0,
2-Manganese/Cell_PIDQIE.gmol,1,
2-Manganese/Cell_TOLLUD.gmol,0,
2-Manganese/Cell_TOLLUD.gmol,1,
2-Manganese/Cell_TOLLUD.gmol,2,
2-Manganese/Cell_TOLLUD.gmol,3,
2-Manganese/Cell_TOLLUD.gmol,4,
2-Manganese/Cell_TOLLUD.gmol,5,
2-Manganese/Cell_TOLLUD.gmol,6,
2-Manganese/Cell_TOLLUD.gmol,7,
2-Manganese/Cell_TOLLUD.gmol,8,
2-Manganese/Cell_TOLLUD.gmol,9,
2-Manganese/Cell_TOLLUD.gmol,10,
2-Manganese/Cell_TOLLUD.gmol,11,
2-Manganese/Cell_TOLLUD.gmol,12,
2-Manganese/Cell_TOLLUD.gmol,13,
2-Manganese/Cell_TOLLUD.gmol,14,
2-Manganese/Cell_TOLLUD.gmol,15,
8-Copper/Cell_MUTFAL.gmol,0,
8-Copper/Cell_MUTFAL.gmol,1,
7-Nickel/Cell_LIXMIR.gmol,0,
7-Nickel/Cell_LIXMIR.gmol,1,
3-Ruthenium/Cell_EBAQEF.gmol,0,
3-Ruthenium/Cell_EBAQEF.gmol,1,
7-Nickel/Cell_AFAVIO.gmol,0,
7-Nickel/Cell_AFAVIO.gmol,1,
7-Nickel/Cell_AFAVIO.gmol,2,
7-Nickel/Cell_AFAVIO.gmol,3,
8-Copper/Cell_COSJAW.gmol,0,
8-Copper/Cell_COSJAW.gmol,1,
8-Copper/Cell_VUMDIR.gmol,0,
8-Copper/Cell_VUMDIR.gmol,1,
8-Copper/Cell_VUMDIR.gmol,2,
3-Ruthenium/Cell_VAFFIS.gmol,0,
3-Ruthenium/Cell_VAFFIS.gmol,1,
3-Ruthenium/Cell_SEBXOO.gmol,0,
3-Ruthenium/Cell_SEBXOO.gmol,1,
3-Ruthenium/Cell_SEBXOO.gmol,2,
3-Ruthenium/Cell_SEBXOO.gmol,3,
3-Ruthenium/Cell_SEBXOO.gmol,4,
3-Ruthenium/Cell_SEBXOO.gmol,5,
3-Ruthenium/Cell_SEBXOO.gmol,6,
3-Ruthenium/Cell_SEBXOO.gmol,7,
3-Ruthenium/Cell_SEBXOO.gmol,8,
3-Ruthenium/Cell_SEBXOO.gmol,9,
3-Ruthenium/Cell_SEBXOO.gmol,10,
3-Ruthenium/Cell_SEBXOO.gmol,11,
3-Ruthenium/Cell_SEBXOO.gmol,12,
3-Ruthenium/Cell_SEBXOO.gmol,13,
3-Ruthenium/Cell_SEBXOO.gmol,14,
3-Ruthenium/Cell_SEBXOO.gmol,15,
7-Nickel/Cell_VEYTAX.gmol,0,
7-Nickel/Cell_VEYTAX.gmol,1,
7-Nickel/Cell_VEYTAX.gmol,2,
7-Nickel/Cell_VEYTAX.gmol,3,
7-Nickel/Cell_ZOYFEY.gmol,0,
7-Nickel/Cell_ZOYFEY.gmol,1,
3-Ruthenium/Cell_PAKFEN.gmol,0,
3-Ruthenium/Cell_PAKFEN.gmol,1,
3-Ruthenium/Cell_PAKFEN.gmol,2,
3-Ruthenium/Cell_PAKFEN.gmol,3,
7-Nickel/Cell_LEVLAB.gmol,0,
7-Nickel/Cell_LEVLAB.gmol,1,
7-Nickel/Cell_LEVLAB.gmol,2,
7-Nickel/Cell_LEVLAB.gmol,3,
7-Nickel/Cell_LEVLAB.gmol,4,
7-Nickel/Cell_LEVLAB.gmol,5,
7-Nickel/Cell_LEVLAB.gmol,6,
7-Nickel/Cell_LEVLAB.gmol,7,
7-Nickel/Cell_LEVLAB.gmol,8,
7-Nickel/Cell_LEVLAB.gmol,9,
7-Nickel/Cell_LEVLAB.gmol,10,
7-Nickel/Cell_LEVLAB.gmol,11,
1-Iron/Cell_VIWNUL.gmol,0,
1-Iron/Cell_VIWNUL.gmol,1,
8-Copper/Cell_OHEQAV.gmol,0,
8-Copper/Cell_OHEQAV.gmol,1,
6-Cobalt/Cell_FOPRUY.gmol,0,
6-Cobalt/Cell_FOPRUY.gmol,1,
6-Cobalt/Cell_FOPRUY.gmol,2,
6-Cobalt/Cell_FOPRUY.gmol,3,
6-Cobalt/Cell_FOPRUY.gmol,4,
6-Cobalt/Cell_FOPRUY.gmol,5,
6-Cobalt/Cell_FOPRUY.gmol,6,
6-Cobalt/Cell_FOPRUY.gmol,7,
6-Cobalt/Cell_FOPRUY.gmol,8,
6-Cobalt/Cell_FOPRUY.gmol,9,
6-Cobalt/Cell_FOPRUY.gmol,10,
6-Cobalt/Cell_FOPRUY.gmol,11,
6-Cobalt/Cell_FOPRUY.gmol,12,
6-Cobalt/Cell_FOPRUY.gmol,13,
6-Cobalt/Cell_FOPRUY.gmol,14,
6-Cobalt/Cell_FOPRUY.gmol,15,
6-Cobalt/Cell_IFEYEX.gmol,0,
6-Cobalt/Cell_IFEYEX.gmol,1,
6-Cobalt/Cell_IFEYEX.gmol,2,
6-Cobalt/Cell_IFEYEX.gmol,3,
6-Cobalt/Cell_IFEYEX.gmol,4,
6-Cobalt/Cell_IFEYEX.gmol,5,
6-Cobalt/Cell_IFEYEX.gmol,6,
6-Cobalt/Cell_IFEYEX.gmol,7,
6-Cobalt/Cell_IFEYEX.gmol,8,
6-Cobalt/Cell_IFEYEX.gmol,9,
6-Cobalt/Cell_IFEYEX.gmol,10,
6-Cobalt/Cell_IFEYEX.gmol,11,
7-Nickel/Cell_NIRMAF.gmol,0,
7-Nickel/Cell_NIRMAF.gmol,1,
7-Nickel/Cell_NIRMAF.gmol,2,
2-Manganese/Cell_MIDKEQ.gmol,0,
2-Manganese/Cell_MIDKEQ.gmol,1,
2-Manganese/Cell_MIDKEQ.gmol,2,
2-Manganese/Cell_MIDKEQ.gmol,3,
5-Chromium/Cell_VEPLAD.gmol,0,
5-Chromium/Cell_VEPLAD.gmol,1,
5-Chromium/Cell_VEPLAD.gmol,2,
5-Chromium/Cell_VEPLAD.gmol,3,
5-Chromium/Cell_VEPLAD.gmol,4,
5-Chromium/Cell_VEPLAD.gmol,5,
5-Chromium/Cell_VEPLAD.gmol,6,
5-Chromium/Cell_VEPLAD.gmol,7,
3-Ruthenium/Cell_YAQREO.gmol,0,
3-Ruthenium/Cell_YAQREO.gmol,1,
3-Ruthenium/Cell_YAQREO.gmol,2,
3-Ruthenium/Cell_YAQREO.gmol,3,
3-Ruthenium/Cell_YAQREO.gmol,4,
3-Ruthenium/Cell_YAQREO.gmol,5,
3-Ruthenium/Cell_YAQREO.gmol,6,
3-Ruthenium/Cell_YAQREO.gmol,7,
3-Ruthenium/Cell_IMEXII.gmol,0,
3-Ruthenium/Cell_IMEXII.gmol,1,
3-Ruthenium/Cell_IMEXII.gmol,2,
3-Ruthenium/Cell_IMEXII.gmol,3,
3-Ruthenium/Cell_IMEXII.gmol,4,
3-Ruthenium/Cell_IMEXII.gmol,5,
3-Ruthenium/Cell_IMEXII.gmol,6,
3-Ruthenium/Cell_IMEXII.gmol,7,
3-Ruthenium/Cell_IMEXII.gmol,8,
3-Ruthenium/Cell_IMEXII.gmol,9,
3-Ruthenium/Cell_IMEXII.gmol,10,
3-Ruthenium/Cell_IMEXII.gmol,11,
3-Ruthenium/Cell_IMEXII.gmol,12,
3-Ruthenium/Cell_IMEXII.gmol,13,
3-Ruthenium/Cell_IMEXII.gmol,14,
3-Ruthenium/Cell_IMEXII.gmol,15,
8-Copper/Cell_NIDWOM.gmol,0,
8-Copper/Cell_NIDWOM.gmol,1,
7-Nickel/Cell_DOCZAY.gmol,0,
7-Nickel/Cell_DOCZAY.gmol,1,
7-Nickel/Cell_DOCZAY.gmol,2,
7-Nickel/Cell_DOCZAY.gmol,3,
7-Nickel/Cell_LEZFII.gmol,0,
7-Nickel/Cell_LEZFII.gmol,1,
5-Chromium/Cell_RANXOV.gmol,0,
5-Chromium/Cell_RANXOV.gmol,1,
5-Chromium/Cell_RANXOV.gmol,2,
5-Chromium/Cell_RANXOV.gmol,3,
4-Rhenium/Cell_WERLEK.gmol,0,
4-Rhenium/Cell_WERLEK.gmol,1,
8-Copper/Cell_ZOQGIV.gmol,0,
8-Copper/Cell_ZOQGIV.gmol,1,
7-Nickel/Cell_CEXRIJ.gmol,0,
7-Nickel/Cell_CEXRIJ.gmol,1,
7-Nickel/Cell_CEXRIJ.gmol,2,
2-Manganese/Cell_TOSRUQ.gmol,0,
2-Manganese/Cell_TOSRUQ.gmol,1,
5-Chromium/Cell_MATKAU.gmol,0,
5-Chromium/Cell_MATKAU.gmol,1,
5-Chromium/Cell_MATKAU.gmol,2,
5-Chromium/Cell_MATKAU.gmol,3,
5-Chromium/Cell_MATKAU.gmol,4,
5-Chromium/Cell_MATKAU.gmol,5,
5-Chromium/Cell_MATKAU.gmol,6,
5-Chromium/Cell_MATKAU.gmol,7,
7-Nickel/Cell_KIQMUS.gmol,0,
7-Nickel/Cell_KIQMUS.gmol,1,
7-Nickel/Cell_KIQMUS.gmol,2,
7-Nickel/Cell_KIQMUS.gmol,3,
6-Cobalt/Cell_IHETAS.gmol,0,
6-Cobalt/Cell_IHETAS.gmol,1,
6-Cobalt/Cell_IHETAS.gmol,2,
6-Cobalt/Cell_IHETAS.gmol,3,
4-Rhenium/Cell_DOHPIZ.gmol,0,
4-Rhenium/Cell_DOHPIZ.gmol,1,
4-Rhenium/Cell_DOHPIZ.gmol,2,
4-Rhenium/Cell_DOHPIZ.gmol,3,
1-Iron/Cell_CESGOW.gmol,0,
1-Iron/Cell_CESGOW.gmol,1,
1-Iron/Cell_CESGOW.gmol,2,
1-Iron/Cell_CESGOW.gmol,3,
1-Iron/Cell_CESGOW.gmol,4,
1-Iron/Cell_CESGOW.gmol,5,
1-Iron/Cell_CESGOW.gmol,6,
1-Iron/Cell_CESGOW.gmol,7,
8-Copper/Cell_ZAJLOO.gmol,0,
8-Copper/Cell_ZAJLOO.gmol,1,
8-Copper/Cell_ZAJLOO.gmol,2,
8-Copper/Cell_ZAJLOO.gmol,3,
1-Iron/Cell_QEHHOC.gmol,0,
1-Iron/Cell_QEHHOC.gmol,1,
1-Iron/Cell_QEHHOC.gmol,2,
1-Iron/Cell_QEHHOC.gmol,3,
1-Iron/Cell_QEHHOC.gmol,4,
1-Iron/Cell_QEHHOC.gmol,5,
1-Iron/Cell_QEHHOC.gmol,6,
1-Iron/Cell_QEHHOC.gmol,7,
8-Copper/Cell_YIJXIZ.gmol,0,
8-Copper/Cell_YIJXIZ.gmol,1,
8-Copper/Cell_YIJXIZ.gmol,2,
8-Copper/Cell_YIJXIZ.gmol,3,
3-Ruthenium/Cell_VEPPEO.gmol,0,
3-Ruthenium/Cell_VEPPEO.gmol,1,
3-Ruthenium/Cell_VEPPEO.gmol,2,
3-Ruthenium/Cell_VEPPEO.gmol,3,
3-Ruthenium/Cell_VEPPEO.gmol,4,
3-Ruthenium/Cell_VEPPEO.gmol,5,
3-Ruthenium/Cell_VEPPEO.gmol,6,
3-Ruthenium/Cell_VEPPEO.gmol,7,
3-Ruthenium/Cell_VEPPEO.gmol,8,
3-Ruthenium/Cell_VEPPEO.gmol,9,
3-Ruthenium/Cell_VEPPEO.gmol,10,
3-Ruthenium/Cell_VEPPEO.gmol,11,
6-Cobalt/Cell_MUGFAV.gmol,0,
6-Cobalt/Cell_MUGFAV.gmol,1,
6-Cobalt/Cell_MUGFAV.gmol,2,
6-Cobalt/Cell_MUGFAV.gmol,3,
8-Copper/Cell_AYOBEW.gmol,0,
8-Copper/Cell_AYOBEW.gmol,1,
8-Copper/Cell_AYOBEW.gmol,2,
8-Copper/Cell_AYOBEW.gmol,3,
8-Copper/Cell_AYOBEW.gmol,4,
8-Copper/Cell_AYOBEW.gmol,5,
8-Copper/Cell_AYOBEW.gmol,6,
8-Copper/Cell_AYOBEW.gmol,7,
6-Cobalt/Cell_MONLIL.gmol,0,
6-Cobalt/Cell_MONLIL.gmol,1,
6-Cobalt/Cell_MONLIL.gmol,2,
6-Cobalt/Cell_MONLIL.gmol,3,
5-Chromium/Cell_IVUYIJ.gmol,0,
5-Chromium/Cell_IVUYIJ.gmol,1,
5-Chromium/Cell_IVUYIJ.gmol,2,
5-Chromium/Cell_IVUYIJ.gmol,3,
8-Copper/Cell_CEFBEW.gmol,0,
8-Copper/Cell_CEFBEW.gmol,1,
8-Copper/Cell_CEFBEW.gmol,2,
8-Copper/Cell_CEFBEW.gmol,3,
8-Copper/Cell_CEFBEW.gmol,4,
8-Copper/Cell_CEFBEW.gmol,5,
8-Copper/Cell_CEFBEW.gmol,6,
8-Copper/Cell_CEFBEW.gmol,7,
8-Copper/Cell_CEFBEW.gmol,8,
8-Copper/Cell_CEFBEW.gmol,9,
8-Copper/Cell_CEFBEW.gmol,10,
8-Copper/Cell_CEFBEW.gmol,11,
8-Copper/Cell_PAVDEY.gmol,0,
8-Copper/Cell_PAVDEY.gmol,1,
8-Copper/Cell_PAVDEY.gmol,2,
8-Copper/Cell_PAVDEY.gmol,3,
8-Copper/Cell_MAXYIV.gmol,0,
8-Copper/Cell_MAXYIV.gmol,1,
8-Copper/Cell_MAXYIV.gmol,2,
8-Copper/Cell_MAXYIV.gmol,3,
8-Copper/Cell_MAXYIV.gmol,4,
8-Copper/Cell_MAXYIV.gmol,5,
8-Copper/Cell_MAXYIV.gmol,6,
8-Copper/Cell_MAXYIV.gmol,7,
8-Copper/Cell_SUKPIY.gmol,0,
8-Copper/Cell_SUKPIY.gmol,1,
8-Copper/Cell_SUKPIY.gmol,2,
8-Copper/Cell_SUKPIY.gmol,3,
8-Copper/Cell_MIFGUD.gmol,0,
8-Copper/Cell_MIFGUD.gmol,1,
8-Copper/Cell_MIFGUD.gmol,2,
8-Copper/Cell_MIFGUD.gmol,3,
8-Copper/Cell_MIFGUD.gmol,4,
8-Copper/Cell_MIFGUD.gmol,5,
8-Copper/Cell_MIFGUD.gmol,6,
8-Copper/Cell_MIFGUD.gmol,7,
8-Copper/Cell_WUGWIF.gmol,0,
8-Copper/Cell_WUGWIF.gmol,1,
8-Copper/Cell_WUGWIF.gmol,2,
8-Copper/Cell_WUGWIF.gmol,3,
8-Copper/Cell_WUGWIF.gmol,4,
8-Copper/Cell_WUGWIF.gmol,5,
8-Copper/Cell_WUGWIF.gmol,6,
8-Copper/Cell_WUGWIF.gmol,7,
7-Nickel/Cell_NONPAI.gmol,0,
7-Nickel/Cell_NONPAI.gmol,1,
7-Nickel/Cell_NONPAI.gmol,2,
7-Nickel/Cell_NONPAI.gmol,3,
8-Copper/Cell_VUVSOX.gmol,0,
8-Copper/Cell_VUVSOX.gmol,1,
6-Cobalt/Cell_OGAMUF.gmol,0,
6-Cobalt/Cell_OGAMUF.gmol,1,
6-Cobalt/Cell_OGAMUF.gmol,2,
6-Cobalt/Cell_OGAMUF.gmol,3,
6-Cobalt/Cell_OGAMUF.gmol,4,
6-Cobalt/Cell_OGAMUF.gmol,5,
6-Cobalt/Cell_OGAMUF.gmol,6,
6-Cobalt/Cell_OGAMUF.gmol,7,
6-Cobalt/Cell_OGAMUF.gmol,8,
6-Cobalt/Cell_OGAMUF.gmol,9,
1-Iron/Cell_VIBRIK.gmol,0,
1-Iron/Cell_VIBRIK.gmol,1,
1-Iron/Cell_VIBRIK.gmol,2,
1-Iron/Cell_VIBRIK.gmol,3,
7-Nickel/Cell_YONNAQ.gmol,0,
7-Nickel/Cell_YONNAQ.gmol,1,
7-Nickel/Cell_YONNAQ.gmol,2,
8-Copper/Cell_PICRUO.gmol,0,
8-Copper/Cell_PICRUO.gmol,1,
8-Copper/Cell_PICRUO.gmol,2,
8-Copper/Cell_PICRUO.gmol,3,
7-Nickel/Cell_LEHBUX.gmol,0,
7-Nickel/Cell_LEHBUX.gmol,1,
7-Nickel/Cell_LEHBUX.gmol,2,
7-Nickel/Cell_LEHBUX.gmol,3,
7-Nickel/Cell_LEHBUX.gmol,4,
7-Nickel/Cell_LEHBUX.gmol,5,
7-Nickel/Cell_LEHBUX.gmol,6,
7-Nickel/Cell_LEHBUX.gmol,7,
7-Nickel/Cell_LEHBUX.gmol,8,
7-Nickel/Cell_LEHBUX.gmol,9,
7-Nickel/Cell_LEHBUX.gmol,10,
7-Nickel/Cell_LEHBUX.gmol,11,
7-Nickel/Cell_TOBMIH.gmol,0,
7-Nickel/Cell_TOBMIH.gmol,1,
6-Cobalt/Cell_KOQQAK.gmol,0,
6-Cobalt/Cell_KOQQAK.gmol,1,
6-Cobalt/Cell_KOQQAK.gmol,2,
6-Cobalt/Cell_KOQQAK.gmol,3,
6-Cobalt/Cell_KOQQAK.gmol,4,
6-Cobalt/Cell_KOQQAK.gmol,5,
6-Cobalt/Cell_KOQQAK.gmol,6,
6-Cobalt/Cell_KOQQAK.gmol,7,
1-Iron/Cell_NAXSOV.gmol,0,
1-Iron/Cell_NAXSOV.gmol,1,
1-Iron/Cell_NAXSOV.gmol,2,
1-Iron/Cell_NAXSOV.gmol,3,
1-Iron/Cell_NAXSOV.gmol,4,
1-Iron/Cell_NAXSOV.gmol,5,
6-Cobalt/Cell_KIVZAS.gmol,0,
6-Cobalt/Cell_KIVZAS.gmol,1,
8-Copper/Cell_VOQBOU.gmol,0,
8-Copper/Cell_VOQBOU.gmol,1,
3-Ruthenium/Cell_IPESEB.gmol,0,
3-Ruthenium/Cell_IPESEB.gmol,1,
3-Ruthenium/Cell_IPESEB.gmol,2,
3-Ruthenium/Cell_IPESEB.gmol,3,
3-Ruthenium/Cell_IPESEB.gmol,4,
3-Ruthenium/Cell_IPESEB.gmol,5,
3-Ruthenium/Cell_IPESEB.gmol,6,
3-Ruthenium/Cell_IPESEB.gmol,7,
3-Ruthenium/Cell_IPESEB.gmol,8,
3-Ruthenium/Cell_IPESEB.gmol,9,
3-Ruthenium/Cell_IPESEB.gmol,10,
3-Ruthenium/Cell_IPESEB.gmol,11,
3-Ruthenium/Cell_IPESEB.gmol,12,
3-Ruthenium/Cell_IPESEB.gmol,13,
3-Ruthenium/Cell_IPESEB.gmol,14,
3-Ruthenium/Cell_IPESEB.gmol,15,
3-Ruthenium/Cell_IPESEB.gmol,16,
3-Ruthenium/Cell_IPESEB.gmol,17,
3-Ruthenium/Cell_IPESEB.gmol,18,
3-Ruthenium/Cell_IPESEB.gmol,19,
8-Copper/Cell_PULPUH.gmol,0,
8-Copper/Cell_PULPUH.gmol,1,
8-Copper/Cell_PULPUH.gmol,2,
8-Copper/Cell_PULPUH.gmol,3,
8-Copper/Cell_PULPUH.gmol,4,
8-Copper/Cell_PULPUH.gmol,5,
8-Copper/Cell_PULPUH.gmol,6,
8-Copper/Cell_PULPUH.gmol,7,
1-Iron/Cell_TEBLAP.gmol,0,
1-Iron/Cell_TEBLAP.gmol,1,
1-Iron/Cell_TEBLAP.gmol,2,
1-Iron/Cell_TEBLAP.gmol,3,
1-Iron/Cell_TEBLAP.gmol,4,
1-Iron/Cell_TEBLAP.gmol,5,
1-Iron/Cell_TEBLAP.gmol,6,
1-Iron/Cell_TEBLAP.gmol,7,
1-Iron/Cell_TEBLAP.gmol,8,
1-Iron/Cell_TEBLAP.gmol,9,
1-Iron/Cell_TEBLAP.gmol,10,
1-Iron/Cell_TEBLAP.gmol,11,
1-Iron/Cell_TEBLAP.gmol,12,
1-Iron/Cell_TEBLAP.gmol,13,
1-Iron/Cell_TEBLAP.gmol,14,
1-Iron/Cell_TEBLAP.gmol,15,
2-Manganese/Cell_AJUGET.gmol,0,
2-Manganese/Cell_AJUGET.gmol,1,
2-Manganese/Cell_AJUGET.gmol,2,
7-Nickel/Cell_QAKCUD.gmol,0,
7-Nickel/Cell_QAKCUD.gmol,1,
7-Nickel/Cell_QAKCUD.gmol,2,
7-Nickel/Cell_QAKCUD.gmol,3,
7-Nickel/Cell_QAKCUD.gmol,4,
7-Nickel/Cell_QAKCUD.gmol,5,
7-Nickel/Cell_QAKCUD.gmol,6,
7-Nickel/Cell_QAKCUD.gmol,7,
7-Nickel/Cell_QAKCUD.gmol,8,
7-Nickel/Cell_QAKCUD.gmol,9,
7-Nickel/Cell_QAKCUD.gmol,10,
7-Nickel/Cell_QAKCUD.gmol,11,
8-Copper/Cell_WAJSIJ.gmol,0,
8-Copper/Cell_WAJSIJ.gmol,1,
3-Ruthenium/Cell_TORJEP.gmol,0,
3-Ruthenium/Cell_TORJEP.gmol,1,
3-Ruthenium/Cell_TORJEP.gmol,2,
3-Ruthenium/Cell_TORJEP.gmol,3,
7-Nickel/Cell_VOWHOG.gmol,0,
7-Nickel/Cell_VOWHOG.gmol,1,
6-Cobalt/Cell_GAJZAW.gmol,0,
6-Cobalt/Cell_GAJZAW.gmol,1,
6-Cobalt/Cell_GAJZAW.gmol,2,
6-Cobalt/Cell_GAJZAW.gmol,3,
6-Cobalt/Cell_GAJZAW.gmol,4,
6-Cobalt/Cell_GAJZAW.gmol,5,
6-Cobalt/Cell_GAJZAW.gmol,6,
6-Cobalt/Cell_GAJZAW.gmol,7,
4-Rhenium/Cell_IPOVOZ.gmol,0,
4-Rhenium/Cell_IPOVOZ.gmol,1,
4-Rhenium/Cell_IPOVOZ.gmol,2,
4-Rhenium/Cell_IPOVOZ.gmol,3,
7-Nickel/Cell_WALTOT.gmol,0,
7-Nickel/Cell_WALTOT.gmol,1,
7-Nickel/Cell_WALTOT.gmol,2,
7-Nickel/Cell_WALTOT.gmol,3,
7-Nickel/Cell_MEGCEH.gmol,0,
7-Nickel/Cell_MEGCEH.gmol,1,
3-Ruthenium/Cell_YODTIW.gmol,0,
3-Ruthenium/Cell_YODTIW.gmol,1,
3-Ruthenium/Cell_YODTIW.gmol,2,
3-Ruthenium/Cell_YODTIW.gmol,3,
3-Ruthenium/Cell_YODTIW.gmol,4,
3-Ruthenium/Cell_YODTIW.gmol,5,
8-Copper/Cell_MOLJUU.gmol,0,
8-Copper/Cell_LEBDED.gmol,0,
8-Copper/Cell_LEBDED.gmol,1,
8-Copper/Cell_LEBDED.gmol,2,
8-Copper/Cell_LEBDED.gmol,3,
1-Iron/Cell_HIKNAR.gmol,0,
1-Iron/Cell_HIKNAR.gmol,1,
1-Iron/Cell_HIKNAR.gmol,2,
1-Iron/Cell_HIKNAR.gmol,3,
8-Copper/Cell_DEENCU.gmol,0,
8-Copper/Cell_DEENCU.gmol,1,
8-Copper/Cell_DEENCU.gmol,2,
3-Ruthenium/Cell_XIPRAP.gmol,0,
3-Ruthenium/Cell_XIPRAP.gmol,1,
3-Ruthenium/Cell_XIPRAP.gmol,2,
3-Ruthenium/Cell_XIPRAP.gmol,3,
3-Ruthenium/Cell_XIPRAP.gmol,4,
3-Ruthenium/Cell_XIPRAP.gmol,5,
3-Ruthenium/Cell_XIPRAP.gmol,6,
3-Ruthenium/Cell_XIPRAP.gmol,7,
3-Ruthenium/Cell_XIPRAP.gmol,8,
3-Ruthenium/Cell_XIPRAP.gmol,9,
3-Ruthenium/Cell_XIPRAP.gmol,10,
3-Ruthenium/Cell_XIPRAP.gmol,11,
8-Copper/Cell_SOPCIK.gmol,0,
8-Copper/Cell_SOPCIK.gmol,1,
8-Copper/Cell_SOPCIK.gmol,2,
8-Copper/Cell_SOPCIK.gmol,3,
8-Copper/Cell_YUGLUH.gmol,0,
8-Copper/Cell_YUGLUH.gmol,1,
8-Copper/Cell_YUGLUH.gmol,2,
8-Copper/Cell_YUGLUH.gmol,3,
8-Copper/Cell_YUGLUH.gmol,4,
8-Copper/Cell_YUGLUH.gmol,5,
6-Cobalt/Cell_RASNUW.gmol,0,
6-Cobalt/Cell_RASNUW.gmol,1,
8-Copper/Cell_PEBMUE.gmol,0,
8-Copper/Cell_PEBMUE.gmol,1,
8-Copper/Cell_PEBMUE.gmol,2,
8-Copper/Cell_PEBMUE.gmol,3,
1-Iron/Cell_ACOROA.gmol,0,
1-Iron/Cell_ACOROA.gmol,1,
1-Iron/Cell_ACOROA.gmol,2,
1-Iron/Cell_ACOROA.gmol,3,
7-Nickel/Cell_IKUNEJ.gmol,0,
7-Nickel/Cell_IKUNEJ.gmol,1,
7-Nickel/Cell_IKUNEJ.gmol,2,
7-Nickel/Cell_IKUNEJ.gmol,3,
7-Nickel/Cell_IKUNEJ.gmol,4,
7-Nickel/Cell_IKUNEJ.gmol,5,
3-Ruthenium/Cell_OGUBUQ.gmol,0,
3-Ruthenium/Cell_OGUBUQ.gmol,1,
4-Rhenium/Cell_GOZZOK.gmol,0,
4-Rhenium/Cell_GOZZOK.gmol,1,
7-Nickel/Cell_CIGBUP.gmol,0,
7-Nickel/Cell_CIGBUP.gmol,1,
7-Nickel/Cell_CIGBUP.gmol,2,
7-Nickel/Cell_CIGBUP.gmol,3,
7-Nickel/Cell_CIGBUP.gmol,4,
7-Nickel/Cell_CIGBUP.gmol,5,
2-Manganese/Cell_HEDWIZ.gmol,0,
2-Manganese/Cell_HEDWIZ.gmol,1,
8-Copper/Cell_MIXCIH.gmol,0,
8-Copper/Cell_MIXCIH.gmol,1,
8-Copper/Cell_MIXCIH.gmol,2,
8-Copper/Cell_MIXCIH.gmol,3,
8-Copper/Cell_MIXCIH.gmol,4,
8-Copper/Cell_MIXCIH.gmol,5,
6-Cobalt/Cell_ROJGEF.gmol,0,
6-Cobalt/Cell_ROJGEF.gmol,1,
6-Cobalt/Cell_ROJGEF.gmol,2,
6-Cobalt/Cell_ROJGEF.gmol,3,
6-Cobalt/Cell_ROJGEF.gmol,4,
6-Cobalt/Cell_ROJGEF.gmol,5,
6-Cobalt/Cell_ROJGEF.gmol,6,
6-Cobalt/Cell_ROJGEF.gmol,7,
6-Cobalt/Cell_ROJGEF.gmol,8,
6-Cobalt/Cell_ROJGEF.gmol,9,
6-Cobalt/Cell_ROJGEF.gmol,10,
6-Cobalt/Cell_ROJGEF.gmol,11,
6-Cobalt/Cell_ROJGEF.gmol,12,
6-Cobalt/Cell_ROJGEF.gmol,13,
6-Cobalt/Cell_ROJGEF.gmol,14,
6-Cobalt/Cell_ROJGEF.gmol,15,
6-Cobalt/Cell_ROJGEF.gmol,16,
6-Cobalt/Cell_ROJGEF.gmol,17,
6-Cobalt/Cell_ROJGEF.gmol,18,
6-Cobalt/Cell_ROJGEF.gmol,19,
6-Cobalt/Cell_ROJGEF.gmol,20,
6-Cobalt/Cell_ROJGEF.gmol,21,
6-Cobalt/Cell_ROJGEF.gmol,22,
6-Cobalt/Cell_ROJGEF.gmol,23,
8-Copper/Cell_RUHVOH.gmol,0,
8-Copper/Cell_RUHVOH.gmol,1,
8-Copper/Cell_RUHVOH.gmol,2,
8-Copper/Cell_RUHVOH.gmol,3,
8-Copper/Cell_RUHVOH.gmol,4,
8-Copper/Cell_RUHVOH.gmol,5,
8-Copper/Cell_RUHVOH.gmol,6,
8-Copper/Cell_RUHVOH.gmol,7,
3-Ruthenium/Cell_SERJOO.gmol,0,
3-Ruthenium/Cell_SERJOO.gmol,1,
3-Ruthenium/Cell_SERJOO.gmol,2,
3-Ruthenium/Cell_SERJOO.gmol,3,
7-Nickel/Cell_YUDGUZ.gmol,0,
7-Nickel/Cell_YUDGUZ.gmol,1,
7-Nickel/Cell_YUDGUZ.gmol,2,
7-Nickel/Cell_YUDGUZ.gmol,3,
6-Cobalt/Cell_RACZEB.gmol,0,
6-Cobalt/Cell_RACZEB.gmol,1,
6-Cobalt/Cell_RACZEB.gmol,2,
6-Cobalt/Cell_RACZEB.gmol,3,
6-Cobalt/Cell_RACZEB.gmol,4,
6-Cobalt/Cell_RACZEB.gmol,5,
6-Cobalt/Cell_RACZEB.gmol,6,
6-Cobalt/Cell_RACZEB.gmol,7,
7-Nickel/Cell_OFAPIV.gmol,0,
7-Nickel/Cell_OFAPIV.gmol,1,
7-Nickel/Cell_OFAPIV.gmol,2,
7-Nickel/Cell_OFAPIV.gmol,3,
8-Copper/Cell_QICRUS.gmol,0,
8-Copper/Cell_QICRUS.gmol,1,
8-Copper/Cell_QICRUS.gmol,2,
8-Copper/Cell_QICRUS.gmol,3,
8-Copper/Cell_QICRUS.gmol,4,
8-Copper/Cell_QICRUS.gmol,5,
8-Copper/Cell_QICRUS.gmol,6,
8-Copper/Cell_QICRUS.gmol,7,
8-Copper/Cell_OHEGUF.gmol,0,
6-Cobalt/Cell_IPIVIM.gmol,0,
6-Cobalt/Cell_IPIVIM.gmol,1,
6-Cobalt/Cell_IPIVIM.gmol,2,
6-Cobalt/Cell_IPIVIM.gmol,3,
6-Cobalt/Cell_IPIVIM.gmol,4,
6-Cobalt/Cell_IPIVIM.gmol,5,
6-Cobalt/Cell_IPIVIM.gmol,6,
6-Cobalt/Cell_IPIVIM.gmol,7,
7-Nickel/Cell_LABSEN.gmol,0,
7-Nickel/Cell_LABSEN.gmol,1,
7-Nickel/Cell_HETPAY.gmol,0,
7-Nickel/Cell_HETPAY.gmol,1,
7-Nickel/Cell_HETPAY.gmol,2,
7-Nickel/Cell_HETPAY.gmol,3,
7-Nickel/Cell_HETPAY.gmol,4,
7-Nickel/Cell_HETPAY.gmol,5,
7-Nickel/Cell_HETPAY.gmol,6,
7-Nickel/Cell_HETPAY.gmol,7,
7-Nickel/Cell_HETPAY.gmol,8,
7-Nickel/Cell_HETPAY.gmol,9,
7-Nickel/Cell_HETPAY.gmol,10,
7-Nickel/Cell_HETPAY.gmol,11,
7-Nickel/Cell_AHAPIJ.gmol,0,
7-Nickel/Cell_AHAPIJ.gmol,1,
7-Nickel/Cell_AHAPIJ.gmol,2,
7-Nickel/Cell_AHAPIJ.gmol,3,
8-Copper/Cell_XITLER.gmol,0,
8-Copper/Cell_XITLER.gmol,1,
8-Copper/Cell_XITLER.gmol,2,
8-Copper/Cell_XITLER.gmol,3,
8-Copper/Cell_XITLER.gmol,4,
8-Copper/Cell_XITLER.gmol,5,
8-Copper/Cell_XITLER.gmol,6,
8-Copper/Cell_XITLER.gmol,7,
6-Cobalt/Cell_UGAGAL.gmol,0,
6-Cobalt/Cell_UGAGAL.gmol,1,
6-Cobalt/Cell_UGAGAL.gmol,2,
6-Cobalt/Cell_UGAGAL.gmol,3,
6-Cobalt/Cell_UGAGAL.gmol,4,
6-Cobalt/Cell_UGAGAL.gmol,5,
6-Cobalt/Cell_UGAGAL.gmol,6,
6-Cobalt/Cell_UGAGAL.gmol,7,
6-Cobalt/Cell_UGAGAL.gmol,8,
6-Cobalt/Cell_UGAGAL.gmol,9,
6-Cobalt/Cell_UGAGAL.gmol,10,
6-Cobalt/Cell_UGAGAL.gmol,11,
6-Cobalt/Cell_UGAGAL.gmol,12,
6-Cobalt/Cell_UGAGAL.gmol,13,
6-Cobalt/Cell_UGAGAL.gmol,14,
6-Cobalt/Cell_UGAGAL.gmol,15,
3-Ruthenium/Cell_BAFWEO.gmol,0,
3-Ruthenium/Cell_BAFWEO.gmol,1,
8-Copper/Cell_HOSPUB.gmol,0,
8-Copper/Cell_HOSPUB.gmol,1,
8-Copper/Cell_WIJGOM.gmol,0,
8-Copper/Cell_WIJGOM.gmol,1,
3-Ruthenium/Cell_NONLIM.gmol,0,
3-Ruthenium/Cell_NONLIM.gmol,1,
3-Ruthenium/Cell_NONLIM.gmol,2,
3-Ruthenium/Cell_NONLIM.gmol,3,
3-Ruthenium/Cell_NONLIM.gmol,4,
3-Ruthenium/Cell_NONLIM.gmol,5,
3-Ruthenium/Cell_NONLIM.gmol,6,
3-Ruthenium/Cell_NONLIM.gmol,7,
3-Ruthenium/Cell_NONLIM.gmol,8,
3-Ruthenium/Cell_NONLIM.gmol,9,
3-Ruthenium/Cell_NONLIM.gmol,10,
3-Ruthenium/Cell_NONLIM.gmol,11,
3-Ruthenium/Cell_NONLIM.gmol,12,
3-Ruthenium/Cell_NONLIM.gmol,13,
3-Ruthenium/Cell_NONLIM.gmol,14,
3-Ruthenium/Cell_NONLIM.gmol,15,
6-Cobalt/Cell_REPFAV.gmol,0,
6-Cobalt/Cell_REPFAV.gmol,1,
1-Iron/Cell_HOLTEK.gmol,0,
1-Iron/Cell_HOLTEK.gmol,1,
2-Manganese/Cell_PYDMNC.gmol,0,
2-Manganese/Cell_PYDMNC.gmol,1,
2-Manganese/Cell_PYDMNC.gmol,2,
2-Manganese/Cell_PYDMNC.gmol,3,
2-Manganese/Cell_PYDMNC.gmol,4,
2-Manganese/Cell_PYDMNC.gmol,5,
7-Nickel/Cell_YIVDIQ.gmol,0,
7-Nickel/Cell_YIVDIQ.gmol,1,
1-Iron/Cell_CICQEK.gmol,0,
1-Iron/Cell_DIFXEX.gmol,0,
7-Nickel/Cell_MIQWEO.gmol,0,
7-Nickel/Cell_MIQWEO.gmol,1,
7-Nickel/Cell_MIQWEO.gmol,2,
7-Nickel/Cell_MIQWEO.gmol,3,
7-Nickel/Cell_TUZVER.gmol,0,
7-Nickel/Cell_TUZVER.gmol,1,
7-Nickel/Cell_TUZVER.gmol,2,
7-Nickel/Cell_TUZVER.gmol,3,
8-Copper/Cell_HIMSOO.gmol,0,
8-Copper/Cell_HIMSOO.gmol,1,
8-Copper/Cell_HIMSOO.gmol,2,
8-Copper/Cell_HIMSOO.gmol,3,
8-Copper/Cell_HIMSOO.gmol,4,
8-Copper/Cell_HIMSOO.gmol,5,
8-Copper/Cell_QAHXII.gmol,0,
8-Copper/Cell_QAHXII.gmol,1,
8-Copper/Cell_QAHXII.gmol,2,
8-Copper/Cell_QAHXII.gmol,3,
2-Manganese/Cell_BURMIL.gmol,0,
2-Manganese/Cell_BURMIL.gmol,1,
2-Manganese/Cell_BURMIL.gmol,2,
2-Manganese/Cell_BURMIL.gmol,3,
7-Nickel/Cell_YOMBOT.gmol,0,
7-Nickel/Cell_YOMBOT.gmol,1,
2-Manganese/Cell_IMAFEH.gmol,0,
2-Manganese/Cell_IMAFEH.gmol,1,
6-Cobalt/Cell_HOMLAW.gmol,0,
6-Cobalt/Cell_HOMLAW.gmol,1,
7-Nickel/Cell_XURQOQ.gmol,0,"- Covalent bonds missing from SCOPE: ['0:Ni-7:C', '0:Ni-8:C', '0:Ni-18:C', '0:Ni-19:C']
- Metal bonds missing from SCOPE: ['0:Ni-7:C', '0:Ni-8:C', '0:Ni-18:C', '0:Ni-19:C']
- Different metal coordination numbers: cell2mol=[('Ni', 2, 10)], SCOPE=[('Ni', 2, 6)]"
7-Nickel/Cell_XURQOQ.gmol,1,"- Covalent bonds missing from SCOPE: ['0:Ni-7:C', '0:Ni-8:C', '0:Ni-18:C', '0:Ni-19:C']
- Metal bonds missing from SCOPE: ['0:Ni-7:C', '0:Ni-8:C', '0:Ni-18:C', '0:Ni-19:C']
- Different metal coordination numbers: cell2mol=[('Ni', 2, 10)], SCOPE=[('Ni', 2, 6)]"
3-Ruthenium/Cell_GIKNUK.gmol,0,
3-Ruthenium/Cell_GIKNUK.gmol,1,
3-Ruthenium/Cell_GIKNUK.gmol,2,
3-Ruthenium/Cell_GIKNUK.gmol,3,
3-Ruthenium/Cell_GIKNUK.gmol,4,
3-Ruthenium/Cell_GIKNUK.gmol,5,
3-Ruthenium/Cell_GIKNUK.gmol,6,
3-Ruthenium/Cell_GIKNUK.gmol,7,
6-Cobalt/Cell_GUCFUI.gmol,0,
6-Cobalt/Cell_GUCFUI.gmol,1,
6-Cobalt/Cell_GUCFUI.gmol,2,
6-Cobalt/Cell_GUCFUI.gmol,3,
3-Ruthenium/Cell_CIVZAJ.gmol,0,
3-Ruthenium/Cell_CIVZAJ.gmol,1,
8-Copper/Cell_KUKRAL.gmol,0,
8-Copper/Cell_KUKRAL.gmol,1,
3-Ruthenium/Cell_NIFMUK.gmol,0,
3-Ruthenium/Cell_NIFMUK.gmol,1,
3-Ruthenium/Cell_NIFMUK.gmol,2,
3-Ruthenium/Cell_NIFMUK.gmol,3,
6-Cobalt/Cell_XAHDOB.gmol,0,
6-Cobalt/Cell_XAHDOB.gmol,1,
6-Cobalt/Cell_XAHDOB.gmol,2,
6-Cobalt/Cell_XAHDOB.gmol,3,
6-Cobalt/Cell_XAHDOB.gmol,4,
6-Cobalt/Cell_XAHDOB.gmol,5,
6-Cobalt/Cell_XAHDOB.gmol,6,
6-Cobalt/Cell_XAHDOB.gmol,7,
6-Cobalt/Cell_XAHDOB.gmol,8,
6-Cobalt/Cell_XAHDOB.gmol,9,
6-Cobalt/Cell_XAHDOB.gmol,10,
6-Cobalt/Cell_XAHDOB.gmol,11,
6-Cobalt/Cell_XAHDOB.gmol,12,
6-Cobalt/Cell_XAHDOB.gmol,13,
6-Cobalt/Cell_XAHDOB.gmol,14,
6-Cobalt/Cell_XAHDOB.gmol,15,
6-Cobalt/Cell_XAHDOB.gmol,16,
6-Cobalt/Cell_XAHDOB.gmol,17,
6-Cobalt/Cell_XAHDOB.gmol,18,
6-Cobalt/Cell_XAHDOB.gmol,19,
3-Ruthenium/Cell_KAKCAB.gmol,0,
3-Ruthenium/Cell_KAKCAB.gmol,1,
3-Ruthenium/Cell_KAKCAB.gmol,2,
3-Ruthenium/Cell_KAKCAB.gmol,3,
1-Iron/Cell_VABFIR.gmol,0,
1-Iron/Cell_VABFIR.gmol,1,
1-Iron/Cell_VABFIR.gmol,2,
7-Nickel/Cell_EQECIN.gmol,0,
7-Nickel/Cell_EQECIN.gmol,1,
7-Nickel/Cell_EQECIN.gmol,2,
7-Nickel/Cell_EQECIN.gmol,3,
6-Cobalt/Cell_SANSAC.gmol,0,
6-Cobalt/Cell_SANSAC.gmol,1,
6-Cobalt/Cell_SANSAC.gmol,2,
6-Cobalt/Cell_SANSAC.gmol,3,
8-Copper/Cell_LAGKUB.gmol,0,
8-Copper/Cell_LAGKUB.gmol,1,
8-Copper/Cell_LAGKUB.gmol,2,
8-Copper/Cell_LAGKUB.gmol,3,
8-Copper/Cell_LAGKUB.gmol,4,
8-Copper/Cell_LAGKUB.gmol,5,
3-Ruthenium/Cell_TEYVOI.gmol,0,
3-Ruthenium/Cell_TEYVOI.gmol,1,
3-Ruthenium/Cell_TEYVOI.gmol,2,
3-Ruthenium/Cell_TEYVOI.gmol,3,
8-Copper/Cell_HOZLIS.gmol,0,
8-Copper/Cell_HOZLIS.gmol,1,
8-Copper/Cell_HOZLIS.gmol,2,
8-Copper/Cell_HOZLIS.gmol,3,
7-Nickel/Cell_KOWWIE.gmol,0,
7-Nickel/Cell_KOWWIE.gmol,1,
7-Nickel/Cell_KOWWIE.gmol,2,
7-Nickel/Cell_KOWWIE.gmol,3,
7-Nickel/Cell_KOWWIE.gmol,4,
7-Nickel/Cell_KOWWIE.gmol,5,
7-Nickel/Cell_KOWWIE.gmol,6,
7-Nickel/Cell_KOWWIE.gmol,7,
7-Nickel/Cell_IQASUO.gmol,0,
7-Nickel/Cell_IQASUO.gmol,1,
7-Nickel/Cell_IQASUO.gmol,2,
7-Nickel/Cell_IQASUO.gmol,3,
3-Ruthenium/Cell_ADUKAM.gmol,0,
3-Ruthenium/Cell_ADUKAM.gmol,1,
8-Copper/Cell_EWAFIS.gmol,0,
8-Copper/Cell_EWAFIS.gmol,1,
8-Copper/Cell_EWAFIS.gmol,2,
8-Copper/Cell_EWAFIS.gmol,3,
8-Copper/Cell_EWAFIS.gmol,4,
8-Copper/Cell_EWAFIS.gmol,5,
8-Copper/Cell_EWAFIS.gmol,6,
8-Copper/Cell_EWAFIS.gmol,7,
8-Copper/Cell_EWAFIS.gmol,8,
8-Copper/Cell_EWAFIS.gmol,9,
8-Copper/Cell_EWAFIS.gmol,10,
8-Copper/Cell_EWAFIS.gmol,11,
6-Cobalt/Cell_NOCJOH.gmol,0,
6-Cobalt/Cell_NOCJOH.gmol,1,
6-Cobalt/Cell_NOCJOH.gmol,2,
6-Cobalt/Cell_NOCJOH.gmol,3,
7-Nickel/Cell_CIJYID.gmol,0,
7-Nickel/Cell_CIJYID.gmol,1,
7-Nickel/Cell_CIJYID.gmol,2,
7-Nickel/Cell_CIJYID.gmol,3,
7-Nickel/Cell_CIJYID.gmol,4,
7-Nickel/Cell_CIJYID.gmol,5,
7-Nickel/Cell_CIJYID.gmol,6,
7-Nickel/Cell_CIJYID.gmol,7,
7-Nickel/Cell_CIJYID.gmol,8,
7-Nickel/Cell_CIJYID.gmol,9,
1-Iron/Cell_XESLUF.gmol,0,
1-Iron/Cell_XESLUF.gmol,1,
1-Iron/Cell_XESLUF.gmol,2,
1-Iron/Cell_XESLUF.gmol,3,
1-Iron/Cell_XESLUF.gmol,4,
1-Iron/Cell_XESLUF.gmol,5,
1-Iron/Cell_XESLUF.gmol,6,
1-Iron/Cell_XESLUF.gmol,7,
1-Iron/Cell_XESLUF.gmol,8,
1-Iron/Cell_XESLUF.gmol,9,
1-Iron/Cell_XESLUF.gmol,10,
1-Iron/Cell_XESLUF.gmol,11,
1-Iron/Cell_XESLUF.gmol,12,
1-Iron/Cell_XESLUF.gmol,13,
1-Iron/Cell_XESLUF.gmol,14,
1-Iron/Cell_XESLUF.gmol,15,
1-Iron/Cell_XESLUF.gmol,16,
1-Iron/Cell_XESLUF.gmol,17,
1-Iron/Cell_HURSIX.gmol,0,
1-Iron/Cell_HURSIX.gmol,1,
1-Iron/Cell_HURSIX.gmol,2,
1-Iron/Cell_HURSIX.gmol,3,
1-Iron/Cell_HURSIX.gmol,4,
1-Iron/Cell_HURSIX.gmol,5,
1-Iron/Cell_HURSIX.gmol,6,
1-Iron/Cell_HURSIX.gmol,7,
1-Iron/Cell_HURSIX.gmol,8,
1-Iron/Cell_HURSIX.gmol,9,
1-Iron/Cell_HURSIX.gmol,10,
1-Iron/Cell_HURSIX.gmol,11,
1-Iron/Cell_HURSIX.gmol,12,
1-Iron/Cell_HURSIX.gmol,13,
1-Iron/Cell_HURSIX.gmol,14,
1-Iron/Cell_HURSIX.gmol,15,
1-Iron/Cell_HURSIX.gmol,16,
1-Iron/Cell_HURSIX.gmol,17,
1-Iron/Cell_HURSIX.gmol,18,
1-Iron/Cell_HURSIX.gmol,19,
2-Manganese/Cell_KAWCIU.gmol,0,
2-Manganese/Cell_KAWCIU.gmol,1,
2-Manganese/Cell_KAWCIU.gmol,2,
2-Manganese/Cell_KAWCIU.gmol,3,
3-Ruthenium/Cell_XEVSOG.gmol,0,
3-Ruthenium/Cell_XEVSOG.gmol,1,
3-Ruthenium/Cell_XEVSOG.gmol,2,
3-Ruthenium/Cell_XEVSOG.gmol,3,
8-Copper/Cell_BPCUDT.gmol,0,
8-Copper/Cell_BPCUDT.gmol,1,
8-Copper/Cell_BPCUDT.gmol,2,
8-Copper/Cell_BPCUDT.gmol,3,
8-Copper/Cell_BPCUDT.gmol,4,
8-Copper/Cell_BPCUDT.gmol,5,
8-Copper/Cell_BPCUDT.gmol,6,
8-Copper/Cell_BPCUDT.gmol,7,
8-Copper/Cell_GIMQOK.gmol,0,
8-Copper/Cell_GIMQOK.gmol,1,
8-Copper/Cell_HAVYUA.gmol,0,
8-Copper/Cell_HAVYUA.gmol,1,
8-Copper/Cell_HAVYUA.gmol,2,
8-Copper/Cell_HAVYUA.gmol,3,
7-Nickel/Cell_EMOQON.gmol,0,
7-Nickel/Cell_EMOQON.gmol,1,
7-Nickel/Cell_EMOQON.gmol,2,
7-Nickel/Cell_EMOQON.gmol,3,
7-Nickel/Cell_EMOQON.gmol,4,
7-Nickel/Cell_EMOQON.gmol,5,
7-Nickel/Cell_OKOVIU.gmol,0,
7-Nickel/Cell_OKOVIU.gmol,1,
7-Nickel/Cell_OKOVIU.gmol,2,
7-Nickel/Cell_OKOVIU.gmol,3,
1-Iron/Cell_NOBBOW.gmol,0,
1-Iron/Cell_NOBBOW.gmol,1,
1-Iron/Cell_NOBBOW.gmol,2,
1-Iron/Cell_NOBBOW.gmol,3,
6-Cobalt/Cell_BAVYOM.gmol,0,
6-Cobalt/Cell_BAVYOM.gmol,1,
6-Cobalt/Cell_BAVYOM.gmol,2,
6-Cobalt/Cell_BAVYOM.gmol,3,
6-Cobalt/Cell_BAVYOM.gmol,4,
6-Cobalt/Cell_BAVYOM.gmol,5,
8-Copper/Cell_UGOKAD.gmol,0,
8-Copper/Cell_UGOKAD.gmol,1,
8-Copper/Cell_UGOKAD.gmol,2,
8-Copper/Cell_UGOKAD.gmol,3,
8-Copper/Cell_UGOKAD.gmol,4,
8-Copper/Cell_UGOKAD.gmol,5,
8-Copper/Cell_UGOKAD.gmol,6,
8-Copper/Cell_UGOKAD.gmol,7,
1-Iron/Cell_KOCZAE.gmol,0,
1-Iron/Cell_KOCZAE.gmol,1,
1-Iron/Cell_KOCZAE.gmol,2,
1-Iron/Cell_KOCZAE.gmol,3,
1-Iron/Cell_KOCZAE.gmol,4,
1-Iron/Cell_KOCZAE.gmol,5,
8-Copper/Cell_VAWDIJ.gmol,0,
8-Copper/Cell_VAWDIJ.gmol,1,
8-Copper/Cell_VAWDIJ.gmol,2,
8-Copper/Cell_VAWDIJ.gmol,3,
8-Copper/Cell_VAWDIJ.gmol,4,
8-Copper/Cell_VAWDIJ.gmol,5,
6-Cobalt/Cell_MUGDIB.gmol,0,
6-Cobalt/Cell_MUGDIB.gmol,1,
6-Cobalt/Cell_MUGDIB.gmol,2,
6-Cobalt/Cell_MUGDIB.gmol,3,
3-Ruthenium/Cell_NEDZIG.gmol,0,
3-Ruthenium/Cell_NEDZIG.gmol,1,
2-Manganese/Cell_TIXKOB.gmol,0,
2-Manganese/Cell_TIXKOB.gmol,1,
2-Manganese/Cell_TIXKOB.gmol,2,
2-Manganese/Cell_TIXKOB.gmol,3,
2-Manganese/Cell_TIXKOB.gmol,4,
2-Manganese/Cell_TIXKOB.gmol,5,
2-Manganese/Cell_TIXKOB.gmol,6,
2-Manganese/Cell_TIXKOB.gmol,7,
2-Manganese/Cell_TIXKOB.gmol,8,
2-Manganese/Cell_TIXKOB.gmol,9,
1-Iron/Cell_GUCZEM.gmol,0,
1-Iron/Cell_GUCZEM.gmol,1,
1-Iron/Cell_GUCZEM.gmol,2,
1-Iron/Cell_GUCZEM.gmol,3,
1-Iron/Cell_GUCZEM.gmol,4,
1-Iron/Cell_GUCZEM.gmol,5,
1-Iron/Cell_GUCZEM.gmol,6,
1-Iron/Cell_GUCZEM.gmol,7,
1-Iron/Cell_GUCZEM.gmol,8,
1-Iron/Cell_GUCZEM.gmol,9,
1-Iron/Cell_GUCZEM.gmol,10,
1-Iron/Cell_GUCZEM.gmol,11,
2-Manganese/Cell_AXISOP.gmol,0,
2-Manganese/Cell_AXISOP.gmol,1,
2-Manganese/Cell_AXISOP.gmol,2,
2-Manganese/Cell_AXISOP.gmol,3,
7-Nickel/Cell_WIVZUX.gmol,0,
7-Nickel/Cell_WIVZUX.gmol,1,
7-Nickel/Cell_WIVZUX.gmol,2,
7-Nickel/Cell_WIVZUX.gmol,3,
7-Nickel/Cell_WIVZUX.gmol,4,
7-Nickel/Cell_WIVZUX.gmol,5,
7-Nickel/Cell_WIVZUX.gmol,6,
7-Nickel/Cell_WIVZUX.gmol,7,
7-Nickel/Cell_WIVZUX.gmol,8,
7-Nickel/Cell_WIVZUX.gmol,9,
7-Nickel/Cell_WIVZUX.gmol,10,
7-Nickel/Cell_WIVZUX.gmol,11,
7-Nickel/Cell_WIVZUX.gmol,12,
7-Nickel/Cell_WIVZUX.gmol,13,
7-Nickel/Cell_WIVZUX.gmol,14,
7-Nickel/Cell_WIVZUX.gmol,15,
7-Nickel/Cell_WIVZUX.gmol,16,
7-Nickel/Cell_WIVZUX.gmol,17,
7-Nickel/Cell_WIVZUX.gmol,18,
7-Nickel/Cell_WIVZUX.gmol,19,
7-Nickel/Cell_WIVZUX.gmol,20,
7-Nickel/Cell_WIVZUX.gmol,21,
7-Nickel/Cell_WIVZUX.gmol,22,
7-Nickel/Cell_WIVZUX.gmol,23,
1-Iron/Cell_FAQBEH.gmol,0,
1-Iron/Cell_FAQBEH.gmol,1,
6-Cobalt/Cell_FOHVEF.gmol,0,
6-Cobalt/Cell_FOHVEF.gmol,1,
6-Cobalt/Cell_FOHVEF.gmol,2,
6-Cobalt/Cell_FOHVEF.gmol,3,
7-Nickel/Cell_DURDUQ.gmol,0,
7-Nickel/Cell_DURDUQ.gmol,1,
7-Nickel/Cell_DURDUQ.gmol,2,
7-Nickel/Cell_DURDUQ.gmol,3,
7-Nickel/Cell_CUPJUU.gmol,0,
7-Nickel/Cell_CUPJUU.gmol,1,
8-Copper/Cell_WEWTAU.gmol,0,
8-Copper/Cell_WEWTAU.gmol,1,
8-Copper/Cell_WEWTAU.gmol,2,
8-Copper/Cell_WEWTAU.gmol,3,
8-Copper/Cell_WEWTAU.gmol,4,
8-Copper/Cell_WEWTAU.gmol,5,
8-Copper/Cell_WEWTAU.gmol,6,
8-Copper/Cell_WEWTAU.gmol,7,
8-Copper/Cell_WEWTAU.gmol,8,
8-Copper/Cell_WEWTAU.gmol,9,
8-Copper/Cell_WEWTAU.gmol,10,
8-Copper/Cell_WEWTAU.gmol,11,
7-Nickel/Cell_DUNWOA.gmol,0,
7-Nickel/Cell_DUNWOA.gmol,1,
7-Nickel/Cell_DUNWOA.gmol,2,
7-Nickel/Cell_DUNWOA.gmol,3,
7-Nickel/Cell_UGEXIO.gmol,0,
7-Nickel/Cell_UGEXIO.gmol,1,
7-Nickel/Cell_UGEXIO.gmol,2,
7-Nickel/Cell_UGEXIO.gmol,3,
7-Nickel/Cell_UGEXIO.gmol,4,
7-Nickel/Cell_UGEXIO.gmol,5,
7-Nickel/Cell_UGEXIO.gmol,6,
7-Nickel/Cell_UGEXIO.gmol,7,
3-Ruthenium/Cell_ZALVAJ.gmol,0,
3-Ruthenium/Cell_ZALVAJ.gmol,1,
3-Ruthenium/Cell_ZALVAJ.gmol,2,
3-Ruthenium/Cell_ZALVAJ.gmol,3,
3-Ruthenium/Cell_GIHLOY.gmol,0,
3-Ruthenium/Cell_GIHLOY.gmol,1,
3-Ruthenium/Cell_GIHLOY.gmol,2,
3-Ruthenium/Cell_GIHLOY.gmol,3,
3-Ruthenium/Cell_GIHLOY.gmol,4,
3-Ruthenium/Cell_GIHLOY.gmol,5,
3-Ruthenium/Cell_GIHLOY.gmol,6,
3-Ruthenium/Cell_GIHLOY.gmol,7,
3-Ruthenium/Cell_GIHLOY.gmol,8,
3-Ruthenium/Cell_GIHLOY.gmol,9,
3-Ruthenium/Cell_GIHLOY.gmol,10,
3-Ruthenium/Cell_GIHLOY.gmol,11,
3-Ruthenium/Cell_GIHLOY.gmol,12,
3-Ruthenium/Cell_GIHLOY.gmol,13,
3-Ruthenium/Cell_GIHLOY.gmol,14,
3-Ruthenium/Cell_GIHLOY.gmol,15,
3-Ruthenium/Cell_GIHLOY.gmol,16,
3-Ruthenium/Cell_GIHLOY.gmol,17,
3-Ruthenium/Cell_GIHLOY.gmol,18,
3-Ruthenium/Cell_GIHLOY.gmol,19,
3-Ruthenium/Cell_GIHLOY.gmol,20,
3-Ruthenium/Cell_GIHLOY.gmol,21,
3-Ruthenium/Cell_GIHLOY.gmol,22,
3-Ruthenium/Cell_GIHLOY.gmol,23,
3-Ruthenium/Cell_GIHLOY.gmol,24,
3-Ruthenium/Cell_GIHLOY.gmol,25,
3-Ruthenium/Cell_GIHLOY.gmol,26,
3-Ruthenium/Cell_GIHLOY.gmol,27,
3-Ruthenium/Cell_GIHLOY.gmol,28,
3-Ruthenium/Cell_GIHLOY.gmol,29,
3-Ruthenium/Cell_GIHLOY.gmol,30,
3-Ruthenium/Cell_GIHLOY.gmol,31,
2-Manganese/Cell_WACPAR.gmol,0,
2-Manganese/Cell_WACPAR.gmol,1,
2-Manganese/Cell_WACPAR.gmol,2,
2-Manganese/Cell_WACPAR.gmol,3,
2-Manganese/Cell_WACPAR.gmol,4,
2-Manganese/Cell_WACPAR.gmol,5,
2-Manganese/Cell_WACPAR.gmol,6,
2-Manganese/Cell_WACPAR.gmol,7,
6-Cobalt/Cell_BEQDEH.gmol,0,
6-Cobalt/Cell_BEQDEH.gmol,1,
8-Copper/Cell_TEDSUQ.gmol,0,
8-Copper/Cell_TEDSUQ.gmol,1,
2-Manganese/Cell_AKITET.gmol,0,
2-Manganese/Cell_AKITET.gmol,1,
2-Manganese/Cell_AKITET.gmol,2,
7-Nickel/Cell_ESEVUU.gmol,0,
7-Nickel/Cell_ESEVUU.gmol,1,
7-Nickel/Cell_ESEVUU.gmol,2,
7-Nickel/Cell_ESEVUU.gmol,3,
6-Cobalt/Cell_FOXCUS.gmol,0,
6-Cobalt/Cell_FOXCUS.gmol,1,
8-Copper/Cell_YODNAG.gmol,0,
3-Ruthenium/Cell_XIQGIO.gmol,0,
3-Ruthenium/Cell_XIQGIO.gmol,1,
3-Ruthenium/Cell_XIQGIO.gmol,2,
3-Ruthenium/Cell_XIQGIO.gmol,3,
7-Nickel/Cell_MEHNAO.gmol,0,
7-Nickel/Cell_MEHNAO.gmol,1,
7-Nickel/Cell_MEHNAO.gmol,2,
7-Nickel/Cell_MEHNAO.gmol,3,
7-Nickel/Cell_MEHNAO.gmol,4,
7-Nickel/Cell_MEHNAO.gmol,5,
7-Nickel/Cell_MEHNAO.gmol,6,
7-Nickel/Cell_MEHNAO.gmol,7,
8-Copper/Cell_NUNJUC.gmol,0,
7-Nickel/Cell_WOMRUN.gmol,0,
7-Nickel/Cell_WOMRUN.gmol,1,
7-Nickel/Cell_RUMGIP.gmol,0,
8-Copper/Cell_QULNUG.gmol,0,
8-Copper/Cell_QULNUG.gmol,1,
8-Copper/Cell_QULNUG.gmol,2,
8-Copper/Cell_QULNUG.gmol,3,
8-Copper/Cell_QULNUG.gmol,4,
8-Copper/Cell_QULNUG.gmol,5,
8-Copper/Cell_QULNUG.gmol,6,
8-Copper/Cell_QULNUG.gmol,7,
8-Copper/Cell_QULNUG.gmol,8,
8-Copper/Cell_QULNUG.gmol,9,
8-Copper/Cell_QULNUG.gmol,10,
8-Copper/Cell_QULNUG.gmol,11,
8-Copper/Cell_QULNUG.gmol,12,
8-Copper/Cell_QULNUG.gmol,13,
8-Copper/Cell_QULNUG.gmol,14,
8-Copper/Cell_QULNUG.gmol,15,
2-Manganese/Cell_NAQWIO.gmol,0,
2-Manganese/Cell_NAQWIO.gmol,1,
2-Manganese/Cell_VUYNUZ.gmol,0,
2-Manganese/Cell_VUYNUZ.gmol,1,
2-Manganese/Cell_VUYNUZ.gmol,2,
2-Manganese/Cell_VUYNUZ.gmol,3,
7-Nickel/Cell_LUPSEV.gmol,0,
7-Nickel/Cell_LUPSEV.gmol,1,
7-Nickel/Cell_LUPSEV.gmol,2,
7-Nickel/Cell_LUPSEV.gmol,3,
7-Nickel/Cell_CEBHEX.gmol,0,
7-Nickel/Cell_CEBHEX.gmol,1,
7-Nickel/Cell_CEBHEX.gmol,2,
7-Nickel/Cell_CEBHEX.gmol,3,
7-Nickel/Cell_CEBHEX.gmol,4,
7-Nickel/Cell_CEBHEX.gmol,5,
7-Nickel/Cell_CEBHEX.gmol,6,
7-Nickel/Cell_AXIQOO.gmol,0,
7-Nickel/Cell_AXIQOO.gmol,1,
7-Nickel/Cell_AXIQOO.gmol,2,
7-Nickel/Cell_AXIQOO.gmol,3,
7-Nickel/Cell_AXIQOO.gmol,4,
7-Nickel/Cell_AXIQOO.gmol,5,
7-Nickel/Cell_OGERUN.gmol,0,
7-Nickel/Cell_OGERUN.gmol,1,
4-Rhenium/Cell_SUYPUX.gmol,0,
4-Rhenium/Cell_SUYPUX.gmol,1,
4-Rhenium/Cell_SUYPUX.gmol,2,
4-Rhenium/Cell_SUYPUX.gmol,3,
7-Nickel/Cell_QINFOK.gmol,0,
8-Copper/Cell_AXEWEH.gmol,0,
8-Copper/Cell_AXEWEH.gmol,1,
2-Manganese/Cell_IXUDIP.gmol,0,
2-Manganese/Cell_IXUDIP.gmol,1,
7-Nickel/Cell_NEGQUO.gmol,0,
7-Nickel/Cell_NEGQUO.gmol,1,
1-Iron/Cell_DOXXIY.gmol,0,
1-Iron/Cell_DOXXIY.gmol,1,
1-Iron/Cell_DOXXIY.gmol,2,
1-Iron/Cell_DOXXIY.gmol,3,
8-Copper/Cell_MOPHII.gmol,0,
8-Copper/Cell_MOPHII.gmol,1,
8-Copper/Cell_MOPHII.gmol,2,
8-Copper/Cell_MOPHII.gmol,3,
8-Copper/Cell_MOPHII.gmol,4,
8-Copper/Cell_MOPHII.gmol,5,
8-Copper/Cell_MOPHII.gmol,6,
8-Copper/Cell_MOPHII.gmol,7,
8-Copper/Cell_HAXFAQ.gmol,0,
8-Copper/Cell_HAXFAQ.gmol,1,
8-Copper/Cell_HAXFAQ.gmol,2,
8-Copper/Cell_HAXFAQ.gmol,3,
8-Copper/Cell_HAXFAQ.gmol,4,
8-Copper/Cell_HAXFAQ.gmol,5,
8-Copper/Cell_HAXFAQ.gmol,6,
8-Copper/Cell_HAXFAQ.gmol,7,
3-Ruthenium/Cell_AZINON.gmol,0,
3-Ruthenium/Cell_AZINON.gmol,1,
5-Chromium/Cell_CEPXIE.gmol,0,
5-Chromium/Cell_CEPXIE.gmol,1,
5-Chromium/Cell_CEPXIE.gmol,2,
5-Chromium/Cell_CEPXIE.gmol,3,
1-Iron/Cell_IMIFOB.gmol,0,
1-Iron/Cell_IMIFOB.gmol,1,
1-Iron/Cell_IMIFOB.gmol,2,
1-Iron/Cell_IMIFOB.gmol,3,
1-Iron/Cell_IMIFOB.gmol,4,
1-Iron/Cell_IMIFOB.gmol,5,
1-Iron/Cell_IMIFOB.gmol,6,
1-Iron/Cell_IMIFOB.gmol,7,
1-Iron/Cell_IMIFOB.gmol,8,
1-Iron/Cell_IMIFOB.gmol,9,
1-Iron/Cell_IMIFOB.gmol,10,
1-Iron/Cell_IMIFOB.gmol,11,
1-Iron/Cell_IMIFOB.gmol,12,
1-Iron/Cell_IMIFOB.gmol,13,
1-Iron/Cell_IMIFOB.gmol,14,
1-Iron/Cell_IMIFOB.gmol,15,
1-Iron/Cell_IMIFOB.gmol,16,
1-Iron/Cell_IMIFOB.gmol,17,
1-Iron/Cell_IMIFOB.gmol,18,
1-Iron/Cell_IMIFOB.gmol,19,
1-Iron/Cell_IMIFOB.gmol,20,
1-Iron/Cell_IMIFOB.gmol,21,
1-Iron/Cell_IMIFOB.gmol,22,
1-Iron/Cell_IMIFOB.gmol,23,
1-Iron/Cell_IMIFOB.gmol,24,
1-Iron/Cell_IMIFOB.gmol,25,
1-Iron/Cell_IMIFOB.gmol,26,
1-Iron/Cell_IMIFOB.gmol,27,
1-Iron/Cell_IMIFOB.gmol,28,
1-Iron/Cell_IMIFOB.gmol,29,
1-Iron/Cell_IMIFOB.gmol,30,
1-Iron/Cell_IMIFOB.gmol,31,
1-Iron/Cell_IMIFOB.gmol,32,
1-Iron/Cell_IMIFOB.gmol,33,
1-Iron/Cell_IMIFOB.gmol,34,
1-Iron/Cell_IMIFOB.gmol,35,
1-Iron/Cell_IMIFOB.gmol,36,
1-Iron/Cell_IMIFOB.gmol,37,
1-Iron/Cell_IMIFOB.gmol,38,
1-Iron/Cell_IMIFOB.gmol,39,
8-Copper/Cell_XUKPEA.gmol,0,
8-Copper/Cell_XUKPEA.gmol,1,
8-Copper/Cell_XUKPEA.gmol,2,
8-Copper/Cell_XUKPEA.gmol,3,
8-Copper/Cell_QUHYOI.gmol,0,
8-Copper/Cell_QUHYOI.gmol,1,
8-Copper/Cell_QUHYOI.gmol,2,
8-Copper/Cell_QUHYOI.gmol,3,
8-Copper/Cell_NAKKIU.gmol,0,
8-Copper/Cell_NAKKIU.gmol,1,
8-Copper/Cell_NAKKIU.gmol,2,
8-Copper/Cell_NAKKIU.gmol,3,
8-Copper/Cell_NAKKIU.gmol,4,
8-Copper/Cell_NAKKIU.gmol,5,
8-Copper/Cell_NAKKIU.gmol,6,
8-Copper/Cell_NAKKIU.gmol,7,
8-Copper/Cell_RINVOZ.gmol,0,
8-Copper/Cell_RINVOZ.gmol,1,
8-Copper/Cell_RINVOZ.gmol,2,
8-Copper/Cell_RINVOZ.gmol,3,
8-Copper/Cell_RINVOZ.gmol,4,
8-Copper/Cell_RINVOZ.gmol,5,
1-Iron/Cell_NIPMEF.gmol,0,
1-Iron/Cell_NIPMEF.gmol,1,
1-Iron/Cell_NIPMEF.gmol,2,
1-Iron/Cell_NIPMEF.gmol,3,
8-Copper/Cell_HAYROQ.gmol,0,
8-Copper/Cell_HAYROQ.gmol,1,
8-Copper/Cell_HAYROQ.gmol,2,
8-Copper/Cell_HAYROQ.gmol,3,
8-Copper/Cell_HAYROQ.gmol,4,
8-Copper/Cell_HAYROQ.gmol,5,
8-Copper/Cell_HAYROQ.gmol,6,
8-Copper/Cell_HAYROQ.gmol,7,
6-Cobalt/Cell_YEFJUQ.gmol,0,
6-Cobalt/Cell_YEFJUQ.gmol,1,
7-Nickel/Cell_PAJPAT.gmol,0,
7-Nickel/Cell_PAJPAT.gmol,1,
7-Nickel/Cell_PAJPAT.gmol,2,
7-Nickel/Cell_PAJPAT.gmol,3,
7-Nickel/Cell_GIFFUY.gmol,0,
7-Nickel/Cell_GIFFUY.gmol,1,
7-Nickel/Cell_GIFFUY.gmol,2,
7-Nickel/Cell_GIFFUY.gmol,3,
7-Nickel/Cell_GIFFUY.gmol,4,
7-Nickel/Cell_GIFFUY.gmol,5,
7-Nickel/Cell_GIFFUY.gmol,6,
7-Nickel/Cell_GIFFUY.gmol,7,
7-Nickel/Cell_SOCHAW.gmol,0,
7-Nickel/Cell_SOCHAW.gmol,1,
7-Nickel/Cell_SOCHAW.gmol,2,
7-Nickel/Cell_SOCHAW.gmol,3,
8-Copper/Cell_QOWXOQ.gmol,0,
8-Copper/Cell_QOWXOQ.gmol,1,
8-Copper/Cell_QOWXOQ.gmol,2,
8-Copper/Cell_QOWXOQ.gmol,3,
7-Nickel/Cell_JUXMUN.gmol,0,
7-Nickel/Cell_JUXMUN.gmol,1,
7-Nickel/Cell_JUXMUN.gmol,2,
7-Nickel/Cell_JUXMUN.gmol,3,
7-Nickel/Cell_JUXMUN.gmol,4,
7-Nickel/Cell_JUXMUN.gmol,5,
7-Nickel/Cell_JUXMUN.gmol,6,
7-Nickel/Cell_JUXMUN.gmol,7,
7-Nickel/Cell_JUXMUN.gmol,8,
7-Nickel/Cell_JUXMUN.gmol,9,
7-Nickel/Cell_JUXMUN.gmol,10,
7-Nickel/Cell_JUXMUN.gmol,11,
1-Iron/Cell_HAYBEQ.gmol,0,
1-Iron/Cell_HAYBEQ.gmol,1,
1-Iron/Cell_HAYBEQ.gmol,2,
1-Iron/Cell_HAYBEQ.gmol,3,
6-Cobalt/Cell_TASYIW.gmol,0,
6-Cobalt/Cell_TASYIW.gmol,1,
6-Cobalt/Cell_TASYIW.gmol,2,
6-Cobalt/Cell_TASYIW.gmol,3,
6-Cobalt/Cell_TASYIW.gmol,4,
6-Cobalt/Cell_TASYIW.gmol,5,
6-Cobalt/Cell_TASYIW.gmol,6,
6-Cobalt/Cell_TASYIW.gmol,7,
7-Nickel/Cell_HILBIQ.gmol,0,
7-Nickel/Cell_HILBIQ.gmol,1,
8-Copper/Cell_PEWHEH.gmol,0,
8-Copper/Cell_PEWHEH.gmol,1,
5-Chromium/Cell_RUJLOZ.gmol,0,
5-Chromium/Cell_RUJLOZ.gmol,1,
5-Chromium/Cell_RUJLOZ.gmol,2,
5-Chromium/Cell_RUJLOZ.gmol,3,
7-Nickel/Cell_DUZZUT.gmol,0,
7-Nickel/Cell_DUZZUT.gmol,1,
7-Nickel/Cell_DUZZUT.gmol,2,
7-Nickel/Cell_DUZZUT.gmol,3,
7-Nickel/Cell_DUZZUT.gmol,4,
7-Nickel/Cell_DUZZUT.gmol,5,
7-Nickel/Cell_DUZZUT.gmol,6,
7-Nickel/Cell_DUZZUT.gmol,7,
7-Nickel/Cell_DUZZUT.gmol,8,
7-Nickel/Cell_DUZZUT.gmol,9,
7-Nickel/Cell_DUZZUT.gmol,10,
7-Nickel/Cell_DUZZUT.gmol,11,
7-Nickel/Cell_GAGTAL.gmol,0,
7-Nickel/Cell_GAGTAL.gmol,1,
7-Nickel/Cell_GAGTAL.gmol,2,
7-Nickel/Cell_GAGTAL.gmol,3,
7-Nickel/Cell_GAGTAL.gmol,4,
7-Nickel/Cell_GAGTAL.gmol,5,
8-Copper/Cell_CXAPCU11.gmol,0,
8-Copper/Cell_CXAPCU11.gmol,1,
7-Nickel/Cell_GIBBEA.gmol,0,
7-Nickel/Cell_GIBBEA.gmol,1,
6-Cobalt/Cell_QITSUJ.gmol,0,
6-Cobalt/Cell_QITSUJ.gmol,1,
6-Cobalt/Cell_QITSUJ.gmol,2,
6-Cobalt/Cell_QITSUJ.gmol,3,
6-Cobalt/Cell_QITSUJ.gmol,4,
6-Cobalt/Cell_QITSUJ.gmol,5,
6-Cobalt/Cell_QITSUJ.gmol,6,
6-Cobalt/Cell_QITSUJ.gmol,7,
6-Cobalt/Cell_QITSUJ.gmol,8,
6-Cobalt/Cell_QITSUJ.gmol,9,
6-Cobalt/Cell_QITSUJ.gmol,10,
6-Cobalt/Cell_QITSUJ.gmol,11,
7-Nickel/Cell_PEJNOI.gmol,0,
7-Nickel/Cell_PEJNOI.gmol,1,
7-Nickel/Cell_PEJNOI.gmol,2,
7-Nickel/Cell_PEJNOI.gmol,3,
1-Iron/Cell_BERTAT.gmol,0,
1-Iron/Cell_BERTAT.gmol,1,
1-Iron/Cell_BERTAT.gmol,2,
6-Cobalt/Cell_FIKYED.gmol,0,
6-Cobalt/Cell_FIKYED.gmol,1,
6-Cobalt/Cell_FIKYED.gmol,2,
6-Cobalt/Cell_FIKYED.gmol,3,
8-Copper/Cell_MIRSIQ.gmol,0,
8-Copper/Cell_MIRSIQ.gmol,1,
7-Nickel/Cell_HIXKAC.gmol,0,
7-Nickel/Cell_HIXKAC.gmol,1,
7-Nickel/Cell_HIXKAC.gmol,2,
7-Nickel/Cell_HIXKAC.gmol,3,
5-Chromium/Cell_WAFZOU.gmol,0,
5-Chromium/Cell_WAFZOU.gmol,1,
5-Chromium/Cell_WAFZOU.gmol,2,
5-Chromium/Cell_WAFZOU.gmol,3,
5-Chromium/Cell_WAFZOU.gmol,4,
5-Chromium/Cell_WAFZOU.gmol,5,
5-Chromium/Cell_WAFZOU.gmol,6,
5-Chromium/Cell_WAFZOU.gmol,7,
8-Copper/Cell_ZARYIC.gmol,0,
8-Copper/Cell_ZARYIC.gmol,1,
8-Copper/Cell_ZARYIC.gmol,2,
8-Copper/Cell_ZARYIC.gmol,3,
2-Manganese/Cell_CMPOMN.gmol,0,
2-Manganese/Cell_CMPOMN.gmol,1,
8-Copper/Cell_QUXTEJ.gmol,0,
8-Copper/Cell_QUXTEJ.gmol,1,
8-Copper/Cell_QUXTEJ.gmol,2,
8-Copper/Cell_QUXTEJ.gmol,3,
8-Copper/Cell_QUXTEJ.gmol,4,
8-Copper/Cell_QUXTEJ.gmol,5,
8-Copper/Cell_QUXTEJ.gmol,6,
8-Copper/Cell_QUXTEJ.gmol,7,
5-Chromium/Cell_RIQQAJ.gmol,0,
5-Chromium/Cell_RIQQAJ.gmol,1,
5-Chromium/Cell_RIQQAJ.gmol,2,
5-Chromium/Cell_RIQQAJ.gmol,3,
5-Chromium/Cell_RIQQAJ.gmol,4,
5-Chromium/Cell_RIQQAJ.gmol,5,
5-Chromium/Cell_RIQQAJ.gmol,6,
5-Chromium/Cell_RIQQAJ.gmol,7,
6-Cobalt/Cell_MURMAO.gmol,0,
6-Cobalt/Cell_MURMAO.gmol,1,
6-Cobalt/Cell_MURMAO.gmol,2,
6-Cobalt/Cell_MURMAO.gmol,3,
1-Iron/Cell_EKINAN.gmol,0,
1-Iron/Cell_EKINAN.gmol,1,
1-Iron/Cell_EKINAN.gmol,2,
1-Iron/Cell_EKINAN.gmol,3,
3-Ruthenium/Cell_ROKYAT.gmol,0,
3-Ruthenium/Cell_ROKYAT.gmol,1,
7-Nickel/Cell_HALBEB.gmol,0,
7-Nickel/Cell_HALBEB.gmol,1,
7-Nickel/Cell_HALBEB.gmol,2,
7-Nickel/Cell_HALBEB.gmol,3,
3-Ruthenium/Cell_YENMIO.gmol,0,
3-Ruthenium/Cell_YENMIO.gmol,1,
3-Ruthenium/Cell_YENMIO.gmol,2,
3-Ruthenium/Cell_YENMIO.gmol,3,
3-Ruthenium/Cell_YENMIO.gmol,4,
3-Ruthenium/Cell_YENMIO.gmol,5,
3-Ruthenium/Cell_YENMIO.gmol,6,
3-Ruthenium/Cell_YENMIO.gmol,7,
2-Manganese/Cell_NOPYUM.gmol,0,
2-Manganese/Cell_NOPYUM.gmol,1,
2-Manganese/Cell_NOPYUM.gmol,2,
2-Manganese/Cell_NOPYUM.gmol,3,
2-Manganese/Cell_NOPYUM.gmol,4,
2-Manganese/Cell_NOPYUM.gmol,5,
2-Manganese/Cell_NOPYUM.gmol,6,
2-Manganese/Cell_NOPYUM.gmol,7,
8-Copper/Cell_XAHTEG.gmol,0,
8-Copper/Cell_XAHTEG.gmol,1,
8-Copper/Cell_XAHTEG.gmol,2,
8-Copper/Cell_XAHTEG.gmol,3,
8-Copper/Cell_XAHTEG.gmol,4,
8-Copper/Cell_XAHTEG.gmol,5,
8-Copper/Cell_XAHTEG.gmol,6,
8-Copper/Cell_XAHTEG.gmol,7,
8-Copper/Cell_XAHTEG.gmol,8,
8-Copper/Cell_XAHTEG.gmol,9,
8-Copper/Cell_XAHTEG.gmol,10,
8-Copper/Cell_XAHTEG.gmol,11,
8-Copper/Cell_TUYHUQ.gmol,0,
8-Copper/Cell_TUYHUQ.gmol,1,
8-Copper/Cell_TUYHUQ.gmol,2,
8-Copper/Cell_TUYHUQ.gmol,3,
1-Iron/Cell_GAHBUO.gmol,0,
1-Iron/Cell_GAHBUO.gmol,1,
1-Iron/Cell_GAHBUO.gmol,2,
1-Iron/Cell_GAHBUO.gmol,3,
8-Copper/Cell_ISUHOT.gmol,0,
8-Copper/Cell_ISUHOT.gmol,1,
6-Cobalt/Cell_HABKIF.gmol,0,
6-Cobalt/Cell_HABKIF.gmol,1,
6-Cobalt/Cell_HABKIF.gmol,2,
6-Cobalt/Cell_HABKIF.gmol,3,
6-Cobalt/Cell_HABKIF.gmol,4,
6-Cobalt/Cell_HABKIF.gmol,5,
8-Copper/Cell_TIRWUN.gmol,0,
8-Copper/Cell_TIRWUN.gmol,1,
7-Nickel/Cell_TOBQAC.gmol,0,
7-Nickel/Cell_TOBQAC.gmol,1,
7-Nickel/Cell_TOBQAC.gmol,2,
7-Nickel/Cell_TOBQAC.gmol,3,
7-Nickel/Cell_TOBQAC.gmol,4,
7-Nickel/Cell_TOBQAC.gmol,5,
7-Nickel/Cell_TOBQAC.gmol,6,
7-Nickel/Cell_TOBQAC.gmol,7,
6-Cobalt/Cell_FELMUE.gmol,0,
6-Cobalt/Cell_FELMUE.gmol,1,
6-Cobalt/Cell_FELMUE.gmol,2,
6-Cobalt/Cell_FELMUE.gmol,3,
6-Cobalt/Cell_FELMUE.gmol,4,
6-Cobalt/Cell_FELMUE.gmol,5,
6-Cobalt/Cell_FELMUE.gmol,6,
6-Cobalt/Cell_FELMUE.gmol,7,
6-Cobalt/Cell_FELMUE.gmol,8,
6-Cobalt/Cell_FELMUE.gmol,9,
6-Cobalt/Cell_FELMUE.gmol,10,
6-Cobalt/Cell_FELMUE.gmol,11,
7-Nickel/Cell_SURBIS.gmol,0,
7-Nickel/Cell_SURBIS.gmol,1,
7-Nickel/Cell_SURBIS.gmol,2,
7-Nickel/Cell_SURBIS.gmol,3,
7-Nickel/Cell_GONHAS.gmol,0,
7-Nickel/Cell_GONHAS.gmol,1,
7-Nickel/Cell_GONHAS.gmol,2,
7-Nickel/Cell_GONHAS.gmol,3,
7-Nickel/Cell_GONHAS.gmol,4,
7-Nickel/Cell_GONHAS.gmol,5,
7-Nickel/Cell_GONHAS.gmol,6,
7-Nickel/Cell_GONHAS.gmol,7,
8-Copper/Cell_PADCOO.gmol,0,
8-Copper/Cell_PADCOO.gmol,1,
8-Copper/Cell_PADCOO.gmol,2,
8-Copper/Cell_PADCOO.gmol,3,
8-Copper/Cell_PADCOO.gmol,4,
8-Copper/Cell_PADCOO.gmol,5,
8-Copper/Cell_PADCOO.gmol,6,
8-Copper/Cell_PADCOO.gmol,7,
8-Copper/Cell_PADCOO.gmol,8,
8-Copper/Cell_PADCOO.gmol,9,
3-Ruthenium/Cell_OJIVAE.gmol,0,
3-Ruthenium/Cell_OJIVAE.gmol,1,
3-Ruthenium/Cell_OJIVAE.gmol,2,
3-Ruthenium/Cell_OJIVAE.gmol,3,
3-Ruthenium/Cell_OJIVAE.gmol,4,
3-Ruthenium/Cell_OJIVAE.gmol,5,
3-Ruthenium/Cell_OJIVAE.gmol,6,
3-Ruthenium/Cell_OJIVAE.gmol,7,
3-Ruthenium/Cell_OJIVAE.gmol,8,
3-Ruthenium/Cell_OJIVAE.gmol,9,
3-Ruthenium/Cell_OJIVAE.gmol,10,
3-Ruthenium/Cell_OJIVAE.gmol,11,
3-Ruthenium/Cell_OJIVAE.gmol,12,
3-Ruthenium/Cell_OJIVAE.gmol,13,
3-Ruthenium/Cell_OJIVAE.gmol,14,
3-Ruthenium/Cell_OJIVAE.gmol,15,
3-Ruthenium/Cell_QOJSAK.gmol,0,
3-Ruthenium/Cell_QOJSAK.gmol,1,
3-Ruthenium/Cell_QOJSAK.gmol,2,
3-Ruthenium/Cell_QOJSAK.gmol,3,
3-Ruthenium/Cell_QOJSAK.gmol,4,
3-Ruthenium/Cell_QOJSAK.gmol,5,
3-Ruthenium/Cell_QOJSAK.gmol,6,
3-Ruthenium/Cell_QOJSAK.gmol,7,
3-Ruthenium/Cell_QOJSAK.gmol,8,
3-Ruthenium/Cell_QOJSAK.gmol,9,
3-Ruthenium/Cell_QOJSAK.gmol,10,
3-Ruthenium/Cell_QOJSAK.gmol,11,
3-Ruthenium/Cell_QOJSAK.gmol,12,
3-Ruthenium/Cell_QOJSAK.gmol,13,
3-Ruthenium/Cell_QOJSAK.gmol,14,
3-Ruthenium/Cell_QOJSAK.gmol,15,
3-Ruthenium/Cell_QOJSAK.gmol,16,
3-Ruthenium/Cell_QOJSAK.gmol,17,
3-Ruthenium/Cell_QOJSAK.gmol,18,
3-Ruthenium/Cell_QOJSAK.gmol,19,
3-Ruthenium/Cell_QOJSAK.gmol,20,
3-Ruthenium/Cell_QOJSAK.gmol,21,
3-Ruthenium/Cell_QOJSAK.gmol,22,
3-Ruthenium/Cell_QOJSAK.gmol,23,
7-Nickel/Cell_TUMNIA.gmol,0,
7-Nickel/Cell_TUMNIA.gmol,1,
7-Nickel/Cell_TUMNIA.gmol,2,
7-Nickel/Cell_TUMNIA.gmol,3,
7-Nickel/Cell_TUMNIA.gmol,4,
6-Cobalt/Cell_TAMZIT.gmol,0,
8-Copper/Cell_PIXPUH.gmol,0,
8-Copper/Cell_PIXPUH.gmol,1,
8-Copper/Cell_PIXPUH.gmol,2,
8-Copper/Cell_PIXPUH.gmol,3,
8-Copper/Cell_PIXPUH.gmol,4,
8-Copper/Cell_PIXPUH.gmol,5,
8-Copper/Cell_PIXPUH.gmol,6,
8-Copper/Cell_PIXPUH.gmol,7,
8-Copper/Cell_PIXPUH.gmol,8,
8-Copper/Cell_PIXPUH.gmol,9,
8-Copper/Cell_PIXPUH.gmol,10,
8-Copper/Cell_PIXPUH.gmol,11,
8-Copper/Cell_PIXPUH.gmol,12,
8-Copper/Cell_PIXPUH.gmol,13,
8-Copper/Cell_PIXPUH.gmol,14,
8-Copper/Cell_PIXPUH.gmol,15,
8-Copper/Cell_PIXPUH.gmol,16,
8-Copper/Cell_PIXPUH.gmol,17,
8-Copper/Cell_PIXPUH.gmol,18,
8-Copper/Cell_PIXPUH.gmol,19,
8-Copper/Cell_PIXPUH.gmol,20,
8-Copper/Cell_PIXPUH.gmol,21,
8-Copper/Cell_PIXPUH.gmol,22,
8-Copper/Cell_PIXPUH.gmol,23,
8-Copper/Cell_PIXPUH.gmol,24,
8-Copper/Cell_PIXPUH.gmol,25,
8-Copper/Cell_PIXPUH.gmol,26,
8-Copper/Cell_PIXPUH.gmol,27,
8-Copper/Cell_PIXPUH.gmol,28,
8-Copper/Cell_PIXPUH.gmol,29,
8-Copper/Cell_PIXPUH.gmol,30,
8-Copper/Cell_PIXPUH.gmol,31,
8-Copper/Cell_PIXPUH.gmol,32,
8-Copper/Cell_PIXPUH.gmol,33,
8-Copper/Cell_PIXPUH.gmol,34,
8-Copper/Cell_PIXPUH.gmol,35,
8-Copper/Cell_PIXPUH.gmol,36,
8-Copper/Cell_PIXPUH.gmol,37,
8-Copper/Cell_PIXPUH.gmol,38,
8-Copper/Cell_PIXPUH.gmol,39,
8-Copper/Cell_PIXPUH.gmol,40,
8-Copper/Cell_PIXPUH.gmol,41,
8-Copper/Cell_PIXPUH.gmol,42,
8-Copper/Cell_PIXPUH.gmol,43,
8-Copper/Cell_LIGGIU.gmol,0,
8-Copper/Cell_LIGGIU.gmol,1,
8-Copper/Cell_LIGGIU.gmol,2,
8-Copper/Cell_LIGGIU.gmol,3,
8-Copper/Cell_UYUNOS.gmol,0,
8-Copper/Cell_UYUNOS.gmol,1,
8-Copper/Cell_UYUNOS.gmol,2,
8-Copper/Cell_UYUNOS.gmol,3,
8-Copper/Cell_UYUNOS.gmol,4,
8-Copper/Cell_UYUNOS.gmol,5,
8-Copper/Cell_ADOQEP.gmol,0,
8-Copper/Cell_ADOQEP.gmol,1,
8-Copper/Cell_ADOQEP.gmol,2,
8-Copper/Cell_ADOQEP.gmol,3,
8-Copper/Cell_ADOQEP.gmol,4,
8-Copper/Cell_ADOQEP.gmol,5,
7-Nickel/Cell_ZIGKAE.gmol,0,
7-Nickel/Cell_ZIGKAE.gmol,1,
7-Nickel/Cell_ZIGKAE.gmol,2,
7-Nickel/Cell_ZIGKAE.gmol,3,
7-Nickel/Cell_ZIGKAE.gmol,4,
7-Nickel/Cell_ZIGKAE.gmol,5,
8-Copper/Cell_JEXYIX.gmol,0,
8-Copper/Cell_JEXYIX.gmol,1,
8-Copper/Cell_JEXYIX.gmol,2,
8-Copper/Cell_JEXYIX.gmol,3,
5-Chromium/Cell_ZEGSOT01.gmol,0,
5-Chromium/Cell_ZEGSOT01.gmol,1,
5-Chromium/Cell_ZEGSOT01.gmol,2,
5-Chromium/Cell_ZEGSOT01.gmol,3,
5-Chromium/Cell_REQPIO.gmol,0,
5-Chromium/Cell_REQPIO.gmol,1,
5-Chromium/Cell_REQPIO.gmol,2,
5-Chromium/Cell_REQPIO.gmol,3,
5-Chromium/Cell_REQPIO.gmol,4,
5-Chromium/Cell_REQPIO.gmol,5,
6-Cobalt/Cell_SEBXEF.gmol,0,
6-Cobalt/Cell_SEBXEF.gmol,1,
6-Cobalt/Cell_SEBXEF.gmol,2,
6-Cobalt/Cell_SEBXEF.gmol,3,
6-Cobalt/Cell_SEBXEF.gmol,4,
5-Chromium/Cell_EZUSEY.gmol,0,
5-Chromium/Cell_EZUSEY.gmol,1,
5-Chromium/Cell_EZUSEY.gmol,2,
5-Chromium/Cell_EZUSEY.gmol,3,
5-Chromium/Cell_EZUSEY.gmol,4,
5-Chromium/Cell_EZUSEY.gmol,5,
5-Chromium/Cell_EZUSEY.gmol,6,
5-Chromium/Cell_EZUSEY.gmol,7,
5-Chromium/Cell_EZUSEY.gmol,8,
5-Chromium/Cell_EZUSEY.gmol,9,
5-Chromium/Cell_EZUSEY.gmol,10,
5-Chromium/Cell_EZUSEY.gmol,11,
8-Copper/Cell_DIGJIM.gmol,0,
8-Copper/Cell_DIGJIM.gmol,1,
8-Copper/Cell_DIGJIM.gmol,2,
8-Copper/Cell_DIGJIM.gmol,3,
8-Copper/Cell_FAHBID.gmol,0,
8-Copper/Cell_FAHBID.gmol,1,
7-Nickel/Cell_PETHEB.gmol,0,
7-Nickel/Cell_PETHEB.gmol,1,
7-Nickel/Cell_PETHEB.gmol,2,
7-Nickel/Cell_PETHEB.gmol,3,
5-Chromium/Cell_FONHOF.gmol,0,
5-Chromium/Cell_FONHOF.gmol,1,
5-Chromium/Cell_FONHOF.gmol,2,
5-Chromium/Cell_FONHOF.gmol,3,
8-Copper/Cell_IQEDOZ.gmol,0,
8-Copper/Cell_IQEDOZ.gmol,1,
8-Copper/Cell_IQEDOZ.gmol,2,
8-Copper/Cell_IQEDOZ.gmol,3,
7-Nickel/Cell_ZUZQOA.gmol,0,
7-Nickel/Cell_ZUZQOA.gmol,1,
8-Copper/Cell_XOPQAW.gmol,0,
8-Copper/Cell_XOPQAW.gmol,1,
8-Copper/Cell_XOPQAW.gmol,2,
8-Copper/Cell_XOPQAW.gmol,3,
3-Ruthenium/Cell_EBIMIL.gmol,0,
3-Ruthenium/Cell_EBIMIL.gmol,1,
3-Ruthenium/Cell_EBIMIL.gmol,2,
3-Ruthenium/Cell_EBIMIL.gmol,3,
3-Ruthenium/Cell_EBIMIL.gmol,4,
3-Ruthenium/Cell_EBIMIL.gmol,5,
6-Cobalt/Cell_HIGTAV.gmol,0,
6-Cobalt/Cell_HIGTAV.gmol,1,
6-Cobalt/Cell_HIGTAV.gmol,2,
6-Cobalt/Cell_HIGTAV.gmol,3,
6-Cobalt/Cell_HIGTAV.gmol,4,
6-Cobalt/Cell_HIGTAV.gmol,5,
6-Cobalt/Cell_HIGTAV.gmol,6,
6-Cobalt/Cell_HIGTAV.gmol,7,
6-Cobalt/Cell_HIGTAV.gmol,8,
6-Cobalt/Cell_HIGTAV.gmol,9,
6-Cobalt/Cell_HIGTAV.gmol,10,
6-Cobalt/Cell_HIGTAV.gmol,11,
6-Cobalt/Cell_HIGTAV.gmol,12,
6-Cobalt/Cell_HIGTAV.gmol,13,
6-Cobalt/Cell_HIGTAV.gmol,14,
6-Cobalt/Cell_HIGTAV.gmol,15,
8-Copper/Cell_VIZKEW.gmol,0,
8-Copper/Cell_VIZKEW.gmol,1,
8-Copper/Cell_VIZKEW.gmol,2,
8-Copper/Cell_VIZKEW.gmol,3,
8-Copper/Cell_VIZKEW.gmol,4,
8-Copper/Cell_VIZKEW.gmol,5,
3-Ruthenium/Cell_NENLID.gmol,0,
3-Ruthenium/Cell_NENLID.gmol,1,
3-Ruthenium/Cell_NENLID.gmol,2,
3-Ruthenium/Cell_NENLID.gmol,3,
3-Ruthenium/Cell_NENLID.gmol,4,
3-Ruthenium/Cell_NENLID.gmol,5,
3-Ruthenium/Cell_NENLID.gmol,6,
3-Ruthenium/Cell_NENLID.gmol,7,
3-Ruthenium/Cell_NENLID.gmol,8,
3-Ruthenium/Cell_NENLID.gmol,9,
3-Ruthenium/Cell_NENLID.gmol,10,
3-Ruthenium/Cell_NENLID.gmol,11,
3-Ruthenium/Cell_OLOKEH.gmol,0,
3-Ruthenium/Cell_OLOKEH.gmol,1,
3-Ruthenium/Cell_OLOKEH.gmol,2,
3-Ruthenium/Cell_OLOKEH.gmol,3,
3-Ruthenium/Cell_OLOKEH.gmol,4,
3-Ruthenium/Cell_OLOKEH.gmol,5,
7-Nickel/Cell_YULMUP.gmol,0,
7-Nickel/Cell_YULMUP.gmol,1,
7-Nickel/Cell_YULMUP.gmol,2,
7-Nickel/Cell_YULMUP.gmol,3,
7-Nickel/Cell_YULMUP.gmol,4,
7-Nickel/Cell_YULMUP.gmol,5,
7-Nickel/Cell_YULMUP.gmol,6,
7-Nickel/Cell_YULMUP.gmol,7,
7-Nickel/Cell_YULMUP.gmol,8,
7-Nickel/Cell_YULMUP.gmol,9,
7-Nickel/Cell_YULMUP.gmol,10,
7-Nickel/Cell_YULMUP.gmol,11,
8-Copper/Cell_KUYJUK.gmol,0,
8-Copper/Cell_KUYJUK.gmol,1,
3-Ruthenium/Cell_NAWMEG.gmol,0,
3-Ruthenium/Cell_NAWMEG.gmol,1,
3-Ruthenium/Cell_NAWMEG.gmol,2,
3-Ruthenium/Cell_NAWMEG.gmol,3,
3-Ruthenium/Cell_NAWMEG.gmol,4,
3-Ruthenium/Cell_NAWMEG.gmol,5,
7-Nickel/Cell_LARMUO.gmol,0,
7-Nickel/Cell_LARMUO.gmol,1,
7-Nickel/Cell_LARMUO.gmol,2,
2-Manganese/Cell_KEFQIW.gmol,0,
2-Manganese/Cell_KEFQIW.gmol,1,
2-Manganese/Cell_KEFQIW.gmol,2,
2-Manganese/Cell_KEFQIW.gmol,3,
2-Manganese/Cell_KEFQIW.gmol,4,
2-Manganese/Cell_KEFQIW.gmol,5,
2-Manganese/Cell_KEFQIW.gmol,6,
2-Manganese/Cell_KEFQIW.gmol,7,
2-Manganese/Cell_KEFQIW.gmol,8,
2-Manganese/Cell_KEFQIW.gmol,9,
2-Manganese/Cell_KEFQIW.gmol,10,
2-Manganese/Cell_KEFQIW.gmol,11,
8-Copper/Cell_IMAXAX.gmol,0,
8-Copper/Cell_IMAXAX.gmol,1,
8-Copper/Cell_IMAXAX.gmol,2,
8-Copper/Cell_IMAXAX.gmol,3,
8-Copper/Cell_IMAXAX.gmol,4,
8-Copper/Cell_IMAXAX.gmol,5,
8-Copper/Cell_IMAXAX.gmol,6,
8-Copper/Cell_IMAXAX.gmol,7,
8-Copper/Cell_IMAXAX.gmol,8,
8-Copper/Cell_IMAXAX.gmol,9,
8-Copper/Cell_IMAXAX.gmol,10,
8-Copper/Cell_IMAXAX.gmol,11,
8-Copper/Cell_IMAXAX.gmol,12,
8-Copper/Cell_IMAXAX.gmol,13,
8-Copper/Cell_IMAXAX.gmol,14,
8-Copper/Cell_IMAXAX.gmol,15,
8-Copper/Cell_XUWNOT.gmol,0,
8-Copper/Cell_XUWNOT.gmol,1,
8-Copper/Cell_XUWNOT.gmol,2,
8-Copper/Cell_XUWNOT.gmol,3,
8-Copper/Cell_XUWNOT.gmol,4,
8-Copper/Cell_XUWNOT.gmol,5,
8-Copper/Cell_XUWNOT.gmol,6,
8-Copper/Cell_XUWNOT.gmol,7,
8-Copper/Cell_XUWNOT.gmol,8,
8-Copper/Cell_XUWNOT.gmol,9,
8-Copper/Cell_XUWNOT.gmol,10,
8-Copper/Cell_XUWNOT.gmol,11,
1-Iron/Cell_XAVJEK.gmol,0,
1-Iron/Cell_XAVJEK.gmol,1,
1-Iron/Cell_XAVJEK.gmol,2,
1-Iron/Cell_XAVJEK.gmol,3,
7-Nickel/Cell_LOQMEL.gmol,0,
7-Nickel/Cell_LOQMEL.gmol,1,
6-Cobalt/Cell_ASUDID.gmol,0,
6-Cobalt/Cell_ASUDID.gmol,1,
6-Cobalt/Cell_ASUDID.gmol,2,
6-Cobalt/Cell_ASUDID.gmol,3,
8-Copper/Cell_SAZDAB.gmol,0,
8-Copper/Cell_SAZDAB.gmol,1,
3-Ruthenium/Cell_NIPBOD.gmol,0,
3-Ruthenium/Cell_NIPBOD.gmol,1,
3-Ruthenium/Cell_NIPBOD.gmol,2,
3-Ruthenium/Cell_NIPBOD.gmol,3,
3-Ruthenium/Cell_NIPBOD.gmol,4,
3-Ruthenium/Cell_NIPBOD.gmol,5,
3-Ruthenium/Cell_NIPBOD.gmol,6,
3-Ruthenium/Cell_NIPBOD.gmol,7,
3-Ruthenium/Cell_NIPBOD.gmol,8,
3-Ruthenium/Cell_NIPBOD.gmol,9,
3-Ruthenium/Cell_NIPBOD.gmol,10,
3-Ruthenium/Cell_NIPBOD.gmol,11,
3-Ruthenium/Cell_NIPBOD.gmol,12,
3-Ruthenium/Cell_NIPBOD.gmol,13,
3-Ruthenium/Cell_NIPBOD.gmol,14,
3-Ruthenium/Cell_NIPBOD.gmol,15,
3-Ruthenium/Cell_EBIMAD.gmol,0,
3-Ruthenium/Cell_EBIMAD.gmol,1,
3-Ruthenium/Cell_EBIMAD.gmol,2,
3-Ruthenium/Cell_EBIMAD.gmol,3,
3-Ruthenium/Cell_EBIMAD.gmol,4,
3-Ruthenium/Cell_EBIMAD.gmol,5,
1-Iron/Cell_UCECEL.gmol,0,
1-Iron/Cell_UCECEL.gmol,1,
1-Iron/Cell_UCECEL.gmol,2,
1-Iron/Cell_UCECEL.gmol,3,
1-Iron/Cell_UCECEL.gmol,4,
1-Iron/Cell_UCECEL.gmol,5,
1-Iron/Cell_UCECEL.gmol,6,
1-Iron/Cell_UCECEL.gmol,7,
3-Ruthenium/Cell_NUCFOH.gmol,0,
3-Ruthenium/Cell_NUCFOH.gmol,1,
3-Ruthenium/Cell_NUCFOH.gmol,2,
3-Ruthenium/Cell_NUCFOH.gmol,3,
3-Ruthenium/Cell_NUCFOH.gmol,4,
3-Ruthenium/Cell_NUCFOH.gmol,5,
3-Ruthenium/Cell_NUCFOH.gmol,6,
3-Ruthenium/Cell_NUCFOH.gmol,7,
8-Copper/Cell_NEFZEE.gmol,0,
8-Copper/Cell_NEFZEE.gmol,1,
8-Copper/Cell_NEFZEE.gmol,2,
8-Copper/Cell_NEFZEE.gmol,3,
8-Copper/Cell_BECFOG.gmol,0,
8-Copper/Cell_BECFOG.gmol,1,
8-Copper/Cell_BECFOG.gmol,2,
8-Copper/Cell_BECFOG.gmol,3,
3-Ruthenium/Cell_FIBCAW.gmol,0,
3-Ruthenium/Cell_FIBCAW.gmol,1,
3-Ruthenium/Cell_FIBCAW.gmol,2,
3-Ruthenium/Cell_FIBCAW.gmol,3,
3-Ruthenium/Cell_FIBCAW.gmol,4,
3-Ruthenium/Cell_FIBCAW.gmol,5,
3-Ruthenium/Cell_FIBCAW.gmol,6,
3-Ruthenium/Cell_FIBCAW.gmol,7,
1-Iron/Cell_CABXIO.gmol,0,
1-Iron/Cell_CABXIO.gmol,1,
7-Nickel/Cell_WOGYAU.gmol,0,
7-Nickel/Cell_WOGYAU.gmol,1,
7-Nickel/Cell_WOGYAU.gmol,2,
7-Nickel/Cell_WOGYAU.gmol,3,
8-Copper/Cell_KUCNAY.gmol,0,
8-Copper/Cell_KUCNAY.gmol,1,
7-Nickel/Cell_BOLNEV.gmol,0,
2-Manganese/Cell_COYLEH10.gmol,0,
2-Manganese/Cell_COYLEH10.gmol,1,
8-Copper/Cell_ZABBAJ.gmol,0,
8-Copper/Cell_ZABBAJ.gmol,1,
8-Copper/Cell_ZABBAJ.gmol,2,
8-Copper/Cell_ZABBAJ.gmol,3,
7-Nickel/Cell_FAMVAS.gmol,0,
7-Nickel/Cell_FAMVAS.gmol,1,
7-Nickel/Cell_FAMVAS.gmol,2,
3-Ruthenium/Cell_HEGMIP.gmol,0,
3-Ruthenium/Cell_HEGMIP.gmol,1,
3-Ruthenium/Cell_HEGMIP.gmol,2,
3-Ruthenium/Cell_HEGMIP.gmol,3,
3-Ruthenium/Cell_HEGMIP.gmol,4,
3-Ruthenium/Cell_HEGMIP.gmol,5,
6-Cobalt/Cell_MUYGAQ.gmol,0,
6-Cobalt/Cell_MUYGAQ.gmol,1,
6-Cobalt/Cell_MUYGAQ.gmol,2,
6-Cobalt/Cell_MUYGAQ.gmol,3,
8-Copper/Cell_DEFWAP.gmol,0,
8-Copper/Cell_DEFWAP.gmol,1,
8-Copper/Cell_DEFWAP.gmol,2,
8-Copper/Cell_DEFWAP.gmol,3,
8-Copper/Cell_DEFWAP.gmol,4,
8-Copper/Cell_DEFWAP.gmol,5,
8-Copper/Cell_DEFWAP.gmol,6,
8-Copper/Cell_DEFWAP.gmol,7,
1-Iron/Cell_BIWPOP.gmol,0,
1-Iron/Cell_BIWPOP.gmol,1,
1-Iron/Cell_BIWPOP.gmol,2,
1-Iron/Cell_BIWPOP.gmol,3,
1-Iron/Cell_BIWPOP.gmol,4,
1-Iron/Cell_BIWPOP.gmol,5,
1-Iron/Cell_BIWPOP.gmol,6,
1-Iron/Cell_BIWPOP.gmol,7,
2-Manganese/Cell_AWOLOO.gmol,0,
2-Manganese/Cell_AWOLOO.gmol,1,
2-Manganese/Cell_AWOLOO.gmol,2,
2-Manganese/Cell_AWOLOO.gmol,3,
2-Manganese/Cell_AWOLOO.gmol,4,
2-Manganese/Cell_AWOLOO.gmol,5,
2-Manganese/Cell_AWOLOO.gmol,6,
2-Manganese/Cell_AWOLOO.gmol,7,
8-Copper/Cell_MATRIJ.gmol,0,
8-Copper/Cell_MATRIJ.gmol,1,
8-Copper/Cell_MATRIJ.gmol,2,
8-Copper/Cell_MATRIJ.gmol,3,
8-Copper/Cell_MATRIJ.gmol,4,
8-Copper/Cell_MATRIJ.gmol,5,
7-Nickel/Cell_HUBBUC.gmol,0,
7-Nickel/Cell_HUBBUC.gmol,1,
7-Nickel/Cell_HUBBUC.gmol,2,
7-Nickel/Cell_HUBBUC.gmol,3,
7-Nickel/Cell_HUBBUC.gmol,4,
7-Nickel/Cell_HUBBUC.gmol,5,
7-Nickel/Cell_HUBBUC.gmol,6,
7-Nickel/Cell_HUBBUC.gmol,7,
7-Nickel/Cell_HUBBUC.gmol,8,
7-Nickel/Cell_HUBBUC.gmol,9,
7-Nickel/Cell_HUBBUC.gmol,10,
7-Nickel/Cell_HUBBUC.gmol,11,
7-Nickel/Cell_HUBBUC.gmol,12,
7-Nickel/Cell_HUBBUC.gmol,13,
7-Nickel/Cell_HUBBUC.gmol,14,
7-Nickel/Cell_HUBBUC.gmol,15,
7-Nickel/Cell_DADWIS.gmol,0,
7-Nickel/Cell_DADWIS.gmol,1,
7-Nickel/Cell_DADWIS.gmol,2,
7-Nickel/Cell_DADWIS.gmol,3,
7-Nickel/Cell_NUTBEK.gmol,0,
7-Nickel/Cell_NUTBEK.gmol,1,
7-Nickel/Cell_NUTBEK.gmol,2,
7-Nickel/Cell_NUTBEK.gmol,3,
3-Ruthenium/Cell_HEFZIB.gmol,0,
3-Ruthenium/Cell_HEFZIB.gmol,1,
3-Ruthenium/Cell_HEFZIB.gmol,2,
3-Ruthenium/Cell_HEFZIB.gmol,3,
6-Cobalt/Cell_CANVIY.gmol,0,
6-Cobalt/Cell_CANVIY.gmol,1,
6-Cobalt/Cell_CANVIY.gmol,2,
6-Cobalt/Cell_CANVIY.gmol,3,
6-Cobalt/Cell_CANVIY.gmol,4,
6-Cobalt/Cell_CANVIY.gmol,5,
6-Cobalt/Cell_CANVIY.gmol,6,
6-Cobalt/Cell_CANVIY.gmol,7,
8-Copper/Cell_EVOKIJ.gmol,0,
8-Copper/Cell_EVOKIJ.gmol,1,
8-Copper/Cell_EVOKIJ.gmol,2,
8-Copper/Cell_EVOKIJ.gmol,3,
8-Copper/Cell_EVOKIJ.gmol,4,
8-Copper/Cell_EVOKIJ.gmol,5,
8-Copper/Cell_EVOKIJ.gmol,6,
8-Copper/Cell_EVOKIJ.gmol,7,
5-Chromium/Cell_ULANIF.gmol,0,
5-Chromium/Cell_ULANIF.gmol,1,
3-Ruthenium/Cell_OKEKUM.gmol,0,
3-Ruthenium/Cell_OKEKUM.gmol,1,
3-Ruthenium/Cell_OKEKUM.gmol,2,
3-Ruthenium/Cell_OKEKUM.gmol,3,
3-Ruthenium/Cell_OKEKUM.gmol,4,
3-Ruthenium/Cell_OKEKUM.gmol,5,
3-Ruthenium/Cell_OKEKUM.gmol,6,
3-Ruthenium/Cell_OKEKUM.gmol,7,
3-Ruthenium/Cell_OKEKUM.gmol,8,
3-Ruthenium/Cell_OKEKUM.gmol,9,
3-Ruthenium/Cell_OKEKUM.gmol,10,
3-Ruthenium/Cell_OKEKUM.gmol,11,
3-Ruthenium/Cell_OKEKUM.gmol,12,
3-Ruthenium/Cell_OKEKUM.gmol,13,
3-Ruthenium/Cell_OKEKUM.gmol,14,
3-Ruthenium/Cell_OKEKUM.gmol,15,
3-Ruthenium/Cell_OKEKUM.gmol,16,
3-Ruthenium/Cell_OKEKUM.gmol,17,
3-Ruthenium/Cell_OKEKUM.gmol,18,
3-Ruthenium/Cell_OKEKUM.gmol,19,
8-Copper/Cell_SEQQIP.gmol,0,
8-Copper/Cell_SEQQIP.gmol,1,
2-Manganese/Cell_BIPJER.gmol,0,
2-Manganese/Cell_BIPJER.gmol,1,
2-Manganese/Cell_BIPJER.gmol,2,
2-Manganese/Cell_BIPJER.gmol,3,
2-Manganese/Cell_BIPJER.gmol,4,
2-Manganese/Cell_BIPJER.gmol,5,
2-Manganese/Cell_BIPJER.gmol,6,
2-Manganese/Cell_BIPJER.gmol,7,
2-Manganese/Cell_BIPJER.gmol,8,
2-Manganese/Cell_BIPJER.gmol,9,
8-Copper/Cell_TIZMUL.gmol,0,
8-Copper/Cell_TIZMUL.gmol,1,
6-Cobalt/Cell_REPROU.gmol,0,
6-Cobalt/Cell_REPROU.gmol,1,
6-Cobalt/Cell_REPROU.gmol,2,
6-Cobalt/Cell_REPROU.gmol,3,
3-Ruthenium/Cell_LUNBEE.gmol,0,
3-Ruthenium/Cell_LUNBEE.gmol,1,
3-Ruthenium/Cell_LUNBEE.gmol,2,
3-Ruthenium/Cell_LUNBEE.gmol,3,
3-Ruthenium/Cell_LUNBEE.gmol,4,
3-Ruthenium/Cell_LUNBEE.gmol,5,
3-Ruthenium/Cell_LUNBEE.gmol,6,
3-Ruthenium/Cell_LUNBEE.gmol,7,
3-Ruthenium/Cell_LUNBEE.gmol,8,
3-Ruthenium/Cell_LUNBEE.gmol,9,
3-Ruthenium/Cell_LUNBEE.gmol,10,
3-Ruthenium/Cell_LUNBEE.gmol,11,
3-Ruthenium/Cell_LUNBEE.gmol,12,
3-Ruthenium/Cell_LUNBEE.gmol,13,
3-Ruthenium/Cell_LUNBEE.gmol,14,
3-Ruthenium/Cell_LUNBEE.gmol,15,
3-Ruthenium/Cell_LUNBEE.gmol,16,
3-Ruthenium/Cell_LUNBEE.gmol,17,
3-Ruthenium/Cell_LUNBEE.gmol,18,
3-Ruthenium/Cell_LUNBEE.gmol,19,
3-Ruthenium/Cell_LUNBEE.gmol,20,
3-Ruthenium/Cell_LUNBEE.gmol,21,
3-Ruthenium/Cell_LUNBEE.gmol,22,
3-Ruthenium/Cell_LUNBEE.gmol,23,
8-Copper/Cell_VIRREW.gmol,0,
8-Copper/Cell_VIRREW.gmol,1,
8-Copper/Cell_VIRREW.gmol,2,
8-Copper/Cell_VIRREW.gmol,3,
8-Copper/Cell_VIRREW.gmol,4,
8-Copper/Cell_VIRREW.gmol,5,
8-Copper/Cell_VIRREW.gmol,6,
8-Copper/Cell_VIRREW.gmol,7,
4-Rhenium/Cell_GAFZUL.gmol,0,
4-Rhenium/Cell_GAFZUL.gmol,1,
4-Rhenium/Cell_GAFZUL.gmol,2,
4-Rhenium/Cell_GAFZUL.gmol,3,
4-Rhenium/Cell_GAFZUL.gmol,4,
4-Rhenium/Cell_GAFZUL.gmol,5,
4-Rhenium/Cell_GAFZUL.gmol,6,
4-Rhenium/Cell_GAFZUL.gmol,7,
4-Rhenium/Cell_GAFZUL.gmol,8,
4-Rhenium/Cell_GAFZUL.gmol,9,
4-Rhenium/Cell_GAFZUL.gmol,10,
4-Rhenium/Cell_GAFZUL.gmol,11,
4-Rhenium/Cell_GAFZUL.gmol,12,
4-Rhenium/Cell_GAFZUL.gmol,13,
4-Rhenium/Cell_GAFZUL.gmol,14,
4-Rhenium/Cell_GAFZUL.gmol,15,
4-Rhenium/Cell_GAFZUL.gmol,16,
4-Rhenium/Cell_GAFZUL.gmol,17,
4-Rhenium/Cell_GAFZUL.gmol,18,
4-Rhenium/Cell_GAFZUL.gmol,19,
4-Rhenium/Cell_GAFZUL.gmol,20,
4-Rhenium/Cell_GAFZUL.gmol,21,
4-Rhenium/Cell_GAFZUL.gmol,22,
4-Rhenium/Cell_GAFZUL.gmol,23,
4-Rhenium/Cell_GAFZUL.gmol,24,
4-Rhenium/Cell_GAFZUL.gmol,25,
4-Rhenium/Cell_GAFZUL.gmol,26,
4-Rhenium/Cell_GAFZUL.gmol,27,
4-Rhenium/Cell_GAFZUL.gmol,28,
4-Rhenium/Cell_GAFZUL.gmol,29,
4-Rhenium/Cell_GAFZUL.gmol,30,
4-Rhenium/Cell_GAFZUL.gmol,31,
4-Rhenium/Cell_GAFZUL.gmol,32,
4-Rhenium/Cell_GAFZUL.gmol,33,
4-Rhenium/Cell_GAFZUL.gmol,34,
4-Rhenium/Cell_GAFZUL.gmol,35,
4-Rhenium/Cell_GAFZUL.gmol,36,
4-Rhenium/Cell_GAFZUL.gmol,37,
4-Rhenium/Cell_GAFZUL.gmol,38,
4-Rhenium/Cell_GAFZUL.gmol,39,
7-Nickel/Cell_AMALAB.gmol,0,
7-Nickel/Cell_AMALAB.gmol,1,
7-Nickel/Cell_AMALAB.gmol,2,
7-Nickel/Cell_AMALAB.gmol,3,
7-Nickel/Cell_TATHED.gmol,0,
6-Cobalt/Cell_MIJBEM.gmol,0,
7-Nickel/Cell_QAVPOT.gmol,0,
7-Nickel/Cell_QAVPOT.gmol,1,
7-Nickel/Cell_QAVPOT.gmol,2,
7-Nickel/Cell_QAVPOT.gmol,3,
7-Nickel/Cell_QAVPOT.gmol,4,
7-Nickel/Cell_QAVPOT.gmol,5,
1-Iron/Cell_ZAJHEA.gmol,0,
1-Iron/Cell_ZAJHEA.gmol,1,
1-Iron/Cell_ZAJHEA.gmol,2,
1-Iron/Cell_ZAJHEA.gmol,3,
1-Iron/Cell_ZAJHEA.gmol,4,
1-Iron/Cell_ZAJHEA.gmol,5,
1-Iron/Cell_ZAJHEA.gmol,6,
1-Iron/Cell_ZAJHEA.gmol,7,
8-Copper/Cell_ASAMAJ.gmol,0,
8-Copper/Cell_ASAMAJ.gmol,1,
7-Nickel/Cell_SEBLAN.gmol,0,
7-Nickel/Cell_SEBLAN.gmol,1,
7-Nickel/Cell_SEBLAN.gmol,2,
7-Nickel/Cell_SEBLAN.gmol,3,
7-Nickel/Cell_SEBLAN.gmol,4,
7-Nickel/Cell_SEBLAN.gmol,5,
7-Nickel/Cell_SEBLAN.gmol,6,
7-Nickel/Cell_SEBLAN.gmol,7,
8-Copper/Cell_CEKHOP.gmol,0,
8-Copper/Cell_CEKHOP.gmol,1,
8-Copper/Cell_CEKHOP.gmol,2,
8-Copper/Cell_CEKHOP.gmol,3,
3-Ruthenium/Cell_REPBIX.gmol,0,
3-Ruthenium/Cell_REPBIX.gmol,1,
3-Ruthenium/Cell_REPBIX.gmol,2,
3-Ruthenium/Cell_REPBIX.gmol,3,
8-Copper/Cell_YATTOD.gmol,0,
8-Copper/Cell_YATTOD.gmol,1,
8-Copper/Cell_YATTOD.gmol,2,
8-Copper/Cell_YATTOD.gmol,3,
8-Copper/Cell_YATTOD.gmol,4,
8-Copper/Cell_YATTOD.gmol,5,
8-Copper/Cell_YATTOD.gmol,6,
8-Copper/Cell_YATTOD.gmol,7,
8-Copper/Cell_YATTOD.gmol,8,
8-Copper/Cell_YATTOD.gmol,9,
8-Copper/Cell_YATTOD.gmol,10,
8-Copper/Cell_YATTOD.gmol,11,
6-Cobalt/Cell_BENCIH.gmol,0,
6-Cobalt/Cell_BENCIH.gmol,1,
6-Cobalt/Cell_BENCIH.gmol,2,
6-Cobalt/Cell_BENCIH.gmol,3,
7-Nickel/Cell_SUYZUJ.gmol,0,
7-Nickel/Cell_SUYZUJ.gmol,1,
7-Nickel/Cell_SUYZUJ.gmol,2,
7-Nickel/Cell_SUYZUJ.gmol,3,
8-Copper/Cell_OMUZEC.gmol,0,
8-Copper/Cell_OMUZEC.gmol,1,
7-Nickel/Cell_BUPKUT.gmol,0,
7-Nickel/Cell_BUPKUT.gmol,1,
7-Nickel/Cell_BUPKUT.gmol,2,
7-Nickel/Cell_BUPKUT.gmol,3,
7-Nickel/Cell_BUPKUT.gmol,4,
7-Nickel/Cell_BUPKUT.gmol,5,
7-Nickel/Cell_BUPKUT.gmol,6,
7-Nickel/Cell_BUPKUT.gmol,7,
4-Rhenium/Cell_ZEBJAR.gmol,0,
4-Rhenium/Cell_ZEBJAR.gmol,1,
4-Rhenium/Cell_ZEBJAR.gmol,2,
4-Rhenium/Cell_ZEBJAR.gmol,3,
8-Copper/Cell_GAMDOP.gmol,0,
8-Copper/Cell_GAMDOP.gmol,1,
8-Copper/Cell_GAMDOP.gmol,2,
8-Copper/Cell_GAMDOP.gmol,3,
8-Copper/Cell_GAMDOP.gmol,4,
8-Copper/Cell_GAMDOP.gmol,5,
8-Copper/Cell_GAMDOP.gmol,6,
8-Copper/Cell_GAMDOP.gmol,7,
1-Iron/Cell_JIJXIM.gmol,0,
1-Iron/Cell_JIJXIM.gmol,1,
8-Copper/Cell_ROKQIU.gmol,0,
8-Copper/Cell_ROKQIU.gmol,1,
4-Rhenium/Cell_LUYXAE.gmol,0,
4-Rhenium/Cell_LUYXAE.gmol,1,
4-Rhenium/Cell_LUYXAE.gmol,2,
4-Rhenium/Cell_LUYXAE.gmol,3,
3-Ruthenium/Cell_MIKHEW.gmol,0,
3-Ruthenium/Cell_MIKHEW.gmol,1,
7-Nickel/Cell_YABLIW.gmol,0,
7-Nickel/Cell_YABLIW.gmol,1,
7-Nickel/Cell_YABLIW.gmol,2,
7-Nickel/Cell_YABLIW.gmol,3,
7-Nickel/Cell_TADKOB.gmol,0,
7-Nickel/Cell_TADKOB.gmol,1,
7-Nickel/Cell_TADKOB.gmol,2,
7-Nickel/Cell_TADKOB.gmol,3,
1-Iron/Cell_DUCKIX.gmol,0,
1-Iron/Cell_DUCKIX.gmol,1,
1-Iron/Cell_DUCKIX.gmol,2,
1-Iron/Cell_DUCKIX.gmol,3,
1-Iron/Cell_DUCKIX.gmol,4,
1-Iron/Cell_DUCKIX.gmol,5,
1-Iron/Cell_DUCKIX.gmol,6,
1-Iron/Cell_DUCKIX.gmol,7,
1-Iron/Cell_DUCKIX.gmol,8,
1-Iron/Cell_DUCKIX.gmol,9,
1-Iron/Cell_DUCKIX.gmol,10,
1-Iron/Cell_DUCKIX.gmol,11,
1-Iron/Cell_DUCKIX.gmol,12,
1-Iron/Cell_DUCKIX.gmol,13,
1-Iron/Cell_DUCKIX.gmol,14,
1-Iron/Cell_DUCKIX.gmol,15,
1-Iron/Cell_DUCKIX.gmol,16,
1-Iron/Cell_DUCKIX.gmol,17,
1-Iron/Cell_DUCKIX.gmol,18,
1-Iron/Cell_DUCKIX.gmol,19,
1-Iron/Cell_DUCKIX.gmol,20,
1-Iron/Cell_DUCKIX.gmol,21,
1-Iron/Cell_DUCKIX.gmol,22,
1-Iron/Cell_DUCKIX.gmol,23,
8-Copper/Cell_TISDAC.gmol,0,
8-Copper/Cell_TISDAC.gmol,1,
2-Manganese/Cell_FUFGIX.gmol,0,
2-Manganese/Cell_FUFGIX.gmol,1,
6-Cobalt/Cell_IFOQEZ.gmol,0,
6-Cobalt/Cell_IFOQEZ.gmol,1,
6-Cobalt/Cell_IFOQEZ.gmol,2,
6-Cobalt/Cell_IFOQEZ.gmol,3,
8-Copper/Cell_RIPDUS.gmol,0,
8-Copper/Cell_RIPDUS.gmol,1,
8-Copper/Cell_RIPDUS.gmol,2,
8-Copper/Cell_CITVEJ.gmol,0,
8-Copper/Cell_CITVEJ.gmol,1,
3-Ruthenium/Cell_YEKCOH.gmol,0,
3-Ruthenium/Cell_YEKCOH.gmol,1,
3-Ruthenium/Cell_YEKCOH.gmol,2,
3-Ruthenium/Cell_YEKCOH.gmol,3,
8-Copper/Cell_UFIQOQ.gmol,0,
8-Copper/Cell_UFIQOQ.gmol,1,
8-Copper/Cell_UFIQOQ.gmol,2,
8-Copper/Cell_UFIQOQ.gmol,3,
8-Copper/Cell_UFIQOQ.gmol,4,
8-Copper/Cell_UFIQOQ.gmol,5,
8-Copper/Cell_UFIQOQ.gmol,6,
8-Copper/Cell_UFIQOQ.gmol,7,
8-Copper/Cell_LISSOX.gmol,0,
8-Copper/Cell_LISSOX.gmol,1,
8-Copper/Cell_LISSOX.gmol,2,
8-Copper/Cell_LISSOX.gmol,3,
8-Copper/Cell_LISSOX.gmol,4,
8-Copper/Cell_LISSOX.gmol,5,
8-Copper/Cell_LISSOX.gmol,6,
8-Copper/Cell_LISSOX.gmol,7,
8-Copper/Cell_LISSOX.gmol,8,
8-Copper/Cell_LISSOX.gmol,9,
8-Copper/Cell_LISSOX.gmol,10,
8-Copper/Cell_LISSOX.gmol,11,
8-Copper/Cell_LISSOX.gmol,12,
8-Copper/Cell_LISSOX.gmol,13,
8-Copper/Cell_LISSOX.gmol,14,
8-Copper/Cell_LISSOX.gmol,15,
6-Cobalt/Cell_BISNAV.gmol,0,
6-Cobalt/Cell_BISNAV.gmol,1,
6-Cobalt/Cell_BISNAV.gmol,2,
6-Cobalt/Cell_BISNAV.gmol,3,
3-Ruthenium/Cell_ULALAV.gmol,0,
3-Ruthenium/Cell_ULALAV.gmol,1,
3-Ruthenium/Cell_ULALAV.gmol,2,
3-Ruthenium/Cell_ULALAV.gmol,3,
8-Copper/Cell_KELTUS.gmol,0,
8-Copper/Cell_KELTUS.gmol,1,
8-Copper/Cell_KELTUS.gmol,2,
8-Copper/Cell_KELTUS.gmol,3,
8-Copper/Cell_KELTUS.gmol,4,
8-Copper/Cell_KELTUS.gmol,5,
8-Copper/Cell_KELTUS.gmol,6,
8-Copper/Cell_KELTUS.gmol,7,
8-Copper/Cell_JEFRIY.gmol,0,
8-Copper/Cell_JEFRIY.gmol,1,
8-Copper/Cell_JEFRIY.gmol,2,
8-Copper/Cell_JEFRIY.gmol,3,
7-Nickel/Cell_VURNOM.gmol,0,
7-Nickel/Cell_VURNOM.gmol,1,
7-Nickel/Cell_VURNOM.gmol,2,
7-Nickel/Cell_VURNOM.gmol,3,
7-Nickel/Cell_VURNOM.gmol,4,
7-Nickel/Cell_VURNOM.gmol,5,
7-Nickel/Cell_VURNOM.gmol,6,
7-Nickel/Cell_VURNOM.gmol,7,
7-Nickel/Cell_VURNOM.gmol,8,
7-Nickel/Cell_VURNOM.gmol,9,
7-Nickel/Cell_VURNOM.gmol,10,
7-Nickel/Cell_VURNOM.gmol,11,
8-Copper/Cell_AZODEZ.gmol,0,
8-Copper/Cell_AZODEZ.gmol,1,
8-Copper/Cell_AZODEZ.gmol,2,
8-Copper/Cell_AZODEZ.gmol,3,
7-Nickel/Cell_QEDBAF.gmol,0,
7-Nickel/Cell_QEDBAF.gmol,1,
7-Nickel/Cell_QEDBAF.gmol,2,
7-Nickel/Cell_QEDBAF.gmol,3,
7-Nickel/Cell_QEDBAF.gmol,4,
7-Nickel/Cell_QEDBAF.gmol,5,
7-Nickel/Cell_QEDBAF.gmol,6,
7-Nickel/Cell_QEDBAF.gmol,7,
7-Nickel/Cell_UDUXUN.gmol,0,
7-Nickel/Cell_UDUXUN.gmol,1,
7-Nickel/Cell_UDUXUN.gmol,2,
7-Nickel/Cell_UDUXUN.gmol,3,
7-Nickel/Cell_UDUXUN.gmol,4,
7-Nickel/Cell_UDUXUN.gmol,5,
7-Nickel/Cell_UDUXUN.gmol,6,
7-Nickel/Cell_UDUXUN.gmol,7,
8-Copper/Cell_BELWAR.gmol,0,
8-Copper/Cell_BELWAR.gmol,1,
8-Copper/Cell_BELWAR.gmol,2,
8-Copper/Cell_BELWAR.gmol,3,
8-Copper/Cell_BELWAR.gmol,4,
8-Copper/Cell_BELWAR.gmol,5,
8-Copper/Cell_BELWAR.gmol,6,
8-Copper/Cell_BELWAR.gmol,7,
8-Copper/Cell_BELWAR.gmol,8,
8-Copper/Cell_BELWAR.gmol,9,
8-Copper/Cell_BELWAR.gmol,10,
8-Copper/Cell_BELWAR.gmol,11,
8-Copper/Cell_BELWAR.gmol,12,
8-Copper/Cell_BELWAR.gmol,13,
8-Copper/Cell_BELWAR.gmol,14,
8-Copper/Cell_BELWAR.gmol,15,
7-Nickel/Cell_GOHZAF.gmol,0,
7-Nickel/Cell_GOHZAF.gmol,1,
7-Nickel/Cell_GOHZAF.gmol,2,
7-Nickel/Cell_GOHZAF.gmol,3,
7-Nickel/Cell_ORUDUB.gmol,0,
7-Nickel/Cell_ORUDUB.gmol,1,
7-Nickel/Cell_ORUDUB.gmol,2,
7-Nickel/Cell_ORUDUB.gmol,3,
3-Ruthenium/Cell_IPAKIT.gmol,0,
3-Ruthenium/Cell_IPAKIT.gmol,1,
3-Ruthenium/Cell_IPAKIT.gmol,2,
3-Ruthenium/Cell_IPAKIT.gmol,3,
3-Ruthenium/Cell_IPAKIT.gmol,4,
3-Ruthenium/Cell_IPAKIT.gmol,5,
3-Ruthenium/Cell_IPAKIT.gmol,6,
3-Ruthenium/Cell_IPAKIT.gmol,7,
3-Ruthenium/Cell_IPAKIT.gmol,8,
3-Ruthenium/Cell_IPAKIT.gmol,9,
3-Ruthenium/Cell_IPAKIT.gmol,10,
3-Ruthenium/Cell_IPAKIT.gmol,11,
7-Nickel/Cell_BASWUQ.gmol,0,
7-Nickel/Cell_BASWUQ.gmol,1,
7-Nickel/Cell_BASWUQ.gmol,2,
7-Nickel/Cell_BASWUQ.gmol,3,
3-Ruthenium/Cell_LIYJAF.gmol,0,
3-Ruthenium/Cell_LIYJAF.gmol,1,
3-Ruthenium/Cell_LIYJAF.gmol,2,
3-Ruthenium/Cell_LIYJAF.gmol,3,
8-Copper/Cell_BPNCUA.gmol,0,
8-Copper/Cell_BPNCUA.gmol,1,
8-Copper/Cell_BPNCUA.gmol,2,
8-Copper/Cell_BPNCUA.gmol,3,
8-Copper/Cell_BPNCUA.gmol,4,
8-Copper/Cell_BPNCUA.gmol,5,
8-Copper/Cell_BPNCUA.gmol,6,
8-Copper/Cell_BPNCUA.gmol,7,
8-Copper/Cell_JARLOE.gmol,0,
8-Copper/Cell_JARLOE.gmol,1,
8-Copper/Cell_JARLOE.gmol,2,
8-Copper/Cell_JARLOE.gmol,3,
8-Copper/Cell_JARLOE.gmol,4,
8-Copper/Cell_JARLOE.gmol,5,
7-Nickel/Cell_TACXII.gmol,0,
7-Nickel/Cell_TACXII.gmol,1,
7-Nickel/Cell_TACXII.gmol,2,
8-Copper/Cell_DETHOC.gmol,0,
8-Copper/Cell_DETHOC.gmol,1,
8-Copper/Cell_DETHOC.gmol,2,
8-Copper/Cell_DETHOC.gmol,3,
4-Rhenium/Cell_QAPYUB.gmol,0,
4-Rhenium/Cell_QAPYUB.gmol,1,
4-Rhenium/Cell_QAPYUB.gmol,2,
4-Rhenium/Cell_QAPYUB.gmol,3,
8-Copper/Cell_QONCOM.gmol,0,
8-Copper/Cell_QONCOM.gmol,1,
8-Copper/Cell_QONCOM.gmol,2,
8-Copper/Cell_QONCOM.gmol,3,
7-Nickel/Cell_HINSUV.gmol,0,
7-Nickel/Cell_HINSUV.gmol,1,
7-Nickel/Cell_HINSUV.gmol,2,
7-Nickel/Cell_HINSUV.gmol,3,
8-Copper/Cell_LAQFAL.gmol,0,
8-Copper/Cell_LAQFAL.gmol,1,
8-Copper/Cell_LAQFAL.gmol,2,
8-Copper/Cell_LAQFAL.gmol,3,
8-Copper/Cell_UMUCIO.gmol,0,
8-Copper/Cell_UMUCIO.gmol,1,
8-Copper/Cell_UMUCIO.gmol,2,
8-Copper/Cell_UMUCIO.gmol,3,
8-Copper/Cell_UMUCIO.gmol,4,
8-Copper/Cell_UMUCIO.gmol,5,
8-Copper/Cell_UMUCIO.gmol,6,
8-Copper/Cell_UMUCIO.gmol,7,
1-Iron/Cell_KEYYOF.gmol,0,
1-Iron/Cell_KEYYOF.gmol,1,
1-Iron/Cell_KEYYOF.gmol,2,
1-Iron/Cell_KEYYOF.gmol,3,
1-Iron/Cell_KEYYOF.gmol,4,
1-Iron/Cell_KEYYOF.gmol,5,
1-Iron/Cell_KEYYOF.gmol,6,
1-Iron/Cell_KEYYOF.gmol,7,
7-Nickel/Cell_AQODUH.gmol,0,
7-Nickel/Cell_AQODUH.gmol,1,
2-Manganese/Cell_SAFTID.gmol,0,
2-Manganese/Cell_SAFTID.gmol,1,
7-Nickel/Cell_POLPIR.gmol,0,
7-Nickel/Cell_POLPIR.gmol,1,
7-Nickel/Cell_POLPIR.gmol,2,
7-Nickel/Cell_POLPIR.gmol,3,
3-Ruthenium/Cell_FUZCOU.gmol,0,
3-Ruthenium/Cell_FUZCOU.gmol,1,
3-Ruthenium/Cell_FUZCOU.gmol,2,
3-Ruthenium/Cell_FUZCOU.gmol,3,
3-Ruthenium/Cell_FUZCOU.gmol,4,
3-Ruthenium/Cell_FUZCOU.gmol,5,
3-Ruthenium/Cell_FUZCOU.gmol,6,
3-Ruthenium/Cell_FUZCOU.gmol,7,
3-Ruthenium/Cell_FUZCOU.gmol,8,
3-Ruthenium/Cell_FUZCOU.gmol,9,
3-Ruthenium/Cell_FUZCOU.gmol,10,
3-Ruthenium/Cell_FUZCOU.gmol,11,
8-Copper/Cell_LAFMUB.gmol,0,
8-Copper/Cell_LAFMUB.gmol,1,
8-Copper/Cell_LAFMUB.gmol,2,
8-Copper/Cell_LAFMUB.gmol,3,
8-Copper/Cell_LAFMUB.gmol,4,
8-Copper/Cell_LAFMUB.gmol,5,
8-Copper/Cell_LAFMUB.gmol,6,
8-Copper/Cell_LAFMUB.gmol,7,
8-Copper/Cell_LAFMUB.gmol,8,
8-Copper/Cell_LAFMUB.gmol,9,
8-Copper/Cell_LAFMUB.gmol,10,
8-Copper/Cell_LAFMUB.gmol,11,
8-Copper/Cell_LAFMUB.gmol,12,
8-Copper/Cell_LAFMUB.gmol,13,
8-Copper/Cell_LAFMUB.gmol,14,
8-Copper/Cell_LAFMUB.gmol,15,
6-Cobalt/Cell_NEXPEM.gmol,0,
6-Cobalt/Cell_NEXPEM.gmol,1,
6-Cobalt/Cell_NEXPEM.gmol,2,
6-Cobalt/Cell_NEXPEM.gmol,3,
8-Copper/Cell_ABYPCU.gmol,0,
8-Copper/Cell_ABYPCU.gmol,1,
8-Copper/Cell_ABYPCU.gmol,2,
8-Copper/Cell_ABYPCU.gmol,3,
8-Copper/Cell_UNIXOE.gmol,0,
8-Copper/Cell_UNIXOE.gmol,1,
8-Copper/Cell_UNIXOE.gmol,2,
8-Copper/Cell_UNIXOE.gmol,3,
8-Copper/Cell_UNIXOE.gmol,4,
8-Copper/Cell_UNIXOE.gmol,5,
8-Copper/Cell_UNIXOE.gmol,6,
8-Copper/Cell_UNIXOE.gmol,7,
8-Copper/Cell_RIMTEM.gmol,0,
8-Copper/Cell_RIMTEM.gmol,1,
8-Copper/Cell_RIMTEM.gmol,2,
8-Copper/Cell_RIMTEM.gmol,3,
3-Ruthenium/Cell_YEDMEA.gmol,0,
3-Ruthenium/Cell_YEDMEA.gmol,1,
3-Ruthenium/Cell_ROHWUG.gmol,0,
3-Ruthenium/Cell_ROHWUG.gmol,1,
1-Iron/Cell_BAZYIN.gmol,0,
1-Iron/Cell_BAZYIN.gmol,1,
1-Iron/Cell_BAZYIN.gmol,2,
1-Iron/Cell_BAZYIN.gmol,3,
7-Nickel/Cell_TOBDEU.gmol,0,
7-Nickel/Cell_TOBDEU.gmol,1,
7-Nickel/Cell_TOBDEU.gmol,2,
7-Nickel/Cell_TOBDEU.gmol,3,
7-Nickel/Cell_TOBDEU.gmol,4,
7-Nickel/Cell_TOBDEU.gmol,5,
8-Copper/Cell_YIDSAH.gmol,0,
8-Copper/Cell_YIDSAH.gmol,1,
3-Ruthenium/Cell_QIDGEP.gmol,0,
3-Ruthenium/Cell_QIDGEP.gmol,1,
7-Nickel/Cell_IJAFAB.gmol,0,
7-Nickel/Cell_IJAFAB.gmol,1,
7-Nickel/Cell_IJAFAB.gmol,2,
7-Nickel/Cell_IJAFAB.gmol,3,
3-Ruthenium/Cell_MIMHAS.gmol,0,
3-Ruthenium/Cell_MIMHAS.gmol,1,
3-Ruthenium/Cell_MIMHAS.gmol,2,
3-Ruthenium/Cell_MIMHAS.gmol,3,
3-Ruthenium/Cell_MIMHAS.gmol,4,
3-Ruthenium/Cell_MIMHAS.gmol,5,
3-Ruthenium/Cell_MIMHAS.gmol,6,
3-Ruthenium/Cell_MIMHAS.gmol,7,
7-Nickel/Cell_MAHLEN.gmol,0,
7-Nickel/Cell_MAHLEN.gmol,1,
7-Nickel/Cell_MAHLEN.gmol,2,
7-Nickel/Cell_MAHLEN.gmol,3,
8-Copper/Cell_MUGVAL.gmol,0,
8-Copper/Cell_MUGVAL.gmol,1,
8-Copper/Cell_MUGVAL.gmol,2,
8-Copper/Cell_MUGVAL.gmol,3,
7-Nickel/Cell_UHERII.gmol,0,
7-Nickel/Cell_UHERII.gmol,1,
7-Nickel/Cell_UHERII.gmol,2,
7-Nickel/Cell_UHERII.gmol,3,
7-Nickel/Cell_UHERII.gmol,4,
7-Nickel/Cell_UHERII.gmol,5,
7-Nickel/Cell_UHERII.gmol,6,
7-Nickel/Cell_UHERII.gmol,7,
6-Cobalt/Cell_TANLOK.gmol,0,
6-Cobalt/Cell_TANLOK.gmol,1,
6-Cobalt/Cell_TANLOK.gmol,2,
6-Cobalt/Cell_TANLOK.gmol,3,
8-Copper/Cell_YEBXUZ.gmol,0,
8-Copper/Cell_YEBXUZ.gmol,1,
8-Copper/Cell_YEBXUZ.gmol,2,
8-Copper/Cell_YEBXUZ.gmol,3,
8-Copper/Cell_POLWOC.gmol,0,
8-Copper/Cell_POLWOC.gmol,1,
8-Copper/Cell_POLWOC.gmol,2,
8-Copper/Cell_POLWOC.gmol,3,
7-Nickel/Cell_RIMTOW.gmol,0,
7-Nickel/Cell_RIMTOW.gmol,1,
7-Nickel/Cell_RIMTOW.gmol,2,
7-Nickel/Cell_RIMTOW.gmol,3,
7-Nickel/Cell_RIMTOW.gmol,4,
7-Nickel/Cell_RIMTOW.gmol,5,
7-Nickel/Cell_RIMTOW.gmol,6,
7-Nickel/Cell_RIMTOW.gmol,7,
7-Nickel/Cell_BOHWEC.gmol,0,
7-Nickel/Cell_BOHWEC.gmol,1,
6-Cobalt/Cell_KOYQUM.gmol,0,
6-Cobalt/Cell_KOYQUM.gmol,1,
6-Cobalt/Cell_KOYQUM.gmol,2,
6-Cobalt/Cell_KOYQUM.gmol,3,
6-Cobalt/Cell_KOYQUM.gmol,4,
6-Cobalt/Cell_KOYQUM.gmol,5,
1-Iron/Cell_DABSAB.gmol,0,
1-Iron/Cell_DABSAB.gmol,1,
1-Iron/Cell_DABSAB.gmol,2,
1-Iron/Cell_DABSAB.gmol,3,
1-Iron/Cell_ZAPWUL.gmol,0,
1-Iron/Cell_ZAPWUL.gmol,1,
1-Iron/Cell_ZAPWUL.gmol,2,
1-Iron/Cell_ZAPWUL.gmol,3,
6-Cobalt/Cell_PACJOS.gmol,0,
6-Cobalt/Cell_PACJOS.gmol,1,
6-Cobalt/Cell_PACJOS.gmol,2,
6-Cobalt/Cell_PACJOS.gmol,3,
6-Cobalt/Cell_PACJOS.gmol,4,
6-Cobalt/Cell_PACJOS.gmol,5,
6-Cobalt/Cell_PACJOS.gmol,6,
6-Cobalt/Cell_PACJOS.gmol,7,
6-Cobalt/Cell_PACJOS.gmol,8,
6-Cobalt/Cell_PACJOS.gmol,9,
6-Cobalt/Cell_PACJOS.gmol,10,
6-Cobalt/Cell_PACJOS.gmol,11,
3-Ruthenium/Cell_ZUPYAN.gmol,0,
3-Ruthenium/Cell_ZUPYAN.gmol,1,
3-Ruthenium/Cell_ZUPYAN.gmol,2,
3-Ruthenium/Cell_ZUPYAN.gmol,3,
3-Ruthenium/Cell_ZUPYAN.gmol,4,
3-Ruthenium/Cell_ZUPYAN.gmol,5,
3-Ruthenium/Cell_ZUPYAN.gmol,6,
3-Ruthenium/Cell_ZUPYAN.gmol,7,
3-Ruthenium/Cell_ZUPYAN.gmol,8,
3-Ruthenium/Cell_ZUPYAN.gmol,9,
3-Ruthenium/Cell_ZUPYAN.gmol,10,
3-Ruthenium/Cell_ZUPYAN.gmol,11,
7-Nickel/Cell_GAVFAL.gmol,0,
7-Nickel/Cell_GAVFAL.gmol,1,
7-Nickel/Cell_GAVFAL.gmol,2,
7-Nickel/Cell_GAVFAL.gmol,3,
7-Nickel/Cell_GAVFAL.gmol,4,
7-Nickel/Cell_GAVFAL.gmol,5,
7-Nickel/Cell_GAVFAL.gmol,6,
7-Nickel/Cell_GAVFAL.gmol,7,
7-Nickel/Cell_GAVFAL.gmol,8,
7-Nickel/Cell_GAVFAL.gmol,9,
7-Nickel/Cell_GAVFAL.gmol,10,
7-Nickel/Cell_GAVFAL.gmol,11,
7-Nickel/Cell_GAVFAL.gmol,12,
7-Nickel/Cell_GAVFAL.gmol,13,
7-Nickel/Cell_GAVFAL.gmol,14,
7-Nickel/Cell_GAVFAL.gmol,15,
8-Copper/Cell_JOWXAW.gmol,0,
8-Copper/Cell_JOWXAW.gmol,1,
8-Copper/Cell_JOWXAW.gmol,2,
8-Copper/Cell_JOWXAW.gmol,3,
8-Copper/Cell_JOWXAW.gmol,4,
8-Copper/Cell_JOWXAW.gmol,5,
7-Nickel/Cell_HIPCAK.gmol,0,
7-Nickel/Cell_HIPCAK.gmol,1,
7-Nickel/Cell_HIPCAK.gmol,2,
7-Nickel/Cell_HIPCAK.gmol,3,
6-Cobalt/Cell_SIDQUS.gmol,0,
6-Cobalt/Cell_SIDQUS.gmol,1,
6-Cobalt/Cell_SIDQUS.gmol,2,
6-Cobalt/Cell_SIDQUS.gmol,3,
6-Cobalt/Cell_SIDQUS.gmol,4,
6-Cobalt/Cell_SIDQUS.gmol,5,
3-Ruthenium/Cell_SIGDAQ.gmol,0,
3-Ruthenium/Cell_SIGDAQ.gmol,1,
3-Ruthenium/Cell_SIGDAQ.gmol,2,
3-Ruthenium/Cell_SIGDAQ.gmol,3,
3-Ruthenium/Cell_SIGDAQ.gmol,4,
3-Ruthenium/Cell_SIGDAQ.gmol,5,
3-Ruthenium/Cell_SIGDAQ.gmol,6,
3-Ruthenium/Cell_SIGDAQ.gmol,7,
7-Nickel/Cell_YEJGOJ.gmol,0,
7-Nickel/Cell_YEJGOJ.gmol,1,
7-Nickel/Cell_YEJGOJ.gmol,2,
7-Nickel/Cell_YEJGOJ.gmol,3,
2-Manganese/Cell_YEDVAG.gmol,0,
2-Manganese/Cell_YEDVAG.gmol,1,
2-Manganese/Cell_YEDVAG.gmol,2,
2-Manganese/Cell_YEDVAG.gmol,3,
2-Manganese/Cell_YEDVAG.gmol,4,
2-Manganese/Cell_YEDVAG.gmol,5,
2-Manganese/Cell_YEDVAG.gmol,6,
2-Manganese/Cell_YEDVAG.gmol,7,
7-Nickel/Cell_YEPQAM.gmol,0,
7-Nickel/Cell_YEPQAM.gmol,1,
7-Nickel/Cell_YEPQAM.gmol,2,
7-Nickel/Cell_YEPQAM.gmol,3,
7-Nickel/Cell_YEPQAM.gmol,4,
7-Nickel/Cell_RODTEK.gmol,0,
7-Nickel/Cell_RODTEK.gmol,1,
7-Nickel/Cell_RODTEK.gmol,2,
7-Nickel/Cell_RODTEK.gmol,3,
7-Nickel/Cell_RODTEK.gmol,4,
7-Nickel/Cell_RODTEK.gmol,5,
7-Nickel/Cell_RODTEK.gmol,6,
7-Nickel/Cell_RODTEK.gmol,7,
7-Nickel/Cell_RODTEK.gmol,8,
7-Nickel/Cell_RODTEK.gmol,9,
7-Nickel/Cell_RODTEK.gmol,10,
7-Nickel/Cell_RODTEK.gmol,11,
8-Copper/Cell_VECBUA.gmol,0,
8-Copper/Cell_VECBUA.gmol,1,
8-Copper/Cell_VECBUA.gmol,2,
8-Copper/Cell_VECBUA.gmol,3,
8-Copper/Cell_VECBUA.gmol,4,
8-Copper/Cell_VECBUA.gmol,5,
6-Cobalt/Cell_KIBKIP.gmol,0,
6-Cobalt/Cell_KIBKIP.gmol,1,
6-Cobalt/Cell_KIBKIP.gmol,2,
6-Cobalt/Cell_KIBKIP.gmol,3,
6-Cobalt/Cell_KIBKIP.gmol,4,
6-Cobalt/Cell_KIBKIP.gmol,5,
6-Cobalt/Cell_KIBKIP.gmol,6,
6-Cobalt/Cell_KIBKIP.gmol,7,
6-Cobalt/Cell_KIBKIP.gmol,8,
6-Cobalt/Cell_KIBKIP.gmol,9,
6-Cobalt/Cell_KIBKIP.gmol,10,
6-Cobalt/Cell_KIBKIP.gmol,11,
6-Cobalt/Cell_KIBKIP.gmol,12,
6-Cobalt/Cell_KIBKIP.gmol,13,
6-Cobalt/Cell_KIBKIP.gmol,14,
6-Cobalt/Cell_KIBKIP.gmol,15,
6-Cobalt/Cell_KIBKIP.gmol,16,
6-Cobalt/Cell_KIBKIP.gmol,17,
6-Cobalt/Cell_KIBKIP.gmol,18,
6-Cobalt/Cell_KIBKIP.gmol,19,
6-Cobalt/Cell_KIBKIP.gmol,20,
6-Cobalt/Cell_KIBKIP.gmol,21,
6-Cobalt/Cell_KIBKIP.gmol,22,
6-Cobalt/Cell_KIBKIP.gmol,23,
6-Cobalt/Cell_KIBKIP.gmol,24,
6-Cobalt/Cell_KIBKIP.gmol,25,
6-Cobalt/Cell_KIBKIP.gmol,26,
6-Cobalt/Cell_KIBKIP.gmol,27,
6-Cobalt/Cell_KIBKIP.gmol,28,
6-Cobalt/Cell_KIBKIP.gmol,29,
6-Cobalt/Cell_KIBKIP.gmol,30,
6-Cobalt/Cell_KIBKIP.gmol,31,
7-Nickel/Cell_POBDUH.gmol,0,
7-Nickel/Cell_POBDUH.gmol,1,
7-Nickel/Cell_POBDUH.gmol,2,
7-Nickel/Cell_POBDUH.gmol,3,
2-Manganese/Cell_OLEREE.gmol,0,
2-Manganese/Cell_OLEREE.gmol,1,
7-Nickel/Cell_SIYVEB.gmol,0,
7-Nickel/Cell_SIYVEB.gmol,1,
7-Nickel/Cell_SEKTIM.gmol,0,
7-Nickel/Cell_SEKTIM.gmol,1,
7-Nickel/Cell_SEKTIM.gmol,2,
7-Nickel/Cell_SEKTIM.gmol,3,
8-Copper/Cell_HIHNAO.gmol,0,
8-Copper/Cell_HIHNAO.gmol,1,
8-Copper/Cell_HIHNAO.gmol,2,
8-Copper/Cell_HIHNAO.gmol,3,
8-Copper/Cell_HIHNAO.gmol,4,
8-Copper/Cell_HIHNAO.gmol,5,
8-Copper/Cell_HIHNAO.gmol,6,
8-Copper/Cell_HIHNAO.gmol,7,
6-Cobalt/Cell_CNENCO.gmol,0,
6-Cobalt/Cell_CNENCO.gmol,1,
6-Cobalt/Cell_CNENCO.gmol,2,
6-Cobalt/Cell_CNENCO.gmol,3,
6-Cobalt/Cell_CNENCO.gmol,4,
6-Cobalt/Cell_CNENCO.gmol,5,
6-Cobalt/Cell_CNENCO.gmol,6,
6-Cobalt/Cell_CNENCO.gmol,7,
7-Nickel/Cell_EYAJIY.gmol,0,
7-Nickel/Cell_EYAJIY.gmol,1,
8-Copper/Cell_VETPUI.gmol,0,
8-Copper/Cell_VETPUI.gmol,1,
3-Ruthenium/Cell_IPAHUC.gmol,0,
3-Ruthenium/Cell_IPAHUC.gmol,1,
3-Ruthenium/Cell_IPAHUC.gmol,2,
3-Ruthenium/Cell_IPAHUC.gmol,3,
3-Ruthenium/Cell_IPAHUC.gmol,4,
3-Ruthenium/Cell_IPAHUC.gmol,5,
3-Ruthenium/Cell_IPAHUC.gmol,6,
3-Ruthenium/Cell_IPAHUC.gmol,7,
3-Ruthenium/Cell_IPAHUC.gmol,8,
3-Ruthenium/Cell_IPAHUC.gmol,9,
3-Ruthenium/Cell_IPAHUC.gmol,10,
3-Ruthenium/Cell_IPAHUC.gmol,11,
3-Ruthenium/Cell_IPAHUC.gmol,12,
3-Ruthenium/Cell_IPAHUC.gmol,13,
3-Ruthenium/Cell_IPAHUC.gmol,14,
3-Ruthenium/Cell_IPAHUC.gmol,15,
3-Ruthenium/Cell_IPAHUC.gmol,16,
3-Ruthenium/Cell_IPAHUC.gmol,17,
3-Ruthenium/Cell_IPAHUC.gmol,18,
3-Ruthenium/Cell_IPAHUC.gmol,19,
7-Nickel/Cell_LODBIP.gmol,0,
7-Nickel/Cell_LODBIP.gmol,1,
7-Nickel/Cell_LODBIP.gmol,2,
7-Nickel/Cell_LODBIP.gmol,3,
3-Ruthenium/Cell_JEMBOS.gmol,0,
3-Ruthenium/Cell_JEMBOS.gmol,1,
1-Iron/Cell_DEXZAK.gmol,0,
1-Iron/Cell_DEXZAK.gmol,1,
1-Iron/Cell_FIBJOQ.gmol,0,
1-Iron/Cell_FIBJOQ.gmol,1,
1-Iron/Cell_FIBJOQ.gmol,2,
1-Iron/Cell_FIBJOQ.gmol,3,
1-Iron/Cell_UCIVEH.gmol,0,
2-Manganese/Cell_NENMUQ.gmol,0,
2-Manganese/Cell_NENMUQ.gmol,1,
8-Copper/Cell_GEWQEH.gmol,0,
8-Copper/Cell_GEWQEH.gmol,1,
8-Copper/Cell_GEWQEH.gmol,2,
8-Copper/Cell_GEWQEH.gmol,3,
8-Copper/Cell_GEWQEH.gmol,4,
8-Copper/Cell_GEWQEH.gmol,5,
8-Copper/Cell_GEWQEH.gmol,6,
8-Copper/Cell_GEWQEH.gmol,7,
7-Nickel/Cell_VIWLOD.gmol,0,
7-Nickel/Cell_VIWLOD.gmol,1,
7-Nickel/Cell_VIWLOD.gmol,2,
7-Nickel/Cell_VIWLOD.gmol,3,
8-Copper/Cell_BIJYEZ.gmol,0,
8-Copper/Cell_BIJYEZ.gmol,1,
8-Copper/Cell_BIJYEZ.gmol,2,
8-Copper/Cell_BIJYEZ.gmol,3,
8-Copper/Cell_BIJYEZ.gmol,4,
8-Copper/Cell_BIJYEZ.gmol,5,
8-Copper/Cell_BIJYEZ.gmol,6,
8-Copper/Cell_BIJYEZ.gmol,7,
2-Manganese/Cell_KUYTAA01.gmol,0,
2-Manganese/Cell_KUYTAA01.gmol,1,
2-Manganese/Cell_KUYTAA01.gmol,2,
2-Manganese/Cell_KUYTAA01.gmol,3,
2-Manganese/Cell_KUYTAA01.gmol,4,
2-Manganese/Cell_KUYTAA01.gmol,5,
6-Cobalt/Cell_FOWCEZ.gmol,0,
6-Cobalt/Cell_FOWCEZ.gmol,1,
6-Cobalt/Cell_FOWCEZ.gmol,2,
6-Cobalt/Cell_FOWCEZ.gmol,3,
7-Nickel/Cell_LINSUX.gmol,0,
7-Nickel/Cell_LINSUX.gmol,1,
7-Nickel/Cell_LINSUX.gmol,2,
7-Nickel/Cell_LINSUX.gmol,3,
7-Nickel/Cell_LINSUX.gmol,4,
7-Nickel/Cell_LINSUX.gmol,5,
7-Nickel/Cell_LINSUX.gmol,6,
7-Nickel/Cell_LINSUX.gmol,7,
3-Ruthenium/Cell_TESPIT.gmol,0,
3-Ruthenium/Cell_TESPIT.gmol,1,
3-Ruthenium/Cell_MOGQUV.gmol,0,
3-Ruthenium/Cell_MOGQUV.gmol,1,
3-Ruthenium/Cell_MOGQUV.gmol,2,
3-Ruthenium/Cell_MOGQUV.gmol,3,
7-Nickel/Cell_AHUQAV.gmol,0,
7-Nickel/Cell_AHUQAV.gmol,1,
7-Nickel/Cell_AHUQAV.gmol,2,
7-Nickel/Cell_AHUQAV.gmol,3,
8-Copper/Cell_GEHRER.gmol,0,
8-Copper/Cell_GEHRER.gmol,1,
8-Copper/Cell_GEHRER.gmol,2,
8-Copper/Cell_GEHRER.gmol,3,
8-Copper/Cell_GEHRER.gmol,4,
8-Copper/Cell_GEHRER.gmol,5,
8-Copper/Cell_GEHRER.gmol,6,
8-Copper/Cell_GEHRER.gmol,7,
4-Rhenium/Cell_JASPUO.gmol,0,
4-Rhenium/Cell_JASPUO.gmol,1,
4-Rhenium/Cell_JASPUO.gmol,2,
4-Rhenium/Cell_JASPUO.gmol,3,
4-Rhenium/Cell_JASPUO.gmol,4,
4-Rhenium/Cell_JASPUO.gmol,5,
4-Rhenium/Cell_JASPUO.gmol,6,
4-Rhenium/Cell_JASPUO.gmol,7,
1-Iron/Cell_QIDLUL.gmol,0,
1-Iron/Cell_QIDLUL.gmol,1,
1-Iron/Cell_QIDLUL.gmol,2,
1-Iron/Cell_QIDLUL.gmol,3,
1-Iron/Cell_QIDLUL.gmol,4,
1-Iron/Cell_QIDLUL.gmol,5,
8-Copper/Cell_LISTIS.gmol,0,
8-Copper/Cell_LISTIS.gmol,1,
8-Copper/Cell_LISTIS.gmol,2,
8-Copper/Cell_LISTIS.gmol,3,
8-Copper/Cell_LISTIS.gmol,4,
8-Copper/Cell_LISTIS.gmol,5,
8-Copper/Cell_LISTIS.gmol,6,
8-Copper/Cell_LISTIS.gmol,7,
8-Copper/Cell_LISTIS.gmol,8,
8-Copper/Cell_LISTIS.gmol,9,
8-Copper/Cell_LISTIS.gmol,10,
8-Copper/Cell_LISTIS.gmol,11,
8-Copper/Cell_LISTIS.gmol,12,
8-Copper/Cell_LISTIS.gmol,13,
8-Copper/Cell_LISTIS.gmol,14,
8-Copper/Cell_LISTIS.gmol,15,
3-Ruthenium/Cell_BEYQAY.gmol,0,
3-Ruthenium/Cell_BEYQAY.gmol,1,
6-Cobalt/Cell_NUTHIU.gmol,0,
6-Cobalt/Cell_NUTHIU.gmol,1,
6-Cobalt/Cell_NUTHIU.gmol,2,
6-Cobalt/Cell_NUTHIU.gmol,3,
8-Copper/Cell_LOQFON.gmol,0,
8-Copper/Cell_LOQFON.gmol,1,
8-Copper/Cell_LOQFON.gmol,2,
8-Copper/Cell_LOQFON.gmol,3,
8-Copper/Cell_LOQFON.gmol,4,
8-Copper/Cell_LOQFON.gmol,5,
8-Copper/Cell_LOQFON.gmol,6,
8-Copper/Cell_LOQFON.gmol,7,
6-Cobalt/Cell_NEWRAJ.gmol,0,
6-Cobalt/Cell_NEWRAJ.gmol,1,
6-Cobalt/Cell_NEWRAJ.gmol,2,
6-Cobalt/Cell_NEWRAJ.gmol,3,
6-Cobalt/Cell_NEWRAJ.gmol,4,
6-Cobalt/Cell_NEWRAJ.gmol,5,
6-Cobalt/Cell_NEWRAJ.gmol,6,
6-Cobalt/Cell_NEWRAJ.gmol,7,
8-Copper/Cell_EPOROT.gmol,0,
8-Copper/Cell_EPOROT.gmol,1,
8-Copper/Cell_EPOROT.gmol,2,
8-Copper/Cell_EPOROT.gmol,3,
8-Copper/Cell_EPOROT.gmol,4,
8-Copper/Cell_EPOROT.gmol,5,
8-Copper/Cell_EPOROT.gmol,6,
8-Copper/Cell_EPOROT.gmol,7,
8-Copper/Cell_YADMAR.gmol,0,
8-Copper/Cell_YADMAR.gmol,1,
8-Copper/Cell_YADMAR.gmol,2,
8-Copper/Cell_KESPEF.gmol,0,
8-Copper/Cell_KESPEF.gmol,1,
8-Copper/Cell_KESPEF.gmol,2,
8-Copper/Cell_KESPEF.gmol,3,
1-Iron/Cell_WIKJAD.gmol,0,
1-Iron/Cell_WIKJAD.gmol,1,
1-Iron/Cell_WIKJAD.gmol,2,
1-Iron/Cell_WIKJAD.gmol,3,
1-Iron/Cell_WIKJAD.gmol,4,
1-Iron/Cell_WIKJAD.gmol,5,
1-Iron/Cell_WIKJAD.gmol,6,
1-Iron/Cell_WIKJAD.gmol,7,
1-Iron/Cell_WIKJAD.gmol,8,
1-Iron/Cell_WIKJAD.gmol,9,
1-Iron/Cell_CECVUD.gmol,0,
1-Iron/Cell_CECVUD.gmol,1,
1-Iron/Cell_CECVUD.gmol,2,
1-Iron/Cell_CECVUD.gmol,3,
3-Ruthenium/Cell_BAYLUK.gmol,0,
3-Ruthenium/Cell_BAYLUK.gmol,1,
3-Ruthenium/Cell_BAYLUK.gmol,2,
3-Ruthenium/Cell_BAYLUK.gmol,3,
3-Ruthenium/Cell_BAYLUK.gmol,4,
3-Ruthenium/Cell_BAYLUK.gmol,5,
3-Ruthenium/Cell_BAYLUK.gmol,6,
3-Ruthenium/Cell_BAYLUK.gmol,7,
7-Nickel/Cell_HIJWEF.gmol,0,
7-Nickel/Cell_HIJWEF.gmol,1,
8-Copper/Cell_SIDLID.gmol,0,
8-Copper/Cell_SIDLID.gmol,1,
4-Rhenium/Cell_GUVPES.gmol,0,
4-Rhenium/Cell_GUVPES.gmol,1,
4-Rhenium/Cell_GUVPES.gmol,2,
4-Rhenium/Cell_GUVPES.gmol,3,
8-Copper/Cell_COJRAU.gmol,0,
8-Copper/Cell_COJRAU.gmol,1,
3-Ruthenium/Cell_YAXSIC.gmol,0,
3-Ruthenium/Cell_YAXSIC.gmol,1,
3-Ruthenium/Cell_YAXSIC.gmol,2,
3-Ruthenium/Cell_YAXSIC.gmol,3,
7-Nickel/Cell_VUZBUO.gmol,0,
7-Nickel/Cell_VUZBUO.gmol,1,
7-Nickel/Cell_VUZBUO.gmol,2,
7-Nickel/Cell_VUZBUO.gmol,3,
8-Copper/Cell_PAPPUS.gmol,0,
8-Copper/Cell_PAPPUS.gmol,1,
8-Copper/Cell_PAPPUS.gmol,2,
8-Copper/Cell_PAPPUS.gmol,3,
7-Nickel/Cell_TEJGIZ.gmol,0,
7-Nickel/Cell_TEJGIZ.gmol,1,
7-Nickel/Cell_TEJGIZ.gmol,2,
7-Nickel/Cell_TEJGIZ.gmol,3,
7-Nickel/Cell_TEJGIZ.gmol,4,
7-Nickel/Cell_TEJGIZ.gmol,5,
7-Nickel/Cell_TEJGIZ.gmol,6,
7-Nickel/Cell_TEJGIZ.gmol,7,
7-Nickel/Cell_INEWUV.gmol,0,
7-Nickel/Cell_INEWUV.gmol,1,
1-Iron/Cell_USIMOA.gmol,0,
1-Iron/Cell_USIMOA.gmol,1,
1-Iron/Cell_USIMOA.gmol,2,
3-Ruthenium/Cell_GOLTAC.gmol,0,
3-Ruthenium/Cell_GOLTAC.gmol,1,
3-Ruthenium/Cell_GOLTAC.gmol,2,
3-Ruthenium/Cell_GOLTAC.gmol,3,
4-Rhenium/Cell_VEBNEX.gmol,0,
4-Rhenium/Cell_VEBNEX.gmol,1,
8-Copper/Cell_DULXOY.gmol,0,
8-Copper/Cell_DULXOY.gmol,1,
8-Copper/Cell_DULXOY.gmol,2,
8-Copper/Cell_DULXOY.gmol,3,
8-Copper/Cell_DULXOY.gmol,4,
8-Copper/Cell_DULXOY.gmol,5,
8-Copper/Cell_DULXOY.gmol,6,
8-Copper/Cell_DULXOY.gmol,7,
8-Copper/Cell_DULXOY.gmol,8,
8-Copper/Cell_DULXOY.gmol,9,
8-Copper/Cell_DULXOY.gmol,10,
8-Copper/Cell_DULXOY.gmol,11,
8-Copper/Cell_DEVKEV.gmol,0,
8-Copper/Cell_DEVKEV.gmol,1,
8-Copper/Cell_DEVKEV.gmol,2,
8-Copper/Cell_DEVKEV.gmol,3,
8-Copper/Cell_DEVKEV.gmol,4,
8-Copper/Cell_DEVKEV.gmol,5,
3-Ruthenium/Cell_QAQWUD.gmol,0,
3-Ruthenium/Cell_QAQWUD.gmol,1,
3-Ruthenium/Cell_QAQWUD.gmol,2,
3-Ruthenium/Cell_QAQWUD.gmol,3,
8-Copper/Cell_BEQLEP.gmol,0,
8-Copper/Cell_BEQLEP.gmol,1,
8-Copper/Cell_BEQLEP.gmol,2,
8-Copper/Cell_BEQLEP.gmol,3,
3-Ruthenium/Cell_PUCBEU.gmol,0,
3-Ruthenium/Cell_PUCBEU.gmol,1,
3-Ruthenium/Cell_PUCBEU.gmol,2,
3-Ruthenium/Cell_PUCBEU.gmol,3,
7-Nickel/Cell_JUSVOK.gmol,0,
7-Nickel/Cell_JUSVOK.gmol,1,
7-Nickel/Cell_JUSVOK.gmol,2,
7-Nickel/Cell_JUSVOK.gmol,3,
7-Nickel/Cell_JUSVOK.gmol,4,
7-Nickel/Cell_JUSVOK.gmol,5,
8-Copper/Cell_NIHMOI.gmol,0,
8-Copper/Cell_NIHMOI.gmol,1,
8-Copper/Cell_NIHMOI.gmol,2,
8-Copper/Cell_NIHMOI.gmol,3,
8-Copper/Cell_NIHMOI.gmol,4,
8-Copper/Cell_NIHMOI.gmol,5,
8-Copper/Cell_NIHMOI.gmol,6,
8-Copper/Cell_NIHMOI.gmol,7,
8-Copper/Cell_NIHMOI.gmol,8,
8-Copper/Cell_NIHMOI.gmol,9,
8-Copper/Cell_NIHMOI.gmol,10,
8-Copper/Cell_NIHMOI.gmol,11,
7-Nickel/Cell_IYIQIR.gmol,0,
7-Nickel/Cell_IYIQIR.gmol,1,
7-Nickel/Cell_IYIQIR.gmol,2,
7-Nickel/Cell_IYIQIR.gmol,3,
8-Copper/Cell_YOQSUU.gmol,0,
8-Copper/Cell_YOQSUU.gmol,1,
8-Copper/Cell_YOQSUU.gmol,2,
8-Copper/Cell_YOQSUU.gmol,3,
8-Copper/Cell_YOQSUU.gmol,4,
8-Copper/Cell_YOQSUU.gmol,5,
8-Copper/Cell_TESHAC.gmol,0,
8-Copper/Cell_TESHAC.gmol,1,
8-Copper/Cell_TESHAC.gmol,2,
8-Copper/Cell_TESHAC.gmol,3,
1-Iron/Cell_QAMDOA.gmol,0,
1-Iron/Cell_QAMDOA.gmol,1,
4-Rhenium/Cell_XOGSAO.gmol,0,
4-Rhenium/Cell_XOGSAO.gmol,1,
4-Rhenium/Cell_XOGSAO.gmol,2,
4-Rhenium/Cell_XOGSAO.gmol,3,
4-Rhenium/Cell_XOGSAO.gmol,4,
4-Rhenium/Cell_XOGSAO.gmol,5,
4-Rhenium/Cell_XOGSAO.gmol,6,
4-Rhenium/Cell_XOGSAO.gmol,7,
2-Manganese/Cell_BUXYIE.gmol,0,
2-Manganese/Cell_BUXYIE.gmol,1,
2-Manganese/Cell_BUXYIE.gmol,2,
2-Manganese/Cell_BUXYIE.gmol,3,
1-Iron/Cell_FUSWUO.gmol,0,
1-Iron/Cell_FUSWUO.gmol,1,
2-Manganese/Cell_FAZTEG.gmol,0,
2-Manganese/Cell_FAZTEG.gmol,1,
3-Ruthenium/Cell_GATQEZ.gmol,0,
3-Ruthenium/Cell_GATQEZ.gmol,1,
3-Ruthenium/Cell_GATQEZ.gmol,2,
3-Ruthenium/Cell_GATQEZ.gmol,3,
3-Ruthenium/Cell_GATQEZ.gmol,4,
3-Ruthenium/Cell_GATQEZ.gmol,5,
3-Ruthenium/Cell_GATQEZ.gmol,6,
3-Ruthenium/Cell_GATQEZ.gmol,7,
3-Ruthenium/Cell_GATQEZ.gmol,8,
3-Ruthenium/Cell_GATQEZ.gmol,9,
8-Copper/Cell_RUVBAO.gmol,0,
8-Copper/Cell_RUVBAO.gmol,1,
8-Copper/Cell_RUVBAO.gmol,2,
8-Copper/Cell_RUVBAO.gmol,3,
8-Copper/Cell_RUVBAO.gmol,4,
8-Copper/Cell_RUVBAO.gmol,5,
8-Copper/Cell_RUVBAO.gmol,6,
8-Copper/Cell_RUVBAO.gmol,7,
6-Cobalt/Cell_XESNOA.gmol,0,
6-Cobalt/Cell_XESNOA.gmol,1,
6-Cobalt/Cell_XESNOA.gmol,2,
6-Cobalt/Cell_XESNOA.gmol,3,
6-Cobalt/Cell_VANDET.gmol,0,
6-Cobalt/Cell_VANDET.gmol,1,
6-Cobalt/Cell_VANDET.gmol,2,
6-Cobalt/Cell_VANDET.gmol,3,
6-Cobalt/Cell_VANDET.gmol,4,
6-Cobalt/Cell_VANDET.gmol,5,
6-Cobalt/Cell_VANDET.gmol,6,
6-Cobalt/Cell_VANDET.gmol,7,
8-Copper/Cell_CUYBII.gmol,0,
8-Copper/Cell_CUYBII.gmol,1,
8-Copper/Cell_CUYBII.gmol,2,
8-Copper/Cell_CUYBII.gmol,3,
8-Copper/Cell_CUYBII.gmol,4,
8-Copper/Cell_CUYBII.gmol,5,
6-Cobalt/Cell_OXEROA.gmol,0,
6-Cobalt/Cell_OXEROA.gmol,1,
6-Cobalt/Cell_OXEROA.gmol,2,
3-Ruthenium/Cell_JUVHUG.gmol,0,
3-Ruthenium/Cell_JUVHUG.gmol,1,
3-Ruthenium/Cell_JUVHUG.gmol,2,
3-Ruthenium/Cell_JUVHUG.gmol,3,
8-Copper/Cell_ZEDFAR.gmol,0,
8-Copper/Cell_ZEDFAR.gmol,1,
8-Copper/Cell_ZEDFAR.gmol,2,
8-Copper/Cell_ZEDFAR.gmol,3,
8-Copper/Cell_WECCEP.gmol,0,
8-Copper/Cell_WECCEP.gmol,1,
7-Nickel/Cell_XECQOM.gmol,0,
7-Nickel/Cell_XECQOM.gmol,1,
7-Nickel/Cell_XECQOM.gmol,2,
8-Copper/Cell_FALFIK.gmol,0,
8-Copper/Cell_FALFIK.gmol,1,
8-Copper/Cell_NAGRAS.gmol,0,
8-Copper/Cell_NAGRAS.gmol,1,
8-Copper/Cell_NAGRAS.gmol,2,
8-Copper/Cell_NAGRAS.gmol,3,
8-Copper/Cell_NAGRAS.gmol,4,
8-Copper/Cell_NAGRAS.gmol,5,
8-Copper/Cell_YEBCUE.gmol,0,
8-Copper/Cell_YEBCUE.gmol,1,
8-Copper/Cell_YEBCUE.gmol,2,
8-Copper/Cell_YEBCUE.gmol,3,
1-Iron/Cell_HOKMAV.gmol,0,
1-Iron/Cell_HOKMAV.gmol,1,
1-Iron/Cell_HOKMAV.gmol,2,
1-Iron/Cell_HOKMAV.gmol,3,
8-Copper/Cell_SINQAK.gmol,0,
8-Copper/Cell_SINQAK.gmol,1,
8-Copper/Cell_SINQAK.gmol,2,
8-Copper/Cell_SINQAK.gmol,3,
3-Ruthenium/Cell_NATRUW.gmol,0,
3-Ruthenium/Cell_NATRUW.gmol,1,
3-Ruthenium/Cell_NATRUW.gmol,2,
3-Ruthenium/Cell_NATRUW.gmol,3,
8-Copper/Cell_BOPZUB.gmol,0,
8-Copper/Cell_BOPZUB.gmol,1,
8-Copper/Cell_BOPZUB.gmol,2,
8-Copper/Cell_BOPZUB.gmol,3,
8-Copper/Cell_BOPZUB.gmol,4,
8-Copper/Cell_BOPZUB.gmol,5,
8-Copper/Cell_BOPZUB.gmol,6,
8-Copper/Cell_BOPZUB.gmol,7,
8-Copper/Cell_BOPZUB.gmol,8,
8-Copper/Cell_BOPZUB.gmol,9,
8-Copper/Cell_BOPZUB.gmol,10,
8-Copper/Cell_BOPZUB.gmol,11,
8-Copper/Cell_BOPZUB.gmol,12,
8-Copper/Cell_BOPZUB.gmol,13,
8-Copper/Cell_BOPZUB.gmol,14,
8-Copper/Cell_BOPZUB.gmol,15,
6-Cobalt/Cell_XIBNUS.gmol,0,
6-Cobalt/Cell_XIBNUS.gmol,1,
8-Copper/Cell_GITCAN.gmol,0,
8-Copper/Cell_GITCAN.gmol,1,
8-Copper/Cell_GITCAN.gmol,2,
8-Copper/Cell_GITCAN.gmol,3,
7-Nickel/Cell_YUMMOJ.gmol,0,
8-Copper/Cell_QUPXEE.gmol,0,
8-Copper/Cell_QUPXEE.gmol,1,
8-Copper/Cell_QUPXEE.gmol,2,
8-Copper/Cell_QUPXEE.gmol,3,
8-Copper/Cell_QUPXEE.gmol,4,
8-Copper/Cell_QUPXEE.gmol,5,
8-Copper/Cell_QUPXEE.gmol,6,
8-Copper/Cell_QUPXEE.gmol,7,
8-Copper/Cell_QUPXEE.gmol,8,
8-Copper/Cell_QUPXEE.gmol,9,
8-Copper/Cell_QUPXEE.gmol,10,
8-Copper/Cell_QUPXEE.gmol,11,
8-Copper/Cell_QUPXEE.gmol,12,
8-Copper/Cell_QUPXEE.gmol,13,
8-Copper/Cell_QUPXEE.gmol,14,
8-Copper/Cell_QUPXEE.gmol,15,
7-Nickel/Cell_MIYKEL.gmol,0,
7-Nickel/Cell_MIYKEL.gmol,1,
7-Nickel/Cell_MIYKEL.gmol,2,
7-Nickel/Cell_MIYKEL.gmol,3,
7-Nickel/Cell_MIYKEL.gmol,4,
7-Nickel/Cell_MIYKEL.gmol,5,
7-Nickel/Cell_MIYKEL.gmol,6,
7-Nickel/Cell_MIYKEL.gmol,7,
7-Nickel/Cell_NOQTAP.gmol,0,
7-Nickel/Cell_NOQTAP.gmol,1,
7-Nickel/Cell_NOQTAP.gmol,2,
7-Nickel/Cell_NOQTAP.gmol,3,
7-Nickel/Cell_NOQTAP.gmol,4,
7-Nickel/Cell_NOQTAP.gmol,5,
7-Nickel/Cell_NOQTAP.gmol,6,
7-Nickel/Cell_NOQTAP.gmol,7,
4-Rhenium/Cell_LAYDAS.gmol,0,
4-Rhenium/Cell_LAYDAS.gmol,1,
4-Rhenium/Cell_LAYDAS.gmol,2,
4-Rhenium/Cell_LAYDAS.gmol,3,
4-Rhenium/Cell_LAYDAS.gmol,4,
4-Rhenium/Cell_LAYDAS.gmol,5,
8-Copper/Cell_AXEDUE.gmol,0,
8-Copper/Cell_AXEDUE.gmol,1,
8-Copper/Cell_AXEDUE.gmol,2,
8-Copper/Cell_AXEDUE.gmol,3,
8-Copper/Cell_BEWTOM.gmol,0,
8-Copper/Cell_BEWTOM.gmol,1,
8-Copper/Cell_BEWTOM.gmol,2,
8-Copper/Cell_BEWTOM.gmol,3,
8-Copper/Cell_BEWTOM.gmol,4,
8-Copper/Cell_BEWTOM.gmol,5,
8-Copper/Cell_BEWTOM.gmol,6,
8-Copper/Cell_BEWTOM.gmol,7,
5-Chromium/Cell_BAVGAG.gmol,0,
5-Chromium/Cell_BAVGAG.gmol,1,
8-Copper/Cell_HIGPIX.gmol,0,
8-Copper/Cell_HIGPIX.gmol,1,
8-Copper/Cell_ATAVOG.gmol,0,
8-Copper/Cell_ATAVOG.gmol,1,
6-Cobalt/Cell_POWJUH.gmol,0,
6-Cobalt/Cell_POWJUH.gmol,1,
6-Cobalt/Cell_POWJUH.gmol,2,
6-Cobalt/Cell_POWJUH.gmol,3,
6-Cobalt/Cell_POWJUH.gmol,4,
6-Cobalt/Cell_POWJUH.gmol,5,
6-Cobalt/Cell_POWJUH.gmol,6,
6-Cobalt/Cell_POWJUH.gmol,7,
7-Nickel/Cell_WACNEW.gmol,0,
7-Nickel/Cell_WACNEW.gmol,1,
7-Nickel/Cell_WACNEW.gmol,2,
7-Nickel/Cell_WACNEW.gmol,3,
2-Manganese/Cell_WULSIF.gmol,0,
2-Manganese/Cell_WULSIF.gmol,1,
2-Manganese/Cell_WULSIF.gmol,2,
2-Manganese/Cell_WULSIF.gmol,3,
2-Manganese/Cell_WULSIF.gmol,4,
2-Manganese/Cell_WULSIF.gmol,5,
2-Manganese/Cell_WULSIF.gmol,6,
2-Manganese/Cell_WULSIF.gmol,7,
6-Cobalt/Cell_WUQGOG.gmol,0,
6-Cobalt/Cell_WUQGOG.gmol,1,
7-Nickel/Cell_MOSWIA.gmol,0,
7-Nickel/Cell_MOSWIA.gmol,1,
4-Rhenium/Cell_GUTFAD.gmol,0,
4-Rhenium/Cell_GUTFAD.gmol,1,
6-Cobalt/Cell_REKQAA.gmol,0,
6-Cobalt/Cell_REKQAA.gmol,1,
6-Cobalt/Cell_REKQAA.gmol,2,
6-Cobalt/Cell_REKQAA.gmol,3,
6-Cobalt/Cell_REKQAA.gmol,4,
6-Cobalt/Cell_REKQAA.gmol,5,
6-Cobalt/Cell_REKQAA.gmol,6,
6-Cobalt/Cell_REKQAA.gmol,7,
6-Cobalt/Cell_REKQAA.gmol,8,
6-Cobalt/Cell_REKQAA.gmol,9,
6-Cobalt/Cell_REKQAA.gmol,10,
6-Cobalt/Cell_REKQAA.gmol,11,
1-Iron/Cell_TEBKIW.gmol,0,
1-Iron/Cell_TEBKIW.gmol,1,
1-Iron/Cell_TEBKIW.gmol,2,
1-Iron/Cell_TEBKIW.gmol,3,
1-Iron/Cell_TEBKIW.gmol,4,
1-Iron/Cell_TEBKIW.gmol,5,
1-Iron/Cell_TEBKIW.gmol,6,
1-Iron/Cell_TEBKIW.gmol,7,
8-Copper/Cell_DEDXER.gmol,0,
8-Copper/Cell_DEDXER.gmol,1,
8-Copper/Cell_SEBLUG.gmol,0,
8-Copper/Cell_SEBLUG.gmol,1,
8-Copper/Cell_SEBLUG.gmol,2,
8-Copper/Cell_SEBLUG.gmol,3,
8-Copper/Cell_SEBLUG.gmol,4,
8-Copper/Cell_SEBLUG.gmol,5,
8-Copper/Cell_SEBLUG.gmol,6,
8-Copper/Cell_SEBLUG.gmol,7,
8-Copper/Cell_SEBLUG.gmol,8,
8-Copper/Cell_SEBLUG.gmol,9,
8-Copper/Cell_SEBLUG.gmol,10,
8-Copper/Cell_SEBLUG.gmol,11,
8-Copper/Cell_GEWRAB.gmol,0,
8-Copper/Cell_GEWRAB.gmol,1,
8-Copper/Cell_GEWRAB.gmol,2,
8-Copper/Cell_GEWRAB.gmol,3,
8-Copper/Cell_GEWRAB.gmol,4,
8-Copper/Cell_GEWRAB.gmol,5,
8-Copper/Cell_GEWRAB.gmol,6,
8-Copper/Cell_GEWRAB.gmol,7,
8-Copper/Cell_GEWRAB.gmol,8,
8-Copper/Cell_GEWRAB.gmol,9,
8-Copper/Cell_GEWRAB.gmol,10,
8-Copper/Cell_GEWRAB.gmol,11,
8-Copper/Cell_ORUMIZ.gmol,0,
8-Copper/Cell_ORUMIZ.gmol,1,
8-Copper/Cell_ORUMIZ.gmol,2,
8-Copper/Cell_ORUMIZ.gmol,3,
6-Cobalt/Cell_JAPJES.gmol,0,
6-Cobalt/Cell_JAPJES.gmol,1,
6-Cobalt/Cell_JAPJES.gmol,2,
6-Cobalt/Cell_JAPJES.gmol,3,
4-Rhenium/Cell_EXIXEO.gmol,0,
4-Rhenium/Cell_EXIXEO.gmol,1,
3-Ruthenium/Cell_ELOROP.gmol,0,
3-Ruthenium/Cell_ELOROP.gmol,1,
3-Ruthenium/Cell_ELOROP.gmol,2,
3-Ruthenium/Cell_ELOROP.gmol,3,
7-Nickel/Cell_SOWMIA.gmol,0,
7-Nickel/Cell_SOWMIA.gmol,1,
1-Iron/Cell_IRIWIR.gmol,0,
1-Iron/Cell_IRIWIR.gmol,1,
1-Iron/Cell_IRIWIR.gmol,2,
1-Iron/Cell_IRIWIR.gmol,3,
1-Iron/Cell_IRIWIR.gmol,4,
1-Iron/Cell_IRIWIR.gmol,5,
1-Iron/Cell_IRIWIR.gmol,6,
1-Iron/Cell_IRIWIR.gmol,7,
7-Nickel/Cell_PEXKIP.gmol,0,
7-Nickel/Cell_PEXKIP.gmol,1,
7-Nickel/Cell_PEXKIP.gmol,2,
7-Nickel/Cell_PEXKIP.gmol,3,
7-Nickel/Cell_PEXKIP.gmol,4,
7-Nickel/Cell_PEXKIP.gmol,5,
7-Nickel/Cell_PEXKIP.gmol,6,
7-Nickel/Cell_PEXKIP.gmol,7,
7-Nickel/Cell_XUKYUX.gmol,0,
6-Cobalt/Cell_BABCAK.gmol,0,
6-Cobalt/Cell_BABCAK.gmol,1,
6-Cobalt/Cell_BABCAK.gmol,2,
6-Cobalt/Cell_BABCAK.gmol,3,
6-Cobalt/Cell_BABCAK.gmol,4,
6-Cobalt/Cell_BABCAK.gmol,5,
6-Cobalt/Cell_BABCAK.gmol,6,
6-Cobalt/Cell_BABCAK.gmol,7,
7-Nickel/Cell_LAZXAM.gmol,0,
7-Nickel/Cell_LAZXAM.gmol,1,
7-Nickel/Cell_LAZXAM.gmol,2,
7-Nickel/Cell_LAZXAM.gmol,3,
1-Iron/Cell_MUCREJ.gmol,0,
1-Iron/Cell_MUCREJ.gmol,1,
1-Iron/Cell_MUCREJ.gmol,2,
1-Iron/Cell_MUCREJ.gmol,3,
1-Iron/Cell_MUCREJ.gmol,4,
1-Iron/Cell_MUCREJ.gmol,5,
1-Iron/Cell_MUCREJ.gmol,6,
1-Iron/Cell_MUCREJ.gmol,7,
1-Iron/Cell_MUCREJ.gmol,8,
1-Iron/Cell_MUCREJ.gmol,9,
1-Iron/Cell_MUCREJ.gmol,10,
1-Iron/Cell_MUCREJ.gmol,11,
6-Cobalt/Cell_CABJIA.gmol,0,
6-Cobalt/Cell_CABJIA.gmol,1,
6-Cobalt/Cell_CABJIA.gmol,2,
6-Cobalt/Cell_CABJIA.gmol,3,
6-Cobalt/Cell_MAXZOC.gmol,0,
6-Cobalt/Cell_MAXZOC.gmol,1,
6-Cobalt/Cell_MAXZOC.gmol,2,
6-Cobalt/Cell_MAXZOC.gmol,3,
7-Nickel/Cell_XOCDOI.gmol,0,
7-Nickel/Cell_XOCDOI.gmol,1,
7-Nickel/Cell_XOCDOI.gmol,2,
7-Nickel/Cell_XOCDOI.gmol,3,
7-Nickel/Cell_XOCDOI.gmol,4,
7-Nickel/Cell_XOCDOI.gmol,5,
7-Nickel/Cell_XOCDOI.gmol,6,
7-Nickel/Cell_XOCDOI.gmol,7,
7-Nickel/Cell_XOCDOI.gmol,8,
7-Nickel/Cell_XOCDOI.gmol,9,
7-Nickel/Cell_XOCDOI.gmol,10,
7-Nickel/Cell_XOCDOI.gmol,11,
8-Copper/Cell_FIHTEW.gmol,0,
8-Copper/Cell_FIHTEW.gmol,1,
8-Copper/Cell_FIHTEW.gmol,2,
8-Copper/Cell_FIHTEW.gmol,3,
8-Copper/Cell_FIHTEW.gmol,4,
8-Copper/Cell_FIHTEW.gmol,5,
8-Copper/Cell_FIHTEW.gmol,6,
8-Copper/Cell_FIHTEW.gmol,7,
8-Copper/Cell_FIHTEW.gmol,8,
8-Copper/Cell_FIHTEW.gmol,9,
8-Copper/Cell_FIHTEW.gmol,10,
8-Copper/Cell_FIHTEW.gmol,11,
2-Manganese/Cell_YOQYAG.gmol,0,
2-Manganese/Cell_YOQYAG.gmol,1,
3-Ruthenium/Cell_HIBQAL.gmol,0,
3-Ruthenium/Cell_HIBQAL.gmol,1,
3-Ruthenium/Cell_HIBQAL.gmol,2,
3-Ruthenium/Cell_HIBQAL.gmol,3,
3-Ruthenium/Cell_HIBQAL.gmol,4,
3-Ruthenium/Cell_HIBQAL.gmol,5,
3-Ruthenium/Cell_HIBQAL.gmol,6,
3-Ruthenium/Cell_HIBQAL.gmol,7,
7-Nickel/Cell_ITPYNI.gmol,0,
7-Nickel/Cell_ITPYNI.gmol,1,
7-Nickel/Cell_ITPYNI.gmol,2,
7-Nickel/Cell_ITPYNI.gmol,3,
8-Copper/Cell_HAWJEU.gmol,0,
8-Copper/Cell_HAWJEU.gmol,1,
8-Copper/Cell_MIKREE.gmol,0,
8-Copper/Cell_MIKREE.gmol,1,
1-Iron/Cell_KIXVOD.gmol,0,
1-Iron/Cell_KIXVOD.gmol,1,
1-Iron/Cell_KIXVOD.gmol,2,
1-Iron/Cell_KIXVOD.gmol,3,
2-Manganese/Cell_LILLAV.gmol,0,
2-Manganese/Cell_LILLAV.gmol,1,
8-Copper/Cell_PUSKET.gmol,0,
8-Copper/Cell_PUSKET.gmol,1,
6-Cobalt/Cell_GOLKEX.gmol,0,
6-Cobalt/Cell_GOLKEX.gmol,1,
6-Cobalt/Cell_GOLKEX.gmol,2,
6-Cobalt/Cell_GOLKEX.gmol,3,
6-Cobalt/Cell_GOLKEX.gmol,4,
6-Cobalt/Cell_GOLKEX.gmol,5,
6-Cobalt/Cell_GOLKEX.gmol,6,
6-Cobalt/Cell_GOLKEX.gmol,7,
6-Cobalt/Cell_GOLKEX.gmol,8,
6-Cobalt/Cell_GOLKEX.gmol,9,
6-Cobalt/Cell_GOLKEX.gmol,10,
6-Cobalt/Cell_GOLKEX.gmol,11,
6-Cobalt/Cell_GOLKEX.gmol,12,
6-Cobalt/Cell_GOLKEX.gmol,13,
6-Cobalt/Cell_GOLKEX.gmol,14,
6-Cobalt/Cell_GOLKEX.gmol,15,
6-Cobalt/Cell_GOLKEX.gmol,16,
6-Cobalt/Cell_GOLKEX.gmol,17,
6-Cobalt/Cell_GOLKEX.gmol,18,
6-Cobalt/Cell_GOLKEX.gmol,19,
6-Cobalt/Cell_GOLKEX.gmol,20,
6-Cobalt/Cell_GOLKEX.gmol,21,
6-Cobalt/Cell_GOLKEX.gmol,22,
6-Cobalt/Cell_GOLKEX.gmol,23,
6-Cobalt/Cell_GOLKEX.gmol,24,
6-Cobalt/Cell_GOLKEX.gmol,25,
6-Cobalt/Cell_GOLKEX.gmol,26,
6-Cobalt/Cell_GOLKEX.gmol,27,
6-Cobalt/Cell_GOLKEX.gmol,28,
6-Cobalt/Cell_GOLKEX.gmol,29,
6-Cobalt/Cell_GOLKEX.gmol,30,
6-Cobalt/Cell_GOLKEX.gmol,31,
6-Cobalt/Cell_SUWSUY.gmol,0,
6-Cobalt/Cell_SUWSUY.gmol,1,
6-Cobalt/Cell_SUWSUY.gmol,2,
6-Cobalt/Cell_SUWSUY.gmol,3,
6-Cobalt/Cell_SUWSUY.gmol,4,
6-Cobalt/Cell_SUWSUY.gmol,5,
6-Cobalt/Cell_SUWSUY.gmol,6,
6-Cobalt/Cell_SUWSUY.gmol,7,
6-Cobalt/Cell_SUWSUY.gmol,8,
6-Cobalt/Cell_SUWSUY.gmol,9,
6-Cobalt/Cell_SUWSUY.gmol,10,
6-Cobalt/Cell_SUWSUY.gmol,11,
6-Cobalt/Cell_SUWSUY.gmol,12,
6-Cobalt/Cell_SUWSUY.gmol,13,
6-Cobalt/Cell_SUWSUY.gmol,14,
6-Cobalt/Cell_SUWSUY.gmol,15,
6-Cobalt/Cell_SUWSUY.gmol,16,
6-Cobalt/Cell_SUWSUY.gmol,17,
6-Cobalt/Cell_SUWSUY.gmol,18,
6-Cobalt/Cell_SUWSUY.gmol,19,
6-Cobalt/Cell_SUWSUY.gmol,20,
6-Cobalt/Cell_SUWSUY.gmol,21,
6-Cobalt/Cell_SUWSUY.gmol,22,
6-Cobalt/Cell_SUWSUY.gmol,23,
7-Nickel/Cell_IXEQUX.gmol,0,
7-Nickel/Cell_IXEQUX.gmol,1,
8-Copper/Cell_GASQEW.gmol,0,
8-Copper/Cell_GASQEW.gmol,1,
8-Copper/Cell_GASQEW.gmol,2,
8-Copper/Cell_GASQEW.gmol,3,
7-Nickel/Cell_IDAHED.gmol,0,
7-Nickel/Cell_IDAHED.gmol,1,
7-Nickel/Cell_IDAHED.gmol,2,
7-Nickel/Cell_IDAHED.gmol,3,
7-Nickel/Cell_IDAHED.gmol,4,
7-Nickel/Cell_IDAHED.gmol,5,
7-Nickel/Cell_IDAHED.gmol,6,
7-Nickel/Cell_IDAHED.gmol,7,
7-Nickel/Cell_IDAHED.gmol,8,
7-Nickel/Cell_IDAHED.gmol,9,
7-Nickel/Cell_IDAHED.gmol,10,
7-Nickel/Cell_IDAHED.gmol,11,
8-Copper/Cell_RIPNIO.gmol,0,
8-Copper/Cell_RIPNIO.gmol,1,
8-Copper/Cell_RIPNIO.gmol,2,
8-Copper/Cell_RIPNIO.gmol,3,
8-Copper/Cell_RIPNIO.gmol,4,
8-Copper/Cell_RIPNIO.gmol,5,
8-Copper/Cell_RIPNIO.gmol,6,
8-Copper/Cell_RIPNIO.gmol,7,
8-Copper/Cell_RIPNIO.gmol,8,
8-Copper/Cell_RIPNIO.gmol,9,
8-Copper/Cell_RIPNIO.gmol,10,
8-Copper/Cell_RIPNIO.gmol,11,
8-Copper/Cell_OROQES.gmol,0,
8-Copper/Cell_OROQES.gmol,1,
8-Copper/Cell_OROQES.gmol,2,
8-Copper/Cell_OROQES.gmol,3,
8-Copper/Cell_OROQES.gmol,4,
8-Copper/Cell_OROQES.gmol,5,
8-Copper/Cell_OROQES.gmol,6,
8-Copper/Cell_OROQES.gmol,7,
8-Copper/Cell_OROQES.gmol,8,
8-Copper/Cell_OROQES.gmol,9,
8-Copper/Cell_OROQES.gmol,10,
8-Copper/Cell_OROQES.gmol,11,
8-Copper/Cell_OROQES.gmol,12,
8-Copper/Cell_OROQES.gmol,13,
8-Copper/Cell_OROQES.gmol,14,
8-Copper/Cell_OROQES.gmol,15,
6-Cobalt/Cell_CELQES.gmol,0,
6-Cobalt/Cell_CELQES.gmol,1,
6-Cobalt/Cell_CELQES.gmol,2,
6-Cobalt/Cell_CELQES.gmol,3,
6-Cobalt/Cell_CELQES.gmol,4,
6-Cobalt/Cell_CELQES.gmol,5,
6-Cobalt/Cell_UCIMOJ.gmol,0,
6-Cobalt/Cell_UCIMOJ.gmol,1,
6-Cobalt/Cell_UCIMOJ.gmol,2,
6-Cobalt/Cell_UCIMOJ.gmol,3,
8-Copper/Cell_XALWEP.gmol,0,
8-Copper/Cell_XALWEP.gmol,1,
8-Copper/Cell_XALWEP.gmol,2,
8-Copper/Cell_XALWEP.gmol,3,
8-Copper/Cell_WONLIW.gmol,0,
8-Copper/Cell_WONLIW.gmol,1,
8-Copper/Cell_WONLIW.gmol,2,
8-Copper/Cell_WONLIW.gmol,3,
8-Copper/Cell_WONLIW.gmol,4,
8-Copper/Cell_WONLIW.gmol,5,
8-Copper/Cell_WONLIW.gmol,6,
8-Copper/Cell_WONLIW.gmol,7,
7-Nickel/Cell_VOJTAR.gmol,0,
7-Nickel/Cell_VOJTAR.gmol,1,
7-Nickel/Cell_VOJTAR.gmol,2,
7-Nickel/Cell_VOJTAR.gmol,3,
7-Nickel/Cell_VOJTAR.gmol,4,
7-Nickel/Cell_VOJTAR.gmol,5,
1-Iron/Cell_DEDKII.gmol,0,
1-Iron/Cell_DEDKII.gmol,1,
2-Manganese/Cell_AQAHUW.gmol,0,
2-Manganese/Cell_AQAHUW.gmol,1,
7-Nickel/Cell_QUVMOL.gmol,0,
7-Nickel/Cell_QUVMOL.gmol,1,
7-Nickel/Cell_QUVMOL.gmol,2,
8-Copper/Cell_EZIWEP.gmol,0,
8-Copper/Cell_EZIWEP.gmol,1,
8-Copper/Cell_EZIWEP.gmol,2,
8-Copper/Cell_EZIWEP.gmol,3,
8-Copper/Cell_EZIWEP.gmol,4,
8-Copper/Cell_EZIWEP.gmol,5,
8-Copper/Cell_EZIWEP.gmol,6,
8-Copper/Cell_EZIWEP.gmol,7,
8-Copper/Cell_EZIWEP.gmol,8,
8-Copper/Cell_EZIWEP.gmol,9,
8-Copper/Cell_EZIWEP.gmol,10,
8-Copper/Cell_EZIWEP.gmol,11,
6-Cobalt/Cell_PEXKAF.gmol,0,
6-Cobalt/Cell_PEXKAF.gmol,1,
6-Cobalt/Cell_PEXKAF.gmol,2,
6-Cobalt/Cell_PEXKAF.gmol,3,
6-Cobalt/Cell_PEXKAF.gmol,4,
6-Cobalt/Cell_PEXKAF.gmol,5,
6-Cobalt/Cell_PEXKAF.gmol,6,
3-Ruthenium/Cell_JARVII.gmol,0,
3-Ruthenium/Cell_JARVII.gmol,1,
3-Ruthenium/Cell_JARVII.gmol,2,
3-Ruthenium/Cell_JARVII.gmol,3,
8-Copper/Cell_VOTGOC.gmol,0,
8-Copper/Cell_VOTGOC.gmol,1,
7-Nickel/Cell_ESUHAB.gmol,0,
7-Nickel/Cell_ESUHAB.gmol,1,
7-Nickel/Cell_ESUHAB.gmol,2,
7-Nickel/Cell_ESUHAB.gmol,3,
7-Nickel/Cell_MIDVAW.gmol,0,
7-Nickel/Cell_MIDVAW.gmol,1,
7-Nickel/Cell_MIDVAW.gmol,2,
7-Nickel/Cell_MIDVAW.gmol,3,
8-Copper/Cell_HOSCOK.gmol,0,
8-Copper/Cell_HOSCOK.gmol,1,
8-Copper/Cell_HOSCOK.gmol,2,
8-Copper/Cell_HOSCOK.gmol,3,
8-Copper/Cell_HOSCOK.gmol,4,
8-Copper/Cell_HOSCOK.gmol,5,
8-Copper/Cell_HOSCOK.gmol,6,
8-Copper/Cell_HOSCOK.gmol,7,
7-Nickel/Cell_CETGUD.gmol,0,
7-Nickel/Cell_CETGUD.gmol,1,
7-Nickel/Cell_CETGUD.gmol,2,
7-Nickel/Cell_CETGUD.gmol,3,
8-Copper/Cell_PAMKIA.gmol,0,
8-Copper/Cell_PAMKIA.gmol,1,
8-Copper/Cell_PAMKIA.gmol,2,
8-Copper/Cell_PAMKIA.gmol,3,
8-Copper/Cell_PAMKIA.gmol,4,
8-Copper/Cell_PAMKIA.gmol,5,
8-Copper/Cell_PAMKIA.gmol,6,
8-Copper/Cell_PAMKIA.gmol,7,
7-Nickel/Cell_DELVIA.gmol,0,
7-Nickel/Cell_DELVIA.gmol,1,
8-Copper/Cell_TICWIO.gmol,0,
8-Copper/Cell_TICWIO.gmol,1,
8-Copper/Cell_TICWIO.gmol,2,
8-Copper/Cell_TICWIO.gmol,3,
8-Copper/Cell_TICWIO.gmol,4,
8-Copper/Cell_TICWIO.gmol,5,
8-Copper/Cell_TICWIO.gmol,6,
8-Copper/Cell_TICWIO.gmol,7,
3-Ruthenium/Cell_MOLHEB.gmol,0,
3-Ruthenium/Cell_MOLHEB.gmol,1,
3-Ruthenium/Cell_MOLHEB.gmol,2,
3-Ruthenium/Cell_MOLHEB.gmol,3,
8-Copper/Cell_YASPEO.gmol,0,
8-Copper/Cell_YASPEO.gmol,1,
7-Nickel/Cell_YIKZUO.gmol,0,
6-Cobalt/Cell_WARJAB.gmol,0,
6-Cobalt/Cell_WARJAB.gmol,1,
6-Cobalt/Cell_WARJAB.gmol,2,
6-Cobalt/Cell_WARJAB.gmol,3,
6-Cobalt/Cell_WARJAB.gmol,4,
6-Cobalt/Cell_WARJAB.gmol,5,
6-Cobalt/Cell_WARJAB.gmol,6,
6-Cobalt/Cell_WARJAB.gmol,7,
6-Cobalt/Cell_WARJAB.gmol,8,
6-Cobalt/Cell_WARJAB.gmol,9,
6-Cobalt/Cell_WARJAB.gmol,10,
6-Cobalt/Cell_WARJAB.gmol,11,
1-Iron/Cell_ETECEM.gmol,0,
8-Copper/Cell_ILATIA.gmol,0,
8-Copper/Cell_ILATIA.gmol,1,
8-Copper/Cell_ILATIA.gmol,2,
8-Copper/Cell_ILATIA.gmol,3,
8-Copper/Cell_ILATIA.gmol,4,
8-Copper/Cell_ILATIA.gmol,5,
8-Copper/Cell_ILATIA.gmol,6,
8-Copper/Cell_ILATIA.gmol,7,
8-Copper/Cell_ILATIA.gmol,8,
8-Copper/Cell_ILATIA.gmol,9,
6-Cobalt/Cell_TAFVON.gmol,0,
6-Cobalt/Cell_TAFVON.gmol,1,
6-Cobalt/Cell_TAFVON.gmol,2,
6-Cobalt/Cell_TAFVON.gmol,3,
7-Nickel/Cell_DOBYAW.gmol,0,
7-Nickel/Cell_EVACUZ.gmol,0,
7-Nickel/Cell_EVACUZ.gmol,1,
7-Nickel/Cell_EVACUZ.gmol,2,
7-Nickel/Cell_EVACUZ.gmol,3,
8-Copper/Cell_SEFJIX.gmol,0,
8-Copper/Cell_SEFJIX.gmol,1,
8-Copper/Cell_SEFJIX.gmol,2,
8-Copper/Cell_SEFJIX.gmol,3,
3-Ruthenium/Cell_QICZIO.gmol,0,
3-Ruthenium/Cell_QICZIO.gmol,1,
3-Ruthenium/Cell_QICZIO.gmol,2,
3-Ruthenium/Cell_QICZIO.gmol,3,
3-Ruthenium/Cell_QICZIO.gmol,4,
3-Ruthenium/Cell_QICZIO.gmol,5,
6-Cobalt/Cell_TIBZIQ.gmol,0,
6-Cobalt/Cell_TIBZIQ.gmol,1,
6-Cobalt/Cell_TIBZIQ.gmol,2,
6-Cobalt/Cell_TIBZIQ.gmol,3,
6-Cobalt/Cell_TIBZIQ.gmol,4,
6-Cobalt/Cell_TIBZIQ.gmol,5,
6-Cobalt/Cell_TIBZIQ.gmol,6,
6-Cobalt/Cell_TIBZIQ.gmol,7,
6-Cobalt/Cell_TIBZIQ.gmol,8,
6-Cobalt/Cell_TIBZIQ.gmol,9,
6-Cobalt/Cell_TIBZIQ.gmol,10,
6-Cobalt/Cell_TIBZIQ.gmol,11,
2-Manganese/Cell_ACAGUH.gmol,0,
2-Manganese/Cell_ACAGUH.gmol,1,
2-Manganese/Cell_ACAGUH.gmol,2,
2-Manganese/Cell_ACAGUH.gmol,3,
2-Manganese/Cell_ACAGUH.gmol,4,
2-Manganese/Cell_ACAGUH.gmol,5,
2-Manganese/Cell_ACAGUH.gmol,6,
2-Manganese/Cell_ACAGUH.gmol,7,
8-Copper/Cell_RATCIZ.gmol,0,
8-Copper/Cell_RATCIZ.gmol,1,
8-Copper/Cell_RATCIZ.gmol,2,
8-Copper/Cell_RATCIZ.gmol,3,
3-Ruthenium/Cell_AYONOR01.gmol,0,
3-Ruthenium/Cell_AYONOR01.gmol,1,
3-Ruthenium/Cell_AYONOR01.gmol,2,
3-Ruthenium/Cell_AYONOR01.gmol,3,
3-Ruthenium/Cell_AYONOR01.gmol,4,
3-Ruthenium/Cell_AYONOR01.gmol,5,
3-Ruthenium/Cell_AYONOR01.gmol,6,
3-Ruthenium/Cell_AYONOR01.gmol,7,
8-Copper/Cell_GIXXOC.gmol,0,
8-Copper/Cell_GIXXOC.gmol,1,
8-Copper/Cell_GIXXOC.gmol,2,
8-Copper/Cell_GIXXOC.gmol,3,
8-Copper/Cell_GIXXOC.gmol,4,
8-Copper/Cell_GIXXOC.gmol,5,
8-Copper/Cell_GIXXOC.gmol,6,
8-Copper/Cell_GIXXOC.gmol,7,
7-Nickel/Cell_DIZPAD.gmol,0,
7-Nickel/Cell_DIZPAD.gmol,1,
7-Nickel/Cell_DIZPAD.gmol,2,
7-Nickel/Cell_DIZPAD.gmol,3,
7-Nickel/Cell_DIZPAD.gmol,4,
7-Nickel/Cell_DIZPAD.gmol,5,
8-Copper/Cell_QISFED.gmol,0,
8-Copper/Cell_QISFED.gmol,1,
8-Copper/Cell_QISFED.gmol,2,
8-Copper/Cell_QISFED.gmol,3,
5-Chromium/Cell_BONGEQ.gmol,0,
5-Chromium/Cell_BONGEQ.gmol,1,
5-Chromium/Cell_BONGEQ.gmol,2,
5-Chromium/Cell_BONGEQ.gmol,3,
8-Copper/Cell_METTOV.gmol,0,
8-Copper/Cell_METTOV.gmol,1,
8-Copper/Cell_METTOV.gmol,2,
6-Cobalt/Cell_QOXZAG.gmol,0,
6-Cobalt/Cell_QOXZAG.gmol,1,
6-Cobalt/Cell_QOXZAG.gmol,2,
6-Cobalt/Cell_QOXZAG.gmol,3,
6-Cobalt/Cell_QOXZAG.gmol,4,
6-Cobalt/Cell_QOXZAG.gmol,5,
6-Cobalt/Cell_QOXZAG.gmol,6,
6-Cobalt/Cell_QOXZAG.gmol,7,
7-Nickel/Cell_SAZFAB.gmol,0,
7-Nickel/Cell_SAZFAB.gmol,1,
7-Nickel/Cell_SAZFAB.gmol,2,
7-Nickel/Cell_SAZFAB.gmol,3,
7-Nickel/Cell_SAZFAB.gmol,4,
7-Nickel/Cell_SAZFAB.gmol,5,
4-Rhenium/Cell_TULKIV.gmol,0,
4-Rhenium/Cell_TULKIV.gmol,1,
4-Rhenium/Cell_TULKIV.gmol,2,
4-Rhenium/Cell_TULKIV.gmol,3,
3-Ruthenium/Cell_TFAMRU.gmol,0,
3-Ruthenium/Cell_TFAMRU.gmol,1,
3-Ruthenium/Cell_TFAMRU.gmol,2,
3-Ruthenium/Cell_TFAMRU.gmol,3,
5-Chromium/Cell_DAPSCR10.gmol,0,
5-Chromium/Cell_DAPSCR10.gmol,1,
5-Chromium/Cell_DAPSCR10.gmol,2,
5-Chromium/Cell_DAPSCR10.gmol,3,
5-Chromium/Cell_DAPSCR10.gmol,4,
5-Chromium/Cell_DAPSCR10.gmol,5,
5-Chromium/Cell_DAPSCR10.gmol,6,
5-Chromium/Cell_DAPSCR10.gmol,7,
5-Chromium/Cell_DAPSCR10.gmol,8,
5-Chromium/Cell_DAPSCR10.gmol,9,
5-Chromium/Cell_DAPSCR10.gmol,10,
5-Chromium/Cell_DAPSCR10.gmol,11,
5-Chromium/Cell_DAPSCR10.gmol,12,
5-Chromium/Cell_DAPSCR10.gmol,13,
5-Chromium/Cell_DAPSCR10.gmol,14,
5-Chromium/Cell_DAPSCR10.gmol,15,
5-Chromium/Cell_DAPSCR10.gmol,16,
5-Chromium/Cell_DAPSCR10.gmol,17,
5-Chromium/Cell_DAPSCR10.gmol,18,
5-Chromium/Cell_DAPSCR10.gmol,19,
3-Ruthenium/Cell_QUMREV.gmol,0,
3-Ruthenium/Cell_QUMREV.gmol,1,
3-Ruthenium/Cell_QUMREV.gmol,2,
3-Ruthenium/Cell_QUMREV.gmol,3,
3-Ruthenium/Cell_YINHAE.gmol,0,
3-Ruthenium/Cell_YINHAE.gmol,1,
3-Ruthenium/Cell_YINHAE.gmol,2,
3-Ruthenium/Cell_YINHAE.gmol,3,
3-Ruthenium/Cell_YINHAE.gmol,4,
3-Ruthenium/Cell_YINHAE.gmol,5,
3-Ruthenium/Cell_YINHAE.gmol,6,
3-Ruthenium/Cell_YINHAE.gmol,7,
3-Ruthenium/Cell_YINHAE.gmol,8,
3-Ruthenium/Cell_YINHAE.gmol,9,
3-Ruthenium/Cell_YINHAE.gmol,10,
3-Ruthenium/Cell_YINHAE.gmol,11,
2-Manganese/Cell_LOPMOT.gmol,0,
2-Manganese/Cell_LOPMOT.gmol,1,
2-Manganese/Cell_LOPMOT.gmol,2,
2-Manganese/Cell_LOPMOT.gmol,3,
8-Copper/Cell_DEFZAS.gmol,0,
7-Nickel/Cell_SUYHEB.gmol,0,
7-Nickel/Cell_SUYHEB.gmol,1,
7-Nickel/Cell_SUYHEB.gmol,2,
7-Nickel/Cell_SUYHEB.gmol,3,
8-Copper/Cell_VITXII.gmol,0,
8-Copper/Cell_VITXII.gmol,1,
8-Copper/Cell_VITXII.gmol,2,
8-Copper/Cell_VITXII.gmol,3,
8-Copper/Cell_VITXII.gmol,4,
8-Copper/Cell_VITXII.gmol,5,
8-Copper/Cell_VITXII.gmol,6,
8-Copper/Cell_VITXII.gmol,7,
7-Nickel/Cell_PEXLAI.gmol,0,
7-Nickel/Cell_PEXLAI.gmol,1,
7-Nickel/Cell_PEXLAI.gmol,2,
7-Nickel/Cell_PEXLAI.gmol,3,
7-Nickel/Cell_ZUNDIN.gmol,0,
7-Nickel/Cell_ZUNDIN.gmol,1,
7-Nickel/Cell_ZUNDIN.gmol,2,
7-Nickel/Cell_ZUNDIN.gmol,3,
7-Nickel/Cell_ZUNDIN.gmol,4,
7-Nickel/Cell_ZUNDIN.gmol,5,
7-Nickel/Cell_ZUNDIN.gmol,6,
7-Nickel/Cell_ZUNDIN.gmol,7,
7-Nickel/Cell_NITPBZ.gmol,0,
7-Nickel/Cell_NITPBZ.gmol,1,
8-Copper/Cell_SIVMAN.gmol,0,
8-Copper/Cell_SIVMAN.gmol,1,
8-Copper/Cell_SIVMAN.gmol,2,
8-Copper/Cell_SIVMAN.gmol,3,
6-Cobalt/Cell_XONCUZ.gmol,0,
6-Cobalt/Cell_XONCUZ.gmol,1,
6-Cobalt/Cell_XONCUZ.gmol,2,
6-Cobalt/Cell_XONCUZ.gmol,3,
7-Nickel/Cell_SENMAZ.gmol,0,- Covalent bonds missing from SCOPE: ['22:C-24:C']
7-Nickel/Cell_SENMAZ.gmol,1,- Covalent bonds missing from SCOPE: ['22:C-24:C']
7-Nickel/Cell_SENMAZ.gmol,2,- Covalent bonds missing from SCOPE: ['28:C-30:C']
7-Nickel/Cell_SENMAZ.gmol,3,- Covalent bonds missing from SCOPE: ['28:C-30:C']
3-Ruthenium/Cell_POXKEU.gmol,0,
3-Ruthenium/Cell_POXKEU.gmol,1,
3-Ruthenium/Cell_POXKEU.gmol,2,
3-Ruthenium/Cell_POXKEU.gmol,3,
3-Ruthenium/Cell_POXKEU.gmol,4,
3-Ruthenium/Cell_POXKEU.gmol,5,
3-Ruthenium/Cell_POXKEU.gmol,6,
3-Ruthenium/Cell_POXKEU.gmol,7,
3-Ruthenium/Cell_POXKEU.gmol,8,
3-Ruthenium/Cell_POXKEU.gmol,9,
3-Ruthenium/Cell_POXKEU.gmol,10,
3-Ruthenium/Cell_POXKEU.gmol,11,
3-Ruthenium/Cell_POXKEU.gmol,12,
3-Ruthenium/Cell_POXKEU.gmol,13,
8-Copper/Cell_UDOXAM.gmol,0,
8-Copper/Cell_UDOXAM.gmol,1,
8-Copper/Cell_UDOXAM.gmol,2,
8-Copper/Cell_UDOXAM.gmol,3,
7-Nickel/Cell_HOTRIS.gmol,0,
7-Nickel/Cell_HOTRIS.gmol,1,
7-Nickel/Cell_HOTRIS.gmol,2,
7-Nickel/Cell_HOTRIS.gmol,3,
7-Nickel/Cell_HOTRIS.gmol,4,
7-Nickel/Cell_HOTRIS.gmol,5,
8-Copper/Cell_FEFJUW.gmol,0,
8-Copper/Cell_FEFJUW.gmol,1,
8-Copper/Cell_SAMSAC.gmol,0,
8-Copper/Cell_SAMSAC.gmol,1,
8-Copper/Cell_SAMSAC.gmol,2,
8-Copper/Cell_SAMSAC.gmol,3,
1-Iron/Cell_WAGXUA.gmol,0,
1-Iron/Cell_WAGXUA.gmol,1,
1-Iron/Cell_WAGXUA.gmol,2,
1-Iron/Cell_WAGXUA.gmol,3,
4-Rhenium/Cell_HIYKIK.gmol,0,
4-Rhenium/Cell_HIYKIK.gmol,1,
4-Rhenium/Cell_HIYKIK.gmol,2,
4-Rhenium/Cell_HIYKIK.gmol,3,
4-Rhenium/Cell_HIYKIK.gmol,4,
4-Rhenium/Cell_HIYKIK.gmol,5,
4-Rhenium/Cell_HIYKIK.gmol,6,
4-Rhenium/Cell_HIYKIK.gmol,7,
7-Nickel/Cell_LALRAS.gmol,0,
7-Nickel/Cell_LALRAS.gmol,1,
1-Iron/Cell_EDAYOY.gmol,0,
1-Iron/Cell_EDAYOY.gmol,1,
1-Iron/Cell_EDAYOY.gmol,2,
1-Iron/Cell_EDAYOY.gmol,3,
7-Nickel/Cell_VIPMUF.gmol,0,
7-Nickel/Cell_VIPMUF.gmol,1,
1-Iron/Cell_LOPTAM.gmol,0,
1-Iron/Cell_LOPTAM.gmol,1,
1-Iron/Cell_LOPTAM.gmol,2,
1-Iron/Cell_LOPTAM.gmol,3,
8-Copper/Cell_CEBFAR.gmol,0,
8-Copper/Cell_CEBFAR.gmol,1,
8-Copper/Cell_CEBFAR.gmol,2,
1-Iron/Cell_ESAHIP.gmol,0,
1-Iron/Cell_ESAHIP.gmol,1,
1-Iron/Cell_ESAHIP.gmol,2,
1-Iron/Cell_ESAHIP.gmol,3,
6-Cobalt/Cell_HEWBOB.gmol,0,
8-Copper/Cell_CTURCU10.gmol,0,
8-Copper/Cell_CTURCU10.gmol,1,
8-Copper/Cell_CTURCU10.gmol,2,
8-Copper/Cell_CTURCU10.gmol,3,
8-Copper/Cell_CTURCU10.gmol,4,
8-Copper/Cell_CTURCU10.gmol,5,
8-Copper/Cell_CTURCU10.gmol,6,
8-Copper/Cell_CTURCU10.gmol,7,
7-Nickel/Cell_HOMHEY.gmol,0,
7-Nickel/Cell_HOMHEY.gmol,1,
7-Nickel/Cell_HOMHEY.gmol,2,
7-Nickel/Cell_HOMHEY.gmol,3,
7-Nickel/Cell_HOMHEY.gmol,4,
7-Nickel/Cell_HOMHEY.gmol,5,
7-Nickel/Cell_HOMHEY.gmol,6,
7-Nickel/Cell_HOMHEY.gmol,7,
1-Iron/Cell_MOJGEY.gmol,0,
1-Iron/Cell_MOJGEY.gmol,1,
1-Iron/Cell_MOJGEY.gmol,2,
1-Iron/Cell_MOJGEY.gmol,3,
6-Cobalt/Cell_WOKTOG.gmol,0,
6-Cobalt/Cell_WOKTOG.gmol,1,
6-Cobalt/Cell_WOKTOG.gmol,2,
6-Cobalt/Cell_WOKTOG.gmol,3,
6-Cobalt/Cell_WOKTOG.gmol,4,
6-Cobalt/Cell_WOKTOG.gmol,5,
6-Cobalt/Cell_WOKTOG.gmol,6,
6-Cobalt/Cell_WOKTOG.gmol,7,
6-Cobalt/Cell_WOKTOG.gmol,8,
6-Cobalt/Cell_WOKTOG.gmol,9,
6-Cobalt/Cell_WOKTOG.gmol,10,
6-Cobalt/Cell_WOKTOG.gmol,11,
6-Cobalt/Cell_WOKTOG.gmol,12,
6-Cobalt/Cell_WOKTOG.gmol,13,
6-Cobalt/Cell_WOKTOG.gmol,14,
6-Cobalt/Cell_WOKTOG.gmol,15,
6-Cobalt/Cell_WOKTOG.gmol,16,
6-Cobalt/Cell_WOKTOG.gmol,17,
6-Cobalt/Cell_WOKTOG.gmol,18,
6-Cobalt/Cell_WOKTOG.gmol,19,
1-Iron/Cell_MAVHOH.gmol,0,
1-Iron/Cell_MAVHOH.gmol,1,
1-Iron/Cell_MAVHOH.gmol,2,
1-Iron/Cell_MAVHOH.gmol,3,
1-Iron/Cell_MAVHOH.gmol,4,
1-Iron/Cell_MAVHOH.gmol,5,
7-Nickel/Cell_DTBUNI10.gmol,0,
7-Nickel/Cell_DTBUNI10.gmol,1,
7-Nickel/Cell_DTBUNI10.gmol,2,
7-Nickel/Cell_DTBUNI10.gmol,3,
7-Nickel/Cell_DTBUNI10.gmol,4,
7-Nickel/Cell_DTBUNI10.gmol,5,
7-Nickel/Cell_DTBUNI10.gmol,6,
7-Nickel/Cell_DTBUNI10.gmol,7,
7-Nickel/Cell_DTBUNI10.gmol,8,
7-Nickel/Cell_DTBUNI10.gmol,9,
7-Nickel/Cell_DTBUNI10.gmol,10,
7-Nickel/Cell_DTBUNI10.gmol,11,
7-Nickel/Cell_DTBUNI10.gmol,12,
7-Nickel/Cell_DTBUNI10.gmol,13,
7-Nickel/Cell_DTBUNI10.gmol,14,
7-Nickel/Cell_DTBUNI10.gmol,15,
7-Nickel/Cell_LUZXEL.gmol,0,
7-Nickel/Cell_LUZXEL.gmol,1,
7-Nickel/Cell_LUZXEL.gmol,2,
7-Nickel/Cell_LUZXEL.gmol,3,
6-Cobalt/Cell_JIXCIF.gmol,0,
6-Cobalt/Cell_JIXCIF.gmol,1,
8-Copper/Cell_GIDCIF01.gmol,0,
8-Copper/Cell_GIDCIF01.gmol,1,
8-Copper/Cell_SIYTOK.gmol,0,
8-Copper/Cell_SIYTOK.gmol,1,
8-Copper/Cell_SIYTOK.gmol,2,
8-Copper/Cell_SIYTOK.gmol,3,
8-Copper/Cell_SIYTOK.gmol,4,
8-Copper/Cell_SIYTOK.gmol,5,
8-Copper/Cell_SIYTOK.gmol,6,
8-Copper/Cell_SIYTOK.gmol,7,
7-Nickel/Cell_SIBYEJ.gmol,0,
7-Nickel/Cell_SIBYEJ.gmol,1,
7-Nickel/Cell_SIBYEJ.gmol,2,
7-Nickel/Cell_SIBYEJ.gmol,3,
7-Nickel/Cell_SIBYEJ.gmol,4,
7-Nickel/Cell_SIBYEJ.gmol,5,
7-Nickel/Cell_SIBYEJ.gmol,6,
7-Nickel/Cell_SIBYEJ.gmol,7,
1-Iron/Cell_CIHXOI.gmol,0,
1-Iron/Cell_CIHXOI.gmol,1,
1-Iron/Cell_CIHXOI.gmol,2,
1-Iron/Cell_CIHXOI.gmol,3,
6-Cobalt/Cell_AGODAC.gmol,0,
6-Cobalt/Cell_AGODAC.gmol,1,
6-Cobalt/Cell_AGODAC.gmol,2,
6-Cobalt/Cell_AGODAC.gmol,3,
6-Cobalt/Cell_AGODAC.gmol,4,
6-Cobalt/Cell_AGODAC.gmol,5,
6-Cobalt/Cell_AGODAC.gmol,6,
6-Cobalt/Cell_AGODAC.gmol,7,
8-Copper/Cell_BUTMAF.gmol,0,
8-Copper/Cell_BUTMAF.gmol,1,
8-Copper/Cell_BUTMAF.gmol,2,
8-Copper/Cell_BUTMAF.gmol,3,
7-Nickel/Cell_NIQKUV.gmol,0,
7-Nickel/Cell_NIQKUV.gmol,1,
7-Nickel/Cell_NIQKUV.gmol,2,
7-Nickel/Cell_NIQKUV.gmol,3,
7-Nickel/Cell_NIQKUV.gmol,4,
7-Nickel/Cell_NIQKUV.gmol,5,
7-Nickel/Cell_NIQKUV.gmol,6,
7-Nickel/Cell_NIQKUV.gmol,7,
8-Copper/Cell_SUJVEY.gmol,0,
8-Copper/Cell_SUJVEY.gmol,1,
8-Copper/Cell_SUJVEY.gmol,2,
8-Copper/Cell_SUJVEY.gmol,3,
7-Nickel/Cell_XADKET.gmol,0,
7-Nickel/Cell_XADKET.gmol,1,
7-Nickel/Cell_TUTMIE.gmol,0,
7-Nickel/Cell_TUTMIE.gmol,1,
7-Nickel/Cell_TUTMIE.gmol,2,
7-Nickel/Cell_TUTMIE.gmol,3,
7-Nickel/Cell_TUTMIE.gmol,4,
7-Nickel/Cell_TUTMIE.gmol,5,
7-Nickel/Cell_TUTMIE.gmol,6,
7-Nickel/Cell_TUTMIE.gmol,7,
6-Cobalt/Cell_YIPHEN.gmol,0,
6-Cobalt/Cell_YIPHEN.gmol,1,
6-Cobalt/Cell_YIPHEN.gmol,2,
6-Cobalt/Cell_YIPHEN.gmol,3,
6-Cobalt/Cell_YIPHEN.gmol,4,
6-Cobalt/Cell_YIPHEN.gmol,5,
6-Cobalt/Cell_YIPHEN.gmol,6,
6-Cobalt/Cell_YIPHEN.gmol,7,
6-Cobalt/Cell_YIPHEN.gmol,8,
6-Cobalt/Cell_YIPHEN.gmol,9,
8-Copper/Cell_XIRFAG.gmol,0,
8-Copper/Cell_XIRFAG.gmol,1,
2-Manganese/Cell_VUNXOU.gmol,0,
2-Manganese/Cell_VUNXOU.gmol,1,
2-Manganese/Cell_CIMHEL.gmol,0,
2-Manganese/Cell_CIMHEL.gmol,1,
2-Manganese/Cell_CIMHEL.gmol,2,
2-Manganese/Cell_CIMHEL.gmol,3,
2-Manganese/Cell_CIMHEL.gmol,4,
2-Manganese/Cell_CIMHEL.gmol,5,
2-Manganese/Cell_CIMHEL.gmol,6,
2-Manganese/Cell_CIMHEL.gmol,7,
2-Manganese/Cell_CIMHEL.gmol,8,
2-Manganese/Cell_CIMHEL.gmol,9,
2-Manganese/Cell_CIMHEL.gmol,10,
2-Manganese/Cell_CIMHEL.gmol,11,
8-Copper/Cell_BUXJAG.gmol,0,
8-Copper/Cell_BUXJAG.gmol,1,
8-Copper/Cell_RAHFUD.gmol,0,
8-Copper/Cell_RAHFUD.gmol,1,
8-Copper/Cell_RAHFUD.gmol,2,
8-Copper/Cell_RAHFUD.gmol,3,
7-Nickel/Cell_MANQUN.gmol,0,
7-Nickel/Cell_MANQUN.gmol,1,
7-Nickel/Cell_MANQUN.gmol,2,
7-Nickel/Cell_MANQUN.gmol,3,
7-Nickel/Cell_MANQUN.gmol,4,
7-Nickel/Cell_MANQUN.gmol,5,
7-Nickel/Cell_MANQUN.gmol,6,
7-Nickel/Cell_MANQUN.gmol,7,
8-Copper/Cell_QATLAA.gmol,0,
8-Copper/Cell_QATLAA.gmol,1,
8-Copper/Cell_QATLAA.gmol,2,
8-Copper/Cell_QATLAA.gmol,3,
8-Copper/Cell_QATLAA.gmol,4,
8-Copper/Cell_QATLAA.gmol,5,
8-Copper/Cell_QATLAA.gmol,6,
8-Copper/Cell_QATLAA.gmol,7,
7-Nickel/Cell_NONZUM.gmol,0,
7-Nickel/Cell_NONZUM.gmol,1,
1-Iron/Cell_IROJEF.gmol,0,
1-Iron/Cell_IROJEF.gmol,1,
1-Iron/Cell_IROJEF.gmol,2,
1-Iron/Cell_IROJEF.gmol,3,
8-Copper/Cell_QOLKOS.gmol,0,
8-Copper/Cell_QOLKOS.gmol,1,
8-Copper/Cell_QOLKOS.gmol,2,
8-Copper/Cell_QOLKOS.gmol,3,
8-Copper/Cell_QOLKOS.gmol,4,
8-Copper/Cell_QOLKOS.gmol,5,
8-Copper/Cell_QOLKOS.gmol,6,
8-Copper/Cell_QOLKOS.gmol,7,
4-Rhenium/Cell_ZZZAQD01.gmol,0,
4-Rhenium/Cell_ZZZAQD01.gmol,1,
4-Rhenium/Cell_ZZZAQD01.gmol,2,
4-Rhenium/Cell_ZZZAQD01.gmol,3,
8-Copper/Cell_PUXTOU.gmol,0,
8-Copper/Cell_PUXTOU.gmol,1,
8-Copper/Cell_PUXTOU.gmol,2,
8-Copper/Cell_PUXTOU.gmol,3,
2-Manganese/Cell_VUMDAK.gmol,0,
2-Manganese/Cell_VUMDAK.gmol,1,
2-Manganese/Cell_VUMDAK.gmol,2,
2-Manganese/Cell_VUMDAK.gmol,3,
2-Manganese/Cell_VUMDAK.gmol,4,
2-Manganese/Cell_VUMDAK.gmol,5,
2-Manganese/Cell_VUMDAK.gmol,6,
2-Manganese/Cell_VUMDAK.gmol,7,
7-Nickel/Cell_PEKPEA.gmol,0,
7-Nickel/Cell_PEKPEA.gmol,1,
7-Nickel/Cell_PEKPEA.gmol,2,
7-Nickel/Cell_PEKPEA.gmol,3,
7-Nickel/Cell_PEKPEA.gmol,4,
7-Nickel/Cell_PEKPEA.gmol,5,
7-Nickel/Cell_PEKPEA.gmol,6,
7-Nickel/Cell_PEKPEA.gmol,7,
8-Copper/Cell_WEQJOR.gmol,0,
8-Copper/Cell_WEQJOR.gmol,1,
1-Iron/Cell_FEWREG.gmol,0,
1-Iron/Cell_FEWREG.gmol,1,
1-Iron/Cell_FEWREG.gmol,2,
1-Iron/Cell_FEWREG.gmol,3,
1-Iron/Cell_FEWREG.gmol,4,
1-Iron/Cell_FEWREG.gmol,5,
1-Iron/Cell_FEWREG.gmol,6,
1-Iron/Cell_FEWREG.gmol,7,
1-Iron/Cell_FEWREG.gmol,8,
1-Iron/Cell_FEWREG.gmol,9,
1-Iron/Cell_FEWREG.gmol,10,
1-Iron/Cell_FEWREG.gmol,11,
2-Manganese/Cell_XUGJIT.gmol,0,
2-Manganese/Cell_XUGJIT.gmol,1,
2-Manganese/Cell_XUGJIT.gmol,2,
2-Manganese/Cell_XUGJIT.gmol,3,
2-Manganese/Cell_XUGJIT.gmol,4,
2-Manganese/Cell_XUGJIT.gmol,5,
2-Manganese/Cell_XUGJIT.gmol,6,
2-Manganese/Cell_XUGJIT.gmol,7,
2-Manganese/Cell_XUGJIT.gmol,8,
2-Manganese/Cell_XUGJIT.gmol,9,
2-Manganese/Cell_XUGJIT.gmol,10,
2-Manganese/Cell_XUGJIT.gmol,11,
2-Manganese/Cell_XUGJIT.gmol,12,
2-Manganese/Cell_XUGJIT.gmol,13,
2-Manganese/Cell_XUGJIT.gmol,14,
2-Manganese/Cell_XUGJIT.gmol,15,
2-Manganese/Cell_EBEFIC.gmol,0,
2-Manganese/Cell_EBEFIC.gmol,1,
2-Manganese/Cell_EBEFIC.gmol,2,
2-Manganese/Cell_EBEFIC.gmol,3,
8-Copper/Cell_HEVFIY.gmol,0,
8-Copper/Cell_HEVFIY.gmol,1,
8-Copper/Cell_HEVFIY.gmol,2,
8-Copper/Cell_HEVFIY.gmol,3,
8-Copper/Cell_HEVFIY.gmol,4,
8-Copper/Cell_HEVFIY.gmol,5,
8-Copper/Cell_HEVFIY.gmol,6,
8-Copper/Cell_HEVFIY.gmol,7,
5-Chromium/Cell_NAZKUV.gmol,0,
5-Chromium/Cell_NAZKUV.gmol,1,
5-Chromium/Cell_NAZKUV.gmol,2,
5-Chromium/Cell_NAZKUV.gmol,3,
1-Iron/Cell_MIPMAB.gmol,0,
1-Iron/Cell_MIPMAB.gmol,1,
1-Iron/Cell_MIPMAB.gmol,2,
1-Iron/Cell_MIPMAB.gmol,3,
4-Rhenium/Cell_UJULUH.gmol,0,
4-Rhenium/Cell_UJULUH.gmol,1,
4-Rhenium/Cell_UJULUH.gmol,2,
4-Rhenium/Cell_UJULUH.gmol,3,
8-Copper/Cell_UZOKOK.gmol,0,
8-Copper/Cell_UZOKOK.gmol,1,
6-Cobalt/Cell_QETMAD.gmol,0,
8-Copper/Cell_MURREX.gmol,0,
8-Copper/Cell_MURREX.gmol,1,
8-Copper/Cell_MURREX.gmol,2,
8-Copper/Cell_MURREX.gmol,3,
8-Copper/Cell_MURREX.gmol,4,
8-Copper/Cell_MURREX.gmol,5,
8-Copper/Cell_MURREX.gmol,6,
8-Copper/Cell_MURREX.gmol,7,
8-Copper/Cell_MURREX.gmol,8,
8-Copper/Cell_MURREX.gmol,9,
1-Iron/Cell_KEFLUD.gmol,0,
1-Iron/Cell_KEFLUD.gmol,1,
1-Iron/Cell_KEFLUD.gmol,2,
1-Iron/Cell_KEFLUD.gmol,3,
1-Iron/Cell_KEFLUD.gmol,4,
1-Iron/Cell_KEFLUD.gmol,5,
1-Iron/Cell_KEFLUD.gmol,6,
1-Iron/Cell_KEFLUD.gmol,7,
1-Iron/Cell_KEFLUD.gmol,8,
1-Iron/Cell_KEFLUD.gmol,9,
1-Iron/Cell_KEFLUD.gmol,10,
1-Iron/Cell_KEFLUD.gmol,11,
1-Iron/Cell_KEFLUD.gmol,12,
1-Iron/Cell_KEFLUD.gmol,13,
1-Iron/Cell_KEFLUD.gmol,14,
1-Iron/Cell_KEFLUD.gmol,15,
3-Ruthenium/Cell_XIWTUT.gmol,0,
3-Ruthenium/Cell_XIWTUT.gmol,1,
3-Ruthenium/Cell_XIWTUT.gmol,2,
3-Ruthenium/Cell_XIWTUT.gmol,3,
2-Manganese/Cell_XIYRII.gmol,0,
2-Manganese/Cell_XIYRII.gmol,1,
2-Manganese/Cell_XIYRII.gmol,2,
2-Manganese/Cell_XIYRII.gmol,3,
2-Manganese/Cell_XIYRII.gmol,4,
2-Manganese/Cell_XIYRII.gmol,5,
2-Manganese/Cell_XIYRII.gmol,6,
2-Manganese/Cell_XIYRII.gmol,7,
3-Ruthenium/Cell_PUYPUX.gmol,0,
3-Ruthenium/Cell_PUYPUX.gmol,1,
3-Ruthenium/Cell_PUYPUX.gmol,2,
3-Ruthenium/Cell_PUYPUX.gmol,3,
4-Rhenium/Cell_KITTIT.gmol,0,
4-Rhenium/Cell_KITTIT.gmol,1,
2-Manganese/Cell_ZACKUN.gmol,0,
2-Manganese/Cell_ZACKUN.gmol,1,
6-Cobalt/Cell_ESOHEZ.gmol,0,
6-Cobalt/Cell_ESOHEZ.gmol,1,
6-Cobalt/Cell_ESOHEZ.gmol,2,
6-Cobalt/Cell_ESOHEZ.gmol,3,
6-Cobalt/Cell_ESOHEZ.gmol,4,
6-Cobalt/Cell_ESOHEZ.gmol,5,
6-Cobalt/Cell_ESOHEZ.gmol,6,
6-Cobalt/Cell_ESOHEZ.gmol,7,
6-Cobalt/Cell_ESOHEZ.gmol,8,
6-Cobalt/Cell_ESOHEZ.gmol,9,
6-Cobalt/Cell_ESOHEZ.gmol,10,
6-Cobalt/Cell_ESOHEZ.gmol,11,
6-Cobalt/Cell_ESOHEZ.gmol,12,
6-Cobalt/Cell_ESOHEZ.gmol,13,
6-Cobalt/Cell_ESOHEZ.gmol,14,
6-Cobalt/Cell_ESOHEZ.gmol,15,
6-Cobalt/Cell_ESOHEZ.gmol,16,
6-Cobalt/Cell_ESOHEZ.gmol,17,
6-Cobalt/Cell_ESOHEZ.gmol,18,
6-Cobalt/Cell_ESOHEZ.gmol,19,
6-Cobalt/Cell_ESOHEZ.gmol,20,
6-Cobalt/Cell_ESOHEZ.gmol,21,
6-Cobalt/Cell_ESOHEZ.gmol,22,
6-Cobalt/Cell_ESOHEZ.gmol,23,
6-Cobalt/Cell_ESOHEZ.gmol,24,
6-Cobalt/Cell_ESOHEZ.gmol,25,
6-Cobalt/Cell_ESOHEZ.gmol,26,
6-Cobalt/Cell_ESOHEZ.gmol,27,
7-Nickel/Cell_ILATEV.gmol,0,
3-Ruthenium/Cell_WIQVUP.gmol,0,
3-Ruthenium/Cell_WIQVUP.gmol,1,
6-Cobalt/Cell_FARZIH.gmol,0,
6-Cobalt/Cell_FARZIH.gmol,1,
6-Cobalt/Cell_FARZIH.gmol,2,
6-Cobalt/Cell_FARZIH.gmol,3,
6-Cobalt/Cell_ZIFYUL.gmol,0,
8-Copper/Cell_XUPCOA.gmol,0,
8-Copper/Cell_XUPCOA.gmol,1,
8-Copper/Cell_XUPCOA.gmol,2,
8-Copper/Cell_XUPCOA.gmol,3,
8-Copper/Cell_XUPCOA.gmol,4,
8-Copper/Cell_XUPCOA.gmol,5,
8-Copper/Cell_XUPCOA.gmol,6,
8-Copper/Cell_XUPCOA.gmol,7,
8-Copper/Cell_XUPCOA.gmol,8,
8-Copper/Cell_KULCIF.gmol,0,
8-Copper/Cell_KULCIF.gmol,1,
8-Copper/Cell_KULCIF.gmol,2,
8-Copper/Cell_KULCIF.gmol,3,
6-Cobalt/Cell_UNUTAA.gmol,0,
6-Cobalt/Cell_UNUTAA.gmol,1,
6-Cobalt/Cell_UNUTAA.gmol,2,
6-Cobalt/Cell_UNUTAA.gmol,3,
6-Cobalt/Cell_UNUTAA.gmol,4,
6-Cobalt/Cell_UNUTAA.gmol,5,
6-Cobalt/Cell_UNUTAA.gmol,6,
6-Cobalt/Cell_UNUTAA.gmol,7,
6-Cobalt/Cell_UNUTAA.gmol,8,
6-Cobalt/Cell_UNUTAA.gmol,9,
8-Copper/Cell_EYIKIG.gmol,0,
8-Copper/Cell_EYIKIG.gmol,1,
8-Copper/Cell_EYIKIG.gmol,2,
8-Copper/Cell_EYIKIG.gmol,3,
8-Copper/Cell_EYIKIG.gmol,4,
8-Copper/Cell_EYIKIG.gmol,5,
8-Copper/Cell_EYIKIG.gmol,6,
8-Copper/Cell_EYIKIG.gmol,7,
4-Rhenium/Cell_QICSOL.gmol,0,
4-Rhenium/Cell_QICSOL.gmol,1,
4-Rhenium/Cell_QICSOL.gmol,2,
4-Rhenium/Cell_QICSOL.gmol,3,
4-Rhenium/Cell_QICSOL.gmol,4,
4-Rhenium/Cell_QICSOL.gmol,5,
4-Rhenium/Cell_QICSOL.gmol,6,
4-Rhenium/Cell_QICSOL.gmol,7,
8-Copper/Cell_DAJCOH.gmol,0,
8-Copper/Cell_DAJCOH.gmol,1,
8-Copper/Cell_DAJCOH.gmol,2,
8-Copper/Cell_DAJCOH.gmol,3,
7-Nickel/Cell_KUFCAQ.gmol,0,
7-Nickel/Cell_KUFCAQ.gmol,1,
7-Nickel/Cell_KUFCAQ.gmol,2,
7-Nickel/Cell_KUFCAQ.gmol,3,
7-Nickel/Cell_KUFCAQ.gmol,4,
7-Nickel/Cell_KUFCAQ.gmol,5,
7-Nickel/Cell_KUFCAQ.gmol,6,
7-Nickel/Cell_KUFCAQ.gmol,7,
1-Iron/Cell_MOJCAS.gmol,0,
1-Iron/Cell_MOJCAS.gmol,1,
1-Iron/Cell_MOJCAS.gmol,2,
1-Iron/Cell_MOJCAS.gmol,3,
1-Iron/Cell_MOJCAS.gmol,4,
1-Iron/Cell_MOJCAS.gmol,5,
1-Iron/Cell_MOJCAS.gmol,6,
1-Iron/Cell_MOJCAS.gmol,7,
8-Copper/Cell_MEVWIW.gmol,0,
8-Copper/Cell_MEVWIW.gmol,1,
8-Copper/Cell_MEVWIW.gmol,2,
8-Copper/Cell_MEVWIW.gmol,3,
7-Nickel/Cell_SAHZOT.gmol,0,
7-Nickel/Cell_SAHZOT.gmol,1,
7-Nickel/Cell_SAHZOT.gmol,2,
7-Nickel/Cell_SAHZOT.gmol,3,
1-Iron/Cell_FOLDIT.gmol,0,
1-Iron/Cell_FOLDIT.gmol,1,
1-Iron/Cell_FOLDIT.gmol,2,
1-Iron/Cell_FOLDIT.gmol,3,
1-Iron/Cell_FOLDIT.gmol,4,
1-Iron/Cell_FOLDIT.gmol,5,
1-Iron/Cell_FOLDIT.gmol,6,
1-Iron/Cell_FOLDIT.gmol,7,
7-Nickel/Cell_CIMMUH.gmol,0,
7-Nickel/Cell_CIMMUH.gmol,1,
7-Nickel/Cell_CIMMUH.gmol,2,
7-Nickel/Cell_CIMMUH.gmol,3,
8-Copper/Cell_RIWYEC.gmol,0,
8-Copper/Cell_RIWYEC.gmol,1,
8-Copper/Cell_RIWYEC.gmol,2,
8-Copper/Cell_RIWYEC.gmol,3,
8-Copper/Cell_RIWYEC.gmol,4,
8-Copper/Cell_RIWYEC.gmol,5,
2-Manganese/Cell_DURMEK.gmol,0,
8-Copper/Cell_JOLLIF.gmol,0,
8-Copper/Cell_JOLLIF.gmol,1,
8-Copper/Cell_JOLLIF.gmol,2,
8-Copper/Cell_JOLLIF.gmol,3,
8-Copper/Cell_BENWIA.gmol,0,
8-Copper/Cell_BENWIA.gmol,1,
8-Copper/Cell_BENWIA.gmol,2,
8-Copper/Cell_BENWIA.gmol,3,
7-Nickel/Cell_TMZTNI.gmol,0,
7-Nickel/Cell_TMZTNI.gmol,1,
7-Nickel/Cell_TMZTNI.gmol,2,
7-Nickel/Cell_TMZTNI.gmol,3,
7-Nickel/Cell_TMZTNI.gmol,4,
7-Nickel/Cell_TMZTNI.gmol,5,
6-Cobalt/Cell_XADSAA.gmol,0,
6-Cobalt/Cell_XADSAA.gmol,1,
7-Nickel/Cell_QUGQUF.gmol,0,
7-Nickel/Cell_QUGQUF.gmol,1,
7-Nickel/Cell_QUGQUF.gmol,2,
7-Nickel/Cell_QUGQUF.gmol,3,
7-Nickel/Cell_QUGQUF.gmol,4,
7-Nickel/Cell_QUGQUF.gmol,5,
7-Nickel/Cell_QUGQUF.gmol,6,
7-Nickel/Cell_QUGQUF.gmol,7,
3-Ruthenium/Cell_RADHIN.gmol,0,
3-Ruthenium/Cell_RADHIN.gmol,1,
7-Nickel/Cell_WUXVES.gmol,0,
7-Nickel/Cell_WUXVES.gmol,1,
7-Nickel/Cell_WUXVES.gmol,2,
7-Nickel/Cell_WUXVES.gmol,3,
7-Nickel/Cell_WUXVES.gmol,4,
7-Nickel/Cell_WUXVES.gmol,5,
7-Nickel/Cell_WUXVES.gmol,6,
7-Nickel/Cell_WUXVES.gmol,7,
7-Nickel/Cell_WUXVES.gmol,8,
7-Nickel/Cell_WUXVES.gmol,9,
7-Nickel/Cell_WUXVES.gmol,10,
7-Nickel/Cell_WUXVES.gmol,11,
7-Nickel/Cell_WUXVES.gmol,12,
7-Nickel/Cell_WUXVES.gmol,13,
6-Cobalt/Cell_NAFMUG01.gmol,0,
6-Cobalt/Cell_NAFMUG01.gmol,1,
8-Copper/Cell_OTAQIL.gmol,0,
8-Copper/Cell_OTAQIL.gmol,1,
8-Copper/Cell_OTAQIL.gmol,2,
8-Copper/Cell_OTAQIL.gmol,3,
8-Copper/Cell_OTAQIL.gmol,4,
8-Copper/Cell_OTAQIL.gmol,5,
8-Copper/Cell_QIDMEY.gmol,0,
8-Copper/Cell_QIDMEY.gmol,1,
8-Copper/Cell_QIDMEY.gmol,2,
8-Copper/Cell_QIDMEY.gmol,3,
8-Copper/Cell_QIDMEY.gmol,4,
8-Copper/Cell_QIDMEY.gmol,5,
8-Copper/Cell_QIDMEY.gmol,6,
8-Copper/Cell_QIDMEY.gmol,7,
8-Copper/Cell_JAVHUK.gmol,0,
8-Copper/Cell_JAVHUK.gmol,1,
8-Copper/Cell_JAVHUK.gmol,2,
8-Copper/Cell_JAVHUK.gmol,3,
5-Chromium/Cell_LIJRAX.gmol,0,
5-Chromium/Cell_LIJRAX.gmol,1,
5-Chromium/Cell_LIJRAX.gmol,2,
5-Chromium/Cell_LIJRAX.gmol,3,
8-Copper/Cell_OZOZUA.gmol,0,
8-Copper/Cell_OZOZUA.gmol,1,
7-Nickel/Cell_VOFVOC.gmol,0,
7-Nickel/Cell_VOFVOC.gmol,1,
7-Nickel/Cell_VOFVOC.gmol,2,
7-Nickel/Cell_VOFVOC.gmol,3,
5-Chromium/Cell_DIJJIR.gmol,0,
5-Chromium/Cell_DIJJIR.gmol,1,
5-Chromium/Cell_DIJJIR.gmol,2,
5-Chromium/Cell_DIJJIR.gmol,3,
5-Chromium/Cell_DIJJIR.gmol,4,
5-Chromium/Cell_DIJJIR.gmol,5,
7-Nickel/Cell_ESAQUL.gmol,0,
7-Nickel/Cell_ESAQUL.gmol,1,
7-Nickel/Cell_ESAQUL.gmol,2,
7-Nickel/Cell_ESAQUL.gmol,3,
7-Nickel/Cell_OKUNOZ.gmol,0,
7-Nickel/Cell_OKUNOZ.gmol,1,
7-Nickel/Cell_OKUNOZ.gmol,2,
7-Nickel/Cell_OKUNOZ.gmol,3,
6-Cobalt/Cell_CAHQAD.gmol,0,
6-Cobalt/Cell_CAHQAD.gmol,1,
6-Cobalt/Cell_CAHQAD.gmol,2,
6-Cobalt/Cell_CAHQAD.gmol,3,
7-Nickel/Cell_ZANVIW.gmol,0,
7-Nickel/Cell_ZANVIW.gmol,1,
7-Nickel/Cell_ZANVIW.gmol,2,
7-Nickel/Cell_ZANVIW.gmol,3,
4-Rhenium/Cell_CISQEA.gmol,0,
4-Rhenium/Cell_CISQEA.gmol,1,
4-Rhenium/Cell_CISQEA.gmol,2,
4-Rhenium/Cell_CISQEA.gmol,3,
4-Rhenium/Cell_CISQEA.gmol,4,
4-Rhenium/Cell_CISQEA.gmol,5,
4-Rhenium/Cell_CISQEA.gmol,6,
4-Rhenium/Cell_CISQEA.gmol,7,
8-Copper/Cell_MEXPIR.gmol,0,
8-Copper/Cell_MEXPIR.gmol,1,
8-Copper/Cell_MEXPIR.gmol,2,
8-Copper/Cell_MEXPIR.gmol,3,
2-Manganese/Cell_VUMDIS.gmol,0,
2-Manganese/Cell_VUMDIS.gmol,1,
2-Manganese/Cell_VUMDIS.gmol,2,
2-Manganese/Cell_VUMDIS.gmol,3,
8-Copper/Cell_BIXYUC.gmol,0,
8-Copper/Cell_BIXYUC.gmol,1,
8-Copper/Cell_BIXYUC.gmol,2,
8-Copper/Cell_BIXYUC.gmol,3,
8-Copper/Cell_BIXYUC.gmol,4,
8-Copper/Cell_BIXYUC.gmol,5,
8-Copper/Cell_BIXYUC.gmol,6,
8-Copper/Cell_BIXYUC.gmol,7,
8-Copper/Cell_BIXYUC.gmol,8,
8-Copper/Cell_BIXYUC.gmol,9,
8-Copper/Cell_BIXYUC.gmol,10,
8-Copper/Cell_BIXYUC.gmol,11,
8-Copper/Cell_XEHPUW.gmol,0,
8-Copper/Cell_XEHPUW.gmol,1,
8-Copper/Cell_XEHPUW.gmol,2,
8-Copper/Cell_XEHPUW.gmol,3,
8-Copper/Cell_GOPYAL.gmol,0,
8-Copper/Cell_GOPYAL.gmol,1,
8-Copper/Cell_GOPYAL.gmol,2,
8-Copper/Cell_GOPYAL.gmol,3,
8-Copper/Cell_GOPYAL.gmol,4,
8-Copper/Cell_GOPYAL.gmol,5,
6-Cobalt/Cell_HUKJII.gmol,0,
6-Cobalt/Cell_HUKJII.gmol,1,
1-Iron/Cell_VEVQOE.gmol,0,
1-Iron/Cell_VEVQOE.gmol,1,
1-Iron/Cell_VEVQOE.gmol,2,
1-Iron/Cell_VEVQOE.gmol,3,
1-Iron/Cell_VEVQOE.gmol,4,
1-Iron/Cell_VEVQOE.gmol,5,
1-Iron/Cell_VEVQOE.gmol,6,
1-Iron/Cell_VEVQOE.gmol,7,
1-Iron/Cell_VEVQOE.gmol,8,
1-Iron/Cell_VEVQOE.gmol,9,
1-Iron/Cell_VEVQOE.gmol,10,
1-Iron/Cell_VEVQOE.gmol,11,
1-Iron/Cell_VEVQOE.gmol,12,
1-Iron/Cell_VEVQOE.gmol,13,
1-Iron/Cell_VEVQOE.gmol,14,
1-Iron/Cell_VEVQOE.gmol,15,
1-Iron/Cell_VEVQOE.gmol,16,
1-Iron/Cell_VEVQOE.gmol,17,
1-Iron/Cell_VEVQOE.gmol,18,
1-Iron/Cell_VEVQOE.gmol,19,
1-Iron/Cell_VEVQOE.gmol,20,
1-Iron/Cell_VEVQOE.gmol,21,
1-Iron/Cell_VEVQOE.gmol,22,
1-Iron/Cell_VEVQOE.gmol,23,
2-Manganese/Cell_NIJWIN.gmol,0,
2-Manganese/Cell_NIJWIN.gmol,1,
2-Manganese/Cell_NIJWIN.gmol,2,
2-Manganese/Cell_NIJWIN.gmol,3,
7-Nickel/Cell_WINGIK.gmol,0,
7-Nickel/Cell_WINGIK.gmol,1,
7-Nickel/Cell_WINGIK.gmol,2,
7-Nickel/Cell_WINGIK.gmol,3,
7-Nickel/Cell_WINGIK.gmol,4,
7-Nickel/Cell_WINGIK.gmol,5,
8-Copper/Cell_XAKMUS.gmol,0,
8-Copper/Cell_XAKMUS.gmol,1,
8-Copper/Cell_ZEHQAE.gmol,0,
8-Copper/Cell_ZEHQAE.gmol,1,
8-Copper/Cell_ZEHQAE.gmol,2,
8-Copper/Cell_ZEHQAE.gmol,3,
8-Copper/Cell_ZEHQAE.gmol,4,
8-Copper/Cell_ZEHQAE.gmol,5,
6-Cobalt/Cell_PUWMAX.gmol,0,
6-Cobalt/Cell_PUWMAX.gmol,1,
6-Cobalt/Cell_PUWMAX.gmol,2,
6-Cobalt/Cell_PUWMAX.gmol,3,
6-Cobalt/Cell_PUWMAX.gmol,4,
6-Cobalt/Cell_PUWMAX.gmol,5,
6-Cobalt/Cell_PUWMAX.gmol,6,
6-Cobalt/Cell_PUWMAX.gmol,7,
6-Cobalt/Cell_PUWMAX.gmol,8,
6-Cobalt/Cell_PUWMAX.gmol,9,
6-Cobalt/Cell_PUWMAX.gmol,10,
6-Cobalt/Cell_PUWMAX.gmol,11,
4-Rhenium/Cell_GEMWAY.gmol,0,
4-Rhenium/Cell_GEMWAY.gmol,1,
4-Rhenium/Cell_GEMWAY.gmol,2,
8-Copper/Cell_VIJWIW.gmol,0,
8-Copper/Cell_VIJWIW.gmol,1,
8-Copper/Cell_VIJWIW.gmol,2,
8-Copper/Cell_VIJWIW.gmol,3,
8-Copper/Cell_VIJWIW.gmol,4,
8-Copper/Cell_VIJWIW.gmol,5,
8-Copper/Cell_VIJWIW.gmol,6,
8-Copper/Cell_VIJWIW.gmol,7,
8-Copper/Cell_DUQVIV.gmol,0,
8-Copper/Cell_DUQVIV.gmol,1,
8-Copper/Cell_DUQVIV.gmol,2,
8-Copper/Cell_DUQVIV.gmol,3,
8-Copper/Cell_FAGWIV.gmol,0,
8-Copper/Cell_FAGWIV.gmol,1,
8-Copper/Cell_FAGWIV.gmol,2,
8-Copper/Cell_FAGWIV.gmol,3,
8-Copper/Cell_FAGWIV.gmol,4,
8-Copper/Cell_FAGWIV.gmol,5,
8-Copper/Cell_FAGWIV.gmol,6,
8-Copper/Cell_FAGWIV.gmol,7,
8-Copper/Cell_FAGWIV.gmol,8,
8-Copper/Cell_FAGWIV.gmol,9,
8-Copper/Cell_FAGWIV.gmol,10,
8-Copper/Cell_FAGWIV.gmol,11,
2-Manganese/Cell_LIBLAK.gmol,0,
2-Manganese/Cell_LIBLAK.gmol,1,
2-Manganese/Cell_LIBLAK.gmol,2,
2-Manganese/Cell_LIBLAK.gmol,3,
2-Manganese/Cell_LIBLAK.gmol,4,
2-Manganese/Cell_LIBLAK.gmol,5,
2-Manganese/Cell_LIBLAK.gmol,6,
2-Manganese/Cell_LIBLAK.gmol,7,
5-Chromium/Cell_XEFXOW.gmol,0,
5-Chromium/Cell_XEFXOW.gmol,1,
1-Iron/Cell_JUWGUD.gmol,0,
1-Iron/Cell_JUWGUD.gmol,1,
7-Nickel/Cell_GULZUJ.gmol,0,
7-Nickel/Cell_GULZUJ.gmol,1,
7-Nickel/Cell_GULZUJ.gmol,2,
7-Nickel/Cell_GULZUJ.gmol,3,
7-Nickel/Cell_GULZUJ.gmol,4,
7-Nickel/Cell_GULZUJ.gmol,5,
8-Copper/Cell_MEDXOK.gmol,0,
8-Copper/Cell_MEDXOK.gmol,1,
8-Copper/Cell_QAPYOX.gmol,0,
8-Copper/Cell_QAPYOX.gmol,1,
8-Copper/Cell_QAPYOX.gmol,2,
8-Copper/Cell_QAPYOX.gmol,3,
8-Copper/Cell_QAPYOX.gmol,4,
8-Copper/Cell_QAPYOX.gmol,5,
8-Copper/Cell_EQEYEG.gmol,0,
8-Copper/Cell_EQEYEG.gmol,1,
8-Copper/Cell_EQEYEG.gmol,2,
8-Copper/Cell_EQEYEG.gmol,3,
8-Copper/Cell_EQEYEG.gmol,4,
8-Copper/Cell_EQEYEG.gmol,5,
7-Nickel/Cell_OMEDIU.gmol,0,
1-Iron/Cell_PUXREG.gmol,0,
1-Iron/Cell_PUXREG.gmol,1,
3-Ruthenium/Cell_UHALAR.gmol,0,
3-Ruthenium/Cell_UHALAR.gmol,1,
3-Ruthenium/Cell_UHALAR.gmol,2,
3-Ruthenium/Cell_UHALAR.gmol,3,
3-Ruthenium/Cell_NAPYOT.gmol,0,
3-Ruthenium/Cell_NAPYOT.gmol,1,
3-Ruthenium/Cell_NAPYOT.gmol,2,
3-Ruthenium/Cell_NAPYOT.gmol,3,
3-Ruthenium/Cell_NAPYOT.gmol,4,
3-Ruthenium/Cell_NAPYOT.gmol,5,
3-Ruthenium/Cell_NAPYOT.gmol,6,
3-Ruthenium/Cell_NAPYOT.gmol,7,
3-Ruthenium/Cell_DOVZIA.gmol,0,
3-Ruthenium/Cell_DOVZIA.gmol,1,
3-Ruthenium/Cell_DOVZIA.gmol,2,
3-Ruthenium/Cell_DOVZIA.gmol,3,
3-Ruthenium/Cell_DOVZIA.gmol,4,
3-Ruthenium/Cell_DOVZIA.gmol,5,
3-Ruthenium/Cell_DOVZIA.gmol,6,
3-Ruthenium/Cell_DOVZIA.gmol,7,
1-Iron/Cell_EQACEF.gmol,0,
1-Iron/Cell_EQACEF.gmol,1,
1-Iron/Cell_EQACEF.gmol,2,
1-Iron/Cell_EQACEF.gmol,3,
1-Iron/Cell_EQACEF.gmol,4,
1-Iron/Cell_EQACEF.gmol,5,
5-Chromium/Cell_QOFWAJ.gmol,0,
5-Chromium/Cell_QOFWAJ.gmol,1,
5-Chromium/Cell_QOFWAJ.gmol,2,
5-Chromium/Cell_QOFWAJ.gmol,3,
8-Copper/Cell_VAKXOW.gmol,0,
8-Copper/Cell_VAKXOW.gmol,1,
8-Copper/Cell_VAKXOW.gmol,2,
8-Copper/Cell_VAKXOW.gmol,3,
8-Copper/Cell_VAKXOW.gmol,4,
8-Copper/Cell_VAKXOW.gmol,5,
8-Copper/Cell_VAKXOW.gmol,6,
8-Copper/Cell_VAKXOW.gmol,7,
1-Iron/Cell_LAJGOT.gmol,0,
1-Iron/Cell_LAJGOT.gmol,1,
1-Iron/Cell_LAJGOT.gmol,2,
1-Iron/Cell_LAJGOT.gmol,3,
2-Manganese/Cell_GOKREF.gmol,0,
2-Manganese/Cell_GOKREF.gmol,1,
2-Manganese/Cell_GOKREF.gmol,2,
2-Manganese/Cell_GOKREF.gmol,3,
2-Manganese/Cell_GOKREF.gmol,4,
2-Manganese/Cell_GOKREF.gmol,5,
2-Manganese/Cell_GOKREF.gmol,6,
2-Manganese/Cell_GOKREF.gmol,7,
2-Manganese/Cell_GOKREF.gmol,8,
2-Manganese/Cell_GOKREF.gmol,9,
2-Manganese/Cell_GOKREF.gmol,10,
2-Manganese/Cell_GOKREF.gmol,11,
2-Manganese/Cell_GOKREF.gmol,12,
2-Manganese/Cell_GOKREF.gmol,13,
2-Manganese/Cell_GOKREF.gmol,14,
2-Manganese/Cell_GOKREF.gmol,15,
2-Manganese/Cell_GOKREF.gmol,16,
2-Manganese/Cell_GOKREF.gmol,17,
2-Manganese/Cell_GOKREF.gmol,18,
2-Manganese/Cell_GOKREF.gmol,19,
7-Nickel/Cell_TORMOE.gmol,0,
7-Nickel/Cell_TORMOE.gmol,1,
7-Nickel/Cell_TORMOE.gmol,2,
7-Nickel/Cell_TORMOE.gmol,3,
7-Nickel/Cell_TORMOE.gmol,4,
7-Nickel/Cell_TORMOE.gmol,5,
7-Nickel/Cell_TORMOE.gmol,6,
7-Nickel/Cell_TORMOE.gmol,7,
7-Nickel/Cell_TORMOE.gmol,8,
7-Nickel/Cell_TORMOE.gmol,9,
7-Nickel/Cell_TORMOE.gmol,10,
7-Nickel/Cell_TORMOE.gmol,11,
7-Nickel/Cell_TORMOE.gmol,12,
7-Nickel/Cell_TORMOE.gmol,13,
7-Nickel/Cell_TORMOE.gmol,14,
7-Nickel/Cell_TORMOE.gmol,15,
7-Nickel/Cell_TORMOE.gmol,16,
7-Nickel/Cell_TORMOE.gmol,17,
7-Nickel/Cell_TORMOE.gmol,18,
7-Nickel/Cell_TORMOE.gmol,19,
7-Nickel/Cell_TORMOE.gmol,20,
7-Nickel/Cell_TORMOE.gmol,21,
7-Nickel/Cell_TORMOE.gmol,22,
7-Nickel/Cell_TORMOE.gmol,23,
7-Nickel/Cell_GASZUW.gmol,0,
7-Nickel/Cell_GASZUW.gmol,1,
7-Nickel/Cell_GUBTUU.gmol,0,
7-Nickel/Cell_GUBTUU.gmol,1,
7-Nickel/Cell_GUBTUU.gmol,2,
7-Nickel/Cell_GUBTUU.gmol,3,
7-Nickel/Cell_GUBTUU.gmol,4,
7-Nickel/Cell_GUBTUU.gmol,5,
7-Nickel/Cell_GUBTUU.gmol,6,
7-Nickel/Cell_GUBTUU.gmol,7,
7-Nickel/Cell_GUBTUU.gmol,8,
7-Nickel/Cell_GUBTUU.gmol,9,
8-Copper/Cell_HECPOV.gmol,0,
8-Copper/Cell_HECPOV.gmol,1,
8-Copper/Cell_HECPOV.gmol,2,
8-Copper/Cell_HECPOV.gmol,3,
1-Iron/Cell_KICVID.gmol,0,
1-Iron/Cell_KICVID.gmol,1,
1-Iron/Cell_KICVID.gmol,2,
1-Iron/Cell_KICVID.gmol,3,
1-Iron/Cell_KICVID.gmol,4,
1-Iron/Cell_KICVID.gmol,5,
1-Iron/Cell_KICVID.gmol,6,
1-Iron/Cell_KICVID.gmol,7,
6-Cobalt/Cell_WARGUT.gmol,0,
6-Cobalt/Cell_WARGUT.gmol,1,
8-Copper/Cell_QATVIT.gmol,0,
8-Copper/Cell_QATVIT.gmol,1,
8-Copper/Cell_QATVIT.gmol,2,
8-Copper/Cell_QATVIT.gmol,3,
8-Copper/Cell_QATVIT.gmol,4,
8-Copper/Cell_QATVIT.gmol,5,
8-Copper/Cell_QATVIT.gmol,6,
8-Copper/Cell_QATVIT.gmol,7,
8-Copper/Cell_XASFUS.gmol,0,
8-Copper/Cell_XASFUS.gmol,1,
8-Copper/Cell_XASFUS.gmol,2,
8-Copper/Cell_XASFUS.gmol,3,
8-Copper/Cell_XASFUS.gmol,4,
8-Copper/Cell_XASFUS.gmol,5,
8-Copper/Cell_XASFUS.gmol,6,
8-Copper/Cell_XASFUS.gmol,7,
3-Ruthenium/Cell_TUQQOM.gmol,0,
3-Ruthenium/Cell_TUQQOM.gmol,1,
3-Ruthenium/Cell_TUQQOM.gmol,2,
3-Ruthenium/Cell_TUQQOM.gmol,3,
8-Copper/Cell_TALCEQ.gmol,0,
1-Iron/Cell_REGBUA.gmol,0,
1-Iron/Cell_REGBUA.gmol,1,
4-Rhenium/Cell_AMOLIX.gmol,0,
4-Rhenium/Cell_AMOLIX.gmol,1,
1-Iron/Cell_PYAMFE.gmol,0,
1-Iron/Cell_PYAMFE.gmol,1,
1-Iron/Cell_PYAMFE.gmol,2,
1-Iron/Cell_PYAMFE.gmol,3,
1-Iron/Cell_PYAMFE.gmol,4,
1-Iron/Cell_PYAMFE.gmol,5,
8-Copper/Cell_DITNAX.gmol,0,
8-Copper/Cell_DITNAX.gmol,1,
8-Copper/Cell_DITNAX.gmol,2,
8-Copper/Cell_DITNAX.gmol,3,
8-Copper/Cell_DITNAX.gmol,4,
8-Copper/Cell_DITNAX.gmol,5,
8-Copper/Cell_DITNAX.gmol,6,
8-Copper/Cell_DITNAX.gmol,7,
8-Copper/Cell_GENGUD.gmol,0,
8-Copper/Cell_GENGUD.gmol,1,
7-Nickel/Cell_GIXHED.gmol,0,
8-Copper/Cell_JIFTUN.gmol,0,
8-Copper/Cell_JIFTUN.gmol,1,
8-Copper/Cell_JIFTUN.gmol,2,
8-Copper/Cell_JIFTUN.gmol,3,
8-Copper/Cell_JIFTUN.gmol,4,
8-Copper/Cell_JIFTUN.gmol,5,
8-Copper/Cell_JIFTUN.gmol,6,
8-Copper/Cell_JIFTUN.gmol,7,
8-Copper/Cell_JIFTUN.gmol,8,
8-Copper/Cell_JIFTUN.gmol,9,
8-Copper/Cell_JIFTUN.gmol,10,
8-Copper/Cell_JIFTUN.gmol,11,
7-Nickel/Cell_ZIMKOV.gmol,0,
7-Nickel/Cell_ZIMKOV.gmol,1,
7-Nickel/Cell_ZIMKOV.gmol,2,
7-Nickel/Cell_ZIMKOV.gmol,3,
7-Nickel/Cell_OFISUU.gmol,0,
7-Nickel/Cell_OFISUU.gmol,1,
7-Nickel/Cell_OFISUU.gmol,2,
7-Nickel/Cell_OFISUU.gmol,3,
8-Copper/Cell_UTAWUI.gmol,0,
8-Copper/Cell_UTAWUI.gmol,1,
8-Copper/Cell_UTAWUI.gmol,2,
8-Copper/Cell_UTAWUI.gmol,3,
8-Copper/Cell_UTAWUI.gmol,4,
8-Copper/Cell_UTAWUI.gmol,5,
8-Copper/Cell_UTAWUI.gmol,6,
8-Copper/Cell_UTAWUI.gmol,7,
8-Copper/Cell_UTAWUI.gmol,8,
8-Copper/Cell_UTAWUI.gmol,9,
8-Copper/Cell_UTAWUI.gmol,10,
8-Copper/Cell_UTAWUI.gmol,11,
1-Iron/Cell_VIFWEP.gmol,0,
1-Iron/Cell_VIFWEP.gmol,1,
1-Iron/Cell_VIFWEP.gmol,2,
1-Iron/Cell_VIFWEP.gmol,3,
1-Iron/Cell_DECLAA.gmol,0,
1-Iron/Cell_DECLAA.gmol,1,
6-Cobalt/Cell_YEJSEO.gmol,0,
6-Cobalt/Cell_YEJSEO.gmol,1,
6-Cobalt/Cell_YEJSEO.gmol,2,
6-Cobalt/Cell_YEJSEO.gmol,3,
6-Cobalt/Cell_YEJSEO.gmol,4,
6-Cobalt/Cell_YEJSEO.gmol,5,
8-Copper/Cell_DIDQIS.gmol,0,
8-Copper/Cell_DIDQIS.gmol,1,
8-Copper/Cell_DIDQIS.gmol,2,
8-Copper/Cell_DIDQIS.gmol,3,
3-Ruthenium/Cell_BOSFUL.gmol,0,
3-Ruthenium/Cell_BOSFUL.gmol,1,
3-Ruthenium/Cell_BOSFUL.gmol,2,
3-Ruthenium/Cell_BOSFUL.gmol,3,
3-Ruthenium/Cell_BOSFUL.gmol,4,
3-Ruthenium/Cell_BOSFUL.gmol,5,
3-Ruthenium/Cell_BOSFUL.gmol,6,
3-Ruthenium/Cell_BOSFUL.gmol,7,
8-Copper/Cell_VEXHUC.gmol,0,
8-Copper/Cell_VEXHUC.gmol,1,
8-Copper/Cell_VEXHUC.gmol,2,
8-Copper/Cell_VEXHUC.gmol,3,
8-Copper/Cell_VEXHUC.gmol,4,
8-Copper/Cell_VEXHUC.gmol,5,
8-Copper/Cell_VEXHUC.gmol,6,
8-Copper/Cell_VEXHUC.gmol,7,
8-Copper/Cell_VEXHUC.gmol,8,
8-Copper/Cell_VEXHUC.gmol,9,
8-Copper/Cell_VEXHUC.gmol,10,
8-Copper/Cell_VEXHUC.gmol,11,
7-Nickel/Cell_IPIYEM.gmol,0,
7-Nickel/Cell_IPIYEM.gmol,1,
1-Iron/Cell_PIXYIF.gmol,0,
1-Iron/Cell_PIXYIF.gmol,1,
1-Iron/Cell_PIXYIF.gmol,2,
1-Iron/Cell_PIXYIF.gmol,3,
5-Chromium/Cell_FAWTOM.gmol,0,
5-Chromium/Cell_FAWTOM.gmol,1,
5-Chromium/Cell_FAWTOM.gmol,2,
5-Chromium/Cell_FAWTOM.gmol,3,
5-Chromium/Cell_FAWTOM.gmol,4,
5-Chromium/Cell_FAWTOM.gmol,5,
5-Chromium/Cell_FAWTOM.gmol,6,
5-Chromium/Cell_FAWTOM.gmol,7,
5-Chromium/Cell_FAWTOM.gmol,8,
5-Chromium/Cell_FAWTOM.gmol,9,
5-Chromium/Cell_FAWTOM.gmol,10,
5-Chromium/Cell_FAWTOM.gmol,11,
8-Copper/Cell_YILBAX.gmol,0,
8-Copper/Cell_YILBAX.gmol,1,
5-Chromium/Cell_ULOZUQ.gmol,0,
5-Chromium/Cell_ULOZUQ.gmol,1,
5-Chromium/Cell_ULOZUQ.gmol,2,
5-Chromium/Cell_ULOZUQ.gmol,3,
5-Chromium/Cell_ULOZUQ.gmol,4,
5-Chromium/Cell_ULOZUQ.gmol,5,
5-Chromium/Cell_ULOZUQ.gmol,6,
5-Chromium/Cell_ULOZUQ.gmol,7,
7-Nickel/Cell_ACAZIP.gmol,0,
7-Nickel/Cell_ACAZIP.gmol,1,
7-Nickel/Cell_ACAZIP.gmol,2,
7-Nickel/Cell_ACAZIP.gmol,3,
8-Copper/Cell_NAKPIZ.gmol,0,
8-Copper/Cell_NAKPIZ.gmol,1,
8-Copper/Cell_NAKPIZ.gmol,2,
8-Copper/Cell_NAKPIZ.gmol,3,
8-Copper/Cell_NAKPIZ.gmol,4,
8-Copper/Cell_NAKPIZ.gmol,5,
8-Copper/Cell_NAKPIZ.gmol,6,
8-Copper/Cell_NAKPIZ.gmol,7,
8-Copper/Cell_QAFFOT.gmol,0,
8-Copper/Cell_QAFFOT.gmol,1,
8-Copper/Cell_DMPCUC10.gmol,0,
8-Copper/Cell_DMPCUC10.gmol,1,
1-Iron/Cell_DAWKAO.gmol,0,
1-Iron/Cell_DAWKAO.gmol,1,
6-Cobalt/Cell_WONWUT.gmol,0,
6-Cobalt/Cell_WONWUT.gmol,1,
6-Cobalt/Cell_WONWUT.gmol,2,
6-Cobalt/Cell_WONWUT.gmol,3,
7-Nickel/Cell_KOHMEA.gmol,0,
7-Nickel/Cell_KOHMEA.gmol,1,
7-Nickel/Cell_KOHMEA.gmol,2,
7-Nickel/Cell_KOHMEA.gmol,3,
6-Cobalt/Cell_CEDZUJ.gmol,0,
6-Cobalt/Cell_CEDZUJ.gmol,1,
6-Cobalt/Cell_CEDZUJ.gmol,2,
6-Cobalt/Cell_CEDZUJ.gmol,3,
6-Cobalt/Cell_CEDZUJ.gmol,4,
6-Cobalt/Cell_CEDZUJ.gmol,5,
6-Cobalt/Cell_CEDZUJ.gmol,6,
6-Cobalt/Cell_CEDZUJ.gmol,7,
7-Nickel/Cell_PUVHUM.gmol,0,
7-Nickel/Cell_PUVHUM.gmol,1,
7-Nickel/Cell_PUVHUM.gmol,2,
7-Nickel/Cell_PUVHUM.gmol,3,
7-Nickel/Cell_PUVHUM.gmol,4,
7-Nickel/Cell_PUVHUM.gmol,5,
7-Nickel/Cell_KECFUU.gmol,0,
7-Nickel/Cell_KECFUU.gmol,1,
7-Nickel/Cell_KECFUU.gmol,2,
7-Nickel/Cell_KECFUU.gmol,3,
6-Cobalt/Cell_ETOFAU.gmol,0,
6-Cobalt/Cell_ETOFAU.gmol,1,
6-Cobalt/Cell_ETOFAU.gmol,2,
6-Cobalt/Cell_ETOFAU.gmol,3,
6-Cobalt/Cell_ETOFAU.gmol,4,
6-Cobalt/Cell_ETOFAU.gmol,5,
6-Cobalt/Cell_ETOFAU.gmol,6,
6-Cobalt/Cell_ETOFAU.gmol,7,
2-Manganese/Cell_UBODUK.gmol,0,
2-Manganese/Cell_UBODUK.gmol,1,
2-Manganese/Cell_UBODUK.gmol,2,
2-Manganese/Cell_UBODUK.gmol,3,
2-Manganese/Cell_UBODUK.gmol,4,
2-Manganese/Cell_UBODUK.gmol,5,
2-Manganese/Cell_UBODUK.gmol,6,
2-Manganese/Cell_UBODUK.gmol,7,
2-Manganese/Cell_KEYGOM.gmol,0,
2-Manganese/Cell_KEYGOM.gmol,1,
2-Manganese/Cell_KEYGOM.gmol,2,
2-Manganese/Cell_KEYGOM.gmol,3,
7-Nickel/Cell_GAVZAH.gmol,0,
7-Nickel/Cell_GAVZAH.gmol,1,
2-Manganese/Cell_YEDSOR.gmol,0,
2-Manganese/Cell_YEDSOR.gmol,1,
2-Manganese/Cell_YEDSOR.gmol,2,
2-Manganese/Cell_YEDSOR.gmol,3,
2-Manganese/Cell_YEDSOR.gmol,4,
2-Manganese/Cell_YEDSOR.gmol,5,
2-Manganese/Cell_YEDSOR.gmol,6,
2-Manganese/Cell_YEDSOR.gmol,7,
6-Cobalt/Cell_PITFIJ.gmol,0,
6-Cobalt/Cell_PITFIJ.gmol,1,
6-Cobalt/Cell_PITFIJ.gmol,2,
6-Cobalt/Cell_PITFIJ.gmol,3,
6-Cobalt/Cell_PITFIJ.gmol,4,
6-Cobalt/Cell_PITFIJ.gmol,5,
8-Copper/Cell_OXURIJ.gmol,0,
8-Copper/Cell_OXURIJ.gmol,1,
8-Copper/Cell_OXURIJ.gmol,2,
8-Copper/Cell_OXURIJ.gmol,3,
1-Iron/Cell_NOKNUY.gmol,0,
1-Iron/Cell_NOKNUY.gmol,1,
1-Iron/Cell_NOKNUY.gmol,2,
1-Iron/Cell_NOKNUY.gmol,3,
1-Iron/Cell_NOKNUY.gmol,4,
1-Iron/Cell_NOKNUY.gmol,5,
1-Iron/Cell_NOKNUY.gmol,6,
1-Iron/Cell_NOKNUY.gmol,7,
7-Nickel/Cell_VEKCOE.gmol,0,
7-Nickel/Cell_VEKCOE.gmol,1,
7-Nickel/Cell_VEKCOE.gmol,2,
7-Nickel/Cell_VEKCOE.gmol,3,
8-Copper/Cell_CDIEPB.gmol,0,
8-Copper/Cell_CDIEPB.gmol,1,
8-Copper/Cell_CDIEPB.gmol,2,
8-Copper/Cell_CDIEPB.gmol,3,
8-Copper/Cell_CDIEPB.gmol,4,
8-Copper/Cell_CDIEPB.gmol,5,
8-Copper/Cell_CDIEPB.gmol,6,
8-Copper/Cell_CDIEPB.gmol,7,
6-Cobalt/Cell_ZADVEJ.gmol,0,
6-Cobalt/Cell_ZADVEJ.gmol,1,
6-Cobalt/Cell_ZADVEJ.gmol,2,
6-Cobalt/Cell_ZADVEJ.gmol,3,
6-Cobalt/Cell_ZADVEJ.gmol,4,
6-Cobalt/Cell_ZADVEJ.gmol,5,
6-Cobalt/Cell_ZADVEJ.gmol,6,
6-Cobalt/Cell_ZADVEJ.gmol,7,
6-Cobalt/Cell_ZADVEJ.gmol,8,
6-Cobalt/Cell_ZADVEJ.gmol,9,
6-Cobalt/Cell_ZADVEJ.gmol,10,
6-Cobalt/Cell_ZADVEJ.gmol,11,
8-Copper/Cell_VAVHAC.gmol,0,
1-Iron/Cell_KARGAM.gmol,0,
1-Iron/Cell_KARGAM.gmol,1,
1-Iron/Cell_KARGAM.gmol,2,
1-Iron/Cell_KARGAM.gmol,3,
1-Iron/Cell_ECOWEZ.gmol,0,
1-Iron/Cell_ECOWEZ.gmol,1,
1-Iron/Cell_ECOWEZ.gmol,2,
1-Iron/Cell_ECOWEZ.gmol,3,
1-Iron/Cell_ECOWEZ.gmol,4,
1-Iron/Cell_ECOWEZ.gmol,5,
5-Chromium/Cell_CAGCIW.gmol,0,
5-Chromium/Cell_CAGCIW.gmol,1,
5-Chromium/Cell_CAGCIW.gmol,2,
5-Chromium/Cell_CAGCIW.gmol,3,
5-Chromium/Cell_CAGCIW.gmol,4,
5-Chromium/Cell_CAGCIW.gmol,5,
8-Copper/Cell_FAMNOZ.gmol,0,
8-Copper/Cell_FAMNOZ.gmol,1,
8-Copper/Cell_FAMNOZ.gmol,2,
8-Copper/Cell_FAMNOZ.gmol,3,
8-Copper/Cell_FAMNOZ.gmol,4,
8-Copper/Cell_FAMNOZ.gmol,5,
8-Copper/Cell_FAMNOZ.gmol,6,
8-Copper/Cell_FAMNOZ.gmol,7,
7-Nickel/Cell_DOVMOQ.gmol,0,
7-Nickel/Cell_DOVMOQ.gmol,1,
7-Nickel/Cell_DOVMOQ.gmol,2,
7-Nickel/Cell_DOVMOQ.gmol,3,
6-Cobalt/Cell_TASDUM.gmol,0,
6-Cobalt/Cell_TASDUM.gmol,1,
6-Cobalt/Cell_TASDUM.gmol,2,
6-Cobalt/Cell_TASDUM.gmol,3,
6-Cobalt/Cell_TASDUM.gmol,4,
6-Cobalt/Cell_TASDUM.gmol,5,
6-Cobalt/Cell_TASDUM.gmol,6,
6-Cobalt/Cell_TASDUM.gmol,7,
8-Copper/Cell_QIGJEV.gmol,0,
8-Copper/Cell_QIGJEV.gmol,1,
8-Copper/Cell_QIGJEV.gmol,2,
8-Copper/Cell_QIGJEV.gmol,3,
8-Copper/Cell_QIGJEV.gmol,4,
8-Copper/Cell_QIGJEV.gmol,5,
1-Iron/Cell_NIDLOC.gmol,0,
1-Iron/Cell_NIDLOC.gmol,1,
1-Iron/Cell_NIDLOC.gmol,2,
1-Iron/Cell_NIDLOC.gmol,3,
1-Iron/Cell_NIDLOC.gmol,4,
1-Iron/Cell_NIDLOC.gmol,5,
1-Iron/Cell_NIDLOC.gmol,6,
1-Iron/Cell_NIDLOC.gmol,7,
3-Ruthenium/Cell_OLUFIK.gmol,0,
3-Ruthenium/Cell_OLUFIK.gmol,1,
3-Ruthenium/Cell_OLUFIK.gmol,2,
3-Ruthenium/Cell_OLUFIK.gmol,3,
3-Ruthenium/Cell_OLUFIK.gmol,4,
3-Ruthenium/Cell_OLUFIK.gmol,5,
3-Ruthenium/Cell_OLUFIK.gmol,6,
3-Ruthenium/Cell_OLUFIK.gmol,7,
3-Ruthenium/Cell_OLUFIK.gmol,8,
3-Ruthenium/Cell_OLUFIK.gmol,9,
3-Ruthenium/Cell_OLUFIK.gmol,10,
3-Ruthenium/Cell_OLUFIK.gmol,11,
8-Copper/Cell_MOLMIK.gmol,0,
8-Copper/Cell_MOLMIK.gmol,1,
7-Nickel/Cell_TOVSEE.gmol,0,
7-Nickel/Cell_TOVSEE.gmol,1,
7-Nickel/Cell_TOVSEE.gmol,2,
7-Nickel/Cell_TOVSEE.gmol,3,
7-Nickel/Cell_TOVSEE.gmol,4,
7-Nickel/Cell_TOVSEE.gmol,5,
7-Nickel/Cell_TOVSEE.gmol,6,
7-Nickel/Cell_TOVSEE.gmol,7,
7-Nickel/Cell_TOVSEE.gmol,8,
7-Nickel/Cell_TOVSEE.gmol,9,
7-Nickel/Cell_TOVSEE.gmol,10,
7-Nickel/Cell_TOVSEE.gmol,11,
8-Copper/Cell_NAYDAV.gmol,0,
8-Copper/Cell_NAYDAV.gmol,1,
8-Copper/Cell_NAYDAV.gmol,2,
8-Copper/Cell_NAYDAV.gmol,3,
8-Copper/Cell_QEGGIV.gmol,0,
8-Copper/Cell_QEGGIV.gmol,1,
8-Copper/Cell_QEGGIV.gmol,2,
8-Copper/Cell_QEGGIV.gmol,3,
8-Copper/Cell_EKICUX.gmol,0,
8-Copper/Cell_EKICUX.gmol,1,
8-Copper/Cell_EKICUX.gmol,2,
8-Copper/Cell_EKICUX.gmol,3,
8-Copper/Cell_QUSLIA.gmol,0,
8-Copper/Cell_QUSLIA.gmol,1,
8-Copper/Cell_PYTOCU.gmol,0,
8-Copper/Cell_PYTOCU.gmol,1,
8-Copper/Cell_PYTOCU.gmol,2,
8-Copper/Cell_PYTOCU.gmol,3,
8-Copper/Cell_PYTOCU.gmol,4,
8-Copper/Cell_PYTOCU.gmol,5,
8-Copper/Cell_PYTOCU.gmol,6,
8-Copper/Cell_PYTOCU.gmol,7,
7-Nickel/Cell_AHIHAB.gmol,0,
7-Nickel/Cell_AHIHAB.gmol,1,
7-Nickel/Cell_AHIHAB.gmol,2,
7-Nickel/Cell_AHIHAB.gmol,3,
7-Nickel/Cell_KUXROK.gmol,0,
7-Nickel/Cell_KUXROK.gmol,1,
8-Copper/Cell_EHIWUO.gmol,0,
8-Copper/Cell_EHIWUO.gmol,1,
8-Copper/Cell_EHIWUO.gmol,2,
8-Copper/Cell_EHIWUO.gmol,3,
8-Copper/Cell_EHIWUO.gmol,4,
8-Copper/Cell_EHIWUO.gmol,5,
8-Copper/Cell_EHIWUO.gmol,6,
8-Copper/Cell_EHIWUO.gmol,7,
8-Copper/Cell_EHIWUO.gmol,8,
8-Copper/Cell_EHIWUO.gmol,9,
8-Copper/Cell_EHIWUO.gmol,10,
8-Copper/Cell_EHIWUO.gmol,11,
7-Nickel/Cell_LAFWIA.gmol,0,
7-Nickel/Cell_LAFWIA.gmol,1,
7-Nickel/Cell_LAFWIA.gmol,2,
7-Nickel/Cell_LAFWIA.gmol,3,
7-Nickel/Cell_LAFWIA.gmol,4,
7-Nickel/Cell_LAFWIA.gmol,5,
7-Nickel/Cell_LAFWIA.gmol,6,
7-Nickel/Cell_LAFWIA.gmol,7,
7-Nickel/Cell_LAFWIA.gmol,8,
7-Nickel/Cell_LAFWIA.gmol,9,
7-Nickel/Cell_LAFWIA.gmol,10,
7-Nickel/Cell_LAFWIA.gmol,11,
8-Copper/Cell_YIPJAL.gmol,0,
8-Copper/Cell_YIPJAL.gmol,1,
8-Copper/Cell_YIPJAL.gmol,2,
8-Copper/Cell_YIPJAL.gmol,3,
8-Copper/Cell_ZIMPET.gmol,0,
8-Copper/Cell_ZIMPET.gmol,1,
8-Copper/Cell_ZIMPET.gmol,2,
8-Copper/Cell_ZIMPET.gmol,3,
7-Nickel/Cell_TPPENI11.gmol,0,
7-Nickel/Cell_TPPENI11.gmol,1,
6-Cobalt/Cell_XIWWEG.gmol,0,
6-Cobalt/Cell_XIWWEG.gmol,1,
6-Cobalt/Cell_XIWWEG.gmol,2,
6-Cobalt/Cell_XIWWEG.gmol,3,
2-Manganese/Cell_XAYBIJ.gmol,0,
2-Manganese/Cell_XAYBIJ.gmol,1,
2-Manganese/Cell_XAYBIJ.gmol,2,
2-Manganese/Cell_XAYBIJ.gmol,3,
6-Cobalt/Cell_ILEDIN.gmol,0,
6-Cobalt/Cell_ILEDIN.gmol,1,
6-Cobalt/Cell_ILEDIN.gmol,2,
6-Cobalt/Cell_ILEDIN.gmol,3,
6-Cobalt/Cell_ILEDIN.gmol,4,
6-Cobalt/Cell_ILEDIN.gmol,5,
7-Nickel/Cell_OGEPUL.gmol,0,
7-Nickel/Cell_OGEPUL.gmol,1,
7-Nickel/Cell_OGEPUL.gmol,2,
7-Nickel/Cell_OGEPUL.gmol,3,
7-Nickel/Cell_OGEPUL.gmol,4,
7-Nickel/Cell_OGEPUL.gmol,5,
7-Nickel/Cell_OGEPUL.gmol,6,
7-Nickel/Cell_OGEPUL.gmol,7,
7-Nickel/Cell_OGEPUL.gmol,8,
7-Nickel/Cell_OGEPUL.gmol,9,
7-Nickel/Cell_OGEPUL.gmol,10,
7-Nickel/Cell_OGEPUL.gmol,11,
6-Cobalt/Cell_LAPVED.gmol,0,
6-Cobalt/Cell_LAPVED.gmol,1,
6-Cobalt/Cell_LAPVED.gmol,2,
6-Cobalt/Cell_LAPVED.gmol,3,
6-Cobalt/Cell_LAPVED.gmol,4,
6-Cobalt/Cell_LAPVED.gmol,5,
6-Cobalt/Cell_LAPVED.gmol,6,
6-Cobalt/Cell_LAPVED.gmol,7,
7-Nickel/Cell_DAVNAR.gmol,0,
7-Nickel/Cell_DAVNAR.gmol,1,
7-Nickel/Cell_DAVNAR.gmol,2,
7-Nickel/Cell_DAVNAR.gmol,3,
6-Cobalt/Cell_DEPLES.gmol,0,
6-Cobalt/Cell_DEPLES.gmol,1,
6-Cobalt/Cell_DEPLES.gmol,2,
6-Cobalt/Cell_DEPLES.gmol,3,
6-Cobalt/Cell_DEPLES.gmol,4,
6-Cobalt/Cell_DEPLES.gmol,5,
6-Cobalt/Cell_DEPLES.gmol,6,
6-Cobalt/Cell_DEPLES.gmol,7,
6-Cobalt/Cell_DEPLES.gmol,8,
6-Cobalt/Cell_DEPLES.gmol,9,
6-Cobalt/Cell_DEPLES.gmol,10,
6-Cobalt/Cell_DEPLES.gmol,11,
7-Nickel/Cell_MEZFEC.gmol,0,
7-Nickel/Cell_MEZFEC.gmol,1,
7-Nickel/Cell_TADKIV.gmol,0,
7-Nickel/Cell_TADKIV.gmol,1,
8-Copper/Cell_OFEPEX.gmol,0,
7-Nickel/Cell_AFUDAH.gmol,0,
7-Nickel/Cell_AFUDAH.gmol,1,
7-Nickel/Cell_AFUDAH.gmol,2,
7-Nickel/Cell_AFUDAH.gmol,3,
3-Ruthenium/Cell_EJIGEK.gmol,0,
3-Ruthenium/Cell_EJIGEK.gmol,1,
3-Ruthenium/Cell_EJIGEK.gmol,2,
3-Ruthenium/Cell_EJIGEK.gmol,3,
3-Ruthenium/Cell_EJIGEK.gmol,4,
3-Ruthenium/Cell_EJIGEK.gmol,5,
6-Cobalt/Cell_WEBMUL.gmol,0,
6-Cobalt/Cell_WEBMUL.gmol,1,
6-Cobalt/Cell_WEBMUL.gmol,2,
6-Cobalt/Cell_WEBMUL.gmol,3,
1-Iron/Cell_IHIREW.gmol,0,
1-Iron/Cell_IHIREW.gmol,1,
1-Iron/Cell_IHIREW.gmol,2,
1-Iron/Cell_IHIREW.gmol,3,
5-Chromium/Cell_MIFXAC.gmol,0,
5-Chromium/Cell_MIFXAC.gmol,1,
5-Chromium/Cell_MIFXAC.gmol,2,
5-Chromium/Cell_MIFXAC.gmol,3,
2-Manganese/Cell_FEBMEF.gmol,0,
2-Manganese/Cell_FEBMEF.gmol,1,
2-Manganese/Cell_FEBMEF.gmol,2,
2-Manganese/Cell_FEBMEF.gmol,3,
7-Nickel/Cell_CIMGAG.gmol,0,
7-Nickel/Cell_CIMGAG.gmol,1,
7-Nickel/Cell_CIMGAG.gmol,2,
7-Nickel/Cell_CIMGAG.gmol,3,
6-Cobalt/Cell_KERDAM.gmol,0,
6-Cobalt/Cell_KERDAM.gmol,1,
6-Cobalt/Cell_KERDAM.gmol,2,
6-Cobalt/Cell_KERDAM.gmol,3,
6-Cobalt/Cell_KERDAM.gmol,4,
6-Cobalt/Cell_KERDAM.gmol,5,
4-Rhenium/Cell_SODXIT.gmol,0,
4-Rhenium/Cell_SODXIT.gmol,1,
4-Rhenium/Cell_SODXIT.gmol,2,
4-Rhenium/Cell_SODXIT.gmol,3,
4-Rhenium/Cell_SODXIT.gmol,4,
4-Rhenium/Cell_SODXIT.gmol,5,
4-Rhenium/Cell_SODXIT.gmol,6,
4-Rhenium/Cell_SODXIT.gmol,7,
2-Manganese/Cell_WIZSOO.gmol,0,
2-Manganese/Cell_WIZSOO.gmol,1,
2-Manganese/Cell_WIZSOO.gmol,2,
2-Manganese/Cell_WIZSOO.gmol,3,
8-Copper/Cell_UPUFIW.gmol,0,
8-Copper/Cell_UPUFIW.gmol,1,
8-Copper/Cell_UPUFIW.gmol,2,
8-Copper/Cell_UPUFIW.gmol,3,
8-Copper/Cell_UPUFIW.gmol,4,
8-Copper/Cell_UPUFIW.gmol,5,
8-Copper/Cell_UPUFIW.gmol,6,
8-Copper/Cell_UPUFIW.gmol,7,
1-Iron/Cell_PAGQAR.gmol,0,
1-Iron/Cell_PAGQAR.gmol,1,
1-Iron/Cell_PAGQAR.gmol,2,
1-Iron/Cell_PAGQAR.gmol,3,
8-Copper/Cell_UDEXOT.gmol,0,
8-Copper/Cell_UDEXOT.gmol,1,
8-Copper/Cell_UDEXOT.gmol,2,
8-Copper/Cell_UDEXOT.gmol,3,
8-Copper/Cell_UDEXOT.gmol,4,
8-Copper/Cell_UDEXOT.gmol,5,
8-Copper/Cell_UDEXOT.gmol,6,
8-Copper/Cell_UDEXOT.gmol,7,
8-Copper/Cell_UDEXOT.gmol,8,
8-Copper/Cell_UDEXOT.gmol,9,
8-Copper/Cell_DOZQIT.gmol,0,
6-Cobalt/Cell_LURFAG.gmol,0,
6-Cobalt/Cell_LURFAG.gmol,1,
6-Cobalt/Cell_LURFAG.gmol,2,
6-Cobalt/Cell_LURFAG.gmol,3,
6-Cobalt/Cell_REFNOG.gmol,0,
6-Cobalt/Cell_REFNOG.gmol,1,
6-Cobalt/Cell_REFNOG.gmol,2,
6-Cobalt/Cell_REFNOG.gmol,3,
6-Cobalt/Cell_REFNOG.gmol,4,
6-Cobalt/Cell_REFNOG.gmol,5,
6-Cobalt/Cell_REFNOG.gmol,6,
6-Cobalt/Cell_REFNOG.gmol,7,
6-Cobalt/Cell_REFNOG.gmol,8,
6-Cobalt/Cell_REFNOG.gmol,9,
6-Cobalt/Cell_REFNOG.gmol,10,
6-Cobalt/Cell_REFNOG.gmol,11,
7-Nickel/Cell_TUYFEZ.gmol,0,
7-Nickel/Cell_TUYFEZ.gmol,1,
7-Nickel/Cell_TUYFEZ.gmol,2,
7-Nickel/Cell_TUYFEZ.gmol,3,
7-Nickel/Cell_TUYFEZ.gmol,4,
7-Nickel/Cell_TUYFEZ.gmol,5,
7-Nickel/Cell_TUYFEZ.gmol,6,
7-Nickel/Cell_TUYFEZ.gmol,7,
7-Nickel/Cell_TUYFEZ.gmol,8,
7-Nickel/Cell_TUYFEZ.gmol,9,
7-Nickel/Cell_TUYFEZ.gmol,10,
7-Nickel/Cell_TUYFEZ.gmol,11,
2-Manganese/Cell_DONGIX.gmol,0,
2-Manganese/Cell_DONGIX.gmol,1,
2-Manganese/Cell_DONGIX.gmol,2,
2-Manganese/Cell_DONGIX.gmol,3,
2-Manganese/Cell_DONGIX.gmol,4,
2-Manganese/Cell_DONGIX.gmol,5,
2-Manganese/Cell_DONGIX.gmol,6,
2-Manganese/Cell_DONGIX.gmol,7,
8-Copper/Cell_MEHGEO.gmol,0,
8-Copper/Cell_MEHGEO.gmol,1,
8-Copper/Cell_FATMUJ.gmol,0,
8-Copper/Cell_FATMUJ.gmol,1,
8-Copper/Cell_FATMUJ.gmol,2,
8-Copper/Cell_FATMUJ.gmol,3,
8-Copper/Cell_FATMUJ.gmol,4,
8-Copper/Cell_FATMUJ.gmol,5,
8-Copper/Cell_FATMUJ.gmol,6,
8-Copper/Cell_FATMUJ.gmol,7,
8-Copper/Cell_FATMUJ.gmol,8,
8-Copper/Cell_FATMUJ.gmol,9,
8-Copper/Cell_FATMUJ.gmol,10,
8-Copper/Cell_FATMUJ.gmol,11,
8-Copper/Cell_FATMUJ.gmol,12,
8-Copper/Cell_FATMUJ.gmol,13,
8-Copper/Cell_FATMUJ.gmol,14,
8-Copper/Cell_FATMUJ.gmol,15,
8-Copper/Cell_FATMUJ.gmol,16,
8-Copper/Cell_FATMUJ.gmol,17,
8-Copper/Cell_FATMUJ.gmol,18,
8-Copper/Cell_FATMUJ.gmol,19,
8-Copper/Cell_FATMUJ.gmol,20,
8-Copper/Cell_FATMUJ.gmol,21,
8-Copper/Cell_FATMUJ.gmol,22,
8-Copper/Cell_FATMUJ.gmol,23,
2-Manganese/Cell_TOWFEQ.gmol,0,
2-Manganese/Cell_TOWFEQ.gmol,1,
2-Manganese/Cell_TOWFEQ.gmol,2,
2-Manganese/Cell_TOWFEQ.gmol,3,
2-Manganese/Cell_TOWFEQ.gmol,4,
2-Manganese/Cell_TOWFEQ.gmol,5,
2-Manganese/Cell_TOWFEQ.gmol,6,
2-Manganese/Cell_TOWFEQ.gmol,7,
6-Cobalt/Cell_TICYEL.gmol,0,
6-Cobalt/Cell_TICYEL.gmol,1,
3-Ruthenium/Cell_XALHUP.gmol,0,
3-Ruthenium/Cell_XALHUP.gmol,1,
3-Ruthenium/Cell_XALHUP.gmol,2,
3-Ruthenium/Cell_XALHUP.gmol,3,
3-Ruthenium/Cell_XALHUP.gmol,4,
3-Ruthenium/Cell_XALHUP.gmol,5,
3-Ruthenium/Cell_XALHUP.gmol,6,
3-Ruthenium/Cell_XALHUP.gmol,7,
3-Ruthenium/Cell_XALHUP.gmol,8,
3-Ruthenium/Cell_XALHUP.gmol,9,
3-Ruthenium/Cell_XALHUP.gmol,10,
3-Ruthenium/Cell_XALHUP.gmol,11,
7-Nickel/Cell_WABVEC.gmol,0,
8-Copper/Cell_OQIHUS.gmol,0,
8-Copper/Cell_OQIHUS.gmol,1,
8-Copper/Cell_OQIHUS.gmol,2,
8-Copper/Cell_OQIHUS.gmol,3,
6-Cobalt/Cell_ULOYEB.gmol,0,
6-Cobalt/Cell_ULOYEB.gmol,1,
7-Nickel/Cell_ACEWIO.gmol,0,
7-Nickel/Cell_ACEWIO.gmol,1,
1-Iron/Cell_OFIXUZ.gmol,0,
1-Iron/Cell_OFIXUZ.gmol,1,
1-Iron/Cell_OFIXUZ.gmol,2,
1-Iron/Cell_OFIXUZ.gmol,3,
1-Iron/Cell_OFIXUZ.gmol,4,
1-Iron/Cell_OFIXUZ.gmol,5,
8-Copper/Cell_CEVMAR.gmol,0,
8-Copper/Cell_CEVMAR.gmol,1,
7-Nickel/Cell_HEZRUA.gmol,0,
7-Nickel/Cell_HEZRUA.gmol,1,
7-Nickel/Cell_HEZRUA.gmol,2,
7-Nickel/Cell_HEZRUA.gmol,3,
2-Manganese/Cell_ZOLHOX.gmol,0,
2-Manganese/Cell_ZOLHOX.gmol,1,
2-Manganese/Cell_ZOLHOX.gmol,2,
2-Manganese/Cell_ZOLHOX.gmol,3,
7-Nickel/Cell_TEKBIX.gmol,0,
7-Nickel/Cell_TEKBIX.gmol,1,
7-Nickel/Cell_TEKBIX.gmol,2,
8-Copper/Cell_LEQKID.gmol,0,
8-Copper/Cell_LEQKID.gmol,1,
8-Copper/Cell_LEQKID.gmol,2,
8-Copper/Cell_LEQKID.gmol,3,
8-Copper/Cell_OQANUS.gmol,0,
8-Copper/Cell_OQANUS.gmol,1,
8-Copper/Cell_OQANUS.gmol,2,
8-Copper/Cell_OQANUS.gmol,3,
8-Copper/Cell_OQANUS.gmol,4,
8-Copper/Cell_OQANUS.gmol,5,
8-Copper/Cell_OQANUS.gmol,6,
8-Copper/Cell_OQANUS.gmol,7,
6-Cobalt/Cell_CILZIJ.gmol,0,
6-Cobalt/Cell_CILZIJ.gmol,1,
6-Cobalt/Cell_CILZIJ.gmol,2,
6-Cobalt/Cell_CILZIJ.gmol,3,
6-Cobalt/Cell_CILZIJ.gmol,4,
6-Cobalt/Cell_CILZIJ.gmol,5,
6-Cobalt/Cell_CILZIJ.gmol,6,
6-Cobalt/Cell_CILZIJ.gmol,7,
8-Copper/Cell_MUBWIQ.gmol,0,
8-Copper/Cell_MUBWIQ.gmol,1,
8-Copper/Cell_MUBWIQ.gmol,2,
8-Copper/Cell_MUBWIQ.gmol,3,
8-Copper/Cell_MUBWIQ.gmol,4,
8-Copper/Cell_MUBWIQ.gmol,5,
1-Iron/Cell_ROGPEL.gmol,0,
1-Iron/Cell_ROGPEL.gmol,1,
1-Iron/Cell_ROGPEL.gmol,2,
1-Iron/Cell_ROGPEL.gmol,3,
1-Iron/Cell_ROGPEL.gmol,4,
1-Iron/Cell_ROGPEL.gmol,5,
1-Iron/Cell_ROGPEL.gmol,6,
1-Iron/Cell_ROGPEL.gmol,7,
1-Iron/Cell_ROGPEL.gmol,8,
1-Iron/Cell_ROGPEL.gmol,9,
1-Iron/Cell_ROGPEL.gmol,10,
1-Iron/Cell_ROGPEL.gmol,11,
1-Iron/Cell_ROGPEL.gmol,12,
1-Iron/Cell_ROGPEL.gmol,13,
1-Iron/Cell_NASJEX.gmol,0,
1-Iron/Cell_NASJEX.gmol,1,
1-Iron/Cell_NASJEX.gmol,2,
1-Iron/Cell_NASJEX.gmol,3,
3-Ruthenium/Cell_JUZXOT.gmol,0,
3-Ruthenium/Cell_JUZXOT.gmol,1,
1-Iron/Cell_QURWUX.gmol,0,
1-Iron/Cell_QURWUX.gmol,1,
1-Iron/Cell_QURWUX.gmol,2,
1-Iron/Cell_QURWUX.gmol,3,
8-Copper/Cell_QICRIG.gmol,0,
8-Copper/Cell_QICRIG.gmol,1,
8-Copper/Cell_QICRIG.gmol,2,
8-Copper/Cell_QICRIG.gmol,3,
7-Nickel/Cell_TAQMEE.gmol,0,
6-Cobalt/Cell_NAFVAU.gmol,0,
6-Cobalt/Cell_NAFVAU.gmol,1,
6-Cobalt/Cell_NAFVAU.gmol,2,
7-Nickel/Cell_GECFOL.gmol,0,
7-Nickel/Cell_GECFOL.gmol,1,
7-Nickel/Cell_GECFOL.gmol,2,
7-Nickel/Cell_GECFOL.gmol,3,
7-Nickel/Cell_GECFOL.gmol,4,
8-Copper/Cell_TUNKIX.gmol,0,
8-Copper/Cell_TUNKIX.gmol,1,
6-Cobalt/Cell_NIYVEY.gmol,0,
6-Cobalt/Cell_NIYVEY.gmol,1,
6-Cobalt/Cell_NIYVEY.gmol,2,
6-Cobalt/Cell_NIYVEY.gmol,3,
6-Cobalt/Cell_NIYVEY.gmol,4,
6-Cobalt/Cell_NIYVEY.gmol,5,
6-Cobalt/Cell_NIYVEY.gmol,6,
8-Copper/Cell_KUHLAC.gmol,0,
8-Copper/Cell_KUHLAC.gmol,1,
8-Copper/Cell_KUHLAC.gmol,2,
8-Copper/Cell_KUHLAC.gmol,3,
6-Cobalt/Cell_GIQNOM.gmol,0,
6-Cobalt/Cell_GIQNOM.gmol,1,
6-Cobalt/Cell_GIQNOM.gmol,2,
3-Ruthenium/Cell_QAQZAM.gmol,0,
3-Ruthenium/Cell_QAQZAM.gmol,1,
3-Ruthenium/Cell_QAQZAM.gmol,2,
3-Ruthenium/Cell_QAQZAM.gmol,3,
3-Ruthenium/Cell_QAQZAM.gmol,4,
3-Ruthenium/Cell_QAQZAM.gmol,5,
3-Ruthenium/Cell_QAQZAM.gmol,6,
3-Ruthenium/Cell_QAQZAM.gmol,7,
3-Ruthenium/Cell_QAQZAM.gmol,8,
3-Ruthenium/Cell_QAQZAM.gmol,9,
3-Ruthenium/Cell_QAQZAM.gmol,10,
3-Ruthenium/Cell_QAQZAM.gmol,11,
7-Nickel/Cell_GUBQUQ.gmol,0,
7-Nickel/Cell_GUBQUQ.gmol,1,
7-Nickel/Cell_GUBQUQ.gmol,2,
7-Nickel/Cell_GUBQUQ.gmol,3,
2-Manganese/Cell_IGAZEW.gmol,0,
2-Manganese/Cell_IGAZEW.gmol,1,
8-Copper/Cell_YUZXEY.gmol,0,
8-Copper/Cell_YUZXEY.gmol,1,
8-Copper/Cell_YUZXEY.gmol,2,
8-Copper/Cell_YUZXEY.gmol,3,
8-Copper/Cell_YUZXEY.gmol,4,
8-Copper/Cell_YUZXEY.gmol,5,
8-Copper/Cell_YUZXEY.gmol,6,
8-Copper/Cell_YUZXEY.gmol,7,
1-Iron/Cell_RUZNAB.gmol,0,
1-Iron/Cell_RUZNAB.gmol,1,
1-Iron/Cell_RUZNAB.gmol,2,
1-Iron/Cell_RUZNAB.gmol,3,
4-Rhenium/Cell_GIZXES.gmol,0,
4-Rhenium/Cell_GIZXES.gmol,1,
4-Rhenium/Cell_GIZXES.gmol,2,
4-Rhenium/Cell_GIZXES.gmol,3,
4-Rhenium/Cell_GIZXES.gmol,4,
4-Rhenium/Cell_GIZXES.gmol,5,
4-Rhenium/Cell_GIZXES.gmol,6,
4-Rhenium/Cell_GIZXES.gmol,7,
7-Nickel/Cell_KEFWUO.gmol,0,
7-Nickel/Cell_KEFWUO.gmol,1,
7-Nickel/Cell_KEFWUO.gmol,2,
7-Nickel/Cell_KEFWUO.gmol,3,
7-Nickel/Cell_KEFWUO.gmol,4,
7-Nickel/Cell_KEFWUO.gmol,5,
7-Nickel/Cell_KEFWUO.gmol,6,
7-Nickel/Cell_KEFWUO.gmol,7,
7-Nickel/Cell_KEFWUO.gmol,8,
7-Nickel/Cell_KEFWUO.gmol,9,
7-Nickel/Cell_KEFWUO.gmol,10,
7-Nickel/Cell_KEFWUO.gmol,11,
2-Manganese/Cell_WAVDAA.gmol,0,
2-Manganese/Cell_WAVDAA.gmol,1,
2-Manganese/Cell_WAVDAA.gmol,2,
2-Manganese/Cell_WAVDAA.gmol,3,
3-Ruthenium/Cell_NEZGAA.gmol,0,
3-Ruthenium/Cell_NEZGAA.gmol,1,
3-Ruthenium/Cell_NEZGAA.gmol,2,
3-Ruthenium/Cell_NEZGAA.gmol,3,
4-Rhenium/Cell_RATYIU.gmol,0,
4-Rhenium/Cell_RATYIU.gmol,1,
4-Rhenium/Cell_RATYIU.gmol,2,
4-Rhenium/Cell_RATYIU.gmol,3,
8-Copper/Cell_KEFPUH.gmol,0,
7-Nickel/Cell_OGITOP.gmol,0,
7-Nickel/Cell_OGITOP.gmol,1,
7-Nickel/Cell_OGITOP.gmol,2,
7-Nickel/Cell_OGITOP.gmol,3,
7-Nickel/Cell_EPEKOC.gmol,0,
7-Nickel/Cell_EPEKOC.gmol,1,
7-Nickel/Cell_EPEKOC.gmol,2,
7-Nickel/Cell_EPEKOC.gmol,3,
7-Nickel/Cell_EPEKOC.gmol,4,
7-Nickel/Cell_EPEKOC.gmol,5,
7-Nickel/Cell_EPEKOC.gmol,6,
7-Nickel/Cell_EPEKOC.gmol,7,
8-Copper/Cell_SACXIE.gmol,0,
8-Copper/Cell_SACXIE.gmol,1,
8-Copper/Cell_SACXIE.gmol,2,
8-Copper/Cell_SACXIE.gmol,3,
7-Nickel/Cell_ZESBOQ.gmol,0,
7-Nickel/Cell_ZESBOQ.gmol,1,
7-Nickel/Cell_ZESBOQ.gmol,2,
7-Nickel/Cell_ZESBOQ.gmol,3,
7-Nickel/Cell_LAHTOD.gmol,0,
7-Nickel/Cell_LAHTOD.gmol,1,
8-Copper/Cell_YACMAS.gmol,0,
8-Copper/Cell_YACMAS.gmol,1,
8-Copper/Cell_YACMAS.gmol,2,
8-Copper/Cell_YACMAS.gmol,3,
1-Iron/Cell_HOLTUA.gmol,0,
1-Iron/Cell_HOLTUA.gmol,1,
1-Iron/Cell_HOLTUA.gmol,2,
1-Iron/Cell_HOLTUA.gmol,3,
4-Rhenium/Cell_IGEXUO.gmol,0,
4-Rhenium/Cell_IGEXUO.gmol,1,
4-Rhenium/Cell_IGEXUO.gmol,2,
4-Rhenium/Cell_IGEXUO.gmol,3,
4-Rhenium/Cell_IGEXUO.gmol,4,
4-Rhenium/Cell_IGEXUO.gmol,5,
4-Rhenium/Cell_IGEXUO.gmol,6,
4-Rhenium/Cell_IGEXUO.gmol,7,
8-Copper/Cell_ZAMBOE.gmol,0,
8-Copper/Cell_ZAMBOE.gmol,1,
8-Copper/Cell_ZAMBOE.gmol,2,
8-Copper/Cell_ZAMBOE.gmol,3,
1-Iron/Cell_PUQWOO.gmol,0,
1-Iron/Cell_PUQWOO.gmol,1,
1-Iron/Cell_PUQWOO.gmol,2,
1-Iron/Cell_PUQWOO.gmol,3,
1-Iron/Cell_PUQWOO.gmol,4,
1-Iron/Cell_PUQWOO.gmol,5,
8-Copper/Cell_RUHVUN.gmol,0,
8-Copper/Cell_RUHVUN.gmol,1,
8-Copper/Cell_RUHVUN.gmol,2,
8-Copper/Cell_RUHVUN.gmol,3,
8-Copper/Cell_RUHVUN.gmol,4,
8-Copper/Cell_RUHVUN.gmol,5,
8-Copper/Cell_RUHVUN.gmol,6,
8-Copper/Cell_RUHVUN.gmol,7,
8-Copper/Cell_RUHVUN.gmol,8,
8-Copper/Cell_RUHVUN.gmol,9,
8-Copper/Cell_RUHVUN.gmol,10,
8-Copper/Cell_RUHVUN.gmol,11,
8-Copper/Cell_RUHVUN.gmol,12,
8-Copper/Cell_RUHVUN.gmol,13,
8-Copper/Cell_RUHVUN.gmol,14,
8-Copper/Cell_RUHVUN.gmol,15,
8-Copper/Cell_SORPOG.gmol,0,
8-Copper/Cell_SORPOG.gmol,1,
8-Copper/Cell_SORPOG.gmol,2,
8-Copper/Cell_SORPOG.gmol,3,
8-Copper/Cell_SORPOG.gmol,4,
8-Copper/Cell_SORPOG.gmol,5,
8-Copper/Cell_SORPOG.gmol,6,
8-Copper/Cell_SORPOG.gmol,7,
8-Copper/Cell_SORPOG.gmol,8,
8-Copper/Cell_SORPOG.gmol,9,
8-Copper/Cell_SORPOG.gmol,10,
8-Copper/Cell_SORPOG.gmol,11,
6-Cobalt/Cell_BISXIK.gmol,0,
6-Cobalt/Cell_BISXIK.gmol,1,
6-Cobalt/Cell_BISXIK.gmol,2,
6-Cobalt/Cell_BISXIK.gmol,3,
6-Cobalt/Cell_BISXIK.gmol,4,
6-Cobalt/Cell_BISXIK.gmol,5,
6-Cobalt/Cell_BISXIK.gmol,6,
6-Cobalt/Cell_BISXIK.gmol,7,
4-Rhenium/Cell_BAMXOD.gmol,0,
4-Rhenium/Cell_BAMXOD.gmol,1,
4-Rhenium/Cell_BAMXOD.gmol,2,
4-Rhenium/Cell_BAMXOD.gmol,3,
7-Nickel/Cell_DUNWEQ.gmol,0,
7-Nickel/Cell_DUNWEQ.gmol,1,
7-Nickel/Cell_DUNWEQ.gmol,2,
7-Nickel/Cell_DUNWEQ.gmol,3,
2-Manganese/Cell_ROFKUV.gmol,0,
2-Manganese/Cell_ROFKUV.gmol,1,
2-Manganese/Cell_ROFKUV.gmol,2,
2-Manganese/Cell_ROFKUV.gmol,3,
6-Cobalt/Cell_GETNAV.gmol,0,
6-Cobalt/Cell_GETNAV.gmol,1,
1-Iron/Cell_ALAXIU.gmol,0,
1-Iron/Cell_ALAXIU.gmol,1,
1-Iron/Cell_ALAXIU.gmol,2,
1-Iron/Cell_ALAXIU.gmol,3,
8-Copper/Cell_TUFDOO.gmol,0,
8-Copper/Cell_TUFDOO.gmol,1,
8-Copper/Cell_TUFDOO.gmol,2,
8-Copper/Cell_TUFDOO.gmol,3,
2-Manganese/Cell_LELLEU.gmol,0,
2-Manganese/Cell_LELLEU.gmol,1,
2-Manganese/Cell_LELLEU.gmol,2,
2-Manganese/Cell_LELLEU.gmol,3,
2-Manganese/Cell_LELLEU.gmol,4,
2-Manganese/Cell_LELLEU.gmol,5,
2-Manganese/Cell_LELLEU.gmol,6,
2-Manganese/Cell_LELLEU.gmol,7,
2-Manganese/Cell_LELLEU.gmol,8,
2-Manganese/Cell_LELLEU.gmol,9,
2-Manganese/Cell_LELLEU.gmol,10,
2-Manganese/Cell_LELLEU.gmol,11,
2-Manganese/Cell_LELLEU.gmol,12,
2-Manganese/Cell_LELLEU.gmol,13,
2-Manganese/Cell_LELLEU.gmol,14,
2-Manganese/Cell_LELLEU.gmol,15,
7-Nickel/Cell_IWINUZ.gmol,0,
7-Nickel/Cell_IWINUZ.gmol,1,
8-Copper/Cell_EDCOPT.gmol,0,
8-Copper/Cell_EDCOPT.gmol,1,
8-Copper/Cell_EDCOPT.gmol,2,
8-Copper/Cell_XUGJOY.gmol,0,
8-Copper/Cell_XUGJOY.gmol,1,
8-Copper/Cell_XUGJOY.gmol,2,
8-Copper/Cell_XUGJOY.gmol,3,
8-Copper/Cell_XUGJOY.gmol,4,
8-Copper/Cell_XUGJOY.gmol,5,
8-Copper/Cell_XUGJOY.gmol,6,
8-Copper/Cell_XUGJOY.gmol,7,
8-Copper/Cell_XUGJOY.gmol,8,
8-Copper/Cell_XUGJOY.gmol,9,
8-Copper/Cell_XUGJOY.gmol,10,
8-Copper/Cell_XUGJOY.gmol,11,
8-Copper/Cell_XUGJOY.gmol,12,
8-Copper/Cell_XUGJOY.gmol,13,
8-Copper/Cell_XUGJOY.gmol,14,
8-Copper/Cell_XUGJOY.gmol,15,
7-Nickel/Cell_XAVVUL.gmol,0,
8-Copper/Cell_FINBAH.gmol,0,
8-Copper/Cell_FINBAH.gmol,1,
4-Rhenium/Cell_XUBXEZ.gmol,0,
4-Rhenium/Cell_XUBXEZ.gmol,1,
4-Rhenium/Cell_XUBXEZ.gmol,2,
4-Rhenium/Cell_XUBXEZ.gmol,3,
8-Copper/Cell_QAZWOF.gmol,0,
8-Copper/Cell_QAZWOF.gmol,1,
8-Copper/Cell_QAZWOF.gmol,2,
8-Copper/Cell_QAZWOF.gmol,3,
8-Copper/Cell_QAZWOF.gmol,4,
8-Copper/Cell_QAZWOF.gmol,5,
6-Cobalt/Cell_UHOWIY.gmol,0,
6-Cobalt/Cell_UHOWIY.gmol,1,
6-Cobalt/Cell_UHOWIY.gmol,2,
6-Cobalt/Cell_UHOWIY.gmol,3,
6-Cobalt/Cell_UHOWIY.gmol,4,
6-Cobalt/Cell_UHOWIY.gmol,5,
6-Cobalt/Cell_UHOWIY.gmol,6,
6-Cobalt/Cell_UHOWIY.gmol,7,
8-Copper/Cell_HIHTUP.gmol,0,
8-Copper/Cell_HIHTUP.gmol,1,
8-Copper/Cell_HIHTUP.gmol,2,
8-Copper/Cell_HIHTUP.gmol,3,
8-Copper/Cell_ROJKOR.gmol,0,
8-Copper/Cell_ROJKOR.gmol,1,
7-Nickel/Cell_EQEGEP.gmol,0,
7-Nickel/Cell_EQEGEP.gmol,1,
7-Nickel/Cell_EQEGEP.gmol,2,
7-Nickel/Cell_EQEGEP.gmol,3,
1-Iron/Cell_LINRIK.gmol,0,
1-Iron/Cell_LINRIK.gmol,1,
1-Iron/Cell_LINRIK.gmol,2,
1-Iron/Cell_LINRIK.gmol,3,
1-Iron/Cell_LINRIK.gmol,4,
1-Iron/Cell_LINRIK.gmol,5,
1-Iron/Cell_LINRIK.gmol,6,
1-Iron/Cell_LINRIK.gmol,7,
1-Iron/Cell_LINRIK.gmol,8,
1-Iron/Cell_LINRIK.gmol,9,
1-Iron/Cell_LINRIK.gmol,10,
1-Iron/Cell_LINRIK.gmol,11,
1-Iron/Cell_LINRIK.gmol,12,
1-Iron/Cell_LINRIK.gmol,13,
1-Iron/Cell_LINRIK.gmol,14,
1-Iron/Cell_LINRIK.gmol,15,
1-Iron/Cell_YOXXAN.gmol,0,
1-Iron/Cell_YOXXAN.gmol,1,
1-Iron/Cell_YOXXAN.gmol,2,
1-Iron/Cell_YOXXAN.gmol,3,
1-Iron/Cell_YOXXAN.gmol,4,
1-Iron/Cell_YOXXAN.gmol,5,
1-Iron/Cell_YOXXAN.gmol,6,
1-Iron/Cell_YOXXAN.gmol,7,
1-Iron/Cell_YOXXAN.gmol,8,
1-Iron/Cell_YOXXAN.gmol,9,
1-Iron/Cell_YOXXAN.gmol,10,
1-Iron/Cell_YOXXAN.gmol,11,
8-Copper/Cell_WEYKUJ.gmol,0,
8-Copper/Cell_WEYKUJ.gmol,1,
8-Copper/Cell_WEYKUJ.gmol,2,
8-Copper/Cell_WEYKUJ.gmol,3,
8-Copper/Cell_RIQVUL.gmol,0,
8-Copper/Cell_RIQVUL.gmol,1,
8-Copper/Cell_RIQVUL.gmol,2,
8-Copper/Cell_RIQVUL.gmol,3,
8-Copper/Cell_RIQVUL.gmol,4,
8-Copper/Cell_RIQVUL.gmol,5,
8-Copper/Cell_RIQVUL.gmol,6,
8-Copper/Cell_RIQVUL.gmol,7,
6-Cobalt/Cell_SUKWOK.gmol,0,
6-Cobalt/Cell_SUKWOK.gmol,1,
6-Cobalt/Cell_SUKWOK.gmol,2,
6-Cobalt/Cell_SUKWOK.gmol,3,
1-Iron/Cell_XESNUH.gmol,0,
1-Iron/Cell_XESNUH.gmol,1,
1-Iron/Cell_XESNUH.gmol,2,
1-Iron/Cell_XESNUH.gmol,3,
1-Iron/Cell_XESNUH.gmol,4,
1-Iron/Cell_XESNUH.gmol,5,
1-Iron/Cell_XESNUH.gmol,6,
1-Iron/Cell_XESNUH.gmol,7,
1-Iron/Cell_XESNUH.gmol,8,
1-Iron/Cell_XESNUH.gmol,9,
1-Iron/Cell_XESNUH.gmol,10,
1-Iron/Cell_XESNUH.gmol,11,
2-Manganese/Cell_UXEWIF.gmol,0,
2-Manganese/Cell_UXEWIF.gmol,1,
2-Manganese/Cell_UXEWIF.gmol,2,
2-Manganese/Cell_UXEWIF.gmol,3,
2-Manganese/Cell_UXEWIF.gmol,4,
2-Manganese/Cell_UXEWIF.gmol,5,
2-Manganese/Cell_UXEWIF.gmol,6,
2-Manganese/Cell_UXEWIF.gmol,7,
3-Ruthenium/Cell_YEMXAQ.gmol,0,
3-Ruthenium/Cell_YEMXAQ.gmol,1,
3-Ruthenium/Cell_YEMXAQ.gmol,2,
3-Ruthenium/Cell_YEMXAQ.gmol,3,
3-Ruthenium/Cell_YEMXAQ.gmol,4,
3-Ruthenium/Cell_YEMXAQ.gmol,5,
3-Ruthenium/Cell_YEMXAQ.gmol,6,
3-Ruthenium/Cell_YEMXAQ.gmol,7,
3-Ruthenium/Cell_YEMXAQ.gmol,8,
3-Ruthenium/Cell_YEMXAQ.gmol,9,
1-Iron/Cell_MUTXEG.gmol,0,
1-Iron/Cell_MUTXEG.gmol,1,
1-Iron/Cell_MUTXEG.gmol,2,
1-Iron/Cell_MUTXEG.gmol,3,
1-Iron/Cell_MUTXEG.gmol,4,
1-Iron/Cell_MUTXEG.gmol,5,
1-Iron/Cell_MUTXEG.gmol,6,
1-Iron/Cell_MUTXEG.gmol,7,
1-Iron/Cell_MUTXEG.gmol,8,
1-Iron/Cell_MUTXEG.gmol,9,
1-Iron/Cell_MUTXEG.gmol,10,
1-Iron/Cell_MUTXEG.gmol,11,
1-Iron/Cell_CUQSEN.gmol,0,
1-Iron/Cell_CUQSEN.gmol,1,
1-Iron/Cell_CUQSEN.gmol,2,
1-Iron/Cell_CUQSEN.gmol,3,
6-Cobalt/Cell_PAQRIK.gmol,0,
6-Cobalt/Cell_PAQRIK.gmol,1,
6-Cobalt/Cell_PAQRIK.gmol,2,
6-Cobalt/Cell_PAQRIK.gmol,3,
6-Cobalt/Cell_PAQRIK.gmol,4,
6-Cobalt/Cell_PAQRIK.gmol,5,
6-Cobalt/Cell_PAQRIK.gmol,6,
6-Cobalt/Cell_PAQRIK.gmol,7,
6-Cobalt/Cell_PAQRIK.gmol,8,
8-Copper/Cell_GEPJER.gmol,0,
8-Copper/Cell_GEPJER.gmol,1,
8-Copper/Cell_GEPJER.gmol,2,
8-Copper/Cell_GEPJER.gmol,3,
8-Copper/Cell_GEPJER.gmol,4,
8-Copper/Cell_GEPJER.gmol,5,
8-Copper/Cell_CANLAF.gmol,0,
8-Copper/Cell_CANLAF.gmol,1,
8-Copper/Cell_CANLAF.gmol,2,
8-Copper/Cell_CANLAF.gmol,3,
8-Copper/Cell_CANLAF.gmol,4,
8-Copper/Cell_CANLAF.gmol,5,
8-Copper/Cell_CANLAF.gmol,6,
8-Copper/Cell_CANLAF.gmol,7,
8-Copper/Cell_OVIGUW.gmol,0,
8-Copper/Cell_OVIGUW.gmol,1,
8-Copper/Cell_OVIGUW.gmol,2,
8-Copper/Cell_OVIGUW.gmol,3,
1-Iron/Cell_MUHNAH.gmol,0,
1-Iron/Cell_MUHNAH.gmol,1,
1-Iron/Cell_MUHNAH.gmol,2,
1-Iron/Cell_MUHNAH.gmol,3,
6-Cobalt/Cell_HIBNAK.gmol,0,
6-Cobalt/Cell_HIBNAK.gmol,1,
6-Cobalt/Cell_HIBNAK.gmol,2,
6-Cobalt/Cell_HIBNAK.gmol,3,
6-Cobalt/Cell_HIBNAK.gmol,4,
6-Cobalt/Cell_HIBNAK.gmol,5,
6-Cobalt/Cell_HIBNAK.gmol,6,
6-Cobalt/Cell_HIBNAK.gmol,7,
8-Copper/Cell_ZUQHUO.gmol,0,
8-Copper/Cell_ZUQHUO.gmol,1,
8-Copper/Cell_JIQPEE.gmol,0,
8-Copper/Cell_JIQPEE.gmol,1,
8-Copper/Cell_JIQPEE.gmol,2,
8-Copper/Cell_JIQPEE.gmol,3,
8-Copper/Cell_JIQPEE.gmol,4,
8-Copper/Cell_JIQPEE.gmol,5,
8-Copper/Cell_JIQPEE.gmol,6,
8-Copper/Cell_JIQPEE.gmol,7,
8-Copper/Cell_JIQPEE.gmol,8,
8-Copper/Cell_JIQPEE.gmol,9,
8-Copper/Cell_JIQPEE.gmol,10,
8-Copper/Cell_JIQPEE.gmol,11,
8-Copper/Cell_JIQPEE.gmol,12,
8-Copper/Cell_JIQPEE.gmol,13,
8-Copper/Cell_JIQPEE.gmol,14,
8-Copper/Cell_JIQPEE.gmol,15,
8-Copper/Cell_JIQPEE.gmol,16,
8-Copper/Cell_JIQPEE.gmol,17,
8-Copper/Cell_JIQPEE.gmol,18,
8-Copper/Cell_JIQPEE.gmol,19,
8-Copper/Cell_JIQPEE.gmol,20,
8-Copper/Cell_JIQPEE.gmol,21,
8-Copper/Cell_JIQPEE.gmol,22,
8-Copper/Cell_JIQPEE.gmol,23,
6-Cobalt/Cell_MOXWED.gmol,0,
6-Cobalt/Cell_MOXWED.gmol,1,
6-Cobalt/Cell_MOXWED.gmol,2,
6-Cobalt/Cell_MOXWED.gmol,3,
6-Cobalt/Cell_MOXWED.gmol,4,
6-Cobalt/Cell_MOXWED.gmol,5,
6-Cobalt/Cell_MOXWED.gmol,6,
6-Cobalt/Cell_MOXWED.gmol,7,
2-Manganese/Cell_XUCTAQ.gmol,0,
2-Manganese/Cell_XUCTAQ.gmol,1,
2-Manganese/Cell_XUCTAQ.gmol,2,
2-Manganese/Cell_XUCTAQ.gmol,3,
2-Manganese/Cell_XUCTAQ.gmol,4,
2-Manganese/Cell_XUCTAQ.gmol,5,
2-Manganese/Cell_XUCTAQ.gmol,6,
2-Manganese/Cell_XUCTAQ.gmol,7,
2-Manganese/Cell_XUCTAQ.gmol,8,
2-Manganese/Cell_XUCTAQ.gmol,9,
6-Cobalt/Cell_DOFZAA.gmol,0,
6-Cobalt/Cell_DOFZAA.gmol,1,
6-Cobalt/Cell_DOFZAA.gmol,2,
6-Cobalt/Cell_DOFZAA.gmol,3,
3-Ruthenium/Cell_ACIDAS.gmol,0,
3-Ruthenium/Cell_ACIDAS.gmol,1,
3-Ruthenium/Cell_ACIDAS.gmol,2,
3-Ruthenium/Cell_ACIDAS.gmol,3,
3-Ruthenium/Cell_ACIDAS.gmol,4,
3-Ruthenium/Cell_ACIDAS.gmol,5,
3-Ruthenium/Cell_ACIDAS.gmol,6,
3-Ruthenium/Cell_ACIDAS.gmol,7,
8-Copper/Cell_CORROT.gmol,0,
8-Copper/Cell_CORROT.gmol,1,
8-Copper/Cell_CORROT.gmol,2,
8-Copper/Cell_CORROT.gmol,3,
6-Cobalt/Cell_ZAPREQ.gmol,0,
6-Cobalt/Cell_ZAPREQ.gmol,1,
6-Cobalt/Cell_ZAPREQ.gmol,2,
6-Cobalt/Cell_ZAPREQ.gmol,3,
6-Cobalt/Cell_ZAPREQ.gmol,4,
6-Cobalt/Cell_ZAPREQ.gmol,5,
6-Cobalt/Cell_ZAPREQ.gmol,6,
6-Cobalt/Cell_ZAPREQ.gmol,7,
6-Cobalt/Cell_UDUDOP.gmol,0,
6-Cobalt/Cell_UDUDOP.gmol,1,
6-Cobalt/Cell_UDUDOP.gmol,2,
6-Cobalt/Cell_UDUDOP.gmol,3,
3-Ruthenium/Cell_PAXFAW.gmol,0,
3-Ruthenium/Cell_PAXFAW.gmol,1,
3-Ruthenium/Cell_PAXFAW.gmol,2,
3-Ruthenium/Cell_PAXFAW.gmol,3,
3-Ruthenium/Cell_PAXFAW.gmol,4,
3-Ruthenium/Cell_PAXFAW.gmol,5,
3-Ruthenium/Cell_PAXFAW.gmol,6,
3-Ruthenium/Cell_PAXFAW.gmol,7,
1-Iron/Cell_TAYBUT.gmol,0,
1-Iron/Cell_TAYBUT.gmol,1,
1-Iron/Cell_TAYBUT.gmol,2,
1-Iron/Cell_TAYBUT.gmol,3,
1-Iron/Cell_TAYBUT.gmol,4,
1-Iron/Cell_TAYBUT.gmol,5,
1-Iron/Cell_TAYBUT.gmol,6,
1-Iron/Cell_TAYBUT.gmol,7,
1-Iron/Cell_TAYBUT.gmol,8,
1-Iron/Cell_TAYBUT.gmol,9,
1-Iron/Cell_TAYBUT.gmol,10,
1-Iron/Cell_TAYBUT.gmol,11,
1-Iron/Cell_TAYBUT.gmol,12,
1-Iron/Cell_TAYBUT.gmol,13,
1-Iron/Cell_TAYBUT.gmol,14,
1-Iron/Cell_TAYBUT.gmol,15,
1-Iron/Cell_TAYBUT.gmol,16,
1-Iron/Cell_TAYBUT.gmol,17,
1-Iron/Cell_TAYBUT.gmol,18,
1-Iron/Cell_TAYBUT.gmol,19,
1-Iron/Cell_TAYBUT.gmol,20,
1-Iron/Cell_TAYBUT.gmol,21,
7-Nickel/Cell_RACHUB.gmol,0,
7-Nickel/Cell_RACHUB.gmol,1,
7-Nickel/Cell_RACHUB.gmol,2,
7-Nickel/Cell_RACHUB.gmol,3,
8-Copper/Cell_IBEXIY.gmol,0,
8-Copper/Cell_IBEXIY.gmol,1,
8-Copper/Cell_IBEXIY.gmol,2,
8-Copper/Cell_IBEXIY.gmol,3,
8-Copper/Cell_IBEXIY.gmol,4,
8-Copper/Cell_IBEXIY.gmol,5,
8-Copper/Cell_IBEXIY.gmol,6,
8-Copper/Cell_IBEXIY.gmol,7,
8-Copper/Cell_IBEXIY.gmol,8,
8-Copper/Cell_IBEXIY.gmol,9,
8-Copper/Cell_IBEXIY.gmol,10,
8-Copper/Cell_IBEXIY.gmol,11,
8-Copper/Cell_IBEXIY.gmol,12,
8-Copper/Cell_IBEXIY.gmol,13,
8-Copper/Cell_IBEXIY.gmol,14,
8-Copper/Cell_IBEXIY.gmol,15,
8-Copper/Cell_IBEXIY.gmol,16,
8-Copper/Cell_IBEXIY.gmol,17,
8-Copper/Cell_IBEXIY.gmol,18,
8-Copper/Cell_IBEXIY.gmol,19,
8-Copper/Cell_JEDREQ.gmol,0,
8-Copper/Cell_JEDREQ.gmol,1,
8-Copper/Cell_JEDREQ.gmol,2,
8-Copper/Cell_JEDREQ.gmol,3,
7-Nickel/Cell_MUHWER.gmol,0,
7-Nickel/Cell_MUHWER.gmol,1,
3-Ruthenium/Cell_XEYPAS.gmol,0,
3-Ruthenium/Cell_XEYPAS.gmol,1,
3-Ruthenium/Cell_XEYPAS.gmol,2,
3-Ruthenium/Cell_XEYPAS.gmol,3,
6-Cobalt/Cell_LIXYAT.gmol,0,
6-Cobalt/Cell_LIXYAT.gmol,1,
6-Cobalt/Cell_OXIWID.gmol,0,
6-Cobalt/Cell_OXIWID.gmol,1,
6-Cobalt/Cell_OXIWID.gmol,2,
6-Cobalt/Cell_OXIWID.gmol,3,
6-Cobalt/Cell_OXIWID.gmol,4,
6-Cobalt/Cell_OXIWID.gmol,5,
8-Copper/Cell_HERQIF.gmol,0,
8-Copper/Cell_HERQIF.gmol,1,
8-Copper/Cell_HERQIF.gmol,2,
8-Copper/Cell_HERQIF.gmol,3,
8-Copper/Cell_RUZYES.gmol,0,
8-Copper/Cell_RUZYES.gmol,1,
8-Copper/Cell_RUZYES.gmol,2,
8-Copper/Cell_RUZYES.gmol,3,
8-Copper/Cell_RUZYES.gmol,4,
8-Copper/Cell_RUZYES.gmol,5,
8-Copper/Cell_RUZYES.gmol,6,
8-Copper/Cell_RUZYES.gmol,7,
8-Copper/Cell_RUZYES.gmol,8,
8-Copper/Cell_RUZYES.gmol,9,
8-Copper/Cell_RUZYES.gmol,10,
8-Copper/Cell_RUZYES.gmol,11,
2-Manganese/Cell_JIMRED.gmol,0,
2-Manganese/Cell_JIMRED.gmol,1,
2-Manganese/Cell_JIMRED.gmol,2,
2-Manganese/Cell_JIMRED.gmol,3,
2-Manganese/Cell_JIMRED.gmol,4,
2-Manganese/Cell_JIMRED.gmol,5,
3-Ruthenium/Cell_NEBGUZ.gmol,0,
3-Ruthenium/Cell_NEBGUZ.gmol,1,
3-Ruthenium/Cell_NEBGUZ.gmol,2,
3-Ruthenium/Cell_NEBGUZ.gmol,3,
3-Ruthenium/Cell_NEBGUZ.gmol,4,
3-Ruthenium/Cell_NEBGUZ.gmol,5,
3-Ruthenium/Cell_NEBGUZ.gmol,6,
3-Ruthenium/Cell_NEBGUZ.gmol,7,
3-Ruthenium/Cell_NEBGUZ.gmol,8,
3-Ruthenium/Cell_NEBGUZ.gmol,9,
3-Ruthenium/Cell_NEBGUZ.gmol,10,
3-Ruthenium/Cell_NEBGUZ.gmol,11,
2-Manganese/Cell_ELUVAL.gmol,0,
2-Manganese/Cell_ELUVAL.gmol,1,
2-Manganese/Cell_ELUVAL.gmol,2,
2-Manganese/Cell_ELUVAL.gmol,3,
2-Manganese/Cell_ELUVAL.gmol,4,
2-Manganese/Cell_ELUVAL.gmol,5,
2-Manganese/Cell_ELUVAL.gmol,6,
2-Manganese/Cell_ELUVAL.gmol,7,
2-Manganese/Cell_ELUVAL.gmol,8,
2-Manganese/Cell_ELUVAL.gmol,9,
2-Manganese/Cell_ELUVAL.gmol,10,
2-Manganese/Cell_ELUVAL.gmol,11,
7-Nickel/Cell_KICFUY.gmol,0,
7-Nickel/Cell_KICFUY.gmol,1,
7-Nickel/Cell_KICFUY.gmol,2,
7-Nickel/Cell_KICFUY.gmol,3,
5-Chromium/Cell_EHUSOP.gmol,0,
5-Chromium/Cell_EHUSOP.gmol,1,
5-Chromium/Cell_EHUSOP.gmol,2,
5-Chromium/Cell_EHUSOP.gmol,3,
3-Ruthenium/Cell_PUNWAW.gmol,0,
3-Ruthenium/Cell_PUNWAW.gmol,1,
3-Ruthenium/Cell_PUNWAW.gmol,2,
3-Ruthenium/Cell_PUNWAW.gmol,3,
3-Ruthenium/Cell_PUNWAW.gmol,4,
3-Ruthenium/Cell_PUNWAW.gmol,5,
3-Ruthenium/Cell_PUNWAW.gmol,6,
3-Ruthenium/Cell_PUNWAW.gmol,7,
1-Iron/Cell_ISEXUA.gmol,0,
1-Iron/Cell_ISEXUA.gmol,1,
1-Iron/Cell_ISEXUA.gmol,2,
1-Iron/Cell_ISEXUA.gmol,3,
7-Nickel/Cell_GEGCAX.gmol,0,
7-Nickel/Cell_GEGCAX.gmol,1,
7-Nickel/Cell_GEGCAX.gmol,2,
7-Nickel/Cell_GEGCAX.gmol,3,
8-Copper/Cell_LUWBIO.gmol,0,
8-Copper/Cell_LUWBIO.gmol,1,
8-Copper/Cell_LUWBIO.gmol,2,
8-Copper/Cell_LUWBIO.gmol,3,
8-Copper/Cell_LUWBIO.gmol,4,
8-Copper/Cell_LUWBIO.gmol,5,
8-Copper/Cell_LUWBIO.gmol,6,
8-Copper/Cell_LUWBIO.gmol,7,
8-Copper/Cell_PAPFIV.gmol,0,
8-Copper/Cell_PAPFIV.gmol,1,
8-Copper/Cell_PAPFIV.gmol,2,
8-Copper/Cell_PAPFIV.gmol,3,
8-Copper/Cell_PAPFIV.gmol,4,
8-Copper/Cell_PAPFIV.gmol,5,
8-Copper/Cell_PAPFIV.gmol,6,
8-Copper/Cell_PAPFIV.gmol,7,
1-Iron/Cell_FAHXOB.gmol,0,
1-Iron/Cell_FAHXOB.gmol,1,
1-Iron/Cell_FAHXOB.gmol,2,
1-Iron/Cell_FAHXOB.gmol,3,
8-Copper/Cell_NIQKUU01.gmol,0,
8-Copper/Cell_NIQKUU01.gmol,1,
6-Cobalt/Cell_GEZTIQ.gmol,0,
6-Cobalt/Cell_GEZTIQ.gmol,1,
6-Cobalt/Cell_GEZTIQ.gmol,2,
6-Cobalt/Cell_GEZTIQ.gmol,3,
8-Copper/Cell_XOZPAF.gmol,0,
8-Copper/Cell_XOZPAF.gmol,1,
8-Copper/Cell_QIDQOM.gmol,0,
8-Copper/Cell_QIDQOM.gmol,1,
8-Copper/Cell_QIDQOM.gmol,2,
8-Copper/Cell_QIDQOM.gmol,3,
8-Copper/Cell_QIDQOM.gmol,4,
8-Copper/Cell_QIDQOM.gmol,5,
8-Copper/Cell_QIDQOM.gmol,6,
8-Copper/Cell_QIDQOM.gmol,7,
1-Iron/Cell_OFABAZ.gmol,0,
1-Iron/Cell_OFABAZ.gmol,1,
1-Iron/Cell_OFABAZ.gmol,2,
1-Iron/Cell_OFABAZ.gmol,3,
6-Cobalt/Cell_YODPUE.gmol,0,
6-Cobalt/Cell_YODPUE.gmol,1,
6-Cobalt/Cell_YODPUE.gmol,2,
6-Cobalt/Cell_YODPUE.gmol,3,
6-Cobalt/Cell_YODPUE.gmol,4,
6-Cobalt/Cell_YODPUE.gmol,5,
6-Cobalt/Cell_YODPUE.gmol,6,
6-Cobalt/Cell_YODPUE.gmol,7,
6-Cobalt/Cell_YODPUE.gmol,8,
6-Cobalt/Cell_YODPUE.gmol,9,
6-Cobalt/Cell_YODPUE.gmol,10,
6-Cobalt/Cell_YODPUE.gmol,11,
6-Cobalt/Cell_JIWWUI.gmol,0,
6-Cobalt/Cell_JIWWUI.gmol,1,
8-Copper/Cell_MOLHIG.gmol,0,
8-Copper/Cell_MOLHIG.gmol,1,
8-Copper/Cell_MOLHIG.gmol,2,
8-Copper/Cell_VECCEN.gmol,0,
8-Copper/Cell_VECCEN.gmol,1,
8-Copper/Cell_VECCEN.gmol,2,
8-Copper/Cell_VECCEN.gmol,3,
8-Copper/Cell_VECCEN.gmol,4,
8-Copper/Cell_VECCEN.gmol,5,
8-Copper/Cell_DUPSOX.gmol,0,
8-Copper/Cell_DUPSOX.gmol,1,
7-Nickel/Cell_ODOPOO.gmol,0,
7-Nickel/Cell_ACOWAS.gmol,0,
7-Nickel/Cell_ACOWAS.gmol,1,
2-Manganese/Cell_KATQED.gmol,0,
2-Manganese/Cell_KATQED.gmol,1,
2-Manganese/Cell_KATQED.gmol,2,
2-Manganese/Cell_KATQED.gmol,3,
6-Cobalt/Cell_CIHHUZ.gmol,0,
6-Cobalt/Cell_CIHHUZ.gmol,1,
6-Cobalt/Cell_CIHHUZ.gmol,2,
6-Cobalt/Cell_CIHHUZ.gmol,3,
6-Cobalt/Cell_CIHHUZ.gmol,4,
6-Cobalt/Cell_CIHHUZ.gmol,5,
6-Cobalt/Cell_CIHHUZ.gmol,6,
6-Cobalt/Cell_CIHHUZ.gmol,7,
6-Cobalt/Cell_CIHHUZ.gmol,8,
6-Cobalt/Cell_CIHHUZ.gmol,9,
6-Cobalt/Cell_CIHHUZ.gmol,10,
6-Cobalt/Cell_CIHHUZ.gmol,11,
6-Cobalt/Cell_CIHHUZ.gmol,12,
6-Cobalt/Cell_CIHHUZ.gmol,13,
6-Cobalt/Cell_CIHHUZ.gmol,14,
6-Cobalt/Cell_CIHHUZ.gmol,15,
6-Cobalt/Cell_CIHHUZ.gmol,16,
6-Cobalt/Cell_CIHHUZ.gmol,17,
6-Cobalt/Cell_CIHHUZ.gmol,18,
6-Cobalt/Cell_CIHHUZ.gmol,19,
6-Cobalt/Cell_CIHHUZ.gmol,20,
6-Cobalt/Cell_CIHHUZ.gmol,21,
6-Cobalt/Cell_CIHHUZ.gmol,22,
6-Cobalt/Cell_CIHHUZ.gmol,23,
7-Nickel/Cell_VAPTUC.gmol,0,
7-Nickel/Cell_VAPTUC.gmol,1,
7-Nickel/Cell_VAPTUC.gmol,2,
7-Nickel/Cell_VAPTUC.gmol,3,
7-Nickel/Cell_VAPTUC.gmol,4,
7-Nickel/Cell_VAPTUC.gmol,5,
7-Nickel/Cell_VAPTUC.gmol,6,
7-Nickel/Cell_VAPTUC.gmol,7,
8-Copper/Cell_XEWYUV.gmol,0,
8-Copper/Cell_XEWYUV.gmol,1,
8-Copper/Cell_XEWYUV.gmol,2,
8-Copper/Cell_XEWYUV.gmol,3,
1-Iron/Cell_SIDMEA.gmol,0,
1-Iron/Cell_SIDMEA.gmol,1,
1-Iron/Cell_SIDMEA.gmol,2,
1-Iron/Cell_SIDMEA.gmol,3,
1-Iron/Cell_SIDMEA.gmol,4,
1-Iron/Cell_SIDMEA.gmol,5,
1-Iron/Cell_SIDMEA.gmol,6,
1-Iron/Cell_SIDMEA.gmol,7,
1-Iron/Cell_SIDMEA.gmol,8,
1-Iron/Cell_SIDMEA.gmol,9,
8-Copper/Cell_QITVAS.gmol,0,
8-Copper/Cell_QITVAS.gmol,1,
7-Nickel/Cell_IGEGUX.gmol,0,
7-Nickel/Cell_IGEGUX.gmol,1,
5-Chromium/Cell_ARIROI.gmol,0,
5-Chromium/Cell_ARIROI.gmol,1,
5-Chromium/Cell_ARIROI.gmol,2,
5-Chromium/Cell_ARIROI.gmol,3,
1-Iron/Cell_FIHFUA.gmol,0,
1-Iron/Cell_FIHFUA.gmol,1,
1-Iron/Cell_FIHFUA.gmol,2,
1-Iron/Cell_FIHFUA.gmol,3,
8-Copper/Cell_BUYBUT.gmol,0,
8-Copper/Cell_BUYBUT.gmol,1,
8-Copper/Cell_BUYBUT.gmol,2,
8-Copper/Cell_BUYBUT.gmol,3,
6-Cobalt/Cell_HEZDOF.gmol,0,
6-Cobalt/Cell_HEZDOF.gmol,1,
6-Cobalt/Cell_HEZDOF.gmol,2,
6-Cobalt/Cell_HEZDOF.gmol,3,
6-Cobalt/Cell_HEZDOF.gmol,4,
6-Cobalt/Cell_HEZDOF.gmol,5,
6-Cobalt/Cell_HEZDOF.gmol,6,
6-Cobalt/Cell_HEZDOF.gmol,7,
8-Copper/Cell_QUQHIW.gmol,0,
8-Copper/Cell_CAKFAX.gmol,0,
8-Copper/Cell_CAKFAX.gmol,1,
8-Copper/Cell_CAKFAX.gmol,2,
8-Copper/Cell_CAKFAX.gmol,3,
8-Copper/Cell_CAKFAX.gmol,4,
8-Copper/Cell_CAKFAX.gmol,5,
6-Cobalt/Cell_ZUMCUI.gmol,0,
6-Cobalt/Cell_ZUMCUI.gmol,1,
6-Cobalt/Cell_ZUMCUI.gmol,2,
6-Cobalt/Cell_ZUMCUI.gmol,3,
7-Nickel/Cell_FAGTEN.gmol,0,
7-Nickel/Cell_FAGTEN.gmol,1,
7-Nickel/Cell_FAGTEN.gmol,2,
7-Nickel/Cell_FAGTEN.gmol,3,
4-Rhenium/Cell_EKARAM.gmol,0,
4-Rhenium/Cell_EKARAM.gmol,1,
4-Rhenium/Cell_EKARAM.gmol,2,
4-Rhenium/Cell_EKARAM.gmol,3,
8-Copper/Cell_ZODZAW.gmol,0,
8-Copper/Cell_ZODZAW.gmol,1,
8-Copper/Cell_ZODZAW.gmol,2,
8-Copper/Cell_ZODZAW.gmol,3,
8-Copper/Cell_ZODZAW.gmol,4,
8-Copper/Cell_ZODZAW.gmol,5,
8-Copper/Cell_ZODZAW.gmol,6,
8-Copper/Cell_ZODZAW.gmol,7,
8-Copper/Cell_AYUXOJ.gmol,0,
8-Copper/Cell_AYUXOJ.gmol,1,
8-Copper/Cell_CIPZEG.gmol,0,
8-Copper/Cell_CIPZEG.gmol,1,
8-Copper/Cell_CIPZEG.gmol,2,
8-Copper/Cell_CIPZEG.gmol,3,
4-Rhenium/Cell_MANQUP.gmol,0,
4-Rhenium/Cell_MANQUP.gmol,1,
4-Rhenium/Cell_MANQUP.gmol,2,
4-Rhenium/Cell_MANQUP.gmol,3,
4-Rhenium/Cell_MANQUP.gmol,4,
4-Rhenium/Cell_MANQUP.gmol,5,
4-Rhenium/Cell_MANQUP.gmol,6,
4-Rhenium/Cell_MANQUP.gmol,7,
4-Rhenium/Cell_MANQUP.gmol,8,
4-Rhenium/Cell_MANQUP.gmol,9,
4-Rhenium/Cell_MANQUP.gmol,10,
4-Rhenium/Cell_MANQUP.gmol,11,
7-Nickel/Cell_DOBYIC.gmol,0,
7-Nickel/Cell_DOBYIC.gmol,1,
1-Iron/Cell_YACPID.gmol,0,
1-Iron/Cell_YACPID.gmol,1,
1-Iron/Cell_YACPID.gmol,2,
1-Iron/Cell_YACPID.gmol,3,
1-Iron/Cell_YACPID.gmol,4,
1-Iron/Cell_YACPID.gmol,5,
1-Iron/Cell_YACPID.gmol,6,
1-Iron/Cell_YACPID.gmol,7,
1-Iron/Cell_YACPID.gmol,8,
1-Iron/Cell_YACPID.gmol,9,
1-Iron/Cell_YACPID.gmol,10,
1-Iron/Cell_YACPID.gmol,11,
7-Nickel/Cell_HAWGES.gmol,0,
7-Nickel/Cell_HAWGES.gmol,1,
1-Iron/Cell_FUDNIB.gmol,0,
1-Iron/Cell_FUDNIB.gmol,1,
1-Iron/Cell_FUDNIB.gmol,2,
1-Iron/Cell_FUDNIB.gmol,3,
8-Copper/Cell_GARRUM.gmol,0,
8-Copper/Cell_GARRUM.gmol,1,
8-Copper/Cell_GARRUM.gmol,2,
8-Copper/Cell_GARRUM.gmol,3,
1-Iron/Cell_HAXXOU.gmol,0,
1-Iron/Cell_HAXXOU.gmol,1,
3-Ruthenium/Cell_BPYRUG.gmol,0,
3-Ruthenium/Cell_BPYRUG.gmol,1,
3-Ruthenium/Cell_BPYRUG.gmol,2,
3-Ruthenium/Cell_BPYRUG.gmol,3,
3-Ruthenium/Cell_BPYRUG.gmol,4,
3-Ruthenium/Cell_BPYRUG.gmol,5,
3-Ruthenium/Cell_BPYRUG.gmol,6,
3-Ruthenium/Cell_BPYRUG.gmol,7,
3-Ruthenium/Cell_BPYRUG.gmol,8,
3-Ruthenium/Cell_ZUQNEE.gmol,0,
3-Ruthenium/Cell_ZUQNEE.gmol,1,
3-Ruthenium/Cell_ZUQNEE.gmol,2,
3-Ruthenium/Cell_ZUQNEE.gmol,3,
3-Ruthenium/Cell_XOTKIB.gmol,0,
3-Ruthenium/Cell_XOTKIB.gmol,1,
3-Ruthenium/Cell_XOTKIB.gmol,2,
3-Ruthenium/Cell_XOTKIB.gmol,3,
6-Cobalt/Cell_QESTUE.gmol,0,
6-Cobalt/Cell_QESTUE.gmol,1,
6-Cobalt/Cell_QESTUE.gmol,2,
6-Cobalt/Cell_QESTUE.gmol,3,
7-Nickel/Cell_TEKZAK.gmol,0,
7-Nickel/Cell_TEKZAK.gmol,1,
7-Nickel/Cell_TEKZAK.gmol,2,
7-Nickel/Cell_TEKZAK.gmol,3,
7-Nickel/Cell_TEKZAK.gmol,4,
7-Nickel/Cell_TEKZAK.gmol,5,
7-Nickel/Cell_TEKZAK.gmol,6,
7-Nickel/Cell_TEKZAK.gmol,7,
7-Nickel/Cell_BUPLAA.gmol,0,
7-Nickel/Cell_BUPLAA.gmol,1,
7-Nickel/Cell_BUPLAA.gmol,2,
7-Nickel/Cell_BUPLAA.gmol,3,
7-Nickel/Cell_BUPLAA.gmol,4,
7-Nickel/Cell_BUPLAA.gmol,5,
6-Cobalt/Cell_WORNAU.gmol,0,
7-Nickel/Cell_JAVLOK.gmol,0,
7-Nickel/Cell_JAVLOK.gmol,1,
7-Nickel/Cell_JAVLOK.gmol,2,
7-Nickel/Cell_JAVLOK.gmol,3,
7-Nickel/Cell_CERYIH.gmol,0,
7-Nickel/Cell_CERYIH.gmol,1,
7-Nickel/Cell_CERYIH.gmol,2,
7-Nickel/Cell_CERYIH.gmol,3,
7-Nickel/Cell_CERYIH.gmol,4,
7-Nickel/Cell_CERYIH.gmol,5,
7-Nickel/Cell_CERYIH.gmol,6,
7-Nickel/Cell_CERYIH.gmol,7,
8-Copper/Cell_BACYOU.gmol,0,
8-Copper/Cell_BACYOU.gmol,1,
8-Copper/Cell_BACYOU.gmol,2,
8-Copper/Cell_BACYOU.gmol,3,
8-Copper/Cell_BACYOU.gmol,4,
8-Copper/Cell_BACYOU.gmol,5,
1-Iron/Cell_HEJYED.gmol,0,
1-Iron/Cell_HEJYED.gmol,1,
3-Ruthenium/Cell_GESVEI.gmol,0,
3-Ruthenium/Cell_GESVEI.gmol,1,
7-Nickel/Cell_QOYSUT.gmol,0,
7-Nickel/Cell_QOYSUT.gmol,1,
7-Nickel/Cell_QOYSUT.gmol,2,
7-Nickel/Cell_QOYSUT.gmol,3,
4-Rhenium/Cell_VINJIM.gmol,0,
4-Rhenium/Cell_VINJIM.gmol,1,
6-Cobalt/Cell_RUJFEI.gmol,0,
6-Cobalt/Cell_RUJFEI.gmol,1,
6-Cobalt/Cell_RUJFEI.gmol,2,
6-Cobalt/Cell_RUJFEI.gmol,3,
6-Cobalt/Cell_RUJFEI.gmol,4,
6-Cobalt/Cell_RUJFEI.gmol,5,
6-Cobalt/Cell_NUYLEZ.gmol,0,
6-Cobalt/Cell_NUYLEZ.gmol,1,
6-Cobalt/Cell_NUYLEZ.gmol,2,
6-Cobalt/Cell_NUYLEZ.gmol,3,
4-Rhenium/Cell_QANNOI.gmol,0,
4-Rhenium/Cell_QANNOI.gmol,1,
4-Rhenium/Cell_QANNOI.gmol,2,
4-Rhenium/Cell_QANNOI.gmol,3,
4-Rhenium/Cell_QANNOI.gmol,4,
4-Rhenium/Cell_QANNOI.gmol,5,
4-Rhenium/Cell_QANNOI.gmol,6,
4-Rhenium/Cell_QANNOI.gmol,7,
4-Rhenium/Cell_QANNOI.gmol,8,
4-Rhenium/Cell_QANNOI.gmol,9,
4-Rhenium/Cell_QANNOI.gmol,10,
4-Rhenium/Cell_QANNOI.gmol,11,
4-Rhenium/Cell_QANNOI.gmol,12,
4-Rhenium/Cell_QANNOI.gmol,13,
4-Rhenium/Cell_QANNOI.gmol,14,
4-Rhenium/Cell_QANNOI.gmol,15,
4-Rhenium/Cell_QANNOI.gmol,16,
4-Rhenium/Cell_QANNOI.gmol,17,
4-Rhenium/Cell_QANNOI.gmol,18,
4-Rhenium/Cell_QANNOI.gmol,19,
4-Rhenium/Cell_QANNOI.gmol,20,
4-Rhenium/Cell_QANNOI.gmol,21,
4-Rhenium/Cell_QANNOI.gmol,22,
4-Rhenium/Cell_QANNOI.gmol,23,
4-Rhenium/Cell_QANNOI.gmol,24,
4-Rhenium/Cell_QANNOI.gmol,25,
4-Rhenium/Cell_QANNOI.gmol,26,
4-Rhenium/Cell_QANNOI.gmol,27,
4-Rhenium/Cell_QANNOI.gmol,28,
4-Rhenium/Cell_QANNOI.gmol,29,
4-Rhenium/Cell_QANNOI.gmol,30,
4-Rhenium/Cell_QANNOI.gmol,31,
4-Rhenium/Cell_IPOVEP.gmol,0,
4-Rhenium/Cell_IPOVEP.gmol,1,
4-Rhenium/Cell_IPOVEP.gmol,2,
4-Rhenium/Cell_IPOVEP.gmol,3,
8-Copper/Cell_OCOKIA.gmol,0,
8-Copper/Cell_OCOKIA.gmol,1,
5-Chromium/Cell_YEFLEB.gmol,0,
5-Chromium/Cell_YEFLEB.gmol,1,
5-Chromium/Cell_YEFLEB.gmol,2,
5-Chromium/Cell_YEFLEB.gmol,3,
5-Chromium/Cell_YEFLEB.gmol,4,
5-Chromium/Cell_YEFLEB.gmol,5,
5-Chromium/Cell_YEFLEB.gmol,6,
5-Chromium/Cell_YEFLEB.gmol,7,
5-Chromium/Cell_YEFLEB.gmol,8,
5-Chromium/Cell_YEFLEB.gmol,9,
5-Chromium/Cell_YEFLEB.gmol,10,
5-Chromium/Cell_YEFLEB.gmol,11,
8-Copper/Cell_MACTER.gmol,0,
8-Copper/Cell_MACTER.gmol,1,
8-Copper/Cell_MACTER.gmol,2,
8-Copper/Cell_MACTER.gmol,3,
8-Copper/Cell_MACTER.gmol,4,
8-Copper/Cell_MACTER.gmol,5,
8-Copper/Cell_YAWRUK.gmol,0,
8-Copper/Cell_YAWRUK.gmol,1,
8-Copper/Cell_YAWRUK.gmol,2,
8-Copper/Cell_YAWRUK.gmol,3,
6-Cobalt/Cell_OROPER.gmol,0,
1-Iron/Cell_KARHER.gmol,0,
1-Iron/Cell_KARHER.gmol,1,
2-Manganese/Cell_ICATUE.gmol,0,
2-Manganese/Cell_ICATUE.gmol,1,
2-Manganese/Cell_ICATUE.gmol,2,
2-Manganese/Cell_ICATUE.gmol,3,
3-Ruthenium/Cell_VEBYOQ.gmol,0,
3-Ruthenium/Cell_VEBYOQ.gmol,1,
3-Ruthenium/Cell_VEBYOQ.gmol,2,
3-Ruthenium/Cell_VEBYOQ.gmol,3,
3-Ruthenium/Cell_VEBYOQ.gmol,4,
3-Ruthenium/Cell_VEBYOQ.gmol,5,
3-Ruthenium/Cell_VEBYOQ.gmol,6,
3-Ruthenium/Cell_VEBYOQ.gmol,7,
3-Ruthenium/Cell_VEBYOQ.gmol,8,
3-Ruthenium/Cell_VEBYOQ.gmol,9,
3-Ruthenium/Cell_VEBYOQ.gmol,10,
3-Ruthenium/Cell_VEBYOQ.gmol,11,
3-Ruthenium/Cell_JIQSOS.gmol,0,
3-Ruthenium/Cell_JIQSOS.gmol,1,
3-Ruthenium/Cell_JIQSOS.gmol,2,
3-Ruthenium/Cell_JIQSOS.gmol,3,
3-Ruthenium/Cell_JIQSOS.gmol,4,
3-Ruthenium/Cell_JIQSOS.gmol,5,
3-Ruthenium/Cell_JIQSOS.gmol,6,
3-Ruthenium/Cell_JIQSOS.gmol,7,
3-Ruthenium/Cell_JIQSOS.gmol,8,
3-Ruthenium/Cell_JIQSOS.gmol,9,
3-Ruthenium/Cell_JIQSOS.gmol,10,
3-Ruthenium/Cell_JIQSOS.gmol,11,
3-Ruthenium/Cell_JIQSOS.gmol,12,
3-Ruthenium/Cell_JIQSOS.gmol,13,
3-Ruthenium/Cell_JIQSOS.gmol,14,
3-Ruthenium/Cell_JIQSOS.gmol,15,
3-Ruthenium/Cell_JIQSOS.gmol,16,
3-Ruthenium/Cell_JIQSOS.gmol,17,
3-Ruthenium/Cell_JIQSOS.gmol,18,
3-Ruthenium/Cell_JIQSOS.gmol,19,
3-Ruthenium/Cell_JIQSOS.gmol,20,
3-Ruthenium/Cell_JIQSOS.gmol,21,
3-Ruthenium/Cell_JIQSOS.gmol,22,
3-Ruthenium/Cell_JIQSOS.gmol,23,
3-Ruthenium/Cell_JIQSOS.gmol,24,
3-Ruthenium/Cell_JIQSOS.gmol,25,
3-Ruthenium/Cell_JIQSOS.gmol,26,
3-Ruthenium/Cell_JIQSOS.gmol,27,
8-Copper/Cell_XETDUW.gmol,0,
8-Copper/Cell_XETDUW.gmol,1,
8-Copper/Cell_XETDUW.gmol,2,
8-Copper/Cell_XETDUW.gmol,3,
8-Copper/Cell_UCACOT.gmol,0,
8-Copper/Cell_UCACOT.gmol,1,
6-Cobalt/Cell_VUYRAK.gmol,0,
6-Cobalt/Cell_VUYRAK.gmol,1,
6-Cobalt/Cell_VUYRAK.gmol,2,
6-Cobalt/Cell_VUYRAK.gmol,3,
3-Ruthenium/Cell_GASTOL.gmol,0,
3-Ruthenium/Cell_GASTOL.gmol,1,
6-Cobalt/Cell_TANPII.gmol,0,
6-Cobalt/Cell_TANPII.gmol,1,
6-Cobalt/Cell_TANPII.gmol,2,
6-Cobalt/Cell_TANPII.gmol,3,
8-Copper/Cell_PANPID.gmol,0,
6-Cobalt/Cell_DOWDID.gmol,0,
6-Cobalt/Cell_DOWDID.gmol,1,
6-Cobalt/Cell_DOWDID.gmol,2,
6-Cobalt/Cell_DOWDID.gmol,3,
3-Ruthenium/Cell_GIFHIP.gmol,0,
3-Ruthenium/Cell_GIFHIP.gmol,1,
3-Ruthenium/Cell_GIFHIP.gmol,2,
3-Ruthenium/Cell_GIFHIP.gmol,3,
3-Ruthenium/Cell_GIFHIP.gmol,4,
3-Ruthenium/Cell_GIFHIP.gmol,5,
3-Ruthenium/Cell_GIFHIP.gmol,6,
3-Ruthenium/Cell_GIFHIP.gmol,7,
3-Ruthenium/Cell_GIFHIP.gmol,8,
3-Ruthenium/Cell_GIFHIP.gmol,9,
3-Ruthenium/Cell_GIFHIP.gmol,10,
3-Ruthenium/Cell_GIFHIP.gmol,11,
5-Chromium/Cell_PUDPAG.gmol,0,
5-Chromium/Cell_PUDPAG.gmol,1,
5-Chromium/Cell_PUDPAG.gmol,2,
7-Nickel/Cell_RENBIW.gmol,0,
7-Nickel/Cell_RENBIW.gmol,1,
7-Nickel/Cell_RENBIW.gmol,2,
7-Nickel/Cell_YURZIU.gmol,0,
7-Nickel/Cell_YURZIU.gmol,1,
7-Nickel/Cell_YURZIU.gmol,2,
7-Nickel/Cell_YURZIU.gmol,3,
7-Nickel/Cell_YURZIU.gmol,4,
7-Nickel/Cell_YURZIU.gmol,5,
7-Nickel/Cell_YURZIU.gmol,6,
7-Nickel/Cell_YURZIU.gmol,7,
7-Nickel/Cell_BAFSIM.gmol,0,
7-Nickel/Cell_BAFSIM.gmol,1,
6-Cobalt/Cell_LADDOL.gmol,0,
6-Cobalt/Cell_LADDOL.gmol,1,
8-Copper/Cell_IPUJOT.gmol,0,
8-Copper/Cell_IPUJOT.gmol,1,
8-Copper/Cell_IPUJOT.gmol,2,
8-Copper/Cell_IPUJOT.gmol,3,
8-Copper/Cell_IPUJOT.gmol,4,
8-Copper/Cell_IPUJOT.gmol,5,
8-Copper/Cell_IPUJOT.gmol,6,
8-Copper/Cell_IPUJOT.gmol,7,
1-Iron/Cell_HAWKAS.gmol,0,
1-Iron/Cell_HAWKAS.gmol,1,
1-Iron/Cell_HAWKAS.gmol,2,
1-Iron/Cell_HAWKAS.gmol,3,
2-Manganese/Cell_JAKNIV.gmol,0,
2-Manganese/Cell_JAKNIV.gmol,1,
2-Manganese/Cell_JAKNIV.gmol,2,
2-Manganese/Cell_JAKNIV.gmol,3,
2-Manganese/Cell_JAKNIV.gmol,4,
2-Manganese/Cell_JAKNIV.gmol,5,
7-Nickel/Cell_NABYIY.gmol,0,
7-Nickel/Cell_NABYIY.gmol,1,
7-Nickel/Cell_NABYIY.gmol,2,
7-Nickel/Cell_NABYIY.gmol,3,
7-Nickel/Cell_NABYIY.gmol,4,
7-Nickel/Cell_NABYIY.gmol,5,
7-Nickel/Cell_NABYIY.gmol,6,
7-Nickel/Cell_NABYIY.gmol,7,
7-Nickel/Cell_XEYLIX.gmol,0,
7-Nickel/Cell_XEYLIX.gmol,1,
7-Nickel/Cell_XEYLIX.gmol,2,
7-Nickel/Cell_XEYLIX.gmol,3,
8-Copper/Cell_QECTEX.gmol,0,
8-Copper/Cell_QECTEX.gmol,1,
8-Copper/Cell_QECTEX.gmol,2,
8-Copper/Cell_QECTEX.gmol,3,
8-Copper/Cell_QECTEX.gmol,4,
8-Copper/Cell_QECTEX.gmol,5,
8-Copper/Cell_QECTEX.gmol,6,
8-Copper/Cell_QECTEX.gmol,7,
8-Copper/Cell_QECTEX.gmol,8,
8-Copper/Cell_QECTEX.gmol,9,
8-Copper/Cell_QECTEX.gmol,10,
8-Copper/Cell_QECTEX.gmol,11,
8-Copper/Cell_QECTEX.gmol,12,
8-Copper/Cell_QECTEX.gmol,13,
8-Copper/Cell_QECTEX.gmol,14,
8-Copper/Cell_QECTEX.gmol,15,
8-Copper/Cell_QECTEX.gmol,16,
8-Copper/Cell_QECTEX.gmol,17,
8-Copper/Cell_QECTEX.gmol,18,
8-Copper/Cell_QECTEX.gmol,19,
7-Nickel/Cell_UZEDOU.gmol,0,
7-Nickel/Cell_UZEDOU.gmol,1,
7-Nickel/Cell_UZEDOU.gmol,2,
7-Nickel/Cell_UZEDOU.gmol,3,
1-Iron/Cell_ILURIR.gmol,0,
1-Iron/Cell_ILURIR.gmol,1,
1-Iron/Cell_ILURIR.gmol,2,
1-Iron/Cell_ILURIR.gmol,3,
1-Iron/Cell_ILURIR.gmol,4,
1-Iron/Cell_ILURIR.gmol,5,
1-Iron/Cell_ILURIR.gmol,6,
1-Iron/Cell_ILURIR.gmol,7,
1-Iron/Cell_ILURIR.gmol,8,
1-Iron/Cell_ILURIR.gmol,9,
1-Iron/Cell_ILURIR.gmol,10,
1-Iron/Cell_ILURIR.gmol,11,
1-Iron/Cell_ILURIR.gmol,12,
1-Iron/Cell_ILURIR.gmol,13,
1-Iron/Cell_ILURIR.gmol,14,
1-Iron/Cell_ILURIR.gmol,15,
1-Iron/Cell_ILURIR.gmol,16,
1-Iron/Cell_ILURIR.gmol,17,
1-Iron/Cell_ILURIR.gmol,18,
1-Iron/Cell_ILURIR.gmol,19,
1-Iron/Cell_ILURIR.gmol,20,
1-Iron/Cell_ILURIR.gmol,21,
1-Iron/Cell_ILURIR.gmol,22,
1-Iron/Cell_ILURIR.gmol,23,
1-Iron/Cell_ILURIR.gmol,24,
1-Iron/Cell_ILURIR.gmol,25,
1-Iron/Cell_ILURIR.gmol,26,
1-Iron/Cell_ILURIR.gmol,27,
1-Iron/Cell_ILURIR.gmol,28,
1-Iron/Cell_ILURIR.gmol,29,
1-Iron/Cell_ILURIR.gmol,30,
1-Iron/Cell_ILURIR.gmol,31,
1-Iron/Cell_ILURIR.gmol,32,
1-Iron/Cell_ILURIR.gmol,33,
1-Iron/Cell_ILURIR.gmol,34,
1-Iron/Cell_ILURIR.gmol,35,
5-Chromium/Cell_TUGVAS.gmol,0,
5-Chromium/Cell_TUGVAS.gmol,1,
5-Chromium/Cell_TUGVAS.gmol,2,
5-Chromium/Cell_TUGVAS.gmol,3,
3-Ruthenium/Cell_UBITOR.gmol,0,
3-Ruthenium/Cell_UBITOR.gmol,1,
3-Ruthenium/Cell_UBITOR.gmol,2,
3-Ruthenium/Cell_UBITOR.gmol,3,
6-Cobalt/Cell_EHOZEI.gmol,0,
6-Cobalt/Cell_EHOZEI.gmol,1,
6-Cobalt/Cell_EHOZEI.gmol,2,
6-Cobalt/Cell_EHOZEI.gmol,3,
6-Cobalt/Cell_EHOZEI.gmol,4,
6-Cobalt/Cell_EHOZEI.gmol,5,
6-Cobalt/Cell_EHOZEI.gmol,6,
6-Cobalt/Cell_EHOZEI.gmol,7,
1-Iron/Cell_MAXBUK.gmol,0,
1-Iron/Cell_MAXBUK.gmol,1,
1-Iron/Cell_MAXBUK.gmol,2,
1-Iron/Cell_MAXBUK.gmol,3,
1-Iron/Cell_MAXBUK.gmol,4,
1-Iron/Cell_MAXBUK.gmol,5,
6-Cobalt/Cell_IKEYAY.gmol,0,
6-Cobalt/Cell_IKEYAY.gmol,1,
6-Cobalt/Cell_IKEYAY.gmol,2,
6-Cobalt/Cell_IKEYAY.gmol,3,
6-Cobalt/Cell_ENARUI.gmol,0,
6-Cobalt/Cell_ENARUI.gmol,1,
6-Cobalt/Cell_ENARUI.gmol,2,
6-Cobalt/Cell_ENARUI.gmol,3,
2-Manganese/Cell_CMNMVK.gmol,0,
2-Manganese/Cell_CMNMVK.gmol,1,
2-Manganese/Cell_CMNMVK.gmol,2,
2-Manganese/Cell_CMNMVK.gmol,3,
7-Nickel/Cell_UKOFUX.gmol,0,
7-Nickel/Cell_UKOFUX.gmol,1,
7-Nickel/Cell_UKOFUX.gmol,2,
7-Nickel/Cell_UKOFUX.gmol,3,
7-Nickel/Cell_UKOFUX.gmol,4,
7-Nickel/Cell_UKOFUX.gmol,5,
8-Copper/Cell_LUYVUX.gmol,0,
8-Copper/Cell_LUYVUX.gmol,1,
8-Copper/Cell_LUYVUX.gmol,2,
8-Copper/Cell_LUYVUX.gmol,3,
8-Copper/Cell_LUYVUX.gmol,4,
8-Copper/Cell_LUYVUX.gmol,5,
8-Copper/Cell_LUYVUX.gmol,6,
8-Copper/Cell_LUYVUX.gmol,7,
8-Copper/Cell_LUYVUX.gmol,8,
8-Copper/Cell_LUYVUX.gmol,9,
8-Copper/Cell_VUPYUC.gmol,0,
8-Copper/Cell_VUPYUC.gmol,1,
8-Copper/Cell_VUPYUC.gmol,2,
8-Copper/Cell_VUPYUC.gmol,3,
8-Copper/Cell_VUPYUC.gmol,4,
8-Copper/Cell_VUPYUC.gmol,5,
8-Copper/Cell_VUPYUC.gmol,6,
8-Copper/Cell_VUPYUC.gmol,7,
7-Nickel/Cell_VOMGEK.gmol,0,
7-Nickel/Cell_VOMGEK.gmol,1,
7-Nickel/Cell_ETOLNI.gmol,0,
7-Nickel/Cell_ETOLNI.gmol,1,
7-Nickel/Cell_ETOLNI.gmol,2,
7-Nickel/Cell_ETOLNI.gmol,3,
7-Nickel/Cell_ETOLNI.gmol,4,
7-Nickel/Cell_ETOLNI.gmol,5,
3-Ruthenium/Cell_TEXGEI.gmol,0,
3-Ruthenium/Cell_TEXGEI.gmol,1,
3-Ruthenium/Cell_TEXGEI.gmol,2,
3-Ruthenium/Cell_TEXGEI.gmol,3,
3-Ruthenium/Cell_TEXGEI.gmol,4,
3-Ruthenium/Cell_TEXGEI.gmol,5,
3-Ruthenium/Cell_TEXGEI.gmol,6,
3-Ruthenium/Cell_TEXGEI.gmol,7,
3-Ruthenium/Cell_TEXGEI.gmol,8,
3-Ruthenium/Cell_TEXGEI.gmol,9,
3-Ruthenium/Cell_TEXGEI.gmol,10,
3-Ruthenium/Cell_TEXGEI.gmol,11,
8-Copper/Cell_JOQFAY.gmol,0,
8-Copper/Cell_JOQFAY.gmol,1,
8-Copper/Cell_JOQFAY.gmol,2,
8-Copper/Cell_JOQFAY.gmol,3,
8-Copper/Cell_JOQFAY.gmol,4,
8-Copper/Cell_JOQFAY.gmol,5,
8-Copper/Cell_JOQFAY.gmol,6,
8-Copper/Cell_JOQFAY.gmol,7,
8-Copper/Cell_JOQFAY.gmol,8,
8-Copper/Cell_JOQFAY.gmol,9,
8-Copper/Cell_JOQFAY.gmol,10,
8-Copper/Cell_JOQFAY.gmol,11,
8-Copper/Cell_JOQFAY.gmol,12,
8-Copper/Cell_JOQFAY.gmol,13,
8-Copper/Cell_JOQFAY.gmol,14,
8-Copper/Cell_JOQFAY.gmol,15,
4-Rhenium/Cell_WAYWEY.gmol,0,
4-Rhenium/Cell_WAYWEY.gmol,1,
4-Rhenium/Cell_WAYWEY.gmol,2,
4-Rhenium/Cell_WAYWEY.gmol,3,
1-Iron/Cell_OZAKIL.gmol,0,
1-Iron/Cell_OZAKIL.gmol,1,
6-Cobalt/Cell_OJONAE.gmol,0,
6-Cobalt/Cell_OJONAE.gmol,1,
6-Cobalt/Cell_OJONAE.gmol,2,
6-Cobalt/Cell_OJONAE.gmol,3,
6-Cobalt/Cell_OJONAE.gmol,4,
6-Cobalt/Cell_OJONAE.gmol,5,
8-Copper/Cell_OTOWAX.gmol,0,
8-Copper/Cell_OTOWAX.gmol,1,
8-Copper/Cell_OTOWAX.gmol,2,
8-Copper/Cell_OTOWAX.gmol,3,
8-Copper/Cell_OTOWAX.gmol,4,
8-Copper/Cell_OTOWAX.gmol,5,
8-Copper/Cell_OTOWAX.gmol,6,
8-Copper/Cell_OTOWAX.gmol,7,
7-Nickel/Cell_SIVHEL.gmol,0,
7-Nickel/Cell_SIVHEL.gmol,1,
7-Nickel/Cell_SIVHEL.gmol,2,
7-Nickel/Cell_SIVHEL.gmol,3,
7-Nickel/Cell_SIVHEL.gmol,4,
7-Nickel/Cell_SIVHEL.gmol,5,
7-Nickel/Cell_SIVHEL.gmol,6,
7-Nickel/Cell_SIVHEL.gmol,7,
7-Nickel/Cell_SIVHEL.gmol,8,
7-Nickel/Cell_SIVHEL.gmol,9,
7-Nickel/Cell_SIVHEL.gmol,10,
7-Nickel/Cell_SIVHEL.gmol,11,
7-Nickel/Cell_SIVHEL.gmol,12,
7-Nickel/Cell_SIVHEL.gmol,13,
7-Nickel/Cell_SIVHEL.gmol,14,
7-Nickel/Cell_SIVHEL.gmol,15,
7-Nickel/Cell_SIVHEL.gmol,16,
7-Nickel/Cell_SIVHEL.gmol,17,
7-Nickel/Cell_SIVHEL.gmol,18,
7-Nickel/Cell_SIVHEL.gmol,19,
7-Nickel/Cell_SIVHEL.gmol,20,
7-Nickel/Cell_SIVHEL.gmol,21,
7-Nickel/Cell_SIVHEL.gmol,22,
7-Nickel/Cell_SIVHEL.gmol,23,
7-Nickel/Cell_QIJBIW.gmol,0,
7-Nickel/Cell_QIJBIW.gmol,1,
7-Nickel/Cell_QIJBIW.gmol,2,
7-Nickel/Cell_QIJBIW.gmol,3,
7-Nickel/Cell_QIJBIW.gmol,4,
7-Nickel/Cell_QIJBIW.gmol,5,
7-Nickel/Cell_QIJBIW.gmol,6,
7-Nickel/Cell_QIJBIW.gmol,7,
7-Nickel/Cell_QIJBIW.gmol,8,
7-Nickel/Cell_QIJBIW.gmol,9,
7-Nickel/Cell_QIJBIW.gmol,10,
7-Nickel/Cell_QIJBIW.gmol,11,
8-Copper/Cell_YAYDEK.gmol,0,
8-Copper/Cell_YAYDEK.gmol,1,
8-Copper/Cell_YAYDEK.gmol,2,
8-Copper/Cell_YAYDEK.gmol,3,
8-Copper/Cell_YAYDEK.gmol,4,
8-Copper/Cell_YAYDEK.gmol,5,
8-Copper/Cell_POGYUH.gmol,0,
8-Copper/Cell_POGYUH.gmol,1,
8-Copper/Cell_POGYUH.gmol,2,
8-Copper/Cell_POGYUH.gmol,3,
7-Nickel/Cell_OPEPEG.gmol,0,
7-Nickel/Cell_OPEPEG.gmol,1,
7-Nickel/Cell_OPEPEG.gmol,2,
7-Nickel/Cell_OPEPEG.gmol,3,
7-Nickel/Cell_OPEPEG.gmol,4,
7-Nickel/Cell_OPEPEG.gmol,5,
1-Iron/Cell_LAXNUT.gmol,0,
1-Iron/Cell_LAXNUT.gmol,1,
1-Iron/Cell_LAXNUT.gmol,2,
1-Iron/Cell_LAXNUT.gmol,3,
1-Iron/Cell_LAXNUT.gmol,4,
1-Iron/Cell_LAXNUT.gmol,5,
1-Iron/Cell_LAXNUT.gmol,6,
1-Iron/Cell_LAXNUT.gmol,7,
1-Iron/Cell_LAXNUT.gmol,8,
1-Iron/Cell_LAXNUT.gmol,9,
1-Iron/Cell_LAXNUT.gmol,10,
1-Iron/Cell_LAXNUT.gmol,11,
1-Iron/Cell_WAVWOI.gmol,0,
1-Iron/Cell_WAVWOI.gmol,1,
1-Iron/Cell_WAVWOI.gmol,2,
1-Iron/Cell_WAVWOI.gmol,3,
1-Iron/Cell_YOZYES.gmol,0,
1-Iron/Cell_YOZYES.gmol,1,
6-Cobalt/Cell_QIYCUY.gmol,0,
6-Cobalt/Cell_QIYCUY.gmol,1,
6-Cobalt/Cell_TIBPOL.gmol,0,
6-Cobalt/Cell_TIBPOL.gmol,1,
8-Copper/Cell_WEMRUE.gmol,0,
8-Copper/Cell_WEMRUE.gmol,1,
8-Copper/Cell_WEMRUE.gmol,2,
8-Copper/Cell_WEMRUE.gmol,3,
8-Copper/Cell_WEMRUE.gmol,4,
8-Copper/Cell_WEMRUE.gmol,5,
8-Copper/Cell_WEMRUE.gmol,6,
8-Copper/Cell_WEMRUE.gmol,7,
1-Iron/Cell_SADRAU.gmol,0,
1-Iron/Cell_SADRAU.gmol,1,
1-Iron/Cell_SADRAU.gmol,2,
1-Iron/Cell_SADRAU.gmol,3,
8-Copper/Cell_MEGJEP.gmol,0,
8-Copper/Cell_MEGJEP.gmol,1,
8-Copper/Cell_MEGJEP.gmol,2,
8-Copper/Cell_MEGJEP.gmol,3,
4-Rhenium/Cell_JENMUK.gmol,0,
4-Rhenium/Cell_JENMUK.gmol,1,
4-Rhenium/Cell_JENMUK.gmol,2,
4-Rhenium/Cell_JENMUK.gmol,3,
7-Nickel/Cell_EBIXAQ.gmol,0,
7-Nickel/Cell_EBIXAQ.gmol,1,
7-Nickel/Cell_EBIXAQ.gmol,2,
7-Nickel/Cell_EBIXAQ.gmol,3,
7-Nickel/Cell_EBIXAQ.gmol,4,
7-Nickel/Cell_EBIXAQ.gmol,5,
7-Nickel/Cell_EBIXAQ.gmol,6,
7-Nickel/Cell_EBIXAQ.gmol,7,
7-Nickel/Cell_EBIXAQ.gmol,8,
7-Nickel/Cell_EBIXAQ.gmol,9,
7-Nickel/Cell_EBIXAQ.gmol,10,
7-Nickel/Cell_EBIXAQ.gmol,11,
7-Nickel/Cell_EBIXAQ.gmol,12,
7-Nickel/Cell_EBIXAQ.gmol,13,
7-Nickel/Cell_EBIXAQ.gmol,14,
7-Nickel/Cell_EBIXAQ.gmol,15,
7-Nickel/Cell_EBIXAQ.gmol,16,
7-Nickel/Cell_EBIXAQ.gmol,17,
7-Nickel/Cell_EBIXAQ.gmol,18,
7-Nickel/Cell_EBIXAQ.gmol,19,
7-Nickel/Cell_EBIXAQ.gmol,20,
7-Nickel/Cell_EBIXAQ.gmol,21,
7-Nickel/Cell_EBIXAQ.gmol,22,
7-Nickel/Cell_EBIXAQ.gmol,23,
7-Nickel/Cell_EWOBUP02.gmol,0,
7-Nickel/Cell_EWOBUP02.gmol,1,
7-Nickel/Cell_EWOBUP02.gmol,2,
7-Nickel/Cell_EWOBUP02.gmol,3,
7-Nickel/Cell_EWOBUP02.gmol,4,
7-Nickel/Cell_EWOBUP02.gmol,5,
7-Nickel/Cell_EWOBUP02.gmol,6,
7-Nickel/Cell_EWOBUP02.gmol,7,
7-Nickel/Cell_EWOBUP02.gmol,8,
7-Nickel/Cell_EWOBUP02.gmol,9,
7-Nickel/Cell_EWOBUP02.gmol,10,
7-Nickel/Cell_EWOBUP02.gmol,11,
7-Nickel/Cell_EWOBUP02.gmol,12,
7-Nickel/Cell_EWOBUP02.gmol,13,
7-Nickel/Cell_EWOBUP02.gmol,14,
7-Nickel/Cell_EWOBUP02.gmol,15,
5-Chromium/Cell_KAWKIE.gmol,0,
5-Chromium/Cell_KAWKIE.gmol,1,
5-Chromium/Cell_KAWKIE.gmol,2,
5-Chromium/Cell_KAWKIE.gmol,3,
5-Chromium/Cell_KAWKIE.gmol,4,
5-Chromium/Cell_KAWKIE.gmol,5,
5-Chromium/Cell_KAWKIE.gmol,6,
5-Chromium/Cell_KAWKIE.gmol,7,
5-Chromium/Cell_KAWKIE.gmol,8,
5-Chromium/Cell_KAWKIE.gmol,9,
5-Chromium/Cell_KAWKIE.gmol,10,
5-Chromium/Cell_KAWKIE.gmol,11,
5-Chromium/Cell_KAWKIE.gmol,12,
5-Chromium/Cell_KAWKIE.gmol,13,
5-Chromium/Cell_KAWKIE.gmol,14,
5-Chromium/Cell_KAWKIE.gmol,15,
5-Chromium/Cell_KAWKIE.gmol,16,
5-Chromium/Cell_KAWKIE.gmol,17,
5-Chromium/Cell_KAWKIE.gmol,18,
5-Chromium/Cell_KAWKIE.gmol,19,
5-Chromium/Cell_KAWKIE.gmol,20,
5-Chromium/Cell_KAWKIE.gmol,21,
5-Chromium/Cell_KAWKIE.gmol,22,
5-Chromium/Cell_KAWKIE.gmol,23,
7-Nickel/Cell_LUHXAO.gmol,0,
7-Nickel/Cell_LUHXAO.gmol,1,
1-Iron/Cell_EKOTOP.gmol,0,
1-Iron/Cell_EKOTOP.gmol,1,
1-Iron/Cell_EKOTOP.gmol,2,
1-Iron/Cell_EKOTOP.gmol,3,
1-Iron/Cell_EKOTOP.gmol,4,
1-Iron/Cell_EKOTOP.gmol,5,
1-Iron/Cell_EKOTOP.gmol,6,
1-Iron/Cell_EKOTOP.gmol,7,
1-Iron/Cell_EKOTOP.gmol,8,
1-Iron/Cell_EKOTOP.gmol,9,
1-Iron/Cell_EKOTOP.gmol,10,
1-Iron/Cell_EKOTOP.gmol,11,
1-Iron/Cell_EKOTOP.gmol,12,
1-Iron/Cell_EKOTOP.gmol,13,
1-Iron/Cell_EKOTOP.gmol,14,
1-Iron/Cell_EKOTOP.gmol,15,
7-Nickel/Cell_JEFRAO.gmol,0,
7-Nickel/Cell_JEFRAO.gmol,1,
3-Ruthenium/Cell_LOQNOV.gmol,0,
3-Ruthenium/Cell_LOQNOV.gmol,1,
3-Ruthenium/Cell_LOQNOV.gmol,2,
3-Ruthenium/Cell_LOQNOV.gmol,3,
8-Copper/Cell_JEZTAM.gmol,0,
8-Copper/Cell_JEZTAM.gmol,1,
8-Copper/Cell_JEZTAM.gmol,2,
8-Copper/Cell_JEZTAM.gmol,3,
6-Cobalt/Cell_DAWGIR.gmol,0,
6-Cobalt/Cell_DAWGIR.gmol,1,
6-Cobalt/Cell_DAWGIR.gmol,2,
6-Cobalt/Cell_DAWGIR.gmol,3,
6-Cobalt/Cell_DAWGIR.gmol,4,
6-Cobalt/Cell_DAWGIR.gmol,5,
6-Cobalt/Cell_DAWGIR.gmol,6,
6-Cobalt/Cell_DAWGIR.gmol,7,
4-Rhenium/Cell_WAGYIM.gmol,0,
4-Rhenium/Cell_WAGYIM.gmol,1,
7-Nickel/Cell_PAJNUL.gmol,0,
7-Nickel/Cell_PAJNUL.gmol,1,
6-Cobalt/Cell_JUSGUZ.gmol,0,
6-Cobalt/Cell_JUSGUZ.gmol,1,
4-Rhenium/Cell_GITLIH.gmol,0,
4-Rhenium/Cell_GITLIH.gmol,1,
6-Cobalt/Cell_XEYTEB.gmol,0,
6-Cobalt/Cell_XEYTEB.gmol,1,
3-Ruthenium/Cell_XUZNIS.gmol,0,
3-Ruthenium/Cell_XUZNIS.gmol,1,
1-Iron/Cell_SOYVEK.gmol,0,
1-Iron/Cell_SOYVEK.gmol,1,
1-Iron/Cell_SOYVEK.gmol,2,
1-Iron/Cell_SOYVEK.gmol,3,
1-Iron/Cell_SOYVEK.gmol,4,
1-Iron/Cell_SOYVEK.gmol,5,
1-Iron/Cell_SOYVEK.gmol,6,
1-Iron/Cell_SOYVEK.gmol,7,
1-Iron/Cell_SOYVEK.gmol,8,
1-Iron/Cell_SOYVEK.gmol,9,
1-Iron/Cell_SOYVEK.gmol,10,
1-Iron/Cell_SOYVEK.gmol,11,
7-Nickel/Cell_UJINUW.gmol,0,
7-Nickel/Cell_UJINUW.gmol,1,
7-Nickel/Cell_UJINUW.gmol,2,
7-Nickel/Cell_UJINUW.gmol,3,
7-Nickel/Cell_UJINUW.gmol,4,
7-Nickel/Cell_UJINUW.gmol,5,
7-Nickel/Cell_UJINUW.gmol,6,
7-Nickel/Cell_UJINUW.gmol,7,
7-Nickel/Cell_UJINUW.gmol,8,
7-Nickel/Cell_UJINUW.gmol,9,
7-Nickel/Cell_UJINUW.gmol,10,
7-Nickel/Cell_UJINUW.gmol,11,
7-Nickel/Cell_LIYCON.gmol,0,
7-Nickel/Cell_LIYCON.gmol,1,
7-Nickel/Cell_LIYCON.gmol,2,
7-Nickel/Cell_LIYCON.gmol,3,
7-Nickel/Cell_LIYCON.gmol,4,
7-Nickel/Cell_LIYCON.gmol,5,
1-Iron/Cell_ODICAG.gmol,0,
1-Iron/Cell_ODICAG.gmol,1,
1-Iron/Cell_ODICAG.gmol,2,
1-Iron/Cell_ODICAG.gmol,3,
1-Iron/Cell_ODICAG.gmol,4,
1-Iron/Cell_ODICAG.gmol,5,
1-Iron/Cell_ODICAG.gmol,6,
1-Iron/Cell_ODICAG.gmol,7,
1-Iron/Cell_ODICAG.gmol,8,
1-Iron/Cell_ODICAG.gmol,9,
1-Iron/Cell_ODICAG.gmol,10,
1-Iron/Cell_ODICAG.gmol,11,
3-Ruthenium/Cell_BOPWEK.gmol,0,
3-Ruthenium/Cell_BOPWEK.gmol,1,
3-Ruthenium/Cell_BOPWEK.gmol,2,
3-Ruthenium/Cell_BOPWEK.gmol,3,
6-Cobalt/Cell_DAMTOC.gmol,0,
6-Cobalt/Cell_DAMTOC.gmol,1,
6-Cobalt/Cell_DAMTOC.gmol,2,
6-Cobalt/Cell_DAMTOC.gmol,3,
6-Cobalt/Cell_DAMTOC.gmol,4,
6-Cobalt/Cell_DAMTOC.gmol,5,
6-Cobalt/Cell_DAMTOC.gmol,6,
6-Cobalt/Cell_DAMTOC.gmol,7,
8-Copper/Cell_GUHKIE.gmol,0,
8-Copper/Cell_GUHKIE.gmol,1,
8-Copper/Cell_GUHKIE.gmol,2,
8-Copper/Cell_GUHKIE.gmol,3,
8-Copper/Cell_GUHKIE.gmol,4,
8-Copper/Cell_GUHKIE.gmol,5,
7-Nickel/Cell_OJUCOO.gmol,0,
7-Nickel/Cell_OJUCOO.gmol,1,
1-Iron/Cell_PUHKEK.gmol,0,
1-Iron/Cell_PUHKEK.gmol,1,
1-Iron/Cell_PUHKEK.gmol,2,
1-Iron/Cell_PUHKEK.gmol,3,
8-Copper/Cell_WEHJIF.gmol,0,
8-Copper/Cell_WEHJIF.gmol,1,
8-Copper/Cell_WEHJIF.gmol,2,
8-Copper/Cell_WEHJIF.gmol,3,
6-Cobalt/Cell_PUQWII.gmol,0,
6-Cobalt/Cell_PUQWII.gmol,1,
6-Cobalt/Cell_PUQWII.gmol,2,
6-Cobalt/Cell_PUQWII.gmol,3,
6-Cobalt/Cell_PUQWII.gmol,4,
6-Cobalt/Cell_PUQWII.gmol,5,
3-Ruthenium/Cell_BAQLAI.gmol,0,
3-Ruthenium/Cell_BAQLAI.gmol,1,
3-Ruthenium/Cell_BAQLAI.gmol,2,
3-Ruthenium/Cell_BAQLAI.gmol,3,
3-Ruthenium/Cell_BAQLAI.gmol,4,
3-Ruthenium/Cell_BAQLAI.gmol,5,
3-Ruthenium/Cell_BAQLAI.gmol,6,
3-Ruthenium/Cell_BAQLAI.gmol,7,
3-Ruthenium/Cell_BAQLAI.gmol,8,
3-Ruthenium/Cell_BAQLAI.gmol,9,
3-Ruthenium/Cell_BAQLAI.gmol,10,
3-Ruthenium/Cell_BAQLAI.gmol,11,
8-Copper/Cell_IPUXEX.gmol,0,
8-Copper/Cell_IPUXEX.gmol,1,
8-Copper/Cell_IPUXEX.gmol,2,
8-Copper/Cell_IPUXEX.gmol,3,
8-Copper/Cell_IPUXEX.gmol,4,
8-Copper/Cell_IPUXEX.gmol,5,
8-Copper/Cell_IPUXEX.gmol,6,
8-Copper/Cell_IPUXEX.gmol,7,
8-Copper/Cell_OCIJAL.gmol,0,
8-Copper/Cell_OCIJAL.gmol,1,
8-Copper/Cell_OCIJAL.gmol,2,
8-Copper/Cell_OCIJAL.gmol,3,
2-Manganese/Cell_VEGJEX.gmol,0,
2-Manganese/Cell_VEGJEX.gmol,1,
2-Manganese/Cell_VEGJEX.gmol,2,
2-Manganese/Cell_VEGJEX.gmol,3,
6-Cobalt/Cell_RUPVEE.gmol,0,
6-Cobalt/Cell_RUPVEE.gmol,1,
6-Cobalt/Cell_RUPVEE.gmol,2,
6-Cobalt/Cell_RUPVEE.gmol,3,
6-Cobalt/Cell_RUPVEE.gmol,4,
6-Cobalt/Cell_RUPVEE.gmol,5,
2-Manganese/Cell_HATNOG.gmol,0,
2-Manganese/Cell_HATNOG.gmol,1,
2-Manganese/Cell_HATNOG.gmol,2,
2-Manganese/Cell_HATNOG.gmol,3,
8-Copper/Cell_FUNMAC.gmol,0,
8-Copper/Cell_FUNMAC.gmol,1,
4-Rhenium/Cell_GIKXUW.gmol,0,
4-Rhenium/Cell_GIKXUW.gmol,1,
4-Rhenium/Cell_GIKXUW.gmol,2,
4-Rhenium/Cell_GIKXUW.gmol,3,
8-Copper/Cell_USAGIH.gmol,0,
8-Copper/Cell_USAGIH.gmol,1,
8-Copper/Cell_USAGIH.gmol,2,
8-Copper/Cell_MEMDOX.gmol,0,
8-Copper/Cell_MEMDOX.gmol,1,
6-Cobalt/Cell_CULRIK.gmol,0,
6-Cobalt/Cell_CULRIK.gmol,1,
6-Cobalt/Cell_CULRIK.gmol,2,
6-Cobalt/Cell_CULRIK.gmol,3,
6-Cobalt/Cell_CULRIK.gmol,4,
6-Cobalt/Cell_CULRIK.gmol,5,
6-Cobalt/Cell_CULRIK.gmol,6,
6-Cobalt/Cell_CULRIK.gmol,7,
6-Cobalt/Cell_MEGYOM.gmol,0,
6-Cobalt/Cell_MEGYOM.gmol,1,
6-Cobalt/Cell_MEGYOM.gmol,2,
6-Cobalt/Cell_MEGYOM.gmol,3,
6-Cobalt/Cell_MEGYOM.gmol,4,
6-Cobalt/Cell_MEGYOM.gmol,5,
6-Cobalt/Cell_MEGYOM.gmol,6,
6-Cobalt/Cell_MEGYOM.gmol,7,
8-Copper/Cell_ODUCEY.gmol,0,
8-Copper/Cell_ODUCEY.gmol,1,
8-Copper/Cell_ODUCEY.gmol,2,
8-Copper/Cell_ODUCEY.gmol,3,
8-Copper/Cell_YAQGAA.gmol,0,
8-Copper/Cell_YAQGAA.gmol,1,
8-Copper/Cell_YAQGAA.gmol,2,
8-Copper/Cell_YAQGAA.gmol,3,
3-Ruthenium/Cell_VARPAI.gmol,0,
3-Ruthenium/Cell_VARPAI.gmol,1,
3-Ruthenium/Cell_VARPAI.gmol,2,
3-Ruthenium/Cell_VARPAI.gmol,3,
3-Ruthenium/Cell_VARPAI.gmol,4,
3-Ruthenium/Cell_VARPAI.gmol,5,
3-Ruthenium/Cell_VARPAI.gmol,6,
3-Ruthenium/Cell_VARPAI.gmol,7,
3-Ruthenium/Cell_ZOMNIB.gmol,0,
3-Ruthenium/Cell_ZOMNIB.gmol,1,
3-Ruthenium/Cell_ZOMNIB.gmol,2,
3-Ruthenium/Cell_ZOMNIB.gmol,3,
3-Ruthenium/Cell_ZOMNIB.gmol,4,
3-Ruthenium/Cell_ZOMNIB.gmol,5,
3-Ruthenium/Cell_ZOMNIB.gmol,6,
3-Ruthenium/Cell_ZOMNIB.gmol,7,
3-Ruthenium/Cell_ZOMNIB.gmol,8,
3-Ruthenium/Cell_ZOMNIB.gmol,9,
3-Ruthenium/Cell_ZOMNIB.gmol,10,
3-Ruthenium/Cell_ZOMNIB.gmol,11,
8-Copper/Cell_VEBLOG.gmol,0,
8-Copper/Cell_VEBLOG.gmol,1,
8-Copper/Cell_VEBLOG.gmol,2,
8-Copper/Cell_VEBLOG.gmol,3,
8-Copper/Cell_VEBLOG.gmol,4,
8-Copper/Cell_VEBLOG.gmol,5,
8-Copper/Cell_VEBLOG.gmol,6,
8-Copper/Cell_VEBLOG.gmol,7,
8-Copper/Cell_VEBLOG.gmol,8,
8-Copper/Cell_VEBLOG.gmol,9,
8-Copper/Cell_VEBLOG.gmol,10,
8-Copper/Cell_VEBLOG.gmol,11,
2-Manganese/Cell_YECYEN.gmol,0,
2-Manganese/Cell_YECYEN.gmol,1,
2-Manganese/Cell_YECYEN.gmol,2,
2-Manganese/Cell_YECYEN.gmol,3,
3-Ruthenium/Cell_VIJRAH.gmol,0,
3-Ruthenium/Cell_VIJRAH.gmol,1,
3-Ruthenium/Cell_VIJRAH.gmol,2,
3-Ruthenium/Cell_VIJRAH.gmol,3,
7-Nickel/Cell_XABQEY.gmol,0,
7-Nickel/Cell_XABQEY.gmol,1,
7-Nickel/Cell_XABQEY.gmol,2,
7-Nickel/Cell_XABQEY.gmol,3,
3-Ruthenium/Cell_CIJCEE.gmol,0,
3-Ruthenium/Cell_CIJCEE.gmol,1,
3-Ruthenium/Cell_CIJCEE.gmol,2,
3-Ruthenium/Cell_CIJCEE.gmol,3,
3-Ruthenium/Cell_CIJCEE.gmol,4,
3-Ruthenium/Cell_CIJCEE.gmol,5,
3-Ruthenium/Cell_CIJCEE.gmol,6,
3-Ruthenium/Cell_CIJCEE.gmol,7,
8-Copper/Cell_JECGOQ.gmol,0,
8-Copper/Cell_JECGOQ.gmol,1,
8-Copper/Cell_JECGOQ.gmol,2,
8-Copper/Cell_JECGOQ.gmol,3,
8-Copper/Cell_JECGOQ.gmol,4,
8-Copper/Cell_JECGOQ.gmol,5,
8-Copper/Cell_JECGOQ.gmol,6,
8-Copper/Cell_JECGOQ.gmol,7,
8-Copper/Cell_JECGOQ.gmol,8,
8-Copper/Cell_JECGOQ.gmol,9,
7-Nickel/Cell_RAFZOO.gmol,0,
7-Nickel/Cell_RAFZOO.gmol,1,
7-Nickel/Cell_RAFZOO.gmol,2,
7-Nickel/Cell_RAFZOO.gmol,3,
5-Chromium/Cell_IKUBIA.gmol,0,
5-Chromium/Cell_IKUBIA.gmol,1,
7-Nickel/Cell_KUFCEU.gmol,0,
7-Nickel/Cell_KUFCEU.gmol,1,
7-Nickel/Cell_KUFCEU.gmol,2,
7-Nickel/Cell_KUFCEU.gmol,3,
7-Nickel/Cell_KUFCEU.gmol,4,
7-Nickel/Cell_KUFCEU.gmol,5,
7-Nickel/Cell_KUFCEU.gmol,6,
7-Nickel/Cell_KUFCEU.gmol,7,
7-Nickel/Cell_RUQCUB.gmol,0,
7-Nickel/Cell_RUQCUB.gmol,1,
7-Nickel/Cell_RUQCUB.gmol,2,
7-Nickel/Cell_RUQCUB.gmol,3,
1-Iron/Cell_BEDLIG.gmol,0,
1-Iron/Cell_BEDLIG.gmol,1,
7-Nickel/Cell_LALPAP.gmol,0,
7-Nickel/Cell_LALPAP.gmol,1,
7-Nickel/Cell_LALPAP.gmol,2,
7-Nickel/Cell_LALPAP.gmol,3,
8-Copper/Cell_RUGYAU.gmol,0,
8-Copper/Cell_RUGYAU.gmol,1,
7-Nickel/Cell_VIHMIJ.gmol,0,
7-Nickel/Cell_VIHMIJ.gmol,1,
7-Nickel/Cell_VIHMIJ.gmol,2,
7-Nickel/Cell_VIHMIJ.gmol,3,
7-Nickel/Cell_VIHMIJ.gmol,4,
7-Nickel/Cell_VIHMIJ.gmol,5,
6-Cobalt/Cell_FISFAR.gmol,0,
6-Cobalt/Cell_FISFAR.gmol,1,
6-Cobalt/Cell_FISFAR.gmol,2,
6-Cobalt/Cell_FISFAR.gmol,3,
6-Cobalt/Cell_FISFAR.gmol,4,
6-Cobalt/Cell_FISFAR.gmol,5,
8-Copper/Cell_LUXZUZ.gmol,0,
8-Copper/Cell_LUXZUZ.gmol,1,
8-Copper/Cell_LUXZUZ.gmol,2,
8-Copper/Cell_LUXZUZ.gmol,3,
8-Copper/Cell_LUXZUZ.gmol,4,
8-Copper/Cell_LUXZUZ.gmol,5,
8-Copper/Cell_LUXZUZ.gmol,6,
8-Copper/Cell_LUXZUZ.gmol,7,
8-Copper/Cell_CUQUIN.gmol,0,
8-Copper/Cell_CUQUIN.gmol,1,
8-Copper/Cell_CUQUIN.gmol,2,
8-Copper/Cell_CUQUIN.gmol,3,
2-Manganese/Cell_MOPTAM.gmol,0,
2-Manganese/Cell_MOPTAM.gmol,1,
2-Manganese/Cell_MOPTAM.gmol,2,
2-Manganese/Cell_MOPTAM.gmol,3,
3-Ruthenium/Cell_YIXNOI.gmol,0,
3-Ruthenium/Cell_YIXNOI.gmol,1,
7-Nickel/Cell_VOSDEP.gmol,0,
7-Nickel/Cell_VOSDEP.gmol,1,
7-Nickel/Cell_VOSDEP.gmol,2,
7-Nickel/Cell_VOSDEP.gmol,3,
3-Ruthenium/Cell_AYITOS.gmol,0,
3-Ruthenium/Cell_AYITOS.gmol,1,
3-Ruthenium/Cell_AYITOS.gmol,2,
3-Ruthenium/Cell_AYITOS.gmol,3,
3-Ruthenium/Cell_AYITOS.gmol,4,
3-Ruthenium/Cell_AYITOS.gmol,5,
3-Ruthenium/Cell_AYITOS.gmol,6,
3-Ruthenium/Cell_AYITOS.gmol,7,
3-Ruthenium/Cell_AYITOS.gmol,8,
3-Ruthenium/Cell_AYITOS.gmol,9,
3-Ruthenium/Cell_AYITOS.gmol,10,
3-Ruthenium/Cell_AYITOS.gmol,11,
2-Manganese/Cell_WIFSOT.gmol,0,
2-Manganese/Cell_WIFSOT.gmol,1,
2-Manganese/Cell_WIFSOT.gmol,2,
2-Manganese/Cell_WIFSOT.gmol,3,
2-Manganese/Cell_WIFSOT.gmol,4,
2-Manganese/Cell_WIFSOT.gmol,5,
6-Cobalt/Cell_NIQLEG.gmol,0,
6-Cobalt/Cell_NIQLEG.gmol,1,
6-Cobalt/Cell_NIQLEG.gmol,2,
6-Cobalt/Cell_NIQLEG.gmol,3,
6-Cobalt/Cell_NIQLEG.gmol,4,
6-Cobalt/Cell_NIQLEG.gmol,5,
6-Cobalt/Cell_NIQLEG.gmol,6,
6-Cobalt/Cell_NIQLEG.gmol,7,
8-Copper/Cell_ASUDEX.gmol,0,
8-Copper/Cell_XIPGUY.gmol,0,
8-Copper/Cell_XIPGUY.gmol,1,
8-Copper/Cell_XIPGUY.gmol,2,
8-Copper/Cell_XIPGUY.gmol,3,
8-Copper/Cell_XIPGUY.gmol,4,
8-Copper/Cell_XIPGUY.gmol,5,
8-Copper/Cell_XIPGUY.gmol,6,
8-Copper/Cell_XIPGUY.gmol,7,
8-Copper/Cell_XIPGUY.gmol,8,
8-Copper/Cell_XIPGUY.gmol,9,
7-Nickel/Cell_WUPWOU.gmol,0,
7-Nickel/Cell_WUPWOU.gmol,1,
7-Nickel/Cell_WUPWOU.gmol,2,
7-Nickel/Cell_WUPWOU.gmol,3,
7-Nickel/Cell_WUPWOU.gmol,4,
7-Nickel/Cell_WUPWOU.gmol,5,
8-Copper/Cell_XIKZUO.gmol,0,
8-Copper/Cell_XIKZUO.gmol,1,
8-Copper/Cell_ETEACU.gmol,0,
8-Copper/Cell_ETEACU.gmol,1,
7-Nickel/Cell_IGOJAP.gmol,0,
7-Nickel/Cell_IGOJAP.gmol,1,
7-Nickel/Cell_IGOJAP.gmol,2,
7-Nickel/Cell_IGOJAP.gmol,3,
7-Nickel/Cell_IGOJAP.gmol,4,
7-Nickel/Cell_IGOJAP.gmol,5,
7-Nickel/Cell_IGOJAP.gmol,6,
7-Nickel/Cell_IGOJAP.gmol,7,
2-Manganese/Cell_DURMIO.gmol,0,
7-Nickel/Cell_FIJTOI.gmol,0,
7-Nickel/Cell_FIJTOI.gmol,1,
7-Nickel/Cell_FIJTOI.gmol,2,
7-Nickel/Cell_FIJTOI.gmol,3,
7-Nickel/Cell_FIJTOI.gmol,4,
7-Nickel/Cell_FIJTOI.gmol,5,
7-Nickel/Cell_FIJTOI.gmol,6,
7-Nickel/Cell_FIJTOI.gmol,7,
7-Nickel/Cell_FIJTOI.gmol,8,
7-Nickel/Cell_FIJTOI.gmol,9,
7-Nickel/Cell_FIJTOI.gmol,10,
7-Nickel/Cell_FIJTOI.gmol,11,
3-Ruthenium/Cell_BIRRUR.gmol,0,
3-Ruthenium/Cell_BIRRUR.gmol,1,
3-Ruthenium/Cell_BIRRUR.gmol,2,
3-Ruthenium/Cell_BIRRUR.gmol,3,
7-Nickel/Cell_DABZEO.gmol,0,
7-Nickel/Cell_DABZEO.gmol,1,
8-Copper/Cell_TEXDEG.gmol,0,
8-Copper/Cell_TEXDEG.gmol,1,
8-Copper/Cell_TEXDEG.gmol,2,
8-Copper/Cell_TEXDEG.gmol,3,
8-Copper/Cell_TEXDEG.gmol,4,
8-Copper/Cell_TEXDEG.gmol,5,
8-Copper/Cell_TEXDEG.gmol,6,
8-Copper/Cell_TEXDEG.gmol,7,
8-Copper/Cell_TEXDEG.gmol,8,
8-Copper/Cell_TEXDEG.gmol,9,
8-Copper/Cell_TEXDEG.gmol,10,
8-Copper/Cell_TEXDEG.gmol,11,
8-Copper/Cell_HINNIE.gmol,0,
8-Copper/Cell_HINNIE.gmol,1,
8-Copper/Cell_HINNIE.gmol,2,
8-Copper/Cell_HINNIE.gmol,3,
8-Copper/Cell_HINNIE.gmol,4,
8-Copper/Cell_HINNIE.gmol,5,
7-Nickel/Cell_IMEGAI.gmol,0,
7-Nickel/Cell_IMEGAI.gmol,1,
7-Nickel/Cell_IMEGAI.gmol,2,
7-Nickel/Cell_IMEGAI.gmol,3,
7-Nickel/Cell_IMEGAI.gmol,4,
7-Nickel/Cell_IMEGAI.gmol,5,
7-Nickel/Cell_IMEGAI.gmol,6,
7-Nickel/Cell_IMEGAI.gmol,7,
8-Copper/Cell_LOPZUM.gmol,0,
8-Copper/Cell_LOPZUM.gmol,1,
8-Copper/Cell_LOPZUM.gmol,2,
8-Copper/Cell_LOPZUM.gmol,3,
8-Copper/Cell_LOPZUM.gmol,4,
8-Copper/Cell_LOPZUM.gmol,5,
8-Copper/Cell_LOPZUM.gmol,6,
8-Copper/Cell_LOPZUM.gmol,7,
8-Copper/Cell_LOPZUM.gmol,8,
8-Copper/Cell_LOPZUM.gmol,9,
8-Copper/Cell_LOPZUM.gmol,10,
8-Copper/Cell_LOPZUM.gmol,11,
2-Manganese/Cell_VAKBOA.gmol,0,
4-Rhenium/Cell_TINVAN.gmol,0,
4-Rhenium/Cell_TINVAN.gmol,1,
4-Rhenium/Cell_TINVAN.gmol,2,
4-Rhenium/Cell_TINVAN.gmol,3,
7-Nickel/Cell_AVIBOX.gmol,0,
7-Nickel/Cell_AVIBOX.gmol,1,
7-Nickel/Cell_AVIBOX.gmol,2,
7-Nickel/Cell_AVIBOX.gmol,3,
7-Nickel/Cell_AVIBOX.gmol,4,
7-Nickel/Cell_AVIBOX.gmol,5,
7-Nickel/Cell_AVIBOX.gmol,6,
7-Nickel/Cell_AVIBOX.gmol,7,
8-Copper/Cell_MIGGIU.gmol,0,
8-Copper/Cell_MIGGIU.gmol,1,
8-Copper/Cell_MIGGIU.gmol,2,
8-Copper/Cell_MIGGIU.gmol,3,
8-Copper/Cell_MIGGIU.gmol,4,
8-Copper/Cell_MIGGIU.gmol,5,
8-Copper/Cell_MIGGIU.gmol,6,
8-Copper/Cell_MIGGIU.gmol,7,
5-Chromium/Cell_ENAHIK.gmol,0,
5-Chromium/Cell_ENAHIK.gmol,1,
5-Chromium/Cell_ENAHIK.gmol,2,
5-Chromium/Cell_ENAHIK.gmol,3,
5-Chromium/Cell_ENAHIK.gmol,4,
5-Chromium/Cell_ENAHIK.gmol,5,
5-Chromium/Cell_ENAHIK.gmol,6,
5-Chromium/Cell_ENAHIK.gmol,7,
5-Chromium/Cell_ENAHIK.gmol,8,
5-Chromium/Cell_ENAHIK.gmol,9,
5-Chromium/Cell_ENAHIK.gmol,10,
5-Chromium/Cell_ENAHIK.gmol,11,
1-Iron/Cell_TAMTAD.gmol,0,
1-Iron/Cell_TAMTAD.gmol,1,
1-Iron/Cell_TAMTAD.gmol,2,
1-Iron/Cell_TAMTAD.gmol,3,
1-Iron/Cell_TAMTAD.gmol,4,
1-Iron/Cell_TAMTAD.gmol,5,
7-Nickel/Cell_MAYMAB01.gmol,0,
7-Nickel/Cell_MAYMAB01.gmol,1,
6-Cobalt/Cell_HIRHEX.gmol,0,
6-Cobalt/Cell_HIRHEX.gmol,1,
6-Cobalt/Cell_HIRHEX.gmol,2,
6-Cobalt/Cell_HIRHEX.gmol,3,
7-Nickel/Cell_BEYLUN.gmol,0,
7-Nickel/Cell_BEYLUN.gmol,1,
7-Nickel/Cell_BEYLUN.gmol,2,
7-Nickel/Cell_BEYLUN.gmol,3,
7-Nickel/Cell_BEYLUN.gmol,4,
7-Nickel/Cell_BEYLUN.gmol,5,
7-Nickel/Cell_BEYLUN.gmol,6,
7-Nickel/Cell_BEYLUN.gmol,7,
8-Copper/Cell_FOXVUJ.gmol,0,
8-Copper/Cell_FOXVUJ.gmol,1,
3-Ruthenium/Cell_RITCIJ.gmol,0,
3-Ruthenium/Cell_RITCIJ.gmol,1,
3-Ruthenium/Cell_RITCIJ.gmol,2,
3-Ruthenium/Cell_RITCIJ.gmol,3,
8-Copper/Cell_LEWGIE.gmol,0,
8-Copper/Cell_LEWGIE.gmol,1,
6-Cobalt/Cell_CERJER.gmol,0,
6-Cobalt/Cell_CERJER.gmol,1,
6-Cobalt/Cell_CERJER.gmol,2,
6-Cobalt/Cell_CERJER.gmol,3,
6-Cobalt/Cell_CERJER.gmol,4,
6-Cobalt/Cell_CERJER.gmol,5,
8-Copper/Cell_RECCOS.gmol,0,
8-Copper/Cell_RECCOS.gmol,1,
1-Iron/Cell_UHEHAQ.gmol,0,
1-Iron/Cell_UHEHAQ.gmol,1,
1-Iron/Cell_UHEHAQ.gmol,2,
1-Iron/Cell_UHEHAQ.gmol,3,
8-Copper/Cell_SAVVER.gmol,0,
8-Copper/Cell_SAVVER.gmol,1,
8-Copper/Cell_SAVVER.gmol,2,
8-Copper/Cell_SAVVER.gmol,3,
7-Nickel/Cell_KASDUE.gmol,0,
7-Nickel/Cell_KASDUE.gmol,1,
7-Nickel/Cell_KASDUE.gmol,2,
7-Nickel/Cell_KASDUE.gmol,3,
2-Manganese/Cell_RERDEA.gmol,0,
2-Manganese/Cell_RERDEA.gmol,1,
2-Manganese/Cell_RERDEA.gmol,2,
2-Manganese/Cell_RERDEA.gmol,3,
8-Copper/Cell_ETELIA.gmol,0,
8-Copper/Cell_ETELIA.gmol,1,
6-Cobalt/Cell_BEHKEG.gmol,0,
6-Cobalt/Cell_BEHKEG.gmol,1,
6-Cobalt/Cell_BEHKEG.gmol,2,
6-Cobalt/Cell_BEHKEG.gmol,3,
6-Cobalt/Cell_BEHKEG.gmol,4,
6-Cobalt/Cell_BEHKEG.gmol,5,
6-Cobalt/Cell_BEHKEG.gmol,6,
6-Cobalt/Cell_BEHKEG.gmol,7,
6-Cobalt/Cell_BEHKEG.gmol,8,
6-Cobalt/Cell_BEHKEG.gmol,9,
6-Cobalt/Cell_BEHKEG.gmol,10,
6-Cobalt/Cell_BEHKEG.gmol,11,
6-Cobalt/Cell_BEHKEG.gmol,12,
6-Cobalt/Cell_BEHKEG.gmol,13,
6-Cobalt/Cell_BEHKEG.gmol,14,
6-Cobalt/Cell_BEHKEG.gmol,15,
6-Cobalt/Cell_WOVPAY.gmol,0,
6-Cobalt/Cell_WOVPAY.gmol,1,
6-Cobalt/Cell_WOVPAY.gmol,2,
6-Cobalt/Cell_WOVPAY.gmol,3,
6-Cobalt/Cell_VETDIH.gmol,0,
6-Cobalt/Cell_VETDIH.gmol,1,
6-Cobalt/Cell_VETDIH.gmol,2,
6-Cobalt/Cell_VETDIH.gmol,3,
6-Cobalt/Cell_VETDIH.gmol,4,
6-Cobalt/Cell_VETDIH.gmol,5,
6-Cobalt/Cell_VETDIH.gmol,6,
6-Cobalt/Cell_VETDIH.gmol,7,
6-Cobalt/Cell_VETDIH.gmol,8,
6-Cobalt/Cell_VETDIH.gmol,9,
6-Cobalt/Cell_VETDIH.gmol,10,
6-Cobalt/Cell_VETDIH.gmol,11,
6-Cobalt/Cell_VETDIH.gmol,12,
6-Cobalt/Cell_VETDIH.gmol,13,
6-Cobalt/Cell_VETDIH.gmol,14,
6-Cobalt/Cell_VETDIH.gmol,15,
7-Nickel/Cell_SONXUP.gmol,0,
7-Nickel/Cell_SONXUP.gmol,1,
7-Nickel/Cell_SONXUP.gmol,2,
7-Nickel/Cell_SONXUP.gmol,3,
7-Nickel/Cell_SONXUP.gmol,4,
7-Nickel/Cell_SONXUP.gmol,5,
7-Nickel/Cell_SONXUP.gmol,6,
7-Nickel/Cell_SONXUP.gmol,7,
8-Copper/Cell_KEFMIS.gmol,0,
8-Copper/Cell_KEFMIS.gmol,1,
8-Copper/Cell_KEFMIS.gmol,2,
8-Copper/Cell_KEFMIS.gmol,3,
8-Copper/Cell_KEFMIS.gmol,4,
8-Copper/Cell_KEFMIS.gmol,5,
7-Nickel/Cell_PEWGUU.gmol,0,
7-Nickel/Cell_PEWGUU.gmol,1,
7-Nickel/Cell_PEWGUU.gmol,2,
7-Nickel/Cell_PEWGUU.gmol,3,
8-Copper/Cell_YAZNAP.gmol,0,
8-Copper/Cell_YAZNAP.gmol,1,
1-Iron/Cell_DABSOP.gmol,0,
1-Iron/Cell_DABSOP.gmol,1,
1-Iron/Cell_DABSOP.gmol,2,
1-Iron/Cell_DABSOP.gmol,3,
1-Iron/Cell_VAJYAJ.gmol,0,
1-Iron/Cell_VAJYAJ.gmol,1,
1-Iron/Cell_VAJYAJ.gmol,2,
1-Iron/Cell_VAJYAJ.gmol,3,
1-Iron/Cell_VAJYAJ.gmol,4,
1-Iron/Cell_VAJYAJ.gmol,5,
8-Copper/Cell_AXEVUW.gmol,0,
8-Copper/Cell_AXEVUW.gmol,1,
8-Copper/Cell_AXEVUW.gmol,2,
8-Copper/Cell_AXEVUW.gmol,3,
7-Nickel/Cell_MOTWOI.gmol,0,
7-Nickel/Cell_MOTWOI.gmol,1,
7-Nickel/Cell_MOTWOI.gmol,2,
7-Nickel/Cell_MOTWOI.gmol,3,
8-Copper/Cell_YALPOT.gmol,0,
8-Copper/Cell_YALPOT.gmol,1,
8-Copper/Cell_YALPOT.gmol,2,
8-Copper/Cell_MAKRUL.gmol,0,
8-Copper/Cell_MAKRUL.gmol,1,
8-Copper/Cell_MAKRUL.gmol,2,
5-Chromium/Cell_UDUSAQ.gmol,0,
5-Chromium/Cell_UDUSAQ.gmol,1,
5-Chromium/Cell_UDUSAQ.gmol,2,
5-Chromium/Cell_UDUSAQ.gmol,3,
2-Manganese/Cell_VUVJUS.gmol,0,
2-Manganese/Cell_VUVJUS.gmol,1,
2-Manganese/Cell_VUVJUS.gmol,2,
2-Manganese/Cell_VUVJUS.gmol,3,
7-Nickel/Cell_RAPZAL.gmol,0,
7-Nickel/Cell_RAPZAL.gmol,1,
7-Nickel/Cell_RAPZAL.gmol,2,
7-Nickel/Cell_RAPZAL.gmol,3,
7-Nickel/Cell_RAPZAL.gmol,4,
7-Nickel/Cell_RAPZAL.gmol,5,
7-Nickel/Cell_RAPZAL.gmol,6,
7-Nickel/Cell_RAPZAL.gmol,7,
7-Nickel/Cell_RAPZAL.gmol,8,
7-Nickel/Cell_RAPZAL.gmol,9,
7-Nickel/Cell_RAPZAL.gmol,10,
7-Nickel/Cell_RAPZAL.gmol,11,
7-Nickel/Cell_RAPZAL.gmol,12,
7-Nickel/Cell_RAPZAL.gmol,13,
7-Nickel/Cell_RAPZAL.gmol,14,
7-Nickel/Cell_RAPZAL.gmol,15,
7-Nickel/Cell_RAPZAL.gmol,16,
7-Nickel/Cell_RAPZAL.gmol,17,
7-Nickel/Cell_RAPZAL.gmol,18,
7-Nickel/Cell_RAPZAL.gmol,19,
7-Nickel/Cell_KAMHUB.gmol,0,
7-Nickel/Cell_KAMHUB.gmol,1,
3-Ruthenium/Cell_JIZXUO.gmol,0,
3-Ruthenium/Cell_JIZXUO.gmol,1,
3-Ruthenium/Cell_JIZXUO.gmol,2,
3-Ruthenium/Cell_JIZXUO.gmol,3,
3-Ruthenium/Cell_JIZXUO.gmol,4,
3-Ruthenium/Cell_JIZXUO.gmol,5,
3-Ruthenium/Cell_JIZXUO.gmol,6,
3-Ruthenium/Cell_JIZXUO.gmol,7,
6-Cobalt/Cell_SUZPAG.gmol,0,
6-Cobalt/Cell_SUZPAG.gmol,1,
6-Cobalt/Cell_SUZPAG.gmol,2,
6-Cobalt/Cell_SUZPAG.gmol,3,
6-Cobalt/Cell_SUZPAG.gmol,4,
6-Cobalt/Cell_SUZPAG.gmol,5,
6-Cobalt/Cell_SUZPAG.gmol,6,
6-Cobalt/Cell_SUZPAG.gmol,7,
2-Manganese/Cell_XELNAD.gmol,0,
2-Manganese/Cell_XELNAD.gmol,1,
2-Manganese/Cell_XELNAD.gmol,2,
2-Manganese/Cell_XELNAD.gmol,3,
8-Copper/Cell_DAZNEY.gmol,0,
8-Copper/Cell_DAZNEY.gmol,1,
8-Copper/Cell_DAZNEY.gmol,2,
8-Copper/Cell_DAZNEY.gmol,3,
2-Manganese/Cell_OTUTAZ.gmol,0,
7-Nickel/Cell_TOPQOG.gmol,0,
7-Nickel/Cell_TOPQOG.gmol,1,
1-Iron/Cell_GECSEP.gmol,0,
1-Iron/Cell_GECSEP.gmol,1,
3-Ruthenium/Cell_ARONUQ.gmol,0,
3-Ruthenium/Cell_ARONUQ.gmol,1,
3-Ruthenium/Cell_ARONUQ.gmol,2,
3-Ruthenium/Cell_ARONUQ.gmol,3,
3-Ruthenium/Cell_ARONUQ.gmol,4,
3-Ruthenium/Cell_ARONUQ.gmol,5,
3-Ruthenium/Cell_ARONUQ.gmol,6,
3-Ruthenium/Cell_ARONUQ.gmol,7,
7-Nickel/Cell_VALDAP.gmol,0,
7-Nickel/Cell_VALDAP.gmol,1,
7-Nickel/Cell_VALDAP.gmol,2,
7-Nickel/Cell_VALDAP.gmol,3,
7-Nickel/Cell_HIXXUH.gmol,0,
7-Nickel/Cell_HIXXUH.gmol,1,
7-Nickel/Cell_HIXXUH.gmol,2,
7-Nickel/Cell_HIXXUH.gmol,3,
8-Copper/Cell_NITVAN.gmol,0,
8-Copper/Cell_NITVAN.gmol,1,
8-Copper/Cell_NITVAN.gmol,2,
8-Copper/Cell_NITVAN.gmol,3,
8-Copper/Cell_NITVAN.gmol,4,
8-Copper/Cell_NITVAN.gmol,5,
8-Copper/Cell_NITVAN.gmol,6,
8-Copper/Cell_NITVAN.gmol,7,
1-Iron/Cell_HAJSIW.gmol,0,
1-Iron/Cell_HAJSIW.gmol,1,
1-Iron/Cell_HAJSIW.gmol,2,
1-Iron/Cell_HAJSIW.gmol,3,
4-Rhenium/Cell_RIMMAB.gmol,0,
4-Rhenium/Cell_RIMMAB.gmol,1,
7-Nickel/Cell_BALVUF.gmol,0,
7-Nickel/Cell_BALVUF.gmol,1,
1-Iron/Cell_JORKAC.gmol,0,
1-Iron/Cell_JORKAC.gmol,1,
1-Iron/Cell_JORKAC.gmol,2,
1-Iron/Cell_JORKAC.gmol,3,
1-Iron/Cell_JORKAC.gmol,4,
1-Iron/Cell_JORKAC.gmol,5,
1-Iron/Cell_JORKAC.gmol,6,
1-Iron/Cell_JORKAC.gmol,7,
7-Nickel/Cell_MOTVUN.gmol,0,
7-Nickel/Cell_MOTVUN.gmol,1,
7-Nickel/Cell_MOTVUN.gmol,2,
7-Nickel/Cell_MOTVUN.gmol,3,
6-Cobalt/Cell_DISDOA.gmol,0,
6-Cobalt/Cell_DISDOA.gmol,1,
6-Cobalt/Cell_DISDOA.gmol,2,
6-Cobalt/Cell_DISDOA.gmol,3,
6-Cobalt/Cell_TAGCIQ.gmol,0,
6-Cobalt/Cell_TAGCIQ.gmol,1,
6-Cobalt/Cell_TAGCIQ.gmol,2,
6-Cobalt/Cell_TAGCIQ.gmol,3,
8-Copper/Cell_IMITAZ.gmol,0,
8-Copper/Cell_IMITAZ.gmol,1,
8-Copper/Cell_IMITAZ.gmol,2,
8-Copper/Cell_IMITAZ.gmol,3,
6-Cobalt/Cell_VEDXOS.gmol,0,
6-Cobalt/Cell_VEDXOS.gmol,1,
6-Cobalt/Cell_VEDXOS.gmol,2,
6-Cobalt/Cell_VEDXOS.gmol,3,
8-Copper/Cell_YOPFIS.gmol,0,
8-Copper/Cell_YOPFIS.gmol,1,
8-Copper/Cell_YOPFIS.gmol,2,
8-Copper/Cell_YOPFIS.gmol,3,
8-Copper/Cell_YOPFIS.gmol,4,
8-Copper/Cell_YOPFIS.gmol,5,
8-Copper/Cell_YOPFIS.gmol,6,
8-Copper/Cell_YOPFIS.gmol,7,
7-Nickel/Cell_NOKBAQ.gmol,0,
7-Nickel/Cell_NOKBAQ.gmol,1,
7-Nickel/Cell_NOKBAQ.gmol,2,
3-Ruthenium/Cell_HAXSOQ.gmol,0,
3-Ruthenium/Cell_HAXSOQ.gmol,1,
3-Ruthenium/Cell_HAXSOQ.gmol,2,
3-Ruthenium/Cell_HAXSOQ.gmol,3,
3-Ruthenium/Cell_HAXSOQ.gmol,4,
3-Ruthenium/Cell_HAXSOQ.gmol,5,
3-Ruthenium/Cell_HAXSOQ.gmol,6,
3-Ruthenium/Cell_HAXSOQ.gmol,7,
3-Ruthenium/Cell_HAXSOQ.gmol,8,
3-Ruthenium/Cell_HAXSOQ.gmol,9,
3-Ruthenium/Cell_GEJBUV.gmol,0,
3-Ruthenium/Cell_GEJBUV.gmol,1,
3-Ruthenium/Cell_GEJBUV.gmol,2,
3-Ruthenium/Cell_GEJBUV.gmol,3,
3-Ruthenium/Cell_GEJBUV.gmol,4,
3-Ruthenium/Cell_GEJBUV.gmol,5,
3-Ruthenium/Cell_GEJBUV.gmol,6,
3-Ruthenium/Cell_GEJBUV.gmol,7,
1-Iron/Cell_IRUTEV.gmol,0,
1-Iron/Cell_IRUTEV.gmol,1,
1-Iron/Cell_IRUTEV.gmol,2,
1-Iron/Cell_IRUTEV.gmol,3,
1-Iron/Cell_IRUTEV.gmol,4,
1-Iron/Cell_IRUTEV.gmol,5,
1-Iron/Cell_IRUTEV.gmol,6,
1-Iron/Cell_IRUTEV.gmol,7,
1-Iron/Cell_IRUTEV.gmol,8,
1-Iron/Cell_IRUTEV.gmol,9,
1-Iron/Cell_IRUTEV.gmol,10,
1-Iron/Cell_IRUTEV.gmol,11,
1-Iron/Cell_IRUTEV.gmol,12,
1-Iron/Cell_IRUTEV.gmol,13,
1-Iron/Cell_IRUTEV.gmol,14,
1-Iron/Cell_IRUTEV.gmol,15,
1-Iron/Cell_IRUTEV.gmol,16,
1-Iron/Cell_IRUTEV.gmol,17,
1-Iron/Cell_IRUTEV.gmol,18,
1-Iron/Cell_IRUTEV.gmol,19,
8-Copper/Cell_ITACOX.gmol,0,
8-Copper/Cell_ITACOX.gmol,1,
8-Copper/Cell_ITACOX.gmol,2,
8-Copper/Cell_ITACOX.gmol,3,
3-Ruthenium/Cell_KIZTOD.gmol,0,
3-Ruthenium/Cell_KIZTOD.gmol,1,
3-Ruthenium/Cell_KIZTOD.gmol,2,
3-Ruthenium/Cell_KIZTOD.gmol,3,
1-Iron/Cell_ECUFIS.gmol,0,
1-Iron/Cell_ECUFIS.gmol,1,
6-Cobalt/Cell_FOGXIJ.gmol,0,
6-Cobalt/Cell_FOGXIJ.gmol,1,
6-Cobalt/Cell_FOGXIJ.gmol,2,
6-Cobalt/Cell_FOGXIJ.gmol,3,
6-Cobalt/Cell_FOGXIJ.gmol,4,
6-Cobalt/Cell_FOGXIJ.gmol,5,
7-Nickel/Cell_HEHSAO.gmol,0,
7-Nickel/Cell_HEHSAO.gmol,1,
7-Nickel/Cell_HEHSAO.gmol,2,
7-Nickel/Cell_HEHSAO.gmol,3,
8-Copper/Cell_TUSPAB.gmol,0,
8-Copper/Cell_TUSPAB.gmol,1,
8-Copper/Cell_TUSPAB.gmol,2,
8-Copper/Cell_TUSPAB.gmol,3,
8-Copper/Cell_TUSPAB.gmol,4,
8-Copper/Cell_TUSPAB.gmol,5,
2-Manganese/Cell_ODAGUW.gmol,0,
2-Manganese/Cell_ODAGUW.gmol,1,
2-Manganese/Cell_ODAGUW.gmol,2,
2-Manganese/Cell_ODAGUW.gmol,3,
2-Manganese/Cell_ODAGUW.gmol,4,
2-Manganese/Cell_ODAGUW.gmol,5,
2-Manganese/Cell_ODAGUW.gmol,6,
2-Manganese/Cell_ODAGUW.gmol,7,
3-Ruthenium/Cell_VIXZOR.gmol,0,
3-Ruthenium/Cell_VIXZOR.gmol,1,
8-Copper/Cell_BODTOG.gmol,0,
8-Copper/Cell_BODTOG.gmol,1,
8-Copper/Cell_BODTOG.gmol,2,
8-Copper/Cell_BODTOG.gmol,3,
8-Copper/Cell_BODTOG.gmol,4,
8-Copper/Cell_BODTOG.gmol,5,
8-Copper/Cell_BODTOG.gmol,6,
8-Copper/Cell_BODTOG.gmol,7,
8-Copper/Cell_BODTOG.gmol,8,
8-Copper/Cell_BODTOG.gmol,9,
8-Copper/Cell_BODTOG.gmol,10,
8-Copper/Cell_BODTOG.gmol,11,
8-Copper/Cell_KUGYOC.gmol,0,
8-Copper/Cell_KUGYOC.gmol,1,
8-Copper/Cell_KUGYOC.gmol,2,
8-Copper/Cell_KUGYOC.gmol,3,
8-Copper/Cell_KUGYOC.gmol,4,
8-Copper/Cell_KUGYOC.gmol,5,
8-Copper/Cell_KUGYOC.gmol,6,
8-Copper/Cell_KUGYOC.gmol,7,
8-Copper/Cell_VICREH.gmol,0,
8-Copper/Cell_VICREH.gmol,1,
8-Copper/Cell_VICREH.gmol,2,
8-Copper/Cell_VICREH.gmol,3,
2-Manganese/Cell_VICMOK.gmol,0,
2-Manganese/Cell_VICMOK.gmol,1,
2-Manganese/Cell_VICMOK.gmol,2,
2-Manganese/Cell_VICMOK.gmol,3,
2-Manganese/Cell_VICMOK.gmol,4,
2-Manganese/Cell_VICMOK.gmol,5,
2-Manganese/Cell_VICMOK.gmol,6,
2-Manganese/Cell_VICMOK.gmol,7,
2-Manganese/Cell_VICMOK.gmol,8,
2-Manganese/Cell_VICMOK.gmol,9,
2-Manganese/Cell_VICMOK.gmol,10,
2-Manganese/Cell_VICMOK.gmol,11,
7-Nickel/Cell_LAVSOQ.gmol,0,
7-Nickel/Cell_LAVSOQ.gmol,1,
7-Nickel/Cell_LAVSOQ.gmol,2,
7-Nickel/Cell_LAVSOQ.gmol,3,
1-Iron/Cell_JESPON.gmol,0,
1-Iron/Cell_JESPON.gmol,1,
1-Iron/Cell_JESPON.gmol,2,
1-Iron/Cell_JESPON.gmol,3,
1-Iron/Cell_JESPON.gmol,4,
1-Iron/Cell_JESPON.gmol,5,
1-Iron/Cell_JESPON.gmol,6,
1-Iron/Cell_JESPON.gmol,7,
1-Iron/Cell_JESPON.gmol,8,
1-Iron/Cell_JESPON.gmol,9,
1-Iron/Cell_JESPON.gmol,10,
1-Iron/Cell_JESPON.gmol,11,
1-Iron/Cell_JESPON.gmol,12,
1-Iron/Cell_JESPON.gmol,13,
1-Iron/Cell_JESPON.gmol,14,
1-Iron/Cell_JESPON.gmol,15,
8-Copper/Cell_HUXNOF.gmol,0,
8-Copper/Cell_HUXNOF.gmol,1,
8-Copper/Cell_HUXNOF.gmol,2,
8-Copper/Cell_HUXNOF.gmol,3,
3-Ruthenium/Cell_MUZSEF.gmol,0,
3-Ruthenium/Cell_MUZSEF.gmol,1,
6-Cobalt/Cell_LIGNEU.gmol,0,
6-Cobalt/Cell_LIGNEU.gmol,1,
6-Cobalt/Cell_LIGNEU.gmol,2,
6-Cobalt/Cell_LIGNEU.gmol,3,
6-Cobalt/Cell_LIGNEU.gmol,4,
6-Cobalt/Cell_LIGNEU.gmol,5,
6-Cobalt/Cell_LIGNEU.gmol,6,
6-Cobalt/Cell_LIGNEU.gmol,7,
6-Cobalt/Cell_LIGNEU.gmol,8,
6-Cobalt/Cell_LIGNEU.gmol,9,
6-Cobalt/Cell_LIGNEU.gmol,10,
6-Cobalt/Cell_LIGNEU.gmol,11,
8-Copper/Cell_AYOGAW.gmol,0,
8-Copper/Cell_AYOGAW.gmol,1,
8-Copper/Cell_AYOGAW.gmol,2,
8-Copper/Cell_AYOGAW.gmol,3,
8-Copper/Cell_AYOGAW.gmol,4,
8-Copper/Cell_AYOGAW.gmol,5,
8-Copper/Cell_AYOGAW.gmol,6,
8-Copper/Cell_AYOGAW.gmol,7,
8-Copper/Cell_ICESAN.gmol,0,
8-Copper/Cell_ICESAN.gmol,1,
8-Copper/Cell_ICESAN.gmol,2,
8-Copper/Cell_ICESAN.gmol,3,
1-Iron/Cell_GETSAC01.gmol,0,
1-Iron/Cell_GETSAC01.gmol,1,
1-Iron/Cell_GETSAC01.gmol,2,
1-Iron/Cell_GETSAC01.gmol,3,
1-Iron/Cell_GETSAC01.gmol,4,
1-Iron/Cell_GETSAC01.gmol,5,
1-Iron/Cell_GETSAC01.gmol,6,
1-Iron/Cell_GETSAC01.gmol,7,
1-Iron/Cell_GETSAC01.gmol,8,
1-Iron/Cell_GETSAC01.gmol,9,
1-Iron/Cell_GETSAC01.gmol,10,
1-Iron/Cell_GETSAC01.gmol,11,
1-Iron/Cell_GETSAC01.gmol,12,
1-Iron/Cell_GETSAC01.gmol,13,
1-Iron/Cell_GETSAC01.gmol,14,
1-Iron/Cell_GETSAC01.gmol,15,
1-Iron/Cell_GETSAC01.gmol,16,
1-Iron/Cell_GETSAC01.gmol,17,
1-Iron/Cell_GETSAC01.gmol,18,
1-Iron/Cell_GETSAC01.gmol,19,
1-Iron/Cell_GETSAC01.gmol,20,
1-Iron/Cell_GETSAC01.gmol,21,
1-Iron/Cell_GETSAC01.gmol,22,
1-Iron/Cell_GETSAC01.gmol,23,
2-Manganese/Cell_FEZTEM.gmol,0,
2-Manganese/Cell_FEZTEM.gmol,1,
2-Manganese/Cell_FEZTEM.gmol,2,
2-Manganese/Cell_FEZTEM.gmol,3,
2-Manganese/Cell_FEZTEM.gmol,4,
2-Manganese/Cell_FEZTEM.gmol,5,
2-Manganese/Cell_OFUFUS.gmol,0,
2-Manganese/Cell_OFUFUS.gmol,1,
2-Manganese/Cell_OFUFUS.gmol,2,
2-Manganese/Cell_OFUFUS.gmol,3,
8-Copper/Cell_SUXPIK.gmol,0,
8-Copper/Cell_SUXPIK.gmol,1,
8-Copper/Cell_SUXPIK.gmol,2,
8-Copper/Cell_VICJEX.gmol,0,
8-Copper/Cell_VICJEX.gmol,1,
8-Copper/Cell_VICJEX.gmol,2,
8-Copper/Cell_VICJEX.gmol,3,
6-Cobalt/Cell_LAPYIL.gmol,0,
6-Cobalt/Cell_LAPYIL.gmol,1,
6-Cobalt/Cell_LAPYIL.gmol,2,
6-Cobalt/Cell_LAPYIL.gmol,3,
8-Copper/Cell_REWJIP.gmol,0,
8-Copper/Cell_REWJIP.gmol,1,
8-Copper/Cell_REWJIP.gmol,2,
8-Copper/Cell_REWJIP.gmol,3,
8-Copper/Cell_REWJIP.gmol,4,
8-Copper/Cell_REWJIP.gmol,5,
8-Copper/Cell_REWJIP.gmol,6,
8-Copper/Cell_REWJIP.gmol,7,
8-Copper/Cell_REWJIP.gmol,8,
8-Copper/Cell_REWJIP.gmol,9,
8-Copper/Cell_REWJIP.gmol,10,
8-Copper/Cell_REWJIP.gmol,11,
8-Copper/Cell_REWJIP.gmol,12,
8-Copper/Cell_REWJIP.gmol,13,
8-Copper/Cell_REWJIP.gmol,14,
8-Copper/Cell_REWJIP.gmol,15,
5-Chromium/Cell_HEPRID.gmol,0,
5-Chromium/Cell_HEPRID.gmol,1,
8-Copper/Cell_QAJBIO.gmol,0,
8-Copper/Cell_QAJBIO.gmol,1,
8-Copper/Cell_QAJBIO.gmol,2,
8-Copper/Cell_QAJBIO.gmol,3,
8-Copper/Cell_QAJBIO.gmol,4,
8-Copper/Cell_QAJBIO.gmol,5,
8-Copper/Cell_GEMMES.gmol,0,
8-Copper/Cell_GEMMES.gmol,1,
8-Copper/Cell_GEMMES.gmol,2,
8-Copper/Cell_GEMMES.gmol,3,
2-Manganese/Cell_NIJZEM.gmol,0,
2-Manganese/Cell_NIJZEM.gmol,1,
2-Manganese/Cell_NIJZEM.gmol,2,
2-Manganese/Cell_NIJZEM.gmol,3,
8-Copper/Cell_VOWLAW.gmol,0,
8-Copper/Cell_VOWLAW.gmol,1,
8-Copper/Cell_VOWLAW.gmol,2,
8-Copper/Cell_VOWLAW.gmol,3,
8-Copper/Cell_KERQAB.gmol,0,
8-Copper/Cell_KERQAB.gmol,1,
8-Copper/Cell_KERQAB.gmol,2,
8-Copper/Cell_KERQAB.gmol,3,
7-Nickel/Cell_NUYHOE.gmol,0,
7-Nickel/Cell_NUYHOE.gmol,1,
7-Nickel/Cell_NUYHOE.gmol,2,
7-Nickel/Cell_NUYHOE.gmol,3,
7-Nickel/Cell_NUYHOE.gmol,4,
7-Nickel/Cell_NUYHOE.gmol,5,
7-Nickel/Cell_NUYHOE.gmol,6,
7-Nickel/Cell_NUYHOE.gmol,7,
7-Nickel/Cell_NUYHOE.gmol,8,
7-Nickel/Cell_NUYHOE.gmol,9,
7-Nickel/Cell_NUYHOE.gmol,10,
7-Nickel/Cell_NUYHOE.gmol,11,
7-Nickel/Cell_NUYHOE.gmol,12,
7-Nickel/Cell_NUYHOE.gmol,13,
7-Nickel/Cell_NUYHOE.gmol,14,
7-Nickel/Cell_NUYHOE.gmol,15,
1-Iron/Cell_OLIWEM.gmol,0,
1-Iron/Cell_OLIWEM.gmol,1,
1-Iron/Cell_OLIWEM.gmol,2,
1-Iron/Cell_OLIWEM.gmol,3,
8-Copper/Cell_YEWVAX.gmol,0,
8-Copper/Cell_YEWVAX.gmol,1,
8-Copper/Cell_YEWVAX.gmol,2,
8-Copper/Cell_YEWVAX.gmol,3,
8-Copper/Cell_YEWVAX.gmol,4,
8-Copper/Cell_YEWVAX.gmol,5,
8-Copper/Cell_YEWVAX.gmol,6,
8-Copper/Cell_YEWVAX.gmol,7,
7-Nickel/Cell_GOGPUO.gmol,0,
7-Nickel/Cell_GOGPUO.gmol,1,
7-Nickel/Cell_GOGPUO.gmol,2,
7-Nickel/Cell_GOGPUO.gmol,3,
2-Manganese/Cell_TILCEX.gmol,0,
2-Manganese/Cell_TILCEX.gmol,1,
6-Cobalt/Cell_KAHKAG.gmol,0,
6-Cobalt/Cell_KAHKAG.gmol,1,
6-Cobalt/Cell_KAHKAG.gmol,2,
6-Cobalt/Cell_KAHKAG.gmol,3,
3-Ruthenium/Cell_XAVJEJ.gmol,0,
3-Ruthenium/Cell_XAVJEJ.gmol,1,
3-Ruthenium/Cell_XAVJEJ.gmol,2,
3-Ruthenium/Cell_XAVJEJ.gmol,3,
3-Ruthenium/Cell_XAVJEJ.gmol,4,
3-Ruthenium/Cell_XAVJEJ.gmol,5,
3-Ruthenium/Cell_XAVJEJ.gmol,6,
3-Ruthenium/Cell_XAVJEJ.gmol,7,
1-Iron/Cell_QENYAK.gmol,0,
1-Iron/Cell_QENYAK.gmol,1,
1-Iron/Cell_QENYAK.gmol,2,
1-Iron/Cell_QENYAK.gmol,3,
1-Iron/Cell_QENYAK.gmol,4,
1-Iron/Cell_QENYAK.gmol,5,
1-Iron/Cell_QENYAK.gmol,6,
1-Iron/Cell_QENYAK.gmol,7,
1-Iron/Cell_QENYAK.gmol,8,
1-Iron/Cell_QENYAK.gmol,9,
1-Iron/Cell_QENYAK.gmol,10,
1-Iron/Cell_QENYAK.gmol,11,
8-Copper/Cell_KESYOW.gmol,0,
8-Copper/Cell_KESYOW.gmol,1,
8-Copper/Cell_KESYOW.gmol,2,
8-Copper/Cell_KESYOW.gmol,3,
8-Copper/Cell_KESYOW.gmol,4,
8-Copper/Cell_KESYOW.gmol,5,
8-Copper/Cell_VIMYUN.gmol,0,
8-Copper/Cell_VIMYUN.gmol,1,
8-Copper/Cell_VIMYUN.gmol,2,
8-Copper/Cell_VIMYUN.gmol,3,
8-Copper/Cell_VIMYUN.gmol,4,
8-Copper/Cell_VIMYUN.gmol,5,
8-Copper/Cell_VIMYUN.gmol,6,
8-Copper/Cell_VIMYUN.gmol,7,
8-Copper/Cell_VIMYUN.gmol,8,
8-Copper/Cell_VIMYUN.gmol,9,
8-Copper/Cell_VIMYUN.gmol,10,
8-Copper/Cell_VIMYUN.gmol,11,
7-Nickel/Cell_PURWEG.gmol,0,
5-Chromium/Cell_XETGUY.gmol,0,
5-Chromium/Cell_XETGUY.gmol,1,
5-Chromium/Cell_XETGUY.gmol,2,
5-Chromium/Cell_XETGUY.gmol,3,
5-Chromium/Cell_XETGUY.gmol,4,
5-Chromium/Cell_XETGUY.gmol,5,
5-Chromium/Cell_XETGUY.gmol,6,
5-Chromium/Cell_XETGUY.gmol,7,
8-Copper/Cell_JAVVUX.gmol,0,
8-Copper/Cell_JAVVUX.gmol,1,
8-Copper/Cell_JAVVUX.gmol,2,
8-Copper/Cell_JAVVUX.gmol,3,
8-Copper/Cell_JAVVUX.gmol,4,
8-Copper/Cell_JAVVUX.gmol,5,
8-Copper/Cell_JAVVUX.gmol,6,
8-Copper/Cell_JAVVUX.gmol,7,
1-Iron/Cell_JIDYUT.gmol,0,
1-Iron/Cell_JIDYUT.gmol,1,
7-Nickel/Cell_OLAYEH.gmol,0,
7-Nickel/Cell_OLAYEH.gmol,1,
7-Nickel/Cell_OLAYEH.gmol,2,
7-Nickel/Cell_OLAYEH.gmol,3,
7-Nickel/Cell_OLAYEH.gmol,4,
7-Nickel/Cell_OLAYEH.gmol,5,
7-Nickel/Cell_OLAYEH.gmol,6,
7-Nickel/Cell_OLAYEH.gmol,7,
7-Nickel/Cell_OLAYEH.gmol,8,
7-Nickel/Cell_OLAYEH.gmol,9,
7-Nickel/Cell_OLAYEH.gmol,10,
7-Nickel/Cell_OLAYEH.gmol,11,
6-Cobalt/Cell_RUDTUG.gmol,0,
6-Cobalt/Cell_RUDTUG.gmol,1,
6-Cobalt/Cell_RUDTUG.gmol,2,
6-Cobalt/Cell_RUDTUG.gmol,3,
6-Cobalt/Cell_RUDTUG.gmol,4,
6-Cobalt/Cell_RUDTUG.gmol,5,
6-Cobalt/Cell_RUDTUG.gmol,6,
6-Cobalt/Cell_RUDTUG.gmol,7,
6-Cobalt/Cell_RUDTUG.gmol,8,
6-Cobalt/Cell_RUDTUG.gmol,9,
6-Cobalt/Cell_RUDTUG.gmol,10,
6-Cobalt/Cell_RUDTUG.gmol,11,
6-Cobalt/Cell_RUDTUG.gmol,12,
6-Cobalt/Cell_RUDTUG.gmol,13,
4-Rhenium/Cell_VADKAM10.gmol,0,
4-Rhenium/Cell_VADKAM10.gmol,1,
4-Rhenium/Cell_VADKAM10.gmol,2,
4-Rhenium/Cell_VADKAM10.gmol,3,
7-Nickel/Cell_LIRQEI.gmol,0,
7-Nickel/Cell_LIRQEI.gmol,1,
7-Nickel/Cell_LIRQEI.gmol,2,
7-Nickel/Cell_LIRQEI.gmol,3,
1-Iron/Cell_PUFRAM.gmol,0,
1-Iron/Cell_PUFRAM.gmol,1,
1-Iron/Cell_PUFRAM.gmol,2,
1-Iron/Cell_PUFRAM.gmol,3,
1-Iron/Cell_PUFRAM.gmol,4,
1-Iron/Cell_PUFRAM.gmol,5,
1-Iron/Cell_PUFRAM.gmol,6,
1-Iron/Cell_PUFRAM.gmol,7,
2-Manganese/Cell_FILSIE.gmol,0,
2-Manganese/Cell_FILSIE.gmol,1,
2-Manganese/Cell_FILSIE.gmol,2,
2-Manganese/Cell_FILSIE.gmol,3,
6-Cobalt/Cell_YIBPEF.gmol,0,
6-Cobalt/Cell_YIBPEF.gmol,1,
6-Cobalt/Cell_YIBPEF.gmol,2,
6-Cobalt/Cell_YIBPEF.gmol,3,
6-Cobalt/Cell_YIBPEF.gmol,4,
6-Cobalt/Cell_YIBPEF.gmol,5,
6-Cobalt/Cell_YIBPEF.gmol,6,
6-Cobalt/Cell_YIBPEF.gmol,7,
8-Copper/Cell_FUTKUB.gmol,0,
8-Copper/Cell_FUTKUB.gmol,1,
8-Copper/Cell_FUTKUB.gmol,2,
8-Copper/Cell_FUTKUB.gmol,3,
8-Copper/Cell_FUTKUB.gmol,4,
8-Copper/Cell_FUTKUB.gmol,5,
3-Ruthenium/Cell_KAWQIK.gmol,0,
3-Ruthenium/Cell_KAWQIK.gmol,1,
3-Ruthenium/Cell_KAWQIK.gmol,2,
3-Ruthenium/Cell_KAWQIK.gmol,3,
3-Ruthenium/Cell_KAWQIK.gmol,4,
3-Ruthenium/Cell_KAWQIK.gmol,5,
3-Ruthenium/Cell_KAWQIK.gmol,6,
3-Ruthenium/Cell_KAWQIK.gmol,7,
3-Ruthenium/Cell_KAWQIK.gmol,8,
3-Ruthenium/Cell_KAWQIK.gmol,9,
3-Ruthenium/Cell_KAWQIK.gmol,10,
3-Ruthenium/Cell_KAWQIK.gmol,11,
3-Ruthenium/Cell_KAWQIK.gmol,12,
3-Ruthenium/Cell_KAWQIK.gmol,13,
3-Ruthenium/Cell_KAWQIK.gmol,14,
3-Ruthenium/Cell_KAWQIK.gmol,15,
3-Ruthenium/Cell_KAWQIK.gmol,16,
3-Ruthenium/Cell_KAWQIK.gmol,17,
3-Ruthenium/Cell_KAWQIK.gmol,18,
3-Ruthenium/Cell_KAWQIK.gmol,19,
3-Ruthenium/Cell_KAWQIK.gmol,20,
3-Ruthenium/Cell_KAWQIK.gmol,21,
3-Ruthenium/Cell_KAWQIK.gmol,22,
3-Ruthenium/Cell_KAWQIK.gmol,23,
6-Cobalt/Cell_PINTOX.gmol,0,
6-Cobalt/Cell_PINTOX.gmol,1,
6-Cobalt/Cell_PINTOX.gmol,2,
6-Cobalt/Cell_PINTOX.gmol,3,
6-Cobalt/Cell_PINTOX.gmol,4,
6-Cobalt/Cell_PINTOX.gmol,5,
6-Cobalt/Cell_PINTOX.gmol,6,
6-Cobalt/Cell_PINTOX.gmol,7,
1-Iron/Cell_EDECEX.gmol,0,
1-Iron/Cell_EDECEX.gmol,1,
8-Copper/Cell_LEJDIO.gmol,0,
8-Copper/Cell_LEJDIO.gmol,1,
3-Ruthenium/Cell_YOMPUL.gmol,0,
3-Ruthenium/Cell_YOMPUL.gmol,1,
3-Ruthenium/Cell_YOMPUL.gmol,2,
3-Ruthenium/Cell_YOMPUL.gmol,3,
3-Ruthenium/Cell_YOMPUL.gmol,4,
3-Ruthenium/Cell_YOMPUL.gmol,5,
6-Cobalt/Cell_NULPUG.gmol,0,
6-Cobalt/Cell_NULPUG.gmol,1,
6-Cobalt/Cell_NULPUG.gmol,2,
6-Cobalt/Cell_NULPUG.gmol,3,
6-Cobalt/Cell_NULPUG.gmol,4,
6-Cobalt/Cell_NULPUG.gmol,5,
8-Copper/Cell_BABJOH.gmol,0,
8-Copper/Cell_BABJOH.gmol,1,
8-Copper/Cell_BABJOH.gmol,2,
8-Copper/Cell_BABJOH.gmol,3,
8-Copper/Cell_BABJOH.gmol,4,
8-Copper/Cell_BABJOH.gmol,5,
8-Copper/Cell_BABJOH.gmol,6,
8-Copper/Cell_BABJOH.gmol,7,
8-Copper/Cell_BABJOH.gmol,8,
8-Copper/Cell_BABJOH.gmol,9,
8-Copper/Cell_BABJOH.gmol,10,
8-Copper/Cell_BABJOH.gmol,11,
8-Copper/Cell_GADGOH.gmol,0,
8-Copper/Cell_GADGOH.gmol,1,
8-Copper/Cell_GADGOH.gmol,2,
8-Copper/Cell_GADGOH.gmol,3,
8-Copper/Cell_GADGOH.gmol,4,
8-Copper/Cell_GADGOH.gmol,5,
6-Cobalt/Cell_IDAWUH.gmol,0,
6-Cobalt/Cell_IDAWUH.gmol,1,
6-Cobalt/Cell_IDAWUH.gmol,2,
6-Cobalt/Cell_IDAWUH.gmol,3,
1-Iron/Cell_EHEXOE.gmol,0,
1-Iron/Cell_EHEXOE.gmol,1,
1-Iron/Cell_EHEXOE.gmol,2,
1-Iron/Cell_EHEXOE.gmol,3,
1-Iron/Cell_EHEXOE.gmol,4,
1-Iron/Cell_EHEXOE.gmol,5,
1-Iron/Cell_EHEXOE.gmol,6,
1-Iron/Cell_EHEXOE.gmol,7,
1-Iron/Cell_EHEXOE.gmol,8,
1-Iron/Cell_EHEXOE.gmol,9,
1-Iron/Cell_EHEXOE.gmol,10,
1-Iron/Cell_EHEXOE.gmol,11,
1-Iron/Cell_EHEXOE.gmol,12,
1-Iron/Cell_EHEXOE.gmol,13,
1-Iron/Cell_EHEXOE.gmol,14,
1-Iron/Cell_EHEXOE.gmol,15,
6-Cobalt/Cell_XAXFIM.gmol,0,
6-Cobalt/Cell_XAXFIM.gmol,1,
6-Cobalt/Cell_XAXFIM.gmol,2,
6-Cobalt/Cell_XAXFIM.gmol,3,
6-Cobalt/Cell_XAXFIM.gmol,4,
6-Cobalt/Cell_XAXFIM.gmol,5,
8-Copper/Cell_NICHEO.gmol,0,
8-Copper/Cell_NICHEO.gmol,1,
7-Nickel/Cell_ABECIU.gmol,0,
7-Nickel/Cell_ABECIU.gmol,1,
7-Nickel/Cell_ABECIU.gmol,2,
7-Nickel/Cell_ABECIU.gmol,3,
8-Copper/Cell_XIMLUB.gmol,0,
8-Copper/Cell_XIMLUB.gmol,1,
8-Copper/Cell_QEHRAY.gmol,0,
8-Copper/Cell_QEHRAY.gmol,1,
8-Copper/Cell_QEHRAY.gmol,2,
8-Copper/Cell_QEHRAY.gmol,3,
8-Copper/Cell_QEHRAY.gmol,4,
8-Copper/Cell_QEHRAY.gmol,5,
8-Copper/Cell_QEHRAY.gmol,6,
8-Copper/Cell_QEHRAY.gmol,7,
8-Copper/Cell_QEHRAY.gmol,8,
8-Copper/Cell_QEHRAY.gmol,9,
8-Copper/Cell_QEHRAY.gmol,10,
8-Copper/Cell_QEHRAY.gmol,11,
3-Ruthenium/Cell_WUVKIK.gmol,0,
3-Ruthenium/Cell_WUVKIK.gmol,1,
3-Ruthenium/Cell_WUVKIK.gmol,2,
3-Ruthenium/Cell_WUVKIK.gmol,3,
3-Ruthenium/Cell_WUVKIK.gmol,4,
3-Ruthenium/Cell_WUVKIK.gmol,5,
3-Ruthenium/Cell_WUVKIK.gmol,6,
3-Ruthenium/Cell_WUVKIK.gmol,7,
3-Ruthenium/Cell_WUVKIK.gmol,8,
3-Ruthenium/Cell_WUVKIK.gmol,9,
3-Ruthenium/Cell_WUVKIK.gmol,10,
3-Ruthenium/Cell_WUVKIK.gmol,11,
8-Copper/Cell_ZALVAM.gmol,0,
8-Copper/Cell_ZALVAM.gmol,1,
8-Copper/Cell_ZALVAM.gmol,2,
8-Copper/Cell_ZALVAM.gmol,3,
1-Iron/Cell_SEMJEB.gmol,0,
3-Ruthenium/Cell_FEPXOO.gmol,0,
3-Ruthenium/Cell_FEPXOO.gmol,1,
3-Ruthenium/Cell_FEPXOO.gmol,2,
3-Ruthenium/Cell_FEPXOO.gmol,3,
3-Ruthenium/Cell_FEPXOO.gmol,4,
3-Ruthenium/Cell_FEPXOO.gmol,5,
3-Ruthenium/Cell_FEPXOO.gmol,6,
3-Ruthenium/Cell_FEPXOO.gmol,7,
3-Ruthenium/Cell_FEPXOO.gmol,8,
3-Ruthenium/Cell_FEPXOO.gmol,9,
3-Ruthenium/Cell_FEPXOO.gmol,10,
3-Ruthenium/Cell_FEPXOO.gmol,11,
3-Ruthenium/Cell_FEPXOO.gmol,12,
3-Ruthenium/Cell_FEPXOO.gmol,13,
3-Ruthenium/Cell_FEPXOO.gmol,14,
3-Ruthenium/Cell_FEPXOO.gmol,15,
3-Ruthenium/Cell_FEPXOO.gmol,16,
3-Ruthenium/Cell_FEPXOO.gmol,17,
3-Ruthenium/Cell_FEPXOO.gmol,18,
3-Ruthenium/Cell_FEPXOO.gmol,19,
3-Ruthenium/Cell_FEPXOO.gmol,20,
3-Ruthenium/Cell_FEPXOO.gmol,21,
3-Ruthenium/Cell_FEPXOO.gmol,22,
3-Ruthenium/Cell_FEPXOO.gmol,23,
7-Nickel/Cell_BAJWAL.gmol,0,
7-Nickel/Cell_BAJWAL.gmol,1,
7-Nickel/Cell_BAJWAL.gmol,2,
7-Nickel/Cell_BAJWAL.gmol,3,
3-Ruthenium/Cell_ECUGEO.gmol,0,
3-Ruthenium/Cell_ECUGEO.gmol,1,
3-Ruthenium/Cell_ECUGEO.gmol,2,
3-Ruthenium/Cell_JOJSOR.gmol,0,
3-Ruthenium/Cell_JOJSOR.gmol,1,
3-Ruthenium/Cell_JOJSOR.gmol,2,
3-Ruthenium/Cell_JOJSOR.gmol,3,
1-Iron/Cell_OQUDUA.gmol,0,
1-Iron/Cell_OQUDUA.gmol,1,
1-Iron/Cell_OQUDUA.gmol,2,
1-Iron/Cell_OQUDUA.gmol,3,
1-Iron/Cell_OQUDUA.gmol,4,
1-Iron/Cell_OQUDUA.gmol,5,
1-Iron/Cell_DANVOE.gmol,0,
1-Iron/Cell_DANVOE.gmol,1,
1-Iron/Cell_DANVOE.gmol,2,
1-Iron/Cell_DANVOE.gmol,3,
6-Cobalt/Cell_MIZSEU.gmol,0,
6-Cobalt/Cell_MIZSEU.gmol,1,
4-Rhenium/Cell_ECAPAA.gmol,0,
4-Rhenium/Cell_ECAPAA.gmol,1,
4-Rhenium/Cell_ECAPAA.gmol,2,
4-Rhenium/Cell_ECAPAA.gmol,3,
6-Cobalt/Cell_QIGRED.gmol,0,
6-Cobalt/Cell_QIGRED.gmol,1,
6-Cobalt/Cell_QIGRED.gmol,2,
6-Cobalt/Cell_QIGRED.gmol,3,
6-Cobalt/Cell_QIGRED.gmol,4,
6-Cobalt/Cell_QIGRED.gmol,5,
6-Cobalt/Cell_QIGRED.gmol,6,
6-Cobalt/Cell_QIGRED.gmol,7,
7-Nickel/Cell_YUDDAC.gmol,0,
7-Nickel/Cell_YUDDAC.gmol,1,
7-Nickel/Cell_YUDDAC.gmol,2,
7-Nickel/Cell_YUDDAC.gmol,3,
7-Nickel/Cell_YUDDAC.gmol,4,
7-Nickel/Cell_YUDDAC.gmol,5,
7-Nickel/Cell_YUDDAC.gmol,6,
6-Cobalt/Cell_XESGAD.gmol,0,
6-Cobalt/Cell_XESGAD.gmol,1,
6-Cobalt/Cell_XESGAD.gmol,2,
6-Cobalt/Cell_XESGAD.gmol,3,
6-Cobalt/Cell_XESGAD.gmol,4,
6-Cobalt/Cell_XESGAD.gmol,5,
6-Cobalt/Cell_XESGAD.gmol,6,
6-Cobalt/Cell_XESGAD.gmol,7,
7-Nickel/Cell_BOQXIQ.gmol,0,
7-Nickel/Cell_BOQXIQ.gmol,1,
7-Nickel/Cell_BOQXIQ.gmol,2,
7-Nickel/Cell_BOQXIQ.gmol,3,
7-Nickel/Cell_BOQXIQ.gmol,4,
7-Nickel/Cell_BOQXIQ.gmol,5,
7-Nickel/Cell_BOQXIQ.gmol,6,
7-Nickel/Cell_BOQXIQ.gmol,7,
8-Copper/Cell_JOQBAU.gmol,0,
8-Copper/Cell_JOQBAU.gmol,1,
8-Copper/Cell_JOQBAU.gmol,2,
8-Copper/Cell_JOQBAU.gmol,3,
5-Chromium/Cell_HIJNIX.gmol,0,
5-Chromium/Cell_HIJNIX.gmol,1,
5-Chromium/Cell_HIJNIX.gmol,2,
5-Chromium/Cell_HIJNIX.gmol,3,
8-Copper/Cell_TAMGUM.gmol,0,
8-Copper/Cell_TAMGUM.gmol,1,
8-Copper/Cell_TAMGUM.gmol,2,
8-Copper/Cell_TAMGUM.gmol,3,
7-Nickel/Cell_XOTPON.gmol,0,
7-Nickel/Cell_XOTPON.gmol,1,
7-Nickel/Cell_XOTPON.gmol,2,
7-Nickel/Cell_XOTPON.gmol,3,
7-Nickel/Cell_XOTPON.gmol,4,
7-Nickel/Cell_XOTPON.gmol,5,
7-Nickel/Cell_XOTPON.gmol,6,
7-Nickel/Cell_XOTPON.gmol,7,
7-Nickel/Cell_XOTPON.gmol,8,
7-Nickel/Cell_XOTPON.gmol,9,
7-Nickel/Cell_XOTPON.gmol,10,
7-Nickel/Cell_XOTPON.gmol,11,
7-Nickel/Cell_RIHWEK.gmol,0,
7-Nickel/Cell_RIHWEK.gmol,1,
8-Copper/Cell_AXOLAA.gmol,0,
8-Copper/Cell_AXOLAA.gmol,1,
8-Copper/Cell_AXOLAA.gmol,2,
8-Copper/Cell_AXOLAA.gmol,3,
8-Copper/Cell_AXOLAA.gmol,4,
8-Copper/Cell_AXOLAA.gmol,5,
8-Copper/Cell_AXOLAA.gmol,6,
8-Copper/Cell_AXOLAA.gmol,7,
8-Copper/Cell_AXOLAA.gmol,8,
8-Copper/Cell_AXOLAA.gmol,9,
8-Copper/Cell_AXOLAA.gmol,10,
8-Copper/Cell_AXOLAA.gmol,11,
8-Copper/Cell_VOWKUP.gmol,0,
8-Copper/Cell_VOWKUP.gmol,1,
8-Copper/Cell_VOWKUP.gmol,2,
8-Copper/Cell_VOWKUP.gmol,3,
5-Chromium/Cell_HAKQEQ.gmol,0,
5-Chromium/Cell_HAKQEQ.gmol,1,
5-Chromium/Cell_HAKQEQ.gmol,2,
5-Chromium/Cell_HAKQEQ.gmol,3,
8-Copper/Cell_FIKRAV.gmol,0,
8-Copper/Cell_FIKRAV.gmol,1,
8-Copper/Cell_FIKRAV.gmol,2,
8-Copper/Cell_FIKRAV.gmol,3,
8-Copper/Cell_INALAL.gmol,0,
8-Copper/Cell_INALAL.gmol,1,
8-Copper/Cell_INALAL.gmol,2,
7-Nickel/Cell_PICBUY.gmol,0,
7-Nickel/Cell_PICBUY.gmol,1,
7-Nickel/Cell_PICBUY.gmol,2,
7-Nickel/Cell_PICBUY.gmol,3,
7-Nickel/Cell_PICBUY.gmol,4,
7-Nickel/Cell_PICBUY.gmol,5,
7-Nickel/Cell_PICBUY.gmol,6,
7-Nickel/Cell_PICBUY.gmol,7,
6-Cobalt/Cell_MIMJOH.gmol,0,
6-Cobalt/Cell_MIMJOH.gmol,1,
6-Cobalt/Cell_MIMJOH.gmol,2,
6-Cobalt/Cell_MIMJOH.gmol,3,
7-Nickel/Cell_DICVIU.gmol,0,
7-Nickel/Cell_DICVIU.gmol,1,
7-Nickel/Cell_DICVIU.gmol,2,
7-Nickel/Cell_DICVIU.gmol,3,
7-Nickel/Cell_DICVIU.gmol,4,
7-Nickel/Cell_DICVIU.gmol,5,
7-Nickel/Cell_DICVIU.gmol,6,
7-Nickel/Cell_DICVIU.gmol,7,
7-Nickel/Cell_DICVIU.gmol,8,
7-Nickel/Cell_DICVIU.gmol,9,
2-Manganese/Cell_UGUCEE.gmol,0,
2-Manganese/Cell_UGUCEE.gmol,1,
2-Manganese/Cell_UGUCEE.gmol,2,
2-Manganese/Cell_UGUCEE.gmol,3,
2-Manganese/Cell_UGUCEE.gmol,4,
2-Manganese/Cell_UGUCEE.gmol,5,
2-Manganese/Cell_UGUCEE.gmol,6,
2-Manganese/Cell_UGUCEE.gmol,7,
7-Nickel/Cell_MICTOJ.gmol,0,
7-Nickel/Cell_MICTOJ.gmol,1,
7-Nickel/Cell_MICTOJ.gmol,2,
7-Nickel/Cell_MICTOJ.gmol,3,
7-Nickel/Cell_WAHPUS.gmol,0,
7-Nickel/Cell_WAHPUS.gmol,1,
7-Nickel/Cell_WAHPUS.gmol,2,
7-Nickel/Cell_WAHPUS.gmol,3,
7-Nickel/Cell_WAHPUS.gmol,4,
7-Nickel/Cell_WAHPUS.gmol,5,
2-Manganese/Cell_MACZEX.gmol,0,
2-Manganese/Cell_MACZEX.gmol,1,
2-Manganese/Cell_MACZEX.gmol,2,
2-Manganese/Cell_MACZEX.gmol,3,
3-Ruthenium/Cell_YAHPEF.gmol,0,
3-Ruthenium/Cell_YAHPEF.gmol,1,
3-Ruthenium/Cell_YAHPEF.gmol,2,
3-Ruthenium/Cell_YAHPEF.gmol,3,
7-Nickel/Cell_POJDEY.gmol,0,
7-Nickel/Cell_POJDEY.gmol,1,
7-Nickel/Cell_POJDEY.gmol,2,
7-Nickel/Cell_POJDEY.gmol,3,
8-Copper/Cell_SADFIO.gmol,0,
8-Copper/Cell_SADFIO.gmol,1,
8-Copper/Cell_SADFIO.gmol,2,
8-Copper/Cell_SADFIO.gmol,3,
8-Copper/Cell_SADFIO.gmol,4,
8-Copper/Cell_SADFIO.gmol,5,
8-Copper/Cell_SADFIO.gmol,6,
8-Copper/Cell_SADFIO.gmol,7,
2-Manganese/Cell_PIFDEO.gmol,0,
2-Manganese/Cell_PIFDEO.gmol,1,
8-Copper/Cell_HEDKOR.gmol,0,
8-Copper/Cell_HEDKOR.gmol,1,
8-Copper/Cell_HEDKOR.gmol,2,
8-Copper/Cell_HEDKOR.gmol,3,
8-Copper/Cell_HEDKOR.gmol,4,
8-Copper/Cell_HEDKOR.gmol,5,
8-Copper/Cell_HEDKOR.gmol,6,
8-Copper/Cell_HEDKOR.gmol,7,
8-Copper/Cell_HEDKOR.gmol,8,
8-Copper/Cell_HEDKOR.gmol,9,
8-Copper/Cell_HEDKOR.gmol,10,
8-Copper/Cell_HEDKOR.gmol,11,
8-Copper/Cell_HEDKOR.gmol,12,
8-Copper/Cell_HEDKOR.gmol,13,
8-Copper/Cell_HEDKOR.gmol,14,
8-Copper/Cell_HEDKOR.gmol,15,
8-Copper/Cell_HEDKOR.gmol,16,
8-Copper/Cell_HEDKOR.gmol,17,
8-Copper/Cell_HEDKOR.gmol,18,
8-Copper/Cell_HEDKOR.gmol,19,
8-Copper/Cell_HEDKOR.gmol,20,
8-Copper/Cell_HEDKOR.gmol,21,
8-Copper/Cell_HEDKOR.gmol,22,
8-Copper/Cell_HEDKOR.gmol,23,
3-Ruthenium/Cell_NIQSIP.gmol,0,
3-Ruthenium/Cell_NIQSIP.gmol,1,
3-Ruthenium/Cell_NIQSIP.gmol,2,
3-Ruthenium/Cell_NIQSIP.gmol,3,
8-Copper/Cell_XARVAQ.gmol,0,
8-Copper/Cell_XARVAQ.gmol,1,
8-Copper/Cell_XARVAQ.gmol,2,
8-Copper/Cell_XARVAQ.gmol,3,
8-Copper/Cell_XOGVEU.gmol,0,
8-Copper/Cell_XOGVEU.gmol,1,
1-Iron/Cell_AYEYUA.gmol,0,
1-Iron/Cell_AYEYUA.gmol,1,
1-Iron/Cell_AYEYUA.gmol,2,
1-Iron/Cell_AYEYUA.gmol,3,
8-Copper/Cell_PUCYOB.gmol,0,
8-Copper/Cell_PUCYOB.gmol,1,
8-Copper/Cell_PUCYOB.gmol,2,
8-Copper/Cell_PUCYOB.gmol,3,
8-Copper/Cell_PUCYOB.gmol,4,
8-Copper/Cell_PUCYOB.gmol,5,
8-Copper/Cell_PUCYOB.gmol,6,
8-Copper/Cell_PUCYOB.gmol,7,
3-Ruthenium/Cell_NAFDIJ.gmol,0,
3-Ruthenium/Cell_NAFDIJ.gmol,1,
3-Ruthenium/Cell_NAFDIJ.gmol,2,
3-Ruthenium/Cell_NAFDIJ.gmol,3,
1-Iron/Cell_MTCBFE.gmol,0,
1-Iron/Cell_MTCBFE.gmol,1,
1-Iron/Cell_QEDCUA.gmol,0,
1-Iron/Cell_QEDCUA.gmol,1,
1-Iron/Cell_QEDCUA.gmol,2,
1-Iron/Cell_QEDCUA.gmol,3,
8-Copper/Cell_BAZDOX.gmol,0,
8-Copper/Cell_BAZDOX.gmol,1,
8-Copper/Cell_BAZDOX.gmol,2,
8-Copper/Cell_BAZDOX.gmol,3,
8-Copper/Cell_BAZDOX.gmol,4,
8-Copper/Cell_BAZDOX.gmol,5,
8-Copper/Cell_BAZDOX.gmol,6,
8-Copper/Cell_BAZDOX.gmol,7,
1-Iron/Cell_MEJVAB.gmol,0,
1-Iron/Cell_MEJVAB.gmol,1,
1-Iron/Cell_MEJVAB.gmol,2,
1-Iron/Cell_MEJVAB.gmol,3,
1-Iron/Cell_MEJVAB.gmol,4,
1-Iron/Cell_MEJVAB.gmol,5,
1-Iron/Cell_MEJVAB.gmol,6,
1-Iron/Cell_MEJVAB.gmol,7,
8-Copper/Cell_ARULOP.gmol,0,
8-Copper/Cell_ARULOP.gmol,1,
8-Copper/Cell_FAHBAU.gmol,0,
8-Copper/Cell_FAHBAU.gmol,1,
8-Copper/Cell_FAHBAU.gmol,2,
8-Copper/Cell_FAHBAU.gmol,3,
8-Copper/Cell_FAHBAU.gmol,4,
8-Copper/Cell_FAHBAU.gmol,5,
8-Copper/Cell_FAHBAU.gmol,6,
8-Copper/Cell_FAHBAU.gmol,7,
3-Ruthenium/Cell_IBAWOZ.gmol,0,
3-Ruthenium/Cell_IBAWOZ.gmol,1,
3-Ruthenium/Cell_IBAWOZ.gmol,2,
3-Ruthenium/Cell_IBAWOZ.gmol,3,
3-Ruthenium/Cell_IBAWOZ.gmol,4,
3-Ruthenium/Cell_IBAWOZ.gmol,5,
3-Ruthenium/Cell_IBAWOZ.gmol,6,
3-Ruthenium/Cell_IBAWOZ.gmol,7,
6-Cobalt/Cell_DABLIC.gmol,0,
6-Cobalt/Cell_DABLIC.gmol,1,
6-Cobalt/Cell_DABLIC.gmol,2,
6-Cobalt/Cell_DABLIC.gmol,3,
7-Nickel/Cell_NONZEY.gmol,0,
7-Nickel/Cell_NONZEY.gmol,1,
7-Nickel/Cell_NONZEY.gmol,2,
7-Nickel/Cell_NONZEY.gmol,3,
2-Manganese/Cell_HOPHIE.gmol,0,
2-Manganese/Cell_HOPHIE.gmol,1,
2-Manganese/Cell_HOPHIE.gmol,2,
2-Manganese/Cell_HOPHIE.gmol,3,
2-Manganese/Cell_HOPHIE.gmol,4,
2-Manganese/Cell_HOPHIE.gmol,5,
7-Nickel/Cell_GODHOW.gmol,0,
7-Nickel/Cell_GODHOW.gmol,1,
7-Nickel/Cell_GIYGIH.gmol,0,
7-Nickel/Cell_GIYGIH.gmol,1,
7-Nickel/Cell_GIYGIH.gmol,2,
7-Nickel/Cell_GIYGIH.gmol,3,
7-Nickel/Cell_SIXPIB.gmol,0,
7-Nickel/Cell_SIXPIB.gmol,1,
5-Chromium/Cell_RAPJUP.gmol,0,
5-Chromium/Cell_RAPJUP.gmol,1,
5-Chromium/Cell_RAPJUP.gmol,2,
5-Chromium/Cell_RAPJUP.gmol,3,
5-Chromium/Cell_RAPJUP.gmol,4,
5-Chromium/Cell_RAPJUP.gmol,5,
5-Chromium/Cell_RAPJUP.gmol,6,
5-Chromium/Cell_RAPJUP.gmol,7,
6-Cobalt/Cell_ZEQXIE.gmol,0,
6-Cobalt/Cell_ZEQXIE.gmol,1,
6-Cobalt/Cell_ZEQXIE.gmol,2,
6-Cobalt/Cell_ZEQXIE.gmol,3,
7-Nickel/Cell_OHIKUM.gmol,0,
7-Nickel/Cell_OHIKUM.gmol,1,
7-Nickel/Cell_OHIKUM.gmol,2,
7-Nickel/Cell_OHIKUM.gmol,3,
7-Nickel/Cell_OHIKUM.gmol,4,
7-Nickel/Cell_OHIKUM.gmol,5,
7-Nickel/Cell_OHIKUM.gmol,6,
7-Nickel/Cell_OHIKUM.gmol,7,
4-Rhenium/Cell_YIJKAD.gmol,0,
4-Rhenium/Cell_YIJKAD.gmol,1,
4-Rhenium/Cell_YIJKAD.gmol,2,
4-Rhenium/Cell_YIJKAD.gmol,3,
4-Rhenium/Cell_YIJKAD.gmol,4,
4-Rhenium/Cell_YIJKAD.gmol,5,
4-Rhenium/Cell_YIJKAD.gmol,6,
4-Rhenium/Cell_YIJKAD.gmol,7,
4-Rhenium/Cell_YIJKAD.gmol,8,
4-Rhenium/Cell_YIJKAD.gmol,9,
8-Copper/Cell_TAYSAO.gmol,0,
8-Copper/Cell_TAYSAO.gmol,1,
8-Copper/Cell_TAYSAO.gmol,2,
8-Copper/Cell_TAYSAO.gmol,3,
8-Copper/Cell_TAYSAO.gmol,4,
8-Copper/Cell_TAYSAO.gmol,5,
8-Copper/Cell_TAYSAO.gmol,6,
8-Copper/Cell_TAYSAO.gmol,7,
8-Copper/Cell_TAYSAO.gmol,8,
8-Copper/Cell_TAYSAO.gmol,9,
8-Copper/Cell_TAYSAO.gmol,10,
8-Copper/Cell_TAYSAO.gmol,11,
8-Copper/Cell_TAYSAO.gmol,12,
8-Copper/Cell_TAYSAO.gmol,13,
8-Copper/Cell_TAYSAO.gmol,14,
8-Copper/Cell_TAYSAO.gmol,15,
1-Iron/Cell_JAQWAZ.gmol,0,
1-Iron/Cell_JAQWAZ.gmol,1,
1-Iron/Cell_JAQWAZ.gmol,2,
1-Iron/Cell_JAQWAZ.gmol,3,
1-Iron/Cell_JAQWAZ.gmol,4,
1-Iron/Cell_JAQWAZ.gmol,5,
1-Iron/Cell_JAQWAZ.gmol,6,
1-Iron/Cell_JAQWAZ.gmol,7,
1-Iron/Cell_JAQWAZ.gmol,8,
1-Iron/Cell_JAQWAZ.gmol,9,
1-Iron/Cell_JAQWAZ.gmol,10,
1-Iron/Cell_JAQWAZ.gmol,11,
1-Iron/Cell_JAQWAZ.gmol,12,
1-Iron/Cell_JAQWAZ.gmol,13,
1-Iron/Cell_JAQWAZ.gmol,14,
1-Iron/Cell_JAQWAZ.gmol,15,
1-Iron/Cell_JAQWAZ.gmol,16,
1-Iron/Cell_JAQWAZ.gmol,17,
1-Iron/Cell_JAQWAZ.gmol,18,
1-Iron/Cell_JAQWAZ.gmol,19,
1-Iron/Cell_JAQWAZ.gmol,20,
1-Iron/Cell_JAQWAZ.gmol,21,
1-Iron/Cell_JAQWAZ.gmol,22,
1-Iron/Cell_JAQWAZ.gmol,23,
1-Iron/Cell_JAQWAZ.gmol,24,
1-Iron/Cell_JAQWAZ.gmol,25,
1-Iron/Cell_JAQWAZ.gmol,26,
1-Iron/Cell_JAQWAZ.gmol,27,
4-Rhenium/Cell_GARGOY.gmol,0,
4-Rhenium/Cell_GARGOY.gmol,1,
4-Rhenium/Cell_GARGOY.gmol,2,
4-Rhenium/Cell_GARGOY.gmol,3,
4-Rhenium/Cell_GARGOY.gmol,4,
4-Rhenium/Cell_GARGOY.gmol,5,
4-Rhenium/Cell_GARGOY.gmol,6,
4-Rhenium/Cell_GARGOY.gmol,7,
4-Rhenium/Cell_GARGOY.gmol,8,
4-Rhenium/Cell_GARGOY.gmol,9,
4-Rhenium/Cell_GARGOY.gmol,10,
4-Rhenium/Cell_GARGOY.gmol,11,
4-Rhenium/Cell_VIYBIP.gmol,0,
4-Rhenium/Cell_VIYBIP.gmol,1,
4-Rhenium/Cell_VIYBIP.gmol,2,
4-Rhenium/Cell_VIYBIP.gmol,3,
1-Iron/Cell_QEFDOW.gmol,0,
1-Iron/Cell_QEFDOW.gmol,1,
3-Ruthenium/Cell_ZEDMUQ.gmol,0,
3-Ruthenium/Cell_ZEDMUQ.gmol,1,
3-Ruthenium/Cell_ZEDMUQ.gmol,2,
3-Ruthenium/Cell_ZEDMUQ.gmol,3,
3-Ruthenium/Cell_ZEDMUQ.gmol,4,
3-Ruthenium/Cell_ZEDMUQ.gmol,5,
3-Ruthenium/Cell_ZEDMUQ.gmol,6,
3-Ruthenium/Cell_ZEDMUQ.gmol,7,
2-Manganese/Cell_MAKKUH.gmol,0,
2-Manganese/Cell_MAKKUH.gmol,1,
8-Copper/Cell_SEMWAL.gmol,0,
8-Copper/Cell_SEMWAL.gmol,1,
8-Copper/Cell_SEMWAL.gmol,2,
8-Copper/Cell_SEMWAL.gmol,3,
7-Nickel/Cell_XIYMIC.gmol,0,
7-Nickel/Cell_XIYMIC.gmol,1,
7-Nickel/Cell_XIYMIC.gmol,2,
7-Nickel/Cell_XIYMIC.gmol,3,
7-Nickel/Cell_XIYMIC.gmol,4,
7-Nickel/Cell_XIYMIC.gmol,5,
7-Nickel/Cell_XIYMIC.gmol,6,
7-Nickel/Cell_XIYMIC.gmol,7,
7-Nickel/Cell_XIYMIC.gmol,8,
7-Nickel/Cell_XIYMIC.gmol,9,
7-Nickel/Cell_XIYMIC.gmol,10,
7-Nickel/Cell_XIYMIC.gmol,11,
3-Ruthenium/Cell_GIDBIE.gmol,0,
3-Ruthenium/Cell_GIDBIE.gmol,1,
3-Ruthenium/Cell_GIDBIE.gmol,2,
3-Ruthenium/Cell_GIDBIE.gmol,3,
7-Nickel/Cell_PSEPNI.gmol,0,
7-Nickel/Cell_PSEPNI.gmol,1,
6-Cobalt/Cell_IWOXAU.gmol,0,
6-Cobalt/Cell_IWOXAU.gmol,1,
6-Cobalt/Cell_IWOXAU.gmol,2,
6-Cobalt/Cell_IWOXAU.gmol,3,
6-Cobalt/Cell_IWOXAU.gmol,4,
6-Cobalt/Cell_IWOXAU.gmol,5,
6-Cobalt/Cell_IWOXAU.gmol,6,
7-Nickel/Cell_JIWPAG.gmol,0,
7-Nickel/Cell_JIWPAG.gmol,1,
3-Ruthenium/Cell_LULBEZ.gmol,0,
3-Ruthenium/Cell_LULBEZ.gmol,1,
3-Ruthenium/Cell_LULBEZ.gmol,2,
3-Ruthenium/Cell_LULBEZ.gmol,3,
3-Ruthenium/Cell_LULBEZ.gmol,4,
3-Ruthenium/Cell_LULBEZ.gmol,5,
3-Ruthenium/Cell_LULBEZ.gmol,6,
3-Ruthenium/Cell_LULBEZ.gmol,7,
3-Ruthenium/Cell_LULBEZ.gmol,8,
3-Ruthenium/Cell_LULBEZ.gmol,9,
3-Ruthenium/Cell_LULBEZ.gmol,10,
3-Ruthenium/Cell_LULBEZ.gmol,11,
3-Ruthenium/Cell_LULBEZ.gmol,12,
3-Ruthenium/Cell_LULBEZ.gmol,13,
3-Ruthenium/Cell_LULBEZ.gmol,14,
3-Ruthenium/Cell_LULBEZ.gmol,15,
8-Copper/Cell_FEDWES.gmol,0,
8-Copper/Cell_FEDWES.gmol,1,
8-Copper/Cell_FEDWES.gmol,2,
8-Copper/Cell_FEDWES.gmol,3,
8-Copper/Cell_FEDWES.gmol,4,
8-Copper/Cell_FEDWES.gmol,5,
8-Copper/Cell_FEDWES.gmol,6,
8-Copper/Cell_FEDWES.gmol,7,
8-Copper/Cell_FEDWES.gmol,8,
8-Copper/Cell_FEDWES.gmol,9,
8-Copper/Cell_FEDWES.gmol,10,
8-Copper/Cell_FEDWES.gmol,11,
8-Copper/Cell_FEDWES.gmol,12,
8-Copper/Cell_FEDWES.gmol,13,
8-Copper/Cell_FEDWES.gmol,14,
8-Copper/Cell_FEDWES.gmol,15,
1-Iron/Cell_GAHJEG.gmol,0,
1-Iron/Cell_GAHJEG.gmol,1,
1-Iron/Cell_GAHJEG.gmol,2,
1-Iron/Cell_GAHJEG.gmol,3,
1-Iron/Cell_GAHJEG.gmol,4,
1-Iron/Cell_GAHJEG.gmol,5,
1-Iron/Cell_GAHJEG.gmol,6,
1-Iron/Cell_GAHJEG.gmol,7,
2-Manganese/Cell_LIKYEK.gmol,0,
2-Manganese/Cell_LIKYEK.gmol,1,
2-Manganese/Cell_LIKYEK.gmol,2,
2-Manganese/Cell_LIKYEK.gmol,3,
2-Manganese/Cell_LIKYEK.gmol,4,
2-Manganese/Cell_LIKYEK.gmol,5,
2-Manganese/Cell_LIKYEK.gmol,6,
2-Manganese/Cell_LIKYEK.gmol,7,
2-Manganese/Cell_LIKYEK.gmol,8,
2-Manganese/Cell_LIKYEK.gmol,9,
2-Manganese/Cell_LIKYEK.gmol,10,
2-Manganese/Cell_LIKYEK.gmol,11,
7-Nickel/Cell_DAYDOW.gmol,0,"- Covalent bonds missing from SCOPE: ['0:Ni-8:C', '0:Ni-19:C']
- Metal bonds missing from SCOPE: ['0:Ni-8:C', '0:Ni-19:C']
- Different metal coordination numbers: cell2mol=[('Ni', 2, 6)], SCOPE=[('Ni', 2, 4)]"
7-Nickel/Cell_DAYDOW.gmol,1,"- Covalent bonds missing from SCOPE: ['0:Ni-7:C', '0:Ni-15:C']
- Metal bonds missing from SCOPE: ['0:Ni-7:C', '0:Ni-15:C']
- Different metal coordination numbers: cell2mol=[('Ni', 2, 6)], SCOPE=[('Ni', 2, 4)]"
7-Nickel/Cell_DAYDOW.gmol,2,"- Covalent bonds missing from SCOPE: ['0:Ni-5:C', '0:Ni-32:C']
- Metal bonds missing from SCOPE: ['0:Ni-5:C', '0:Ni-32:C']
- Different metal coordination numbers: cell2mol=[('Ni', 2, 6)], SCOPE=[('Ni', 2, 4)]"
7-Nickel/Cell_DAYDOW.gmol,3,"- Covalent bonds missing from SCOPE: ['0:Ni-6:C', '0:Ni-35:C']
- Metal bonds missing from SCOPE: ['0:Ni-6:C', '0:Ni-35:C']
- Different metal coordination numbers: cell2mol=[('Ni', 2, 6)], SCOPE=[('Ni', 2, 4)]"
8-Copper/Cell_COQZUF.gmol,0,
8-Copper/Cell_COQZUF.gmol,1,
8-Copper/Cell_COQZUF.gmol,2,
8-Copper/Cell_COQZUF.gmol,3,
8-Copper/Cell_COQZUF.gmol,4,
8-Copper/Cell_COQZUF.gmol,5,
8-Copper/Cell_COQZUF.gmol,6,
8-Copper/Cell_COQZUF.gmol,7,
7-Nickel/Cell_AFICIC.gmol,0,
7-Nickel/Cell_AFICIC.gmol,1,
7-Nickel/Cell_AFICIC.gmol,2,
7-Nickel/Cell_AFICIC.gmol,3,
7-Nickel/Cell_WADLAR.gmol,0,
7-Nickel/Cell_WADLAR.gmol,1,
7-Nickel/Cell_WADLAR.gmol,2,
7-Nickel/Cell_WADLAR.gmol,3,
7-Nickel/Cell_AYIJEY.gmol,0,
7-Nickel/Cell_AYIJEY.gmol,1,
7-Nickel/Cell_AYIJEY.gmol,2,
7-Nickel/Cell_AYIJEY.gmol,3,
7-Nickel/Cell_AYIJEY.gmol,4,
7-Nickel/Cell_AYIJEY.gmol,5,
7-Nickel/Cell_AYIJEY.gmol,6,
7-Nickel/Cell_AYIJEY.gmol,7,
7-Nickel/Cell_AYIJEY.gmol,8,
7-Nickel/Cell_AYIJEY.gmol,9,
7-Nickel/Cell_AYIJEY.gmol,10,
7-Nickel/Cell_AYIJEY.gmol,11,
7-Nickel/Cell_AYIJEY.gmol,12,
7-Nickel/Cell_AYIJEY.gmol,13,
7-Nickel/Cell_AYIJEY.gmol,14,
7-Nickel/Cell_AYIJEY.gmol,15,
7-Nickel/Cell_AYIJEY.gmol,16,
7-Nickel/Cell_AYIJEY.gmol,17,
7-Nickel/Cell_AYIJEY.gmol,18,
7-Nickel/Cell_AYIJEY.gmol,19,
7-Nickel/Cell_AYIJEY.gmol,20,
7-Nickel/Cell_AYIJEY.gmol,21,
7-Nickel/Cell_AYIJEY.gmol,22,
7-Nickel/Cell_AYIJEY.gmol,23,
8-Copper/Cell_WEXLAP.gmol,0,
8-Copper/Cell_WEXLAP.gmol,1,
8-Copper/Cell_WEXLAP.gmol,2,
8-Copper/Cell_WEXLAP.gmol,3,
5-Chromium/Cell_GIBSOA.gmol,0,
5-Chromium/Cell_GIBSOA.gmol,1,
5-Chromium/Cell_GIBSOA.gmol,2,
5-Chromium/Cell_GIBSOA.gmol,3,
5-Chromium/Cell_GIBSOA.gmol,4,
5-Chromium/Cell_GIBSOA.gmol,5,
5-Chromium/Cell_GIBSOA.gmol,6,
5-Chromium/Cell_GIBSOA.gmol,7,
5-Chromium/Cell_GIBSOA.gmol,8,
5-Chromium/Cell_GIBSOA.gmol,9,
5-Chromium/Cell_GIBSOA.gmol,10,
5-Chromium/Cell_GIBSOA.gmol,11,
5-Chromium/Cell_GIBSOA.gmol,12,
5-Chromium/Cell_GIBSOA.gmol,13,
5-Chromium/Cell_GIBSOA.gmol,14,
5-Chromium/Cell_GIBSOA.gmol,15,
5-Chromium/Cell_GIBSOA.gmol,16,
5-Chromium/Cell_GIBSOA.gmol,17,
5-Chromium/Cell_GIBSOA.gmol,18,
5-Chromium/Cell_GIBSOA.gmol,19,
5-Chromium/Cell_GIBSOA.gmol,20,
5-Chromium/Cell_GIBSOA.gmol,21,
5-Chromium/Cell_GIBSOA.gmol,22,
5-Chromium/Cell_GIBSOA.gmol,23,
5-Chromium/Cell_GIBSOA.gmol,24,
5-Chromium/Cell_GIBSOA.gmol,25,
5-Chromium/Cell_GIBSOA.gmol,26,
5-Chromium/Cell_GIBSOA.gmol,27,
5-Chromium/Cell_GIBSOA.gmol,28,
5-Chromium/Cell_GIBSOA.gmol,29,
5-Chromium/Cell_GIBSOA.gmol,30,
5-Chromium/Cell_GIBSOA.gmol,31,
6-Cobalt/Cell_YIJSOC.gmol,0,
6-Cobalt/Cell_YIJSOC.gmol,1,
6-Cobalt/Cell_YIJSOC.gmol,2,
6-Cobalt/Cell_YIJSOC.gmol,3,
6-Cobalt/Cell_YIJSOC.gmol,4,
6-Cobalt/Cell_YIJSOC.gmol,5,
8-Copper/Cell_OQOMUE04.gmol,0,
8-Copper/Cell_OQOMUE04.gmol,1,
8-Copper/Cell_OQOMUE04.gmol,2,
8-Copper/Cell_OQOMUE04.gmol,3,
6-Cobalt/Cell_WABCUZ.gmol,0,
6-Cobalt/Cell_WABCUZ.gmol,1,
6-Cobalt/Cell_WABCUZ.gmol,2,
6-Cobalt/Cell_WABCUZ.gmol,3,
6-Cobalt/Cell_WABCUZ.gmol,4,
6-Cobalt/Cell_WABCUZ.gmol,5,
6-Cobalt/Cell_WABCUZ.gmol,6,
6-Cobalt/Cell_WABCUZ.gmol,7,
6-Cobalt/Cell_WABCUZ.gmol,8,
6-Cobalt/Cell_WABCUZ.gmol,9,
6-Cobalt/Cell_WABCUZ.gmol,10,
6-Cobalt/Cell_WABCUZ.gmol,11,
6-Cobalt/Cell_WABCUZ.gmol,12,
6-Cobalt/Cell_WABCUZ.gmol,13,
6-Cobalt/Cell_WABCUZ.gmol,14,
6-Cobalt/Cell_WABCUZ.gmol,15,
7-Nickel/Cell_CUXXOL.gmol,0,
7-Nickel/Cell_CUXXOL.gmol,1,
8-Copper/Cell_CEQYEC.gmol,0,
8-Copper/Cell_CEQYEC.gmol,1,
8-Copper/Cell_CEQYEC.gmol,2,
8-Copper/Cell_CEQYEC.gmol,3,
8-Copper/Cell_CEQYEC.gmol,4,
8-Copper/Cell_CEQYEC.gmol,5,
8-Copper/Cell_CEQYEC.gmol,6,
8-Copper/Cell_CEQYEC.gmol,7,
8-Copper/Cell_KEHQAQ.gmol,0,
8-Copper/Cell_KEHQAQ.gmol,1,
8-Copper/Cell_KEHQAQ.gmol,2,
8-Copper/Cell_KEHQAQ.gmol,3,
4-Rhenium/Cell_TUYBOF.gmol,0,
4-Rhenium/Cell_TUYBOF.gmol,1,
4-Rhenium/Cell_TUYBOF.gmol,2,
4-Rhenium/Cell_TUYBOF.gmol,3,
8-Copper/Cell_XABCIO.gmol,0,
8-Copper/Cell_XABCIO.gmol,1,
8-Copper/Cell_XABCIO.gmol,2,
8-Copper/Cell_XABCIO.gmol,3,
8-Copper/Cell_XABCIO.gmol,4,
8-Copper/Cell_XABCIO.gmol,5,
5-Chromium/Cell_AROWUZ.gmol,0,
5-Chromium/Cell_AROWUZ.gmol,1,
5-Chromium/Cell_AROWUZ.gmol,2,
5-Chromium/Cell_AROWUZ.gmol,3,
5-Chromium/Cell_AROWUZ.gmol,4,
5-Chromium/Cell_AROWUZ.gmol,5,
5-Chromium/Cell_CMPYCR.gmol,0,
5-Chromium/Cell_CMPYCR.gmol,1,
5-Chromium/Cell_CMPYCR.gmol,2,
5-Chromium/Cell_CMPYCR.gmol,3,
3-Ruthenium/Cell_WOFBEZ.gmol,0,
3-Ruthenium/Cell_WOFBEZ.gmol,1,
3-Ruthenium/Cell_WOFBEZ.gmol,2,
3-Ruthenium/Cell_WOFBEZ.gmol,3,
7-Nickel/Cell_MOTWIC.gmol,0,
7-Nickel/Cell_MOTWIC.gmol,1,
7-Nickel/Cell_MOTWIC.gmol,2,
7-Nickel/Cell_MOTWIC.gmol,3,
1-Iron/Cell_ERANIV.gmol,0,
1-Iron/Cell_ERANIV.gmol,1,
1-Iron/Cell_ERANIV.gmol,2,
1-Iron/Cell_ERANIV.gmol,3,
4-Rhenium/Cell_QANJIY.gmol,0,
4-Rhenium/Cell_QANJIY.gmol,1,
4-Rhenium/Cell_QANJIY.gmol,2,
4-Rhenium/Cell_QANJIY.gmol,3,
1-Iron/Cell_NAJWOO.gmol,0,
1-Iron/Cell_NAJWOO.gmol,1,
1-Iron/Cell_NAJWOO.gmol,2,
1-Iron/Cell_NAJWOO.gmol,3,
1-Iron/Cell_NAJWOO.gmol,4,
1-Iron/Cell_NAJWOO.gmol,5,
1-Iron/Cell_NAJWOO.gmol,6,
1-Iron/Cell_NAJWOO.gmol,7,
1-Iron/Cell_NAJWOO.gmol,8,
1-Iron/Cell_NAJWOO.gmol,9,
8-Copper/Cell_TAYMIQ.gmol,0,
8-Copper/Cell_TAYMIQ.gmol,1,
8-Copper/Cell_TAYMIQ.gmol,2,
8-Copper/Cell_TAYMIQ.gmol,3,
1-Iron/Cell_NEHZIJ.gmol,0,
1-Iron/Cell_NEHZIJ.gmol,1,
1-Iron/Cell_NEHZIJ.gmol,2,
1-Iron/Cell_NEHZIJ.gmol,3,
1-Iron/Cell_NEHZIJ.gmol,4,
1-Iron/Cell_NEHZIJ.gmol,5,
1-Iron/Cell_NEHZIJ.gmol,6,
1-Iron/Cell_NEHZIJ.gmol,7,
1-Iron/Cell_NEHZIJ.gmol,8,
1-Iron/Cell_NEHZIJ.gmol,9,
1-Iron/Cell_NEHZIJ.gmol,10,
1-Iron/Cell_NEHZIJ.gmol,11,
1-Iron/Cell_NEHZIJ.gmol,12,
1-Iron/Cell_NEHZIJ.gmol,13,
1-Iron/Cell_NEHZIJ.gmol,14,
1-Iron/Cell_NEHZIJ.gmol,15,
1-Iron/Cell_NEHZIJ.gmol,16,
1-Iron/Cell_NEHZIJ.gmol,17,
2-Manganese/Cell_ZIGWIV.gmol,0,
2-Manganese/Cell_ZIGWIV.gmol,1,
2-Manganese/Cell_ZIGWIV.gmol,2,
2-Manganese/Cell_ZIGWIV.gmol,3,
6-Cobalt/Cell_COETDS10.gmol,0,
6-Cobalt/Cell_COETDS10.gmol,1,
6-Cobalt/Cell_COETDS10.gmol,2,
6-Cobalt/Cell_COETDS10.gmol,3,
6-Cobalt/Cell_COETDS10.gmol,4,
6-Cobalt/Cell_COETDS10.gmol,5,
6-Cobalt/Cell_COETDS10.gmol,6,
6-Cobalt/Cell_COETDS10.gmol,7,
8-Copper/Cell_KAHREQ.gmol,0,
8-Copper/Cell_KAHREQ.gmol,1,
8-Copper/Cell_KAHREQ.gmol,2,
8-Copper/Cell_KAHREQ.gmol,3,
8-Copper/Cell_KAHREQ.gmol,4,
8-Copper/Cell_KAHREQ.gmol,5,
8-Copper/Cell_KAHREQ.gmol,6,
8-Copper/Cell_KAHREQ.gmol,7,
8-Copper/Cell_KAHREQ.gmol,8,
8-Copper/Cell_KAHREQ.gmol,9,
8-Copper/Cell_KAHREQ.gmol,10,
8-Copper/Cell_KAHREQ.gmol,11,
8-Copper/Cell_KAHREQ.gmol,12,
8-Copper/Cell_KAHREQ.gmol,13,
8-Copper/Cell_KAHREQ.gmol,14,
8-Copper/Cell_KAHREQ.gmol,15,
8-Copper/Cell_KAHREQ.gmol,16,
8-Copper/Cell_KAHREQ.gmol,17,
8-Copper/Cell_KAHREQ.gmol,18,
8-Copper/Cell_KAHREQ.gmol,19,
8-Copper/Cell_KAHREQ.gmol,20,
8-Copper/Cell_KAHREQ.gmol,21,
8-Copper/Cell_KAHREQ.gmol,22,
8-Copper/Cell_KAHREQ.gmol,23,
8-Copper/Cell_KAHREQ.gmol,24,
8-Copper/Cell_KAHREQ.gmol,25,
8-Copper/Cell_KAHREQ.gmol,26,
8-Copper/Cell_KAHREQ.gmol,27,
8-Copper/Cell_KAHREQ.gmol,28,
8-Copper/Cell_KAHREQ.gmol,29,
8-Copper/Cell_KAHREQ.gmol,30,
8-Copper/Cell_KAHREQ.gmol,31,
8-Copper/Cell_KAHREQ.gmol,32,
8-Copper/Cell_KAHREQ.gmol,33,
8-Copper/Cell_KAHREQ.gmol,34,
8-Copper/Cell_KAHREQ.gmol,35,
8-Copper/Cell_KAHREQ.gmol,36,
8-Copper/Cell_KAHREQ.gmol,37,
8-Copper/Cell_KAHREQ.gmol,38,
8-Copper/Cell_KAHREQ.gmol,39,
6-Cobalt/Cell_WIYGUG.gmol,0,
6-Cobalt/Cell_WIYGUG.gmol,1,
6-Cobalt/Cell_WIYGUG.gmol,2,
1-Iron/Cell_WAZWEC.gmol,0,
1-Iron/Cell_WAZWEC.gmol,1,
1-Iron/Cell_WAZWEC.gmol,2,
1-Iron/Cell_WAZWEC.gmol,3,
6-Cobalt/Cell_NUVZUA.gmol,0,
6-Cobalt/Cell_NUVZUA.gmol,1,
6-Cobalt/Cell_NUVZUA.gmol,2,
6-Cobalt/Cell_NUVZUA.gmol,3,
6-Cobalt/Cell_NUVZUA.gmol,4,
6-Cobalt/Cell_NUVZUA.gmol,5,
6-Cobalt/Cell_NUVZUA.gmol,6,
6-Cobalt/Cell_NUVZUA.gmol,7,
6-Cobalt/Cell_NUVZUA.gmol,8,
6-Cobalt/Cell_NUVZUA.gmol,9,
6-Cobalt/Cell_NUVZUA.gmol,10,
6-Cobalt/Cell_NUVZUA.gmol,11,
6-Cobalt/Cell_NUVZUA.gmol,12,
6-Cobalt/Cell_NUVZUA.gmol,13,
5-Chromium/Cell_MOSXAT.gmol,0,
5-Chromium/Cell_MOSXAT.gmol,1,
5-Chromium/Cell_MOSXAT.gmol,2,
5-Chromium/Cell_MOSXAT.gmol,3,
6-Cobalt/Cell_CASXAY.gmol,0,
6-Cobalt/Cell_CASXAY.gmol,1,
6-Cobalt/Cell_CASXAY.gmol,2,
6-Cobalt/Cell_CASXAY.gmol,3,
6-Cobalt/Cell_CASXAY.gmol,4,
6-Cobalt/Cell_CASXAY.gmol,5,
6-Cobalt/Cell_CASXAY.gmol,6,
6-Cobalt/Cell_CASXAY.gmol,7,
6-Cobalt/Cell_CASXAY.gmol,8,
6-Cobalt/Cell_CASXAY.gmol,9,
6-Cobalt/Cell_CASXAY.gmol,10,
6-Cobalt/Cell_CASXAY.gmol,11,
8-Copper/Cell_WEMKUX.gmol,0,
8-Copper/Cell_WEMKUX.gmol,1,
8-Copper/Cell_WEMKUX.gmol,2,
8-Copper/Cell_WEMKUX.gmol,3,
8-Copper/Cell_WEMKUX.gmol,4,
8-Copper/Cell_WEMKUX.gmol,5,
8-Copper/Cell_KEHHIR.gmol,0,
8-Copper/Cell_KEHHIR.gmol,1,
8-Copper/Cell_KEHHIR.gmol,2,
8-Copper/Cell_KEHHIR.gmol,3,
8-Copper/Cell_FECSAK.gmol,0,
8-Copper/Cell_FECSAK.gmol,1,
8-Copper/Cell_FECSAK.gmol,2,
8-Copper/Cell_FECSAK.gmol,3,
2-Manganese/Cell_VAGCAH.gmol,0,
2-Manganese/Cell_VAGCAH.gmol,1,
2-Manganese/Cell_VAGCAH.gmol,2,
2-Manganese/Cell_VAGCAH.gmol,3,
7-Nickel/Cell_NIBRIA.gmol,0,
7-Nickel/Cell_NIBRIA.gmol,1,
8-Copper/Cell_IJUMEI.gmol,0,
8-Copper/Cell_IJUMEI.gmol,1,
8-Copper/Cell_IJUMEI.gmol,2,
8-Copper/Cell_IJUMEI.gmol,3,
8-Copper/Cell_IJUMEI.gmol,4,
8-Copper/Cell_IJUMEI.gmol,5,
3-Ruthenium/Cell_CUBMUI.gmol,0,
3-Ruthenium/Cell_CUBMUI.gmol,1,
3-Ruthenium/Cell_CUBMUI.gmol,2,
3-Ruthenium/Cell_CUBMUI.gmol,3,
3-Ruthenium/Cell_CUBMUI.gmol,4,
3-Ruthenium/Cell_CUBMUI.gmol,5,
1-Iron/Cell_NAQVOQ.gmol,0,
1-Iron/Cell_NAQVOQ.gmol,1,
1-Iron/Cell_JOWYEC.gmol,0,
1-Iron/Cell_JOWYEC.gmol,1,
1-Iron/Cell_HUCMEY.gmol,0,
1-Iron/Cell_HUCMEY.gmol,1,
8-Copper/Cell_UFAWIH.gmol,0,
8-Copper/Cell_UFAWIH.gmol,1,
8-Copper/Cell_UFAWIH.gmol,2,
8-Copper/Cell_UFAWIH.gmol,3,
8-Copper/Cell_UFAWIH.gmol,4,
8-Copper/Cell_UFAWIH.gmol,5,
8-Copper/Cell_UFAWIH.gmol,6,
8-Copper/Cell_UFAWIH.gmol,7,
8-Copper/Cell_UFAWIH.gmol,8,
8-Copper/Cell_UFAWIH.gmol,9,
8-Copper/Cell_UFAWIH.gmol,10,
8-Copper/Cell_UFAWIH.gmol,11,
5-Chromium/Cell_QIXHOV.gmol,0,
5-Chromium/Cell_QIXHOV.gmol,1,
5-Chromium/Cell_QIXHOV.gmol,2,
5-Chromium/Cell_QIXHOV.gmol,3,
5-Chromium/Cell_QIXHOV.gmol,4,
5-Chromium/Cell_QIXHOV.gmol,5,
5-Chromium/Cell_QIXHOV.gmol,6,
5-Chromium/Cell_QIXHOV.gmol,7,
5-Chromium/Cell_QIXHOV.gmol,8,
5-Chromium/Cell_QIXHOV.gmol,9,
5-Chromium/Cell_QIXHOV.gmol,10,
5-Chromium/Cell_QIXHOV.gmol,11,
8-Copper/Cell_OKIWEM.gmol,0,
8-Copper/Cell_OKIWEM.gmol,1,
1-Iron/Cell_VEKNOO.gmol,0,
1-Iron/Cell_VEKNOO.gmol,1,
1-Iron/Cell_VEKNOO.gmol,2,
1-Iron/Cell_VEKNOO.gmol,3,
1-Iron/Cell_VEKNOO.gmol,4,
1-Iron/Cell_VEKNOO.gmol,5,
1-Iron/Cell_VEKNOO.gmol,6,
1-Iron/Cell_VEKNOO.gmol,7,
1-Iron/Cell_VEKNOO.gmol,8,
1-Iron/Cell_VEKNOO.gmol,9,
1-Iron/Cell_VEKNOO.gmol,10,
1-Iron/Cell_VEKNOO.gmol,11,
7-Nickel/Cell_PALZUY.gmol,0,
7-Nickel/Cell_PALZUY.gmol,1,
7-Nickel/Cell_PALZUY.gmol,2,
7-Nickel/Cell_PALZUY.gmol,3,
8-Copper/Cell_RAJRAV.gmol,0,
8-Copper/Cell_RAJRAV.gmol,1,
8-Copper/Cell_RAJRAV.gmol,2,
8-Copper/Cell_RAJRAV.gmol,3,
1-Iron/Cell_MALGIQ.gmol,0,
1-Iron/Cell_MALGIQ.gmol,1,
1-Iron/Cell_MALGIQ.gmol,2,
1-Iron/Cell_MALGIQ.gmol,3,
1-Iron/Cell_MALGIQ.gmol,4,
1-Iron/Cell_MALGIQ.gmol,5,
1-Iron/Cell_MALGIQ.gmol,6,
1-Iron/Cell_MALGIQ.gmol,7,
1-Iron/Cell_MALGIQ.gmol,8,
1-Iron/Cell_MALGIQ.gmol,9,
1-Iron/Cell_MALGIQ.gmol,10,
1-Iron/Cell_MALGIQ.gmol,11,
7-Nickel/Cell_FUHXAJ.gmol,0,
7-Nickel/Cell_NAVNAA.gmol,0,
7-Nickel/Cell_XILCUR.gmol,0,
7-Nickel/Cell_XILCUR.gmol,1,
7-Nickel/Cell_XILCUR.gmol,2,
7-Nickel/Cell_XILCUR.gmol,3,
7-Nickel/Cell_XILCUR.gmol,4,
7-Nickel/Cell_XILCUR.gmol,5,
7-Nickel/Cell_XILCUR.gmol,6,
7-Nickel/Cell_XILCUR.gmol,7,
7-Nickel/Cell_XILCUR.gmol,8,
7-Nickel/Cell_XILCUR.gmol,9,
7-Nickel/Cell_XILCUR.gmol,10,
7-Nickel/Cell_XILCUR.gmol,11,
7-Nickel/Cell_XILCUR.gmol,12,
7-Nickel/Cell_XILCUR.gmol,13,
7-Nickel/Cell_XILCUR.gmol,14,
7-Nickel/Cell_XILCUR.gmol,15,
8-Copper/Cell_BUGSED.gmol,0,
8-Copper/Cell_BUGSED.gmol,1,
8-Copper/Cell_BUGSED.gmol,2,
8-Copper/Cell_BUGSED.gmol,3,
7-Nickel/Cell_XEQSOC.gmol,0,
7-Nickel/Cell_XEQSOC.gmol,1,
7-Nickel/Cell_XEQSOC.gmol,2,
7-Nickel/Cell_XEQSOC.gmol,3,
7-Nickel/Cell_ZAKBEV.gmol,0,
7-Nickel/Cell_ZAKBEV.gmol,1,
7-Nickel/Cell_ZAKBEV.gmol,2,
7-Nickel/Cell_ZAKBEV.gmol,3,
1-Iron/Cell_MOSYOK.gmol,0,
1-Iron/Cell_MOSYOK.gmol,1,
1-Iron/Cell_MOSYOK.gmol,2,
1-Iron/Cell_MOSYOK.gmol,3,
8-Copper/Cell_AKODUA.gmol,0,
8-Copper/Cell_AKODUA.gmol,1,
8-Copper/Cell_AKODUA.gmol,2,
8-Copper/Cell_AKODUA.gmol,3,
8-Copper/Cell_AKODUA.gmol,4,
8-Copper/Cell_AKODUA.gmol,5,
8-Copper/Cell_AKODUA.gmol,6,
8-Copper/Cell_AKODUA.gmol,7,
6-Cobalt/Cell_FIWCUJ.gmol,0,
6-Cobalt/Cell_FIWCUJ.gmol,1,
6-Cobalt/Cell_FIWCUJ.gmol,2,
6-Cobalt/Cell_FIWCUJ.gmol,3,
6-Cobalt/Cell_FIWCUJ.gmol,4,
6-Cobalt/Cell_FIWCUJ.gmol,5,
6-Cobalt/Cell_FIWCUJ.gmol,6,
6-Cobalt/Cell_FIWCUJ.gmol,7,
6-Cobalt/Cell_FIWCUJ.gmol,8,
6-Cobalt/Cell_FIWCUJ.gmol,9,
6-Cobalt/Cell_FIWCUJ.gmol,10,
6-Cobalt/Cell_FIWCUJ.gmol,11,
6-Cobalt/Cell_FIWCUJ.gmol,12,
6-Cobalt/Cell_FIWCUJ.gmol,13,
6-Cobalt/Cell_FIWCUJ.gmol,14,
6-Cobalt/Cell_FIWCUJ.gmol,15,
6-Cobalt/Cell_CAWHUD.gmol,0,
6-Cobalt/Cell_CAWHUD.gmol,1,
6-Cobalt/Cell_CAWHUD.gmol,2,
6-Cobalt/Cell_CAWHUD.gmol,3,
6-Cobalt/Cell_CAWHUD.gmol,4,
6-Cobalt/Cell_CAWHUD.gmol,5,
6-Cobalt/Cell_CAWHUD.gmol,6,
6-Cobalt/Cell_CAWHUD.gmol,7,
6-Cobalt/Cell_CAWHUD.gmol,8,
6-Cobalt/Cell_CAWHUD.gmol,9,
6-Cobalt/Cell_CAWHUD.gmol,10,
6-Cobalt/Cell_CAWHUD.gmol,11,
3-Ruthenium/Cell_MURPEU.gmol,0,
3-Ruthenium/Cell_MURPEU.gmol,1,
3-Ruthenium/Cell_MURPEU.gmol,2,
3-Ruthenium/Cell_MURPEU.gmol,3,
6-Cobalt/Cell_XELYIZ.gmol,0,
6-Cobalt/Cell_XELYIZ.gmol,1,
7-Nickel/Cell_HOLWAJ.gmol,0,
7-Nickel/Cell_HOLWAJ.gmol,1,
7-Nickel/Cell_TUQXIM.gmol,0,
7-Nickel/Cell_TUQXIM.gmol,1,
7-Nickel/Cell_TUQXIM.gmol,2,
7-Nickel/Cell_TUQXIM.gmol,3,
8-Copper/Cell_IXUYAB.gmol,0,
8-Copper/Cell_IXUYAB.gmol,1,
8-Copper/Cell_IXUYAB.gmol,2,
8-Copper/Cell_IXUYAB.gmol,3,
8-Copper/Cell_IXUYAB.gmol,4,
8-Copper/Cell_IXUYAB.gmol,5,
8-Copper/Cell_AJARUZ.gmol,0,
8-Copper/Cell_AJARUZ.gmol,1,
8-Copper/Cell_AJARUZ.gmol,2,
8-Copper/Cell_AJARUZ.gmol,3,
7-Nickel/Cell_UNUHAP.gmol,0,
7-Nickel/Cell_UNUHAP.gmol,1,
6-Cobalt/Cell_TINGIJ.gmol,0,
8-Copper/Cell_ATILUM.gmol,0,
8-Copper/Cell_ATILUM.gmol,1,
8-Copper/Cell_ATILUM.gmol,2,
8-Copper/Cell_ATILUM.gmol,3,
3-Ruthenium/Cell_EBAGAR.gmol,0,
3-Ruthenium/Cell_EBAGAR.gmol,1,
3-Ruthenium/Cell_EBAGAR.gmol,2,
3-Ruthenium/Cell_EBAGAR.gmol,3,
3-Ruthenium/Cell_EBAGAR.gmol,4,
3-Ruthenium/Cell_EBAGAR.gmol,5,
3-Ruthenium/Cell_EBAGAR.gmol,6,
3-Ruthenium/Cell_EBAGAR.gmol,7,
6-Cobalt/Cell_BURTUD.gmol,0,
6-Cobalt/Cell_BURTUD.gmol,1,
6-Cobalt/Cell_BURTUD.gmol,2,
6-Cobalt/Cell_BURTUD.gmol,3,
8-Copper/Cell_VUJNIZ.gmol,0,
8-Copper/Cell_VUJNIZ.gmol,1,
8-Copper/Cell_VUJNIZ.gmol,2,
8-Copper/Cell_VUJNIZ.gmol,3,
8-Copper/Cell_VUJNIZ.gmol,4,
8-Copper/Cell_VUJNIZ.gmol,5,
8-Copper/Cell_VUJNIZ.gmol,6,
8-Copper/Cell_VUJNIZ.gmol,7,
2-Manganese/Cell_ANOFEP.gmol,0,
2-Manganese/Cell_ANOFEP.gmol,1,
2-Manganese/Cell_ANOFEP.gmol,2,
2-Manganese/Cell_ANOFEP.gmol,3,
8-Copper/Cell_JIZZEY.gmol,0,
8-Copper/Cell_JIZZEY.gmol,1,
8-Copper/Cell_JIZZEY.gmol,2,
8-Copper/Cell_JIZZEY.gmol,3,
8-Copper/Cell_LIWMUC.gmol,0,
8-Copper/Cell_LIWMUC.gmol,1,
8-Copper/Cell_LIWMUC.gmol,2,
8-Copper/Cell_LIWMUC.gmol,3,
8-Copper/Cell_LIWMUC.gmol,4,
8-Copper/Cell_LIWMUC.gmol,5,
8-Copper/Cell_LIWMUC.gmol,6,
8-Copper/Cell_LIWMUC.gmol,7,
8-Copper/Cell_LIWMUC.gmol,8,
8-Copper/Cell_LIWMUC.gmol,9,
8-Copper/Cell_LIWMUC.gmol,10,
8-Copper/Cell_LIWMUC.gmol,11,
8-Copper/Cell_LIWMUC.gmol,12,
8-Copper/Cell_LIWMUC.gmol,13,
8-Copper/Cell_LIWMUC.gmol,14,
8-Copper/Cell_LIWMUC.gmol,15,
7-Nickel/Cell_QASDAP.gmol,0,
7-Nickel/Cell_QASDAP.gmol,1,
7-Nickel/Cell_QASDAP.gmol,2,
7-Nickel/Cell_QASDAP.gmol,3,
6-Cobalt/Cell_CUZDIN.gmol,0,
6-Cobalt/Cell_CUZDIN.gmol,1,
6-Cobalt/Cell_CUZDIN.gmol,2,
6-Cobalt/Cell_CUZDIN.gmol,3,
6-Cobalt/Cell_CUZDIN.gmol,4,
6-Cobalt/Cell_CUZDIN.gmol,5,
6-Cobalt/Cell_CUZDIN.gmol,6,
6-Cobalt/Cell_CUZDIN.gmol,7,
3-Ruthenium/Cell_YONJAN.gmol,0,
3-Ruthenium/Cell_YONJAN.gmol,1,
3-Ruthenium/Cell_YONJAN.gmol,2,
3-Ruthenium/Cell_YONJAN.gmol,3,
3-Ruthenium/Cell_YONJAN.gmol,4,
3-Ruthenium/Cell_YONJAN.gmol,5,
3-Ruthenium/Cell_YONJAN.gmol,6,
3-Ruthenium/Cell_JUJBIC.gmol,0,
3-Ruthenium/Cell_JUJBIC.gmol,1,
3-Ruthenium/Cell_JUJBIC.gmol,2,
3-Ruthenium/Cell_JUJBIC.gmol,3,
3-Ruthenium/Cell_JUJBIC.gmol,4,
3-Ruthenium/Cell_JUJBIC.gmol,5,
8-Copper/Cell_JIMREF.gmol,0,
8-Copper/Cell_JIMREF.gmol,1,
8-Copper/Cell_JIMREF.gmol,2,
8-Copper/Cell_JIMREF.gmol,3,
8-Copper/Cell_JIMREF.gmol,4,
8-Copper/Cell_JIMREF.gmol,5,
8-Copper/Cell_JIMREF.gmol,6,
8-Copper/Cell_JIMREF.gmol,7,
8-Copper/Cell_JIMREF.gmol,8,
8-Copper/Cell_JIMREF.gmol,9,
8-Copper/Cell_JIMREF.gmol,10,
8-Copper/Cell_JIMREF.gmol,11,
8-Copper/Cell_JIMREF.gmol,12,
8-Copper/Cell_JIMREF.gmol,13,
8-Copper/Cell_JIMREF.gmol,14,
8-Copper/Cell_JIMREF.gmol,15,
8-Copper/Cell_JIMREF.gmol,16,
8-Copper/Cell_JIMREF.gmol,17,
8-Copper/Cell_JIMREF.gmol,18,
8-Copper/Cell_JIMREF.gmol,19,
8-Copper/Cell_JIMREF.gmol,20,
8-Copper/Cell_JIMREF.gmol,21,
8-Copper/Cell_JIMREF.gmol,22,
8-Copper/Cell_JIMREF.gmol,23,
8-Copper/Cell_JIMREF.gmol,24,
8-Copper/Cell_JIMREF.gmol,25,
8-Copper/Cell_JIMREF.gmol,26,
8-Copper/Cell_JIMREF.gmol,27,
8-Copper/Cell_JIMREF.gmol,28,
8-Copper/Cell_JIMREF.gmol,29,
8-Copper/Cell_JIMREF.gmol,30,
8-Copper/Cell_JIMREF.gmol,31,
6-Cobalt/Cell_ROZYOV.gmol,0,
6-Cobalt/Cell_ROZYOV.gmol,1,
6-Cobalt/Cell_ROZYOV.gmol,2,
6-Cobalt/Cell_ROZYOV.gmol,3,
1-Iron/Cell_UGINOP.gmol,0,
1-Iron/Cell_UGINOP.gmol,1,
1-Iron/Cell_UGINOP.gmol,2,
1-Iron/Cell_UGINOP.gmol,3,
2-Manganese/Cell_SADWEB.gmol,0,
2-Manganese/Cell_SADWEB.gmol,1,
8-Copper/Cell_YESNAM.gmol,0,
8-Copper/Cell_YESNAM.gmol,1,
8-Copper/Cell_YESNAM.gmol,2,
8-Copper/Cell_YESNAM.gmol,3,
6-Cobalt/Cell_OFOWOX.gmol,0,
6-Cobalt/Cell_OFOWOX.gmol,1,
6-Cobalt/Cell_OFOWOX.gmol,2,
6-Cobalt/Cell_OFOWOX.gmol,3,
6-Cobalt/Cell_OFOWOX.gmol,4,
6-Cobalt/Cell_OFOWOX.gmol,5,
6-Cobalt/Cell_OFOWOX.gmol,6,
6-Cobalt/Cell_OFOWOX.gmol,7,
6-Cobalt/Cell_OFOWOX.gmol,8,
6-Cobalt/Cell_OFOWOX.gmol,9,
6-Cobalt/Cell_OFOWOX.gmol,10,
6-Cobalt/Cell_OFOWOX.gmol,11,
1-Iron/Cell_LINROQ.gmol,0,
1-Iron/Cell_LINROQ.gmol,1,
1-Iron/Cell_LINROQ.gmol,2,
1-Iron/Cell_LINROQ.gmol,3,
1-Iron/Cell_LINROQ.gmol,4,
1-Iron/Cell_LINROQ.gmol,5,
1-Iron/Cell_LINROQ.gmol,6,
1-Iron/Cell_LINROQ.gmol,7,
8-Copper/Cell_TASNUX.gmol,0,
8-Copper/Cell_TASNUX.gmol,1,
8-Copper/Cell_TASNUX.gmol,2,
4-Rhenium/Cell_CAXSUQ.gmol,0,
4-Rhenium/Cell_CAXSUQ.gmol,1,
6-Cobalt/Cell_USEMOW.gmol,0,
6-Cobalt/Cell_USEMOW.gmol,1,
6-Cobalt/Cell_USEMOW.gmol,2,
6-Cobalt/Cell_USEMOW.gmol,3,
6-Cobalt/Cell_USEMOW.gmol,4,
6-Cobalt/Cell_USEMOW.gmol,5,
6-Cobalt/Cell_USEMOW.gmol,6,
6-Cobalt/Cell_USEMOW.gmol,7,
6-Cobalt/Cell_USEMOW.gmol,8,
6-Cobalt/Cell_USEMOW.gmol,9,
6-Cobalt/Cell_USEMOW.gmol,10,
6-Cobalt/Cell_USEMOW.gmol,11,
6-Cobalt/Cell_USEMOW.gmol,12,
6-Cobalt/Cell_USEMOW.gmol,13,
6-Cobalt/Cell_USEMOW.gmol,14,
6-Cobalt/Cell_USEMOW.gmol,15,
8-Copper/Cell_YISRAT.gmol,0,
8-Copper/Cell_YISRAT.gmol,1,
8-Copper/Cell_YISRAT.gmol,2,
8-Copper/Cell_YISRAT.gmol,3,
8-Copper/Cell_YISRAT.gmol,4,
8-Copper/Cell_YISRAT.gmol,5,
8-Copper/Cell_YISRAT.gmol,6,
8-Copper/Cell_YISRAT.gmol,7,
1-Iron/Cell_SUWDEU.gmol,0,
1-Iron/Cell_SUWDEU.gmol,1,
1-Iron/Cell_SUWDEU.gmol,2,
1-Iron/Cell_SUWDEU.gmol,3,
1-Iron/Cell_SUWDEU.gmol,4,
1-Iron/Cell_SUWDEU.gmol,5,
1-Iron/Cell_SUWDEU.gmol,6,
1-Iron/Cell_SUWDEU.gmol,7,
3-Ruthenium/Cell_OLUYAX.gmol,0,
3-Ruthenium/Cell_OLUYAX.gmol,1,
3-Ruthenium/Cell_OLUYAX.gmol,2,
3-Ruthenium/Cell_OLUYAX.gmol,3,
3-Ruthenium/Cell_OLUYAX.gmol,4,
3-Ruthenium/Cell_OLUYAX.gmol,5,
3-Ruthenium/Cell_OLUYAX.gmol,6,
3-Ruthenium/Cell_OLUYAX.gmol,7,
3-Ruthenium/Cell_OLUYAX.gmol,8,
6-Cobalt/Cell_QADGAG.gmol,0,
8-Copper/Cell_NUGLEH.gmol,0,
8-Copper/Cell_NUGLEH.gmol,1,
8-Copper/Cell_NUGLEH.gmol,2,
8-Copper/Cell_NUGLEH.gmol,3,
6-Cobalt/Cell_CTHUCO10.gmol,0,
6-Cobalt/Cell_CTHUCO10.gmol,1,
6-Cobalt/Cell_CTHUCO10.gmol,2,
6-Cobalt/Cell_CTHUCO10.gmol,3,
8-Copper/Cell_SORPUM.gmol,0,
8-Copper/Cell_SORPUM.gmol,1,
8-Copper/Cell_SORPUM.gmol,2,
8-Copper/Cell_SORPUM.gmol,3,
8-Copper/Cell_SORPUM.gmol,4,
8-Copper/Cell_SORPUM.gmol,5,
8-Copper/Cell_SORPUM.gmol,6,
8-Copper/Cell_SORPUM.gmol,7,
7-Nickel/Cell_NITMNI01.gmol,0,
7-Nickel/Cell_NITMNI01.gmol,1,
7-Nickel/Cell_NITMNI01.gmol,2,
7-Nickel/Cell_NITMNI01.gmol,3,
8-Copper/Cell_FAQQEU.gmol,0,
8-Copper/Cell_FAQQEU.gmol,1,
8-Copper/Cell_FAQQEU.gmol,2,
8-Copper/Cell_FAQQEU.gmol,3,
8-Copper/Cell_HUXKUG.gmol,0,
8-Copper/Cell_HUXKUG.gmol,1,
8-Copper/Cell_HUXKUG.gmol,2,
8-Copper/Cell_HUXKUG.gmol,3,
7-Nickel/Cell_CADFAR.gmol,0,
7-Nickel/Cell_CADFAR.gmol,1,
7-Nickel/Cell_CADFAR.gmol,2,
7-Nickel/Cell_CADFAR.gmol,3,
7-Nickel/Cell_CADFAR.gmol,4,
7-Nickel/Cell_CADFAR.gmol,5,
7-Nickel/Cell_CADFAR.gmol,6,
7-Nickel/Cell_CADFAR.gmol,7,
8-Copper/Cell_IYIROX.gmol,0,
8-Copper/Cell_IYIROX.gmol,1,
8-Copper/Cell_IYIROX.gmol,2,
8-Copper/Cell_IYIROX.gmol,3,
7-Nickel/Cell_COMJIY.gmol,0,
7-Nickel/Cell_COMJIY.gmol,1,
7-Nickel/Cell_COMJIY.gmol,2,
7-Nickel/Cell_COMJIY.gmol,3,
7-Nickel/Cell_COMJIY.gmol,4,
7-Nickel/Cell_COMJIY.gmol,5,
7-Nickel/Cell_COMJIY.gmol,6,
1-Iron/Cell_XEZMEU.gmol,0,
1-Iron/Cell_XEZMEU.gmol,1,
1-Iron/Cell_XEZMEU.gmol,2,
1-Iron/Cell_XEZMEU.gmol,3,
6-Cobalt/Cell_FATGAI.gmol,0,
6-Cobalt/Cell_FATGAI.gmol,1,
8-Copper/Cell_OACPCU10.gmol,0,
8-Copper/Cell_OACPCU10.gmol,1,
8-Copper/Cell_OACPCU10.gmol,2,
8-Copper/Cell_OACPCU10.gmol,3,
6-Cobalt/Cell_ROKMIN.gmol,0,
6-Cobalt/Cell_ROKMIN.gmol,1,
6-Cobalt/Cell_ROKMIN.gmol,2,
6-Cobalt/Cell_ROKMIN.gmol,3,
6-Cobalt/Cell_ROKMIN.gmol,4,
6-Cobalt/Cell_ROKMIN.gmol,5,
6-Cobalt/Cell_ROKMIN.gmol,6,
6-Cobalt/Cell_ROKMIN.gmol,7,
7-Nickel/Cell_GEGLEK.gmol,0,
7-Nickel/Cell_GEGLEK.gmol,1,
7-Nickel/Cell_GEGLEK.gmol,2,
7-Nickel/Cell_GEGLEK.gmol,3,
7-Nickel/Cell_GEGLEK.gmol,4,
7-Nickel/Cell_GEGLEK.gmol,5,
7-Nickel/Cell_GEGLEK.gmol,6,
7-Nickel/Cell_GEGLEK.gmol,7,
8-Copper/Cell_SIRQAO.gmol,0,
6-Cobalt/Cell_SETJAE.gmol,0,
6-Cobalt/Cell_SETJAE.gmol,1,
3-Ruthenium/Cell_LAQQUP.gmol,0,
3-Ruthenium/Cell_LAQQUP.gmol,1,
3-Ruthenium/Cell_LAQQUP.gmol,2,
3-Ruthenium/Cell_LAQQUP.gmol,3,
3-Ruthenium/Cell_LAQQUP.gmol,4,
3-Ruthenium/Cell_LAQQUP.gmol,5,
3-Ruthenium/Cell_LAQQUP.gmol,6,
3-Ruthenium/Cell_LAQQUP.gmol,7,
3-Ruthenium/Cell_LAQQUP.gmol,8,
3-Ruthenium/Cell_LAQQUP.gmol,9,
3-Ruthenium/Cell_LAQQUP.gmol,10,
3-Ruthenium/Cell_LAQQUP.gmol,11,
4-Rhenium/Cell_OKOTIR.gmol,0,
4-Rhenium/Cell_OKOTIR.gmol,1,
4-Rhenium/Cell_OKOTIR.gmol,2,
4-Rhenium/Cell_OKOTIR.gmol,3,
7-Nickel/Cell_TOLHIN.gmol,0,
7-Nickel/Cell_TOLHIN.gmol,1,
2-Manganese/Cell_YATTEU.gmol,0,
2-Manganese/Cell_YATTEU.gmol,1,
2-Manganese/Cell_YATTEU.gmol,2,
3-Ruthenium/Cell_TIFWUC.gmol,0,
3-Ruthenium/Cell_TIFWUC.gmol,1,
3-Ruthenium/Cell_TIFWUC.gmol,2,
3-Ruthenium/Cell_TIFWUC.gmol,3,
3-Ruthenium/Cell_TIFWUC.gmol,4,
3-Ruthenium/Cell_TIFWUC.gmol,5,
3-Ruthenium/Cell_TIFWUC.gmol,6,
3-Ruthenium/Cell_TIFWUC.gmol,7,
3-Ruthenium/Cell_TIFWUC.gmol,8,
3-Ruthenium/Cell_TIFWUC.gmol,9,
3-Ruthenium/Cell_TIFWUC.gmol,10,
3-Ruthenium/Cell_TIFWUC.gmol,11,
8-Copper/Cell_CHXCUB.gmol,0,
8-Copper/Cell_CHXCUB.gmol,1,
8-Copper/Cell_CHXCUB.gmol,2,
3-Ruthenium/Cell_RAZDIG.gmol,0,
3-Ruthenium/Cell_RAZDIG.gmol,1,
3-Ruthenium/Cell_RAZDIG.gmol,2,
3-Ruthenium/Cell_RAZDIG.gmol,3,
3-Ruthenium/Cell_RAZDIG.gmol,4,
3-Ruthenium/Cell_RAZDIG.gmol,5,
8-Copper/Cell_AGUKUK.gmol,0,
8-Copper/Cell_AGUKUK.gmol,1,
7-Nickel/Cell_BUKQII.gmol,0,
7-Nickel/Cell_BUKQII.gmol,1,
7-Nickel/Cell_BUKQII.gmol,2,
7-Nickel/Cell_BUKQII.gmol,3,
7-Nickel/Cell_BUKQII.gmol,4,
7-Nickel/Cell_BUKQII.gmol,5,
3-Ruthenium/Cell_TEDPID.gmol,0,
3-Ruthenium/Cell_TEDPID.gmol,1,
3-Ruthenium/Cell_TEDPID.gmol,2,
3-Ruthenium/Cell_TEDPID.gmol,3,
3-Ruthenium/Cell_TEDPID.gmol,4,
3-Ruthenium/Cell_TEDPID.gmol,5,
3-Ruthenium/Cell_TEDPID.gmol,6,
3-Ruthenium/Cell_TEDPID.gmol,7,
1-Iron/Cell_VIVJUG.gmol,0,
1-Iron/Cell_VIVJUG.gmol,1,
1-Iron/Cell_VIVJUG.gmol,2,
1-Iron/Cell_VIVJUG.gmol,3,
3-Ruthenium/Cell_BOMTEF.gmol,0,
3-Ruthenium/Cell_BOMTEF.gmol,1,
3-Ruthenium/Cell_BOMTEF.gmol,2,
3-Ruthenium/Cell_BOMTEF.gmol,3,
3-Ruthenium/Cell_BOMTEF.gmol,4,
3-Ruthenium/Cell_BOMTEF.gmol,5,
3-Ruthenium/Cell_BOMTEF.gmol,6,
3-Ruthenium/Cell_BOMTEF.gmol,7,
8-Copper/Cell_DOPYIQ.gmol,0,
8-Copper/Cell_DOPYIQ.gmol,1,
7-Nickel/Cell_DISVEI.gmol,0,
7-Nickel/Cell_SOBDAQ.gmol,0,
7-Nickel/Cell_SOBDAQ.gmol,1,
7-Nickel/Cell_KAXXIR.gmol,0,
7-Nickel/Cell_KAXXIR.gmol,1,
7-Nickel/Cell_KAXXIR.gmol,2,
7-Nickel/Cell_KAXXIR.gmol,3,
7-Nickel/Cell_KAXXIR.gmol,4,
7-Nickel/Cell_KAXXIR.gmol,5,
7-Nickel/Cell_KAXXIR.gmol,6,
7-Nickel/Cell_KAXXIR.gmol,7,
7-Nickel/Cell_KAXXIR.gmol,8,
7-Nickel/Cell_KAXXIR.gmol,9,
7-Nickel/Cell_KAXXIR.gmol,10,
7-Nickel/Cell_KAXXIR.gmol,11,
2-Manganese/Cell_MODGIW.gmol,0,
2-Manganese/Cell_MODGIW.gmol,1,
2-Manganese/Cell_MODGIW.gmol,2,
2-Manganese/Cell_MODGIW.gmol,3,
8-Copper/Cell_GOCBUW.gmol,0,
8-Copper/Cell_GOCBUW.gmol,1,
1-Iron/Cell_FEGKEK.gmol,0,
1-Iron/Cell_FEGKEK.gmol,1,
1-Iron/Cell_FEGKEK.gmol,2,
1-Iron/Cell_FEGKEK.gmol,3,
1-Iron/Cell_FEGKEK.gmol,4,
1-Iron/Cell_FEGKEK.gmol,5,
1-Iron/Cell_FEGKEK.gmol,6,
1-Iron/Cell_FEGKEK.gmol,7,
1-Iron/Cell_FEGKEK.gmol,8,
1-Iron/Cell_FEGKEK.gmol,9,
1-Iron/Cell_FEGKEK.gmol,10,
1-Iron/Cell_FEGKEK.gmol,11,
7-Nickel/Cell_WAVVEX.gmol,0,
7-Nickel/Cell_WAVVEX.gmol,1,
7-Nickel/Cell_WAVVEX.gmol,2,
7-Nickel/Cell_WAVVEX.gmol,3,
7-Nickel/Cell_WAVVEX.gmol,4,
7-Nickel/Cell_WAVVEX.gmol,5,
6-Cobalt/Cell_YIWTEG.gmol,0,
6-Cobalt/Cell_YIWTEG.gmol,1,
6-Cobalt/Cell_YIWTEG.gmol,2,
6-Cobalt/Cell_YIWTEG.gmol,3,
6-Cobalt/Cell_YIKDUU.gmol,0,
6-Cobalt/Cell_YIKDUU.gmol,1,
6-Cobalt/Cell_YIKDUU.gmol,2,
6-Cobalt/Cell_YIKDUU.gmol,3,
6-Cobalt/Cell_YIKDUU.gmol,4,
6-Cobalt/Cell_YIKDUU.gmol,5,
6-Cobalt/Cell_YIKDUU.gmol,6,
6-Cobalt/Cell_YIKDUU.gmol,7,
6-Cobalt/Cell_YIKDUU.gmol,8,
6-Cobalt/Cell_YIKDUU.gmol,9,
6-Cobalt/Cell_YIKDUU.gmol,10,
6-Cobalt/Cell_YIKDUU.gmol,11,
6-Cobalt/Cell_HEFTAN.gmol,0,
6-Cobalt/Cell_HEFTAN.gmol,1,
7-Nickel/Cell_LIHQIE.gmol,0,
7-Nickel/Cell_LIHQIE.gmol,1,
8-Copper/Cell_TICGIW.gmol,0,
8-Copper/Cell_TICGIW.gmol,1,
6-Cobalt/Cell_WELKED.gmol,0,
6-Cobalt/Cell_WELKED.gmol,1,
6-Cobalt/Cell_WELKED.gmol,2,
6-Cobalt/Cell_WELKED.gmol,3,
3-Ruthenium/Cell_AGOQIX.gmol,0,
3-Ruthenium/Cell_AGOQIX.gmol,1,
3-Ruthenium/Cell_AGOQIX.gmol,2,
3-Ruthenium/Cell_AGOQIX.gmol,3,
8-Copper/Cell_VEPLAE.gmol,0,
8-Copper/Cell_VEPLAE.gmol,1,
8-Copper/Cell_LEHRAT.gmol,0,
8-Copper/Cell_LEHRAT.gmol,1,
6-Cobalt/Cell_CAFPII.gmol,0,
6-Cobalt/Cell_CAFPII.gmol,1,
6-Cobalt/Cell_CAFPII.gmol,2,
6-Cobalt/Cell_CAFPII.gmol,3,
6-Cobalt/Cell_HEJRUM.gmol,0,
6-Cobalt/Cell_HEJRUM.gmol,1,
6-Cobalt/Cell_HEJRUM.gmol,2,
6-Cobalt/Cell_HEJRUM.gmol,3,
8-Copper/Cell_EDOHIP.gmol,0,
8-Copper/Cell_EDOHIP.gmol,1,
8-Copper/Cell_EDOHIP.gmol,2,
8-Copper/Cell_EDOHIP.gmol,3,
3-Ruthenium/Cell_XEYNAQ.gmol,0,
3-Ruthenium/Cell_XEYNAQ.gmol,1,
3-Ruthenium/Cell_XEYNAQ.gmol,2,
3-Ruthenium/Cell_XEYNAQ.gmol,3,
2-Manganese/Cell_DEJRUG.gmol,0,
2-Manganese/Cell_DEJRUG.gmol,1,
7-Nickel/Cell_JEXTIS.gmol,0,
7-Nickel/Cell_JEXTIS.gmol,1,
3-Ruthenium/Cell_SUXQOR.gmol,0,
3-Ruthenium/Cell_SUXQOR.gmol,1,
3-Ruthenium/Cell_SUXQOR.gmol,2,
3-Ruthenium/Cell_SUXQOR.gmol,3,
1-Iron/Cell_CAWZAC.gmol,0,
1-Iron/Cell_CAWZAC.gmol,1,
1-Iron/Cell_UFIPIJ.gmol,0,
1-Iron/Cell_UFIPIJ.gmol,1,
7-Nickel/Cell_XENNEK.gmol,0,
7-Nickel/Cell_XENNEK.gmol,1,
7-Nickel/Cell_XENNEK.gmol,2,
7-Nickel/Cell_XENNEK.gmol,3,
7-Nickel/Cell_XENNEK.gmol,4,
7-Nickel/Cell_XENNEK.gmol,5,
7-Nickel/Cell_XENNEK.gmol,6,
7-Nickel/Cell_XENNEK.gmol,7,
7-Nickel/Cell_XENNEK.gmol,8,
7-Nickel/Cell_XENNEK.gmol,9,
7-Nickel/Cell_XENNEK.gmol,10,
7-Nickel/Cell_XENNEK.gmol,11,
8-Copper/Cell_RAHXIJ.gmol,0,
8-Copper/Cell_RAHXIJ.gmol,1,
8-Copper/Cell_RAHXIJ.gmol,2,
8-Copper/Cell_RAHXIJ.gmol,3,
7-Nickel/Cell_DURHAZ01.gmol,0,
8-Copper/Cell_TIKYOE.gmol,0,
8-Copper/Cell_TIKYOE.gmol,1,
8-Copper/Cell_TIKYOE.gmol,2,
8-Copper/Cell_TIKYOE.gmol,3,
8-Copper/Cell_TIKYOE.gmol,4,
8-Copper/Cell_TIKYOE.gmol,5,
8-Copper/Cell_TIKYOE.gmol,6,
8-Copper/Cell_TIKYOE.gmol,7,
8-Copper/Cell_TIKYOE.gmol,8,
8-Copper/Cell_TIKYOE.gmol,9,
8-Copper/Cell_TIKYOE.gmol,10,
8-Copper/Cell_TIKYOE.gmol,11,
8-Copper/Cell_TIKYOE.gmol,12,
8-Copper/Cell_TIKYOE.gmol,13,
8-Copper/Cell_TIKYOE.gmol,14,
8-Copper/Cell_TIKYOE.gmol,15,
8-Copper/Cell_EKIVEA.gmol,0,
8-Copper/Cell_EKIVEA.gmol,1,
8-Copper/Cell_EKIVEA.gmol,2,
8-Copper/Cell_EKIVEA.gmol,3,
8-Copper/Cell_MEWXOE.gmol,0,
8-Copper/Cell_MEWXOE.gmol,1,
8-Copper/Cell_MEWXOE.gmol,2,
8-Copper/Cell_MEWXOE.gmol,3,
8-Copper/Cell_MEWXOE.gmol,4,
8-Copper/Cell_MEWXOE.gmol,5,
8-Copper/Cell_MEWXOE.gmol,6,
8-Copper/Cell_MEWXOE.gmol,7,
3-Ruthenium/Cell_YIRKIT.gmol,0,
3-Ruthenium/Cell_YIRKIT.gmol,1,
3-Ruthenium/Cell_YIRKIT.gmol,2,
3-Ruthenium/Cell_YIRKIT.gmol,3,
8-Copper/Cell_GEVGEW.gmol,0,
8-Copper/Cell_GEVGEW.gmol,1,
8-Copper/Cell_GEVGEW.gmol,2,
8-Copper/Cell_GEVGEW.gmol,3,
8-Copper/Cell_VAJJAS.gmol,0,
8-Copper/Cell_VAJJAS.gmol,1,
8-Copper/Cell_VAJJAS.gmol,2,
8-Copper/Cell_VAJJAS.gmol,3,
8-Copper/Cell_WOTHIZ.gmol,0,
8-Copper/Cell_WOTHIZ.gmol,1,
8-Copper/Cell_WOTHIZ.gmol,2,
8-Copper/Cell_WOTHIZ.gmol,3,
8-Copper/Cell_WOTHIZ.gmol,4,
8-Copper/Cell_WOTHIZ.gmol,5,
8-Copper/Cell_WOTHIZ.gmol,6,
8-Copper/Cell_WOTHIZ.gmol,7,
8-Copper/Cell_WOTHIZ.gmol,8,
8-Copper/Cell_WOTHIZ.gmol,9,
8-Copper/Cell_WOTHIZ.gmol,10,
8-Copper/Cell_WOTHIZ.gmol,11,
7-Nickel/Cell_MEDCUU.gmol,0,
7-Nickel/Cell_MEDCUU.gmol,1,
7-Nickel/Cell_MEDCUU.gmol,2,
7-Nickel/Cell_MEDCUU.gmol,3,
7-Nickel/Cell_MEDCUU.gmol,4,
7-Nickel/Cell_MEDCUU.gmol,5,
6-Cobalt/Cell_WAHXUY.gmol,0,
6-Cobalt/Cell_WAHXUY.gmol,1,
6-Cobalt/Cell_WAHXUY.gmol,2,
6-Cobalt/Cell_WAHXUY.gmol,3,
6-Cobalt/Cell_WAHXUY.gmol,4,
6-Cobalt/Cell_WAHXUY.gmol,5,
8-Copper/Cell_REDZOR.gmol,0,
8-Copper/Cell_REDZOR.gmol,1,
8-Copper/Cell_REDZOR.gmol,2,
1-Iron/Cell_YAJKUP.gmol,0,
1-Iron/Cell_YAJKUP.gmol,1,
1-Iron/Cell_YAJKUP.gmol,2,
1-Iron/Cell_YAJKUP.gmol,3,
1-Iron/Cell_YAJKUP.gmol,4,
1-Iron/Cell_YAJKUP.gmol,5,
1-Iron/Cell_YAJKUP.gmol,6,
1-Iron/Cell_YAJKUP.gmol,7,
8-Copper/Cell_OPONUD.gmol,0,
8-Copper/Cell_OPONUD.gmol,1,
8-Copper/Cell_OPONUD.gmol,2,
8-Copper/Cell_OPONUD.gmol,3,
8-Copper/Cell_OPONUD.gmol,4,
8-Copper/Cell_OPONUD.gmol,5,
8-Copper/Cell_OPONUD.gmol,6,
8-Copper/Cell_OPONUD.gmol,7,
8-Copper/Cell_HAJHUY.gmol,0,
8-Copper/Cell_HAJHUY.gmol,1,
8-Copper/Cell_HAJHUY.gmol,2,
8-Copper/Cell_HAJHUY.gmol,3,
8-Copper/Cell_HAJHUY.gmol,4,
8-Copper/Cell_HAJHUY.gmol,5,
8-Copper/Cell_HAJHUY.gmol,6,
8-Copper/Cell_HAJHUY.gmol,7,
8-Copper/Cell_HAJHUY.gmol,8,
8-Copper/Cell_HAJHUY.gmol,9,
8-Copper/Cell_HAJHUY.gmol,10,
8-Copper/Cell_HAJHUY.gmol,11,
8-Copper/Cell_HAJHUY.gmol,12,
8-Copper/Cell_HAJHUY.gmol,13,
8-Copper/Cell_HAJHUY.gmol,14,
8-Copper/Cell_HAJHUY.gmol,15,
2-Manganese/Cell_LILBOY.gmol,0,
2-Manganese/Cell_LILBOY.gmol,1,
2-Manganese/Cell_LILBOY.gmol,2,
2-Manganese/Cell_LILBOY.gmol,3,
2-Manganese/Cell_LILBOY.gmol,4,
2-Manganese/Cell_LILBOY.gmol,5,
2-Manganese/Cell_LILBOY.gmol,6,
2-Manganese/Cell_LILBOY.gmol,7,
6-Cobalt/Cell_MEKCUB.gmol,0,
6-Cobalt/Cell_MEKCUB.gmol,1,
6-Cobalt/Cell_MEKCUB.gmol,2,
6-Cobalt/Cell_MEKCUB.gmol,3,
6-Cobalt/Cell_MEKCUB.gmol,4,
6-Cobalt/Cell_MEKCUB.gmol,5,
6-Cobalt/Cell_MEKCUB.gmol,6,
6-Cobalt/Cell_MEKCUB.gmol,7,
6-Cobalt/Cell_MEKCUB.gmol,8,
6-Cobalt/Cell_MEKCUB.gmol,9,
6-Cobalt/Cell_MEKCUB.gmol,10,
6-Cobalt/Cell_MEKCUB.gmol,11,
8-Copper/Cell_PANBCU.gmol,0,
8-Copper/Cell_PANBCU.gmol,1,
8-Copper/Cell_PANBCU.gmol,2,
4-Rhenium/Cell_LUWFIT.gmol,0,
4-Rhenium/Cell_LUWFIT.gmol,1,
4-Rhenium/Cell_LUWFIT.gmol,2,
4-Rhenium/Cell_LUWFIT.gmol,3,
4-Rhenium/Cell_LUWFIT.gmol,4,
4-Rhenium/Cell_LUWFIT.gmol,5,
4-Rhenium/Cell_LUWFIT.gmol,6,
4-Rhenium/Cell_LUWFIT.gmol,7,
1-Iron/Cell_HOPJAY.gmol,0,
1-Iron/Cell_HOPJAY.gmol,1,
1-Iron/Cell_HOPJAY.gmol,2,
1-Iron/Cell_HOPJAY.gmol,3,
1-Iron/Cell_HOPJAY.gmol,4,
1-Iron/Cell_HOPJAY.gmol,5,
8-Copper/Cell_JUYBUD.gmol,0,
8-Copper/Cell_JUYBUD.gmol,1,
6-Cobalt/Cell_KAYTUB.gmol,0,
6-Cobalt/Cell_KAYTUB.gmol,1,
6-Cobalt/Cell_KAYTUB.gmol,2,
6-Cobalt/Cell_KAYTUB.gmol,3,
6-Cobalt/Cell_HETMUP.gmol,0,
6-Cobalt/Cell_HETMUP.gmol,1,
6-Cobalt/Cell_HETMUP.gmol,2,
6-Cobalt/Cell_HETMUP.gmol,3,
6-Cobalt/Cell_HETMUP.gmol,4,
6-Cobalt/Cell_HETMUP.gmol,5,
6-Cobalt/Cell_HETMUP.gmol,6,
6-Cobalt/Cell_HETMUP.gmol,7,
6-Cobalt/Cell_HETMUP.gmol,8,
6-Cobalt/Cell_HETMUP.gmol,9,
6-Cobalt/Cell_HETMUP.gmol,10,
6-Cobalt/Cell_HETMUP.gmol,11,
1-Iron/Cell_LOHGOF.gmol,0,
1-Iron/Cell_LOHGOF.gmol,1,
1-Iron/Cell_LOHGOF.gmol,2,
1-Iron/Cell_LOHGOF.gmol,3,
1-Iron/Cell_BIXDES.gmol,0,
1-Iron/Cell_BIXDES.gmol,1,
8-Copper/Cell_WOPMUM.gmol,0,
8-Copper/Cell_WOPMUM.gmol,1,
8-Copper/Cell_IGEKUA.gmol,0,
8-Copper/Cell_IGEKUA.gmol,1,
2-Manganese/Cell_IGOCUF.gmol,0,
2-Manganese/Cell_IGOCUF.gmol,1,
2-Manganese/Cell_IGOCUF.gmol,2,
2-Manganese/Cell_IGOCUF.gmol,3,
2-Manganese/Cell_IGOCUF.gmol,4,
2-Manganese/Cell_IGOCUF.gmol,5,
2-Manganese/Cell_IGOCUF.gmol,6,
2-Manganese/Cell_IGOCUF.gmol,7,
2-Manganese/Cell_IGOCUF.gmol,8,
2-Manganese/Cell_IGOCUF.gmol,9,
2-Manganese/Cell_IGOCUF.gmol,10,
2-Manganese/Cell_IGOCUF.gmol,11,
2-Manganese/Cell_IGOCUF.gmol,12,
2-Manganese/Cell_IGOCUF.gmol,13,
2-Manganese/Cell_IGOCUF.gmol,14,
2-Manganese/Cell_IGOCUF.gmol,15,
2-Manganese/Cell_IGOCUF.gmol,16,
2-Manganese/Cell_IGOCUF.gmol,17,
2-Manganese/Cell_IGOCUF.gmol,18,
2-Manganese/Cell_IGOCUF.gmol,19,
2-Manganese/Cell_IGOCUF.gmol,20,
2-Manganese/Cell_IGOCUF.gmol,21,
2-Manganese/Cell_IGOCUF.gmol,22,
2-Manganese/Cell_IGOCUF.gmol,23,
8-Copper/Cell_KADLIM.gmol,0,
8-Copper/Cell_KADLIM.gmol,1,
4-Rhenium/Cell_QAQVUZ.gmol,0,
4-Rhenium/Cell_QAQVUZ.gmol,1,
4-Rhenium/Cell_QAQVUZ.gmol,2,
4-Rhenium/Cell_QAQVUZ.gmol,3,
8-Copper/Cell_KUGXOB.gmol,0,
8-Copper/Cell_KUGXOB.gmol,1,
8-Copper/Cell_KUGXOB.gmol,2,
8-Copper/Cell_KUGXOB.gmol,3,
8-Copper/Cell_KUGXOB.gmol,4,
8-Copper/Cell_KUGXOB.gmol,5,
8-Copper/Cell_KUGXOB.gmol,6,
8-Copper/Cell_KUGXOB.gmol,7,
8-Copper/Cell_KUGXOB.gmol,8,
8-Copper/Cell_KUGXOB.gmol,9,
8-Copper/Cell_KUGXOB.gmol,10,
8-Copper/Cell_KUGXOB.gmol,11,
8-Copper/Cell_KUGXOB.gmol,12,
8-Copper/Cell_KUGXOB.gmol,13,
8-Copper/Cell_KUGXOB.gmol,14,
8-Copper/Cell_KUGXOB.gmol,15,
8-Copper/Cell_VAYDIL.gmol,0,
8-Copper/Cell_VAYDIL.gmol,1,
8-Copper/Cell_VAYDIL.gmol,2,
8-Copper/Cell_VAYDIL.gmol,3,
8-Copper/Cell_VAYDIL.gmol,4,
8-Copper/Cell_VAYDIL.gmol,5,
8-Copper/Cell_VAYDIL.gmol,6,
8-Copper/Cell_VAYDIL.gmol,7,
8-Copper/Cell_VAYDIL.gmol,8,
8-Copper/Cell_VAYDIL.gmol,9,
8-Copper/Cell_VAYDIL.gmol,10,
8-Copper/Cell_VAYDIL.gmol,11,
8-Copper/Cell_TONNUG.gmol,0,
8-Copper/Cell_TONNUG.gmol,1,
2-Manganese/Cell_EFINEM.gmol,0,
2-Manganese/Cell_EFINEM.gmol,1,
8-Copper/Cell_VANYUH.gmol,0,
8-Copper/Cell_VANYUH.gmol,1,
8-Copper/Cell_VANYUH.gmol,2,
8-Copper/Cell_VANYUH.gmol,3,
2-Manganese/Cell_GARQIB.gmol,0,
2-Manganese/Cell_GARQIB.gmol,1,
2-Manganese/Cell_GARQIB.gmol,2,
2-Manganese/Cell_GARQIB.gmol,3,
2-Manganese/Cell_GARQIB.gmol,4,
2-Manganese/Cell_GARQIB.gmol,5,
2-Manganese/Cell_GARQIB.gmol,6,
2-Manganese/Cell_GARQIB.gmol,7,
2-Manganese/Cell_GARQIB.gmol,8,
2-Manganese/Cell_GARQIB.gmol,9,
2-Manganese/Cell_GARQIB.gmol,10,
2-Manganese/Cell_GARQIB.gmol,11,
7-Nickel/Cell_WUHQEV.gmol,0,
7-Nickel/Cell_WUHQEV.gmol,1,
7-Nickel/Cell_ODAWOF.gmol,0,
7-Nickel/Cell_ODAWOF.gmol,1,
7-Nickel/Cell_ODAWOF.gmol,2,
7-Nickel/Cell_ODAWOF.gmol,3,
7-Nickel/Cell_ODAWOF.gmol,4,
7-Nickel/Cell_ODAWOF.gmol,5,
7-Nickel/Cell_ODAWOF.gmol,6,
7-Nickel/Cell_ODAWOF.gmol,7,
7-Nickel/Cell_GUVCOQ.gmol,0,
7-Nickel/Cell_GUVCOQ.gmol,1,
7-Nickel/Cell_GUVCOQ.gmol,2,
7-Nickel/Cell_GUVCOQ.gmol,3,
8-Copper/Cell_ZIFDUN.gmol,0,
8-Copper/Cell_ZIFDUN.gmol,1,
8-Copper/Cell_ZIFDUN.gmol,2,
8-Copper/Cell_ZIFDUN.gmol,3,
8-Copper/Cell_ZIFDUN.gmol,4,
8-Copper/Cell_ZIFDUN.gmol,5,
8-Copper/Cell_ZIFDUN.gmol,6,
8-Copper/Cell_ZIFDUN.gmol,7,
6-Cobalt/Cell_FUMJII.gmol,0,
6-Cobalt/Cell_FUMJII.gmol,1,
8-Copper/Cell_TAJHES.gmol,0,
8-Copper/Cell_TAJHES.gmol,1,
7-Nickel/Cell_LIGFAJ.gmol,0,
7-Nickel/Cell_LIGFAJ.gmol,1,
7-Nickel/Cell_LIGFAJ.gmol,2,
7-Nickel/Cell_GEXRAE.gmol,0,
7-Nickel/Cell_GEXRAE.gmol,1,
7-Nickel/Cell_GEXRAE.gmol,2,
7-Nickel/Cell_GEXRAE.gmol,3,
7-Nickel/Cell_GEXRAE.gmol,4,
7-Nickel/Cell_GEXRAE.gmol,5,
7-Nickel/Cell_GEXRAE.gmol,6,
7-Nickel/Cell_GEXRAE.gmol,7,
7-Nickel/Cell_GEXRAE.gmol,8,
7-Nickel/Cell_GEXRAE.gmol,9,
8-Copper/Cell_DOVTEP.gmol,0,
8-Copper/Cell_DOVTEP.gmol,1,
8-Copper/Cell_DOVTEP.gmol,2,
8-Copper/Cell_DOVTEP.gmol,3,
8-Copper/Cell_XAZTIB.gmol,0,
8-Copper/Cell_XAZTIB.gmol,1,
8-Copper/Cell_XAZTIB.gmol,2,
8-Copper/Cell_XAZTIB.gmol,3,
8-Copper/Cell_XAZTIB.gmol,4,
8-Copper/Cell_XAZTIB.gmol,5,
8-Copper/Cell_XAZTIB.gmol,6,
8-Copper/Cell_XAZTIB.gmol,7,
3-Ruthenium/Cell_PAYXUJ.gmol,0,
3-Ruthenium/Cell_PAYXUJ.gmol,1,
3-Ruthenium/Cell_PAYXUJ.gmol,2,
3-Ruthenium/Cell_PAYXUJ.gmol,3,
8-Copper/Cell_ULESUC.gmol,0,
8-Copper/Cell_ULESUC.gmol,1,
8-Copper/Cell_ULESUC.gmol,2,
2-Manganese/Cell_TMAFMN.gmol,0,
2-Manganese/Cell_TMAFMN.gmol,1,
2-Manganese/Cell_TMAFMN.gmol,2,
2-Manganese/Cell_TMAFMN.gmol,3,
6-Cobalt/Cell_RALQIG.gmol,0,
6-Cobalt/Cell_RALQIG.gmol,1,
6-Cobalt/Cell_RALQIG.gmol,2,
6-Cobalt/Cell_RALQIG.gmol,3,
8-Copper/Cell_MIDFIR.gmol,0,
8-Copper/Cell_MIDFIR.gmol,1,
8-Copper/Cell_MIDFIR.gmol,2,
8-Copper/Cell_MIDFIR.gmol,3,
8-Copper/Cell_MIDFIR.gmol,4,
8-Copper/Cell_MIDFIR.gmol,5,
8-Copper/Cell_MIDFIR.gmol,6,
8-Copper/Cell_MIDFIR.gmol,7,
8-Copper/Cell_MIDFIR.gmol,8,
8-Copper/Cell_MIDFIR.gmol,9,
8-Copper/Cell_MIDFIR.gmol,10,
8-Copper/Cell_MIDFIR.gmol,11,
8-Copper/Cell_MIDFIR.gmol,12,
8-Copper/Cell_MIDFIR.gmol,13,
8-Copper/Cell_MIDFIR.gmol,14,
8-Copper/Cell_MIDFIR.gmol,15,
7-Nickel/Cell_TUJQEX.gmol,0,
7-Nickel/Cell_TUJQEX.gmol,1,
7-Nickel/Cell_TUJQEX.gmol,2,
7-Nickel/Cell_TUJQEX.gmol,3,
7-Nickel/Cell_TUJQEX.gmol,4,
7-Nickel/Cell_TUJQEX.gmol,5,
8-Copper/Cell_BUWVOE.gmol,0,
8-Copper/Cell_BUWVOE.gmol,1,
8-Copper/Cell_BUWVOE.gmol,2,
8-Copper/Cell_BUWVOE.gmol,3,
1-Iron/Cell_CEMNOZ.gmol,0,
1-Iron/Cell_CEMNOZ.gmol,1,
1-Iron/Cell_CEMNOZ.gmol,2,
1-Iron/Cell_CEMNOZ.gmol,3,
7-Nickel/Cell_FAPKIR.gmol,0,
7-Nickel/Cell_FAPKIR.gmol,1,
7-Nickel/Cell_FAPKIR.gmol,2,
7-Nickel/Cell_FAPKIR.gmol,3,
7-Nickel/Cell_FAPKIR.gmol,4,
7-Nickel/Cell_FAPKIR.gmol,5,
7-Nickel/Cell_FAPKIR.gmol,6,
7-Nickel/Cell_FAPKIR.gmol,7,
8-Copper/Cell_ZOWPIK.gmol,0,
8-Copper/Cell_ZOWPIK.gmol,1,
3-Ruthenium/Cell_ZAYFIO.gmol,0,
3-Ruthenium/Cell_ZAYFIO.gmol,1,
3-Ruthenium/Cell_ZAYFIO.gmol,2,
3-Ruthenium/Cell_ZAYFIO.gmol,3,
8-Copper/Cell_RODRIM.gmol,0,
7-Nickel/Cell_PIZGEM.gmol,0,
7-Nickel/Cell_PIZGEM.gmol,1,
7-Nickel/Cell_PIZGEM.gmol,2,
7-Nickel/Cell_PIZGEM.gmol,3,
7-Nickel/Cell_PIZGEM.gmol,4,
7-Nickel/Cell_PIZGEM.gmol,5,
7-Nickel/Cell_PIZGEM.gmol,6,
7-Nickel/Cell_PIZGEM.gmol,7,
7-Nickel/Cell_PIZGEM.gmol,8,
7-Nickel/Cell_PIZGEM.gmol,9,
7-Nickel/Cell_PIZGEM.gmol,10,
7-Nickel/Cell_PIZGEM.gmol,11,
7-Nickel/Cell_PIZGEM.gmol,12,
7-Nickel/Cell_PIZGEM.gmol,13,
7-Nickel/Cell_PIZGEM.gmol,14,
7-Nickel/Cell_PIZGEM.gmol,15,
8-Copper/Cell_JOQBIC.gmol,0,
8-Copper/Cell_JOQBIC.gmol,1,
8-Copper/Cell_JOQBIC.gmol,2,
8-Copper/Cell_JOQBIC.gmol,3,
8-Copper/Cell_JOQBIC.gmol,4,
8-Copper/Cell_JOQBIC.gmol,5,
8-Copper/Cell_JOQBIC.gmol,6,
8-Copper/Cell_JOQBIC.gmol,7,
7-Nickel/Cell_KATHUJ.gmol,0,
7-Nickel/Cell_KATHUJ.gmol,1,
6-Cobalt/Cell_TERKIK.gmol,0,
6-Cobalt/Cell_TERKIK.gmol,1,
6-Cobalt/Cell_TERKIK.gmol,2,
6-Cobalt/Cell_TERKIK.gmol,3,
6-Cobalt/Cell_TERKIK.gmol,4,
6-Cobalt/Cell_TERKIK.gmol,5,
7-Nickel/Cell_RAPMAX.gmol,0,
7-Nickel/Cell_RAPMAX.gmol,1,
7-Nickel/Cell_RAPMAX.gmol,2,
7-Nickel/Cell_RAPMAX.gmol,3,
7-Nickel/Cell_XOCJUV.gmol,0,
7-Nickel/Cell_XOCJUV.gmol,1,
7-Nickel/Cell_XOCJUV.gmol,2,
7-Nickel/Cell_XOCJUV.gmol,3,
8-Copper/Cell_GUTRIW.gmol,0,
8-Copper/Cell_GUTRIW.gmol,1,
8-Copper/Cell_GUTRIW.gmol,2,
8-Copper/Cell_GUTRIW.gmol,3,
8-Copper/Cell_GUTRIW.gmol,4,
8-Copper/Cell_GUTRIW.gmol,5,
8-Copper/Cell_GUTRIW.gmol,6,
8-Copper/Cell_GUTRIW.gmol,7,
8-Copper/Cell_GUTRIW.gmol,8,
8-Copper/Cell_GUTRIW.gmol,9,
8-Copper/Cell_GUTRIW.gmol,10,
8-Copper/Cell_GUTRIW.gmol,11,
5-Chromium/Cell_TIJVUE.gmol,0,
5-Chromium/Cell_TIJVUE.gmol,1,
5-Chromium/Cell_TIJVUE.gmol,2,
5-Chromium/Cell_TIJVUE.gmol,3,
5-Chromium/Cell_TIJVUE.gmol,4,
5-Chromium/Cell_TIJVUE.gmol,5,
5-Chromium/Cell_TIJVUE.gmol,6,
5-Chromium/Cell_TIJVUE.gmol,7,
7-Nickel/Cell_AHACOB.gmol,0,
7-Nickel/Cell_AHACOB.gmol,1,
6-Cobalt/Cell_WAGLIC.gmol,0,
6-Cobalt/Cell_WAGLIC.gmol,1,
7-Nickel/Cell_SEJNIE.gmol,0,
7-Nickel/Cell_SEJNIE.gmol,1,
7-Nickel/Cell_SEJNIE.gmol,2,
7-Nickel/Cell_SEJNIE.gmol,3,
7-Nickel/Cell_SEJNIE.gmol,4,
7-Nickel/Cell_SEJNIE.gmol,5,
8-Copper/Cell_ZOCGEG.gmol,0,
8-Copper/Cell_ZOCGEG.gmol,1,
8-Copper/Cell_ZOCGEG.gmol,2,
8-Copper/Cell_ZOCGEG.gmol,3,
6-Cobalt/Cell_HINYUZ.gmol,0,
6-Cobalt/Cell_HINYUZ.gmol,1,
6-Cobalt/Cell_HINYUZ.gmol,2,
6-Cobalt/Cell_HINYUZ.gmol,3,
6-Cobalt/Cell_HINYUZ.gmol,4,
6-Cobalt/Cell_HINYUZ.gmol,5,
6-Cobalt/Cell_HINYUZ.gmol,6,
6-Cobalt/Cell_HINYUZ.gmol,7,
6-Cobalt/Cell_HINYUZ.gmol,8,
6-Cobalt/Cell_HINYUZ.gmol,9,
6-Cobalt/Cell_HINYUZ.gmol,10,
6-Cobalt/Cell_HINYUZ.gmol,11,
8-Copper/Cell_ASUBOF.gmol,0,
8-Copper/Cell_ASUBOF.gmol,1,
8-Copper/Cell_ASUBOF.gmol,2,
8-Copper/Cell_ASUBOF.gmol,3,
1-Iron/Cell_SAXFIH.gmol,0,
1-Iron/Cell_SAXFIH.gmol,1,
1-Iron/Cell_SAXFIH.gmol,2,
8-Copper/Cell_XAQDEZ.gmol,0,
8-Copper/Cell_XAQDEZ.gmol,1,
8-Copper/Cell_XAQDEZ.gmol,2,
8-Copper/Cell_XAQDEZ.gmol,3,
8-Copper/Cell_XAQDEZ.gmol,4,
8-Copper/Cell_XAQDEZ.gmol,5,
8-Copper/Cell_XAQDEZ.gmol,6,
8-Copper/Cell_XAQDEZ.gmol,7,
8-Copper/Cell_XAQDEZ.gmol,8,
8-Copper/Cell_XAQDEZ.gmol,9,
8-Copper/Cell_PAMKUL.gmol,0,
8-Copper/Cell_PAMKUL.gmol,1,
6-Cobalt/Cell_PAHKEQ.gmol,0,
6-Cobalt/Cell_PAHKEQ.gmol,1,
6-Cobalt/Cell_PAHKEQ.gmol,2,
6-Cobalt/Cell_PAHKEQ.gmol,3,
6-Cobalt/Cell_PAHKEQ.gmol,4,
6-Cobalt/Cell_PAHKEQ.gmol,5,
6-Cobalt/Cell_PAHKEQ.gmol,6,
6-Cobalt/Cell_PAHKEQ.gmol,7,
6-Cobalt/Cell_PAHKEQ.gmol,8,
6-Cobalt/Cell_PAHKEQ.gmol,9,
6-Cobalt/Cell_PAHKEQ.gmol,10,
6-Cobalt/Cell_PAHKEQ.gmol,11,
8-Copper/Cell_POWFAJ.gmol,0,
8-Copper/Cell_POWFAJ.gmol,1,
8-Copper/Cell_POWFAJ.gmol,2,
8-Copper/Cell_POWFAJ.gmol,3,
8-Copper/Cell_POWFAJ.gmol,4,
8-Copper/Cell_POWFAJ.gmol,5,
6-Cobalt/Cell_COPQAA.gmol,0,
6-Cobalt/Cell_COPQAA.gmol,1,
6-Cobalt/Cell_COPQAA.gmol,2,
6-Cobalt/Cell_COPQAA.gmol,3,
3-Ruthenium/Cell_VUFLIU.gmol,0,
3-Ruthenium/Cell_VUFLIU.gmol,1,
3-Ruthenium/Cell_VUFLIU.gmol,2,
3-Ruthenium/Cell_VUFLIU.gmol,3,
3-Ruthenium/Cell_VUFLIU.gmol,4,
3-Ruthenium/Cell_VUFLIU.gmol,5,
3-Ruthenium/Cell_VUFLIU.gmol,6,
3-Ruthenium/Cell_VUFLIU.gmol,7,
3-Ruthenium/Cell_VUFLIU.gmol,8,
3-Ruthenium/Cell_VUFLIU.gmol,9,
3-Ruthenium/Cell_VUFLIU.gmol,10,
3-Ruthenium/Cell_VUFLIU.gmol,11,
1-Iron/Cell_EYEVAF.gmol,0,
1-Iron/Cell_EYEVAF.gmol,1,
8-Copper/Cell_YUPHIC.gmol,0,
8-Copper/Cell_YUPHIC.gmol,1,
8-Copper/Cell_YUPHIC.gmol,2,
8-Copper/Cell_YUPHIC.gmol,3,
1-Iron/Cell_LOCTEF.gmol,0,
1-Iron/Cell_LOCTEF.gmol,1,
1-Iron/Cell_LOCTEF.gmol,2,
1-Iron/Cell_LOCTEF.gmol,3,
1-Iron/Cell_LOCTEF.gmol,4,
1-Iron/Cell_LOCTEF.gmol,5,
3-Ruthenium/Cell_TAYSIX.gmol,0,
3-Ruthenium/Cell_TAYSIX.gmol,1,
3-Ruthenium/Cell_TAYSIX.gmol,2,
3-Ruthenium/Cell_TAYSIX.gmol,3,
7-Nickel/Cell_ANENIS.gmol,0,
7-Nickel/Cell_ANENIS.gmol,1,
7-Nickel/Cell_ANENIS.gmol,2,
7-Nickel/Cell_ANENIS.gmol,3,
7-Nickel/Cell_ANENIS.gmol,4,
7-Nickel/Cell_ANENIS.gmol,5,
3-Ruthenium/Cell_NINHEZ.gmol,0,
3-Ruthenium/Cell_NINHEZ.gmol,1,
3-Ruthenium/Cell_NINHEZ.gmol,2,
3-Ruthenium/Cell_NINHEZ.gmol,3,
3-Ruthenium/Cell_NINHEZ.gmol,4,
3-Ruthenium/Cell_NINHEZ.gmol,5,
3-Ruthenium/Cell_NINHEZ.gmol,6,
3-Ruthenium/Cell_NINHEZ.gmol,7,
3-Ruthenium/Cell_NINHEZ.gmol,8,
3-Ruthenium/Cell_NINHEZ.gmol,9,
3-Ruthenium/Cell_NINHEZ.gmol,10,
3-Ruthenium/Cell_NINHEZ.gmol,11,
7-Nickel/Cell_EZARON.gmol,0,
7-Nickel/Cell_EZARON.gmol,1,
7-Nickel/Cell_EZARON.gmol,2,
7-Nickel/Cell_EZARON.gmol,3,
7-Nickel/Cell_EZARON.gmol,4,
7-Nickel/Cell_EZARON.gmol,5,
7-Nickel/Cell_EZARON.gmol,6,
7-Nickel/Cell_EZARON.gmol,7,
7-Nickel/Cell_EZARON.gmol,8,
7-Nickel/Cell_EZARON.gmol,9,
7-Nickel/Cell_EZARON.gmol,10,
7-Nickel/Cell_EZARON.gmol,11,
7-Nickel/Cell_HERFIT.gmol,0,
7-Nickel/Cell_HERFIT.gmol,1,
7-Nickel/Cell_HERFIT.gmol,2,
7-Nickel/Cell_HERFIT.gmol,3,
4-Rhenium/Cell_LENGOB.gmol,0,
4-Rhenium/Cell_LENGOB.gmol,1,
7-Nickel/Cell_GEWPON.gmol,0,
7-Nickel/Cell_GEWPON.gmol,1,
7-Nickel/Cell_GEWPON.gmol,2,
7-Nickel/Cell_GEWPON.gmol,3,
7-Nickel/Cell_GEWPON.gmol,4,
7-Nickel/Cell_GEWPON.gmol,5,
7-Nickel/Cell_GEWPON.gmol,6,
7-Nickel/Cell_GEWPON.gmol,7,
8-Copper/Cell_GOZHIO.gmol,0,
8-Copper/Cell_GOZHIO.gmol,1,
8-Copper/Cell_GOZHIO.gmol,2,
8-Copper/Cell_GOZHIO.gmol,3,
8-Copper/Cell_GOZHIO.gmol,4,
8-Copper/Cell_GOZHIO.gmol,5,
8-Copper/Cell_GOZHIO.gmol,6,
8-Copper/Cell_GOZHIO.gmol,7,
7-Nickel/Cell_WOBBEX.gmol,0,
7-Nickel/Cell_WOBBEX.gmol,1,
1-Iron/Cell_LOHGUL.gmol,0,
1-Iron/Cell_LOHGUL.gmol,1,
1-Iron/Cell_LOHGUL.gmol,2,
1-Iron/Cell_LOHGUL.gmol,3,
7-Nickel/Cell_OJAYUV.gmol,0,
7-Nickel/Cell_OJAYUV.gmol,1,
7-Nickel/Cell_OJAYUV.gmol,2,
7-Nickel/Cell_OJAYUV.gmol,3,
7-Nickel/Cell_OJAYUV.gmol,4,
7-Nickel/Cell_OJAYUV.gmol,5,
7-Nickel/Cell_OJAYUV.gmol,6,
7-Nickel/Cell_OJAYUV.gmol,7,
7-Nickel/Cell_OJAYUV.gmol,8,
7-Nickel/Cell_OJAYUV.gmol,9,
7-Nickel/Cell_OJAYUV.gmol,10,
7-Nickel/Cell_OJAYUV.gmol,11,
7-Nickel/Cell_OJAYUV.gmol,12,
7-Nickel/Cell_OJAYUV.gmol,13,
7-Nickel/Cell_OJAYUV.gmol,14,
7-Nickel/Cell_OJAYUV.gmol,15,
7-Nickel/Cell_OJAYUV.gmol,16,
7-Nickel/Cell_OJAYUV.gmol,17,
7-Nickel/Cell_OJAYUV.gmol,18,
7-Nickel/Cell_OJAYUV.gmol,19,
6-Cobalt/Cell_QOCFIZ.gmol,0,
6-Cobalt/Cell_QOCFIZ.gmol,1,
6-Cobalt/Cell_QOCFIZ.gmol,2,
6-Cobalt/Cell_QOCFIZ.gmol,3,
6-Cobalt/Cell_QOCFIZ.gmol,4,
6-Cobalt/Cell_QOCFIZ.gmol,5,
6-Cobalt/Cell_QOCFIZ.gmol,6,
6-Cobalt/Cell_QOCFIZ.gmol,7,
6-Cobalt/Cell_QOCFIZ.gmol,8,
6-Cobalt/Cell_QOCFIZ.gmol,9,
8-Copper/Cell_OSELAA.gmol,0,
8-Copper/Cell_OSELAA.gmol,1,
3-Ruthenium/Cell_DIGTEV.gmol,0,
3-Ruthenium/Cell_DIGTEV.gmol,1,
3-Ruthenium/Cell_DIGTEV.gmol,2,
3-Ruthenium/Cell_DIGTEV.gmol,3,
3-Ruthenium/Cell_DIGTEV.gmol,4,
3-Ruthenium/Cell_DIGTEV.gmol,5,
3-Ruthenium/Cell_DIGTEV.gmol,6,
3-Ruthenium/Cell_DIGTEV.gmol,7,
3-Ruthenium/Cell_DIGTEV.gmol,8,
3-Ruthenium/Cell_DIGTEV.gmol,9,
3-Ruthenium/Cell_DIGTEV.gmol,10,
3-Ruthenium/Cell_DIGTEV.gmol,11,
3-Ruthenium/Cell_DIGTEV.gmol,12,
3-Ruthenium/Cell_DIGTEV.gmol,13,
3-Ruthenium/Cell_DIGTEV.gmol,14,
3-Ruthenium/Cell_DIGTEV.gmol,15,
3-Ruthenium/Cell_DIGTEV.gmol,16,
3-Ruthenium/Cell_DIGTEV.gmol,17,
8-Copper/Cell_HOCWEC.gmol,0,
8-Copper/Cell_HOCWEC.gmol,1,
8-Copper/Cell_HOCWEC.gmol,2,
8-Copper/Cell_HOCWEC.gmol,3,
8-Copper/Cell_HOCWEC.gmol,4,
8-Copper/Cell_HOCWEC.gmol,5,
7-Nickel/Cell_CIXZER.gmol,0,
7-Nickel/Cell_CIXZER.gmol,1,
7-Nickel/Cell_CIXZER.gmol,2,
7-Nickel/Cell_CIXZER.gmol,3,
7-Nickel/Cell_CIXZER.gmol,4,
7-Nickel/Cell_CIXZER.gmol,5,
7-Nickel/Cell_CIXZER.gmol,6,
7-Nickel/Cell_CIXZER.gmol,7,
7-Nickel/Cell_CIXZER.gmol,8,
7-Nickel/Cell_CIXZER.gmol,9,
7-Nickel/Cell_CIXZER.gmol,10,
7-Nickel/Cell_CIXZER.gmol,11,
7-Nickel/Cell_CIXZER.gmol,12,
7-Nickel/Cell_CIXZER.gmol,13,
7-Nickel/Cell_CIXZER.gmol,14,
7-Nickel/Cell_CIXZER.gmol,15,
4-Rhenium/Cell_SIFQAZ.gmol,0,
4-Rhenium/Cell_SIFQAZ.gmol,1,
4-Rhenium/Cell_SIFQAZ.gmol,2,
4-Rhenium/Cell_SIFQAZ.gmol,3,
1-Iron/Cell_WUPPED.gmol,0,
6-Cobalt/Cell_BOZNIP.gmol,0,
6-Cobalt/Cell_VAVXAS.gmol,0,
6-Cobalt/Cell_VAVXAS.gmol,1,
6-Cobalt/Cell_VAVXAS.gmol,2,
6-Cobalt/Cell_VAVXAS.gmol,3,
7-Nickel/Cell_PANGER.gmol,0,
7-Nickel/Cell_PANGER.gmol,1,
6-Cobalt/Cell_ZOPDEP.gmol,0,
6-Cobalt/Cell_ZOPDEP.gmol,1,
6-Cobalt/Cell_ZOPDEP.gmol,2,
6-Cobalt/Cell_ZOPDEP.gmol,3,
6-Cobalt/Cell_ZOPDEP.gmol,4,
6-Cobalt/Cell_ZOPDEP.gmol,5,
6-Cobalt/Cell_ZOPDEP.gmol,6,
6-Cobalt/Cell_ZOPDEP.gmol,7,
6-Cobalt/Cell_ZOPDEP.gmol,8,
8-Copper/Cell_LOYSAW.gmol,0,
8-Copper/Cell_LOYSAW.gmol,1,
8-Copper/Cell_LOYSAW.gmol,2,
8-Copper/Cell_LOYSAW.gmol,3,
1-Iron/Cell_WULSEB.gmol,0,
1-Iron/Cell_WULSEB.gmol,1,
1-Iron/Cell_WULSEB.gmol,2,
1-Iron/Cell_WULSEB.gmol,3,
1-Iron/Cell_WULSEB.gmol,4,
1-Iron/Cell_WULSEB.gmol,5,
1-Iron/Cell_WULSEB.gmol,6,
1-Iron/Cell_WULSEB.gmol,7,
3-Ruthenium/Cell_ZESVUO.gmol,0,
3-Ruthenium/Cell_ZESVUO.gmol,1,
3-Ruthenium/Cell_ZESVUO.gmol,2,
3-Ruthenium/Cell_ZESVUO.gmol,3,
6-Cobalt/Cell_FOHVIJ.gmol,0,
6-Cobalt/Cell_FOHVIJ.gmol,1,
6-Cobalt/Cell_FOHVIJ.gmol,2,
6-Cobalt/Cell_FOHVIJ.gmol,3,
6-Cobalt/Cell_FOHVIJ.gmol,4,
6-Cobalt/Cell_FOHVIJ.gmol,5,
6-Cobalt/Cell_FOHVIJ.gmol,6,
6-Cobalt/Cell_FOHVIJ.gmol,7,
8-Copper/Cell_MOQFII.gmol,0,
8-Copper/Cell_MOQFII.gmol,1,
8-Copper/Cell_MOQFII.gmol,2,
8-Copper/Cell_MOQFII.gmol,3,
8-Copper/Cell_MOQFII.gmol,4,
8-Copper/Cell_MOQFII.gmol,5,
8-Copper/Cell_BAJZAO.gmol,0,
8-Copper/Cell_BAJZAO.gmol,1,
8-Copper/Cell_BAJZAO.gmol,2,
8-Copper/Cell_IYUZIL.gmol,0,
8-Copper/Cell_IYUZIL.gmol,1,
8-Copper/Cell_IYUZIL.gmol,2,
1-Iron/Cell_ZIZLAY.gmol,0,
1-Iron/Cell_ZIZLAY.gmol,1,
1-Iron/Cell_TOSQEA.gmol,0,
1-Iron/Cell_TOSQEA.gmol,1,
1-Iron/Cell_TOSQEA.gmol,2,
1-Iron/Cell_TOSQEA.gmol,3,
2-Manganese/Cell_VUTMOP.gmol,0,
2-Manganese/Cell_VUTMOP.gmol,1,
2-Manganese/Cell_VUTMOP.gmol,2,
2-Manganese/Cell_VUTMOP.gmol,3,
2-Manganese/Cell_VUTMOP.gmol,4,
2-Manganese/Cell_VUTMOP.gmol,5,
2-Manganese/Cell_VUTMOP.gmol,6,
2-Manganese/Cell_VUTMOP.gmol,7,
2-Manganese/Cell_VUTMOP.gmol,8,
2-Manganese/Cell_VUTMOP.gmol,9,
2-Manganese/Cell_VUTMOP.gmol,10,
2-Manganese/Cell_VUTMOP.gmol,11,
8-Copper/Cell_PECTEX.gmol,0,
8-Copper/Cell_PECTEX.gmol,1,
8-Copper/Cell_PECTEX.gmol,2,
8-Copper/Cell_PECTEX.gmol,3,
8-Copper/Cell_PECTEX.gmol,4,
8-Copper/Cell_PECTEX.gmol,5,
8-Copper/Cell_PECTEX.gmol,6,
8-Copper/Cell_PECTEX.gmol,7,
8-Copper/Cell_PECTEX.gmol,8,
8-Copper/Cell_PECTEX.gmol,9,
8-Copper/Cell_PECTEX.gmol,10,
8-Copper/Cell_PECTEX.gmol,11,
8-Copper/Cell_PECTEX.gmol,12,
8-Copper/Cell_PECTEX.gmol,13,
8-Copper/Cell_PECTEX.gmol,14,
8-Copper/Cell_PECTEX.gmol,15,
8-Copper/Cell_PECTEX.gmol,16,
8-Copper/Cell_PECTEX.gmol,17,
8-Copper/Cell_PECTEX.gmol,18,
8-Copper/Cell_PECTEX.gmol,19,
8-Copper/Cell_PECTEX.gmol,20,
8-Copper/Cell_PECTEX.gmol,21,
8-Copper/Cell_PECTEX.gmol,22,
8-Copper/Cell_PECTEX.gmol,23,
2-Manganese/Cell_OGIRIH.gmol,0,
2-Manganese/Cell_OGIRIH.gmol,1,
2-Manganese/Cell_OGIRIH.gmol,2,
2-Manganese/Cell_OGIRIH.gmol,3,
2-Manganese/Cell_OGIRIH.gmol,4,
2-Manganese/Cell_OGIRIH.gmol,5,
6-Cobalt/Cell_KILBAJ.gmol,0,
6-Cobalt/Cell_KILBAJ.gmol,1,
6-Cobalt/Cell_KILBAJ.gmol,2,
6-Cobalt/Cell_KILBAJ.gmol,3,
6-Cobalt/Cell_KILBAJ.gmol,4,
6-Cobalt/Cell_KILBAJ.gmol,5,
6-Cobalt/Cell_KILBAJ.gmol,6,
6-Cobalt/Cell_KILBAJ.gmol,7,
6-Cobalt/Cell_KILBAJ.gmol,8,
6-Cobalt/Cell_KILBAJ.gmol,9,
6-Cobalt/Cell_KILBAJ.gmol,10,
6-Cobalt/Cell_KILBAJ.gmol,11,
8-Copper/Cell_BASNAL.gmol,0,
8-Copper/Cell_SAXVUI.gmol,0,
8-Copper/Cell_SAXVUI.gmol,1,
8-Copper/Cell_UJELEC.gmol,0,
8-Copper/Cell_UJELEC.gmol,1,
8-Copper/Cell_UJELEC.gmol,2,
8-Copper/Cell_UJELEC.gmol,3,
8-Copper/Cell_XAPNEK.gmol,0,
8-Copper/Cell_XAPNEK.gmol,1,
7-Nickel/Cell_EMOYEM.gmol,0,
7-Nickel/Cell_EMOYEM.gmol,1,
7-Nickel/Cell_EMOYEM.gmol,2,
7-Nickel/Cell_EMOYEM.gmol,3,
6-Cobalt/Cell_MITYUK.gmol,0,
6-Cobalt/Cell_MITYUK.gmol,1,
6-Cobalt/Cell_MITYUK.gmol,2,
6-Cobalt/Cell_MITYUK.gmol,3,
6-Cobalt/Cell_AQOQAY.gmol,0,
6-Cobalt/Cell_AQOQAY.gmol,1,
6-Cobalt/Cell_AQOQAY.gmol,2,
6-Cobalt/Cell_AQOQAY.gmol,3,
3-Ruthenium/Cell_EXAPEY.gmol,0,
3-Ruthenium/Cell_EXAPEY.gmol,1,
3-Ruthenium/Cell_EXAPEY.gmol,2,
3-Ruthenium/Cell_EXAPEY.gmol,3,
3-Ruthenium/Cell_EXAPEY.gmol,4,
3-Ruthenium/Cell_EXAPEY.gmol,5,
3-Ruthenium/Cell_EXAPEY.gmol,6,
3-Ruthenium/Cell_EXAPEY.gmol,7,
6-Cobalt/Cell_XIFNEI.gmol,0,
6-Cobalt/Cell_XIFNEI.gmol,1,
6-Cobalt/Cell_XIFNEI.gmol,2,
6-Cobalt/Cell_XIFNEI.gmol,3,
6-Cobalt/Cell_XIFNEI.gmol,4,
6-Cobalt/Cell_XIFNEI.gmol,5,
6-Cobalt/Cell_XIFNEI.gmol,6,
6-Cobalt/Cell_XIFNEI.gmol,7,
7-Nickel/Cell_MIVQIU.gmol,0,
7-Nickel/Cell_MIVQIU.gmol,1,
7-Nickel/Cell_IRASID.gmol,0,
7-Nickel/Cell_IRASID.gmol,1,
8-Copper/Cell_TAXJOR.gmol,0,
8-Copper/Cell_TAXJOR.gmol,1,
8-Copper/Cell_TAXJOR.gmol,2,
8-Copper/Cell_TAXJOR.gmol,3,
7-Nickel/Cell_GOLVAF.gmol,0,
7-Nickel/Cell_GOLVAF.gmol,1,
7-Nickel/Cell_GOLVAF.gmol,2,
7-Nickel/Cell_GOLVAF.gmol,3,
7-Nickel/Cell_GOLVAF.gmol,4,
7-Nickel/Cell_GOLVAF.gmol,5,
7-Nickel/Cell_GOLVAF.gmol,6,
7-Nickel/Cell_GOLVAF.gmol,7,
7-Nickel/Cell_GOLVAF.gmol,8,
7-Nickel/Cell_GOLVAF.gmol,9,
3-Ruthenium/Cell_SEVNEP.gmol,0,
3-Ruthenium/Cell_SEVNEP.gmol,1,
3-Ruthenium/Cell_SEVNEP.gmol,2,
3-Ruthenium/Cell_SEVNEP.gmol,3,
3-Ruthenium/Cell_LUFGOI.gmol,0,
3-Ruthenium/Cell_LUFGOI.gmol,1,
3-Ruthenium/Cell_LUFGOI.gmol,2,
3-Ruthenium/Cell_LUFGOI.gmol,3,
7-Nickel/Cell_PERYUJ.gmol,0,
7-Nickel/Cell_PERYUJ.gmol,1,
8-Copper/Cell_NEKFAM.gmol,0,
8-Copper/Cell_NEKFAM.gmol,1,
8-Copper/Cell_NEKFAM.gmol,2,
8-Copper/Cell_NEKFAM.gmol,3,
5-Chromium/Cell_PABZIC.gmol,0,
5-Chromium/Cell_PABZIC.gmol,1,
5-Chromium/Cell_PABZIC.gmol,2,
5-Chromium/Cell_PABZIC.gmol,3,
5-Chromium/Cell_PABZIC.gmol,4,
5-Chromium/Cell_PABZIC.gmol,5,
5-Chromium/Cell_PABZIC.gmol,6,
5-Chromium/Cell_PABZIC.gmol,7,
5-Chromium/Cell_PABZIC.gmol,8,
5-Chromium/Cell_PABZIC.gmol,9,
5-Chromium/Cell_PABZIC.gmol,10,
5-Chromium/Cell_PABZIC.gmol,11,
8-Copper/Cell_MOLHAY.gmol,0,
8-Copper/Cell_MOLHAY.gmol,1,
8-Copper/Cell_MOLHAY.gmol,2,
8-Copper/Cell_MOLHAY.gmol,3,
8-Copper/Cell_MOLHAY.gmol,4,
8-Copper/Cell_MOLHAY.gmol,5,
8-Copper/Cell_JOVRET.gmol,0,
8-Copper/Cell_JOVRET.gmol,1,
8-Copper/Cell_CEFGUS.gmol,0,
8-Copper/Cell_CEFGUS.gmol,1,
8-Copper/Cell_CEFGUS.gmol,2,
8-Copper/Cell_CEFGUS.gmol,3,
8-Copper/Cell_CEFGUS.gmol,4,
8-Copper/Cell_CEFGUS.gmol,5,
8-Copper/Cell_CEFGUS.gmol,6,
8-Copper/Cell_CEFGUS.gmol,7,
8-Copper/Cell_EMEMEP.gmol,0,
8-Copper/Cell_EMEMEP.gmol,1,
8-Copper/Cell_EMEMEP.gmol,2,
8-Copper/Cell_EMEMEP.gmol,3,
7-Nickel/Cell_XECYEL.gmol,0,
7-Nickel/Cell_XECYEL.gmol,1,
7-Nickel/Cell_NIQLOP.gmol,0,
7-Nickel/Cell_NIQLOP.gmol,1,
7-Nickel/Cell_NIQLOP.gmol,2,
7-Nickel/Cell_NIQLOP.gmol,3,
7-Nickel/Cell_NIQLOP.gmol,4,
7-Nickel/Cell_NIQLOP.gmol,5,
7-Nickel/Cell_XIJYEU02.gmol,0,
7-Nickel/Cell_XIJYEU02.gmol,1,
7-Nickel/Cell_XIJYEU02.gmol,2,
7-Nickel/Cell_XIJYEU02.gmol,3,
7-Nickel/Cell_XIJYEU02.gmol,4,
7-Nickel/Cell_XIJYEU02.gmol,5,
7-Nickel/Cell_XIJYEU02.gmol,6,
7-Nickel/Cell_XIJYEU02.gmol,7,
4-Rhenium/Cell_XOPNUO.gmol,0,
4-Rhenium/Cell_XOPNUO.gmol,1,
8-Copper/Cell_TUBHAZ.gmol,0,
8-Copper/Cell_TUBHAZ.gmol,1,
8-Copper/Cell_TUBHAZ.gmol,2,
8-Copper/Cell_TUBHAZ.gmol,3,
5-Chromium/Cell_EQOWEP.gmol,0,
5-Chromium/Cell_EQOWEP.gmol,1,
5-Chromium/Cell_EQOWEP.gmol,2,
5-Chromium/Cell_EQOWEP.gmol,3,
5-Chromium/Cell_EQOWEP.gmol,4,
5-Chromium/Cell_EQOWEP.gmol,5,
5-Chromium/Cell_EQOWEP.gmol,6,
5-Chromium/Cell_EQOWEP.gmol,7,
5-Chromium/Cell_EQOWEP.gmol,8,
5-Chromium/Cell_EQOWEP.gmol,9,
5-Chromium/Cell_EQOWEP.gmol,10,
5-Chromium/Cell_EQOWEP.gmol,11,
5-Chromium/Cell_EQOWEP.gmol,12,
5-Chromium/Cell_EQOWEP.gmol,13,
5-Chromium/Cell_EQOWEP.gmol,14,
5-Chromium/Cell_EQOWEP.gmol,15,
5-Chromium/Cell_EQOWEP.gmol,16,
5-Chromium/Cell_EQOWEP.gmol,17,
5-Chromium/Cell_EQOWEP.gmol,18,
5-Chromium/Cell_EQOWEP.gmol,19,
5-Chromium/Cell_EQOWEP.gmol,20,
5-Chromium/Cell_EQOWEP.gmol,21,
5-Chromium/Cell_EQOWEP.gmol,22,
5-Chromium/Cell_EQOWEP.gmol,23,
5-Chromium/Cell_EQOWEP.gmol,24,
5-Chromium/Cell_EQOWEP.gmol,25,
5-Chromium/Cell_EQOWEP.gmol,26,
5-Chromium/Cell_EQOWEP.gmol,27,
5-Chromium/Cell_EQOWEP.gmol,28,
5-Chromium/Cell_EQOWEP.gmol,29,
5-Chromium/Cell_EQOWEP.gmol,30,
5-Chromium/Cell_EQOWEP.gmol,31,
5-Chromium/Cell_EQOWEP.gmol,32,
5-Chromium/Cell_EQOWEP.gmol,33,
5-Chromium/Cell_EQOWEP.gmol,34,
5-Chromium/Cell_EQOWEP.gmol,35,
5-Chromium/Cell_EQOWEP.gmol,36,
5-Chromium/Cell_EQOWEP.gmol,37,
5-Chromium/Cell_EQOWEP.gmol,38,
5-Chromium/Cell_EQOWEP.gmol,39,
5-Chromium/Cell_EQOWEP.gmol,40,
5-Chromium/Cell_EQOWEP.gmol,41,
5-Chromium/Cell_EQOWEP.gmol,42,
5-Chromium/Cell_EQOWEP.gmol,43,
5-Chromium/Cell_EQOWEP.gmol,44,
5-Chromium/Cell_EQOWEP.gmol,45,
5-Chromium/Cell_EQOWEP.gmol,46,
5-Chromium/Cell_EQOWEP.gmol,47,
5-Chromium/Cell_EQOWEP.gmol,48,
5-Chromium/Cell_EQOWEP.gmol,49,
5-Chromium/Cell_EQOWEP.gmol,50,
5-Chromium/Cell_EQOWEP.gmol,51,
5-Chromium/Cell_EQOWEP.gmol,52,
5-Chromium/Cell_EQOWEP.gmol,53,
4-Rhenium/Cell_HUTSEV.gmol,0,
4-Rhenium/Cell_HUTSEV.gmol,1,
4-Rhenium/Cell_HUTSEV.gmol,2,
4-Rhenium/Cell_HUTSEV.gmol,3,
3-Ruthenium/Cell_RIPQAI.gmol,0,
3-Ruthenium/Cell_RIPQAI.gmol,1,
3-Ruthenium/Cell_RIPQAI.gmol,2,
3-Ruthenium/Cell_RIPQAI.gmol,3,
3-Ruthenium/Cell_RIPQAI.gmol,4,
3-Ruthenium/Cell_RIPQAI.gmol,5,
3-Ruthenium/Cell_RIPQAI.gmol,6,
3-Ruthenium/Cell_RIPQAI.gmol,7,
6-Cobalt/Cell_SETHOO.gmol,0,
6-Cobalt/Cell_SETHOO.gmol,1,
6-Cobalt/Cell_SETHOO.gmol,2,
6-Cobalt/Cell_SETHOO.gmol,3,
6-Cobalt/Cell_SETHOO.gmol,4,
6-Cobalt/Cell_SETHOO.gmol,5,
6-Cobalt/Cell_SETHOO.gmol,6,
6-Cobalt/Cell_SETHOO.gmol,7,
6-Cobalt/Cell_SETHOO.gmol,8,
6-Cobalt/Cell_SETHOO.gmol,9,
6-Cobalt/Cell_SETHOO.gmol,10,
6-Cobalt/Cell_SETHOO.gmol,11,
4-Rhenium/Cell_NOYSAV.gmol,0,
4-Rhenium/Cell_NOYSAV.gmol,1,
4-Rhenium/Cell_NOYSAV.gmol,2,
4-Rhenium/Cell_NOYSAV.gmol,3,
4-Rhenium/Cell_NOYSAV.gmol,4,
4-Rhenium/Cell_NOYSAV.gmol,5,
4-Rhenium/Cell_NOYSAV.gmol,6,
4-Rhenium/Cell_NOYSAV.gmol,7,
4-Rhenium/Cell_NOYSAV.gmol,8,
4-Rhenium/Cell_NOYSAV.gmol,9,
4-Rhenium/Cell_NOYSAV.gmol,10,
4-Rhenium/Cell_NOYSAV.gmol,11,
2-Manganese/Cell_CUKCEQ10.gmol,0,
2-Manganese/Cell_CUKCEQ10.gmol,1,
2-Manganese/Cell_CUKCEQ10.gmol,2,
2-Manganese/Cell_CUKCEQ10.gmol,3,
2-Manganese/Cell_CUKCEQ10.gmol,4,
1-Iron/Cell_RESVUJ.gmol,0,
1-Iron/Cell_RESVUJ.gmol,1,
1-Iron/Cell_RESVUJ.gmol,2,
1-Iron/Cell_RESVUJ.gmol,3,
1-Iron/Cell_RESVUJ.gmol,4,
1-Iron/Cell_RESVUJ.gmol,5,
1-Iron/Cell_RESVUJ.gmol,6,
1-Iron/Cell_RESVUJ.gmol,7,
6-Cobalt/Cell_WIWQAU.gmol,0,
6-Cobalt/Cell_WIWQAU.gmol,1,
6-Cobalt/Cell_WIWQAU.gmol,2,
6-Cobalt/Cell_WIWQAU.gmol,3,
6-Cobalt/Cell_WIWQAU.gmol,4,
6-Cobalt/Cell_WIWQAU.gmol,5,
6-Cobalt/Cell_WIWQAU.gmol,6,
6-Cobalt/Cell_WIWQAU.gmol,7,
6-Cobalt/Cell_WIWQAU.gmol,8,
6-Cobalt/Cell_WIWQAU.gmol,9,
6-Cobalt/Cell_WIWQAU.gmol,10,
6-Cobalt/Cell_WIWQAU.gmol,11,
3-Ruthenium/Cell_DEFYAR.gmol,0,
3-Ruthenium/Cell_DEFYAR.gmol,1,
3-Ruthenium/Cell_DEFYAR.gmol,2,
3-Ruthenium/Cell_DEFYAR.gmol,3,
3-Ruthenium/Cell_DEFYAR.gmol,4,
3-Ruthenium/Cell_DEFYAR.gmol,5,
3-Ruthenium/Cell_DEFYAR.gmol,6,
3-Ruthenium/Cell_DEFYAR.gmol,7,
3-Ruthenium/Cell_DEFYAR.gmol,8,
3-Ruthenium/Cell_DEFYAR.gmol,9,
3-Ruthenium/Cell_DEFYAR.gmol,10,
3-Ruthenium/Cell_DEFYAR.gmol,11,
3-Ruthenium/Cell_KUFDOE.gmol,0,
3-Ruthenium/Cell_KUFDOE.gmol,1,
3-Ruthenium/Cell_KUFDOE.gmol,2,
3-Ruthenium/Cell_KUFDOE.gmol,3,
3-Ruthenium/Cell_KUFDOE.gmol,4,
3-Ruthenium/Cell_KUFDOE.gmol,5,
3-Ruthenium/Cell_KUFDOE.gmol,6,
3-Ruthenium/Cell_KUFDOE.gmol,7,
8-Copper/Cell_EPAZEB.gmol,0,
8-Copper/Cell_EPAZEB.gmol,1,
8-Copper/Cell_EPAZEB.gmol,2,
8-Copper/Cell_EPAZEB.gmol,3,
8-Copper/Cell_XIMSOE.gmol,0,
8-Copper/Cell_XIMSOE.gmol,1,
8-Copper/Cell_XIMSOE.gmol,2,
8-Copper/Cell_XIMSOE.gmol,3,
8-Copper/Cell_XIMSOE.gmol,4,
8-Copper/Cell_XIMSOE.gmol,5,
8-Copper/Cell_NOQKIN.gmol,0,
8-Copper/Cell_NOQKIN.gmol,1,
8-Copper/Cell_NOQKIN.gmol,2,
8-Copper/Cell_NOQKIN.gmol,3,
8-Copper/Cell_NOQKIN.gmol,4,
8-Copper/Cell_NOQKIN.gmol,5,
8-Copper/Cell_NOQKIN.gmol,6,
8-Copper/Cell_NOQKIN.gmol,7,
8-Copper/Cell_NOQKIN.gmol,8,
8-Copper/Cell_NOQKIN.gmol,9,
8-Copper/Cell_NOQKIN.gmol,10,
8-Copper/Cell_NOQKIN.gmol,11,
8-Copper/Cell_KESVUZ.gmol,0,
8-Copper/Cell_KESVUZ.gmol,1,
8-Copper/Cell_KESVUZ.gmol,2,
8-Copper/Cell_KESVUZ.gmol,3,
8-Copper/Cell_KESVUZ.gmol,4,
8-Copper/Cell_KESVUZ.gmol,5,
8-Copper/Cell_KESVUZ.gmol,6,
8-Copper/Cell_KESVUZ.gmol,7,
3-Ruthenium/Cell_LOPYEV.gmol,0,
3-Ruthenium/Cell_LOPYEV.gmol,1,
3-Ruthenium/Cell_LOPYEV.gmol,2,
3-Ruthenium/Cell_LOPYEV.gmol,3,
7-Nickel/Cell_CADBIW.gmol,0,
7-Nickel/Cell_CADBIW.gmol,1,
8-Copper/Cell_NOJVOA.gmol,0,
1-Iron/Cell_GOYCII.gmol,0,
1-Iron/Cell_GOYCII.gmol,1,
1-Iron/Cell_GOYCII.gmol,2,
1-Iron/Cell_GOYCII.gmol,3,
1-Iron/Cell_GOYCII.gmol,4,
1-Iron/Cell_GOYCII.gmol,5,
1-Iron/Cell_GOYCII.gmol,6,
1-Iron/Cell_GOYCII.gmol,7,
1-Iron/Cell_GOYCII.gmol,8,
1-Iron/Cell_GOYCII.gmol,9,
1-Iron/Cell_GOYCII.gmol,10,
1-Iron/Cell_GOYCII.gmol,11,
1-Iron/Cell_GOYCII.gmol,12,
8-Copper/Cell_WEBRUQ.gmol,0,
8-Copper/Cell_WEBRUQ.gmol,1,
8-Copper/Cell_WEBRUQ.gmol,2,
8-Copper/Cell_WEBRUQ.gmol,3,
8-Copper/Cell_WEBRUQ.gmol,4,
8-Copper/Cell_WEBRUQ.gmol,5,
8-Copper/Cell_WEBRUQ.gmol,6,
8-Copper/Cell_WEBRUQ.gmol,7,
8-Copper/Cell_WEBRUQ.gmol,8,
8-Copper/Cell_WEBRUQ.gmol,9,
8-Copper/Cell_WEBRUQ.gmol,10,
8-Copper/Cell_WEBRUQ.gmol,11,
8-Copper/Cell_WEBRUQ.gmol,12,
8-Copper/Cell_WEBRUQ.gmol,13,
6-Cobalt/Cell_ZEMYEY.gmol,0,
6-Cobalt/Cell_ZEMYEY.gmol,1,
8-Copper/Cell_REHLUM.gmol,0,
8-Copper/Cell_REHLUM.gmol,1,
6-Cobalt/Cell_WAMYEP.gmol,0,
6-Cobalt/Cell_WAMYEP.gmol,1,
6-Cobalt/Cell_WAMYEP.gmol,2,
6-Cobalt/Cell_WAMYEP.gmol,3,
6-Cobalt/Cell_WAMYEP.gmol,4,
6-Cobalt/Cell_WAMYEP.gmol,5,
6-Cobalt/Cell_WAMYEP.gmol,6,
6-Cobalt/Cell_WAMYEP.gmol,7,
6-Cobalt/Cell_WAMYEP.gmol,8,
6-Cobalt/Cell_WAMYEP.gmol,9,
8-Copper/Cell_WESSAP.gmol,0,
8-Copper/Cell_WESSAP.gmol,1,
8-Copper/Cell_PUZROT.gmol,0,
8-Copper/Cell_PUZROT.gmol,1,
8-Copper/Cell_PUZROT.gmol,2,
8-Copper/Cell_PUZROT.gmol,3,
8-Copper/Cell_PUZROT.gmol,4,
8-Copper/Cell_PUZROT.gmol,5,
8-Copper/Cell_PUZROT.gmol,6,
8-Copper/Cell_PUZROT.gmol,7,
1-Iron/Cell_POMZOG.gmol,0,
1-Iron/Cell_POMZOG.gmol,1,
1-Iron/Cell_POMZOG.gmol,2,
1-Iron/Cell_POMZOG.gmol,3,
6-Cobalt/Cell_HEGRAP.gmol,0,
6-Cobalt/Cell_HEGRAP.gmol,1,
6-Cobalt/Cell_HEGRAP.gmol,2,
6-Cobalt/Cell_HEGRAP.gmol,3,
8-Copper/Cell_ZUZKOX.gmol,0,
8-Copper/Cell_ZUZKOX.gmol,1,
8-Copper/Cell_MUXTIL.gmol,0,
8-Copper/Cell_MUXTIL.gmol,1,
5-Chromium/Cell_GIGGIM.gmol,0,
5-Chromium/Cell_GIGGIM.gmol,1,
5-Chromium/Cell_GIGGIM.gmol,2,
5-Chromium/Cell_GIGGIM.gmol,3,
6-Cobalt/Cell_PEJGIW.gmol,0,
6-Cobalt/Cell_PEJGIW.gmol,1,
6-Cobalt/Cell_PEJGIW.gmol,2,
6-Cobalt/Cell_PEJGIW.gmol,3,
6-Cobalt/Cell_PEJGIW.gmol,4,
6-Cobalt/Cell_PEJGIW.gmol,5,
6-Cobalt/Cell_PEJGIW.gmol,6,
6-Cobalt/Cell_PEJGIW.gmol,7,
6-Cobalt/Cell_PEJGIW.gmol,8,
6-Cobalt/Cell_PEJGIW.gmol,9,
6-Cobalt/Cell_PEJGIW.gmol,10,
6-Cobalt/Cell_PEJGIW.gmol,11,
6-Cobalt/Cell_PEJGIW.gmol,12,
8-Copper/Cell_OKUXIE.gmol,0,
8-Copper/Cell_OKUXIE.gmol,1,
8-Copper/Cell_OKUXIE.gmol,2,
8-Copper/Cell_OKUXIE.gmol,3,
8-Copper/Cell_OKUXIE.gmol,4,
8-Copper/Cell_OKUXIE.gmol,5,
8-Copper/Cell_OKUXIE.gmol,6,
8-Copper/Cell_OKUXIE.gmol,7,
8-Copper/Cell_KEQQOM.gmol,0,
8-Copper/Cell_KEQQOM.gmol,1,
8-Copper/Cell_TASMOR.gmol,0,
8-Copper/Cell_SEJFAP.gmol,0,
8-Copper/Cell_SEJFAP.gmol,1,
8-Copper/Cell_SEJFAP.gmol,2,
8-Copper/Cell_SEJFAP.gmol,3,
8-Copper/Cell_SEJFAP.gmol,4,
8-Copper/Cell_SEJFAP.gmol,5,
8-Copper/Cell_SEJFAP.gmol,6,
8-Copper/Cell_SEJFAP.gmol,7,
8-Copper/Cell_SEJFAP.gmol,8,
8-Copper/Cell_SEJFAP.gmol,9,
8-Copper/Cell_SEJFAP.gmol,10,
8-Copper/Cell_SEJFAP.gmol,11,
7-Nickel/Cell_XEBGAP.gmol,0,
7-Nickel/Cell_XEBGAP.gmol,1,
7-Nickel/Cell_XEBGAP.gmol,2,
7-Nickel/Cell_XEBGAP.gmol,3,
3-Ruthenium/Cell_BAKLAB.gmol,0,
3-Ruthenium/Cell_BAKLAB.gmol,1,
3-Ruthenium/Cell_BAKLAB.gmol,2,
3-Ruthenium/Cell_BAKLAB.gmol,3,
3-Ruthenium/Cell_BAKLAB.gmol,4,
3-Ruthenium/Cell_BAKLAB.gmol,5,
3-Ruthenium/Cell_BAKLAB.gmol,6,
3-Ruthenium/Cell_BAKLAB.gmol,7,
3-Ruthenium/Cell_BAKLAB.gmol,8,
3-Ruthenium/Cell_BAKLAB.gmol,9,
3-Ruthenium/Cell_BAKLAB.gmol,10,
3-Ruthenium/Cell_BAKLAB.gmol,11,
3-Ruthenium/Cell_BAKLAB.gmol,12,
3-Ruthenium/Cell_BAKLAB.gmol,13,
3-Ruthenium/Cell_BAKLAB.gmol,14,
3-Ruthenium/Cell_BAKLAB.gmol,15,
7-Nickel/Cell_BOTPIK.gmol,0,
7-Nickel/Cell_BOTPIK.gmol,1,
7-Nickel/Cell_BOTPIK.gmol,2,
7-Nickel/Cell_BOTPIK.gmol,3,
7-Nickel/Cell_BOTPIK.gmol,4,
7-Nickel/Cell_BOTPIK.gmol,5,
7-Nickel/Cell_BOTPIK.gmol,6,
7-Nickel/Cell_BOTPIK.gmol,7,
8-Copper/Cell_RATNAB.gmol,0,
8-Copper/Cell_RATNAB.gmol,1,
8-Copper/Cell_RATNAB.gmol,2,
8-Copper/Cell_RATNAB.gmol,3,
8-Copper/Cell_RATNAB.gmol,4,
8-Copper/Cell_RATNAB.gmol,5,
8-Copper/Cell_RATNAB.gmol,6,
8-Copper/Cell_RATNAB.gmol,7,
8-Copper/Cell_RATNAB.gmol,8,
8-Copper/Cell_RATNAB.gmol,9,
7-Nickel/Cell_XUYFAY.gmol,0,
7-Nickel/Cell_XUYFAY.gmol,1,
7-Nickel/Cell_XUYFAY.gmol,2,
7-Nickel/Cell_XUYFAY.gmol,3,
8-Copper/Cell_PIVMAJ.gmol,0,
8-Copper/Cell_PIVMAJ.gmol,1,
8-Copper/Cell_PIVMAJ.gmol,2,
8-Copper/Cell_PIVMAJ.gmol,3,
8-Copper/Cell_PIVMAJ.gmol,4,
8-Copper/Cell_PIVMAJ.gmol,5,
8-Copper/Cell_PIVMAJ.gmol,6,
8-Copper/Cell_PIVMAJ.gmol,7,
6-Cobalt/Cell_GIQNIE.gmol,0,
6-Cobalt/Cell_GIQNIE.gmol,1,
6-Cobalt/Cell_GIQNIE.gmol,2,
6-Cobalt/Cell_GIQNIE.gmol,3,
6-Cobalt/Cell_GIQNIE.gmol,4,
6-Cobalt/Cell_GIQNIE.gmol,5,
6-Cobalt/Cell_GIQNIE.gmol,6,
6-Cobalt/Cell_GIQNIE.gmol,7,
3-Ruthenium/Cell_PONFIH.gmol,0,
3-Ruthenium/Cell_PONFIH.gmol,1,
2-Manganese/Cell_BASGEI.gmol,0,
2-Manganese/Cell_BASGEI.gmol,1,
2-Manganese/Cell_BASGEI.gmol,2,
2-Manganese/Cell_BASGEI.gmol,3,
2-Manganese/Cell_BASGEI.gmol,4,
2-Manganese/Cell_BASGEI.gmol,5,
2-Manganese/Cell_BASGEI.gmol,6,
2-Manganese/Cell_BASGEI.gmol,7,
3-Ruthenium/Cell_ZEQHOS.gmol,0,
3-Ruthenium/Cell_ZEQHOS.gmol,1,
3-Ruthenium/Cell_ZEQHOS.gmol,2,
3-Ruthenium/Cell_ZEQHOS.gmol,3,
3-Ruthenium/Cell_ETAMIV.gmol,0,
3-Ruthenium/Cell_ETAMIV.gmol,1,
3-Ruthenium/Cell_ETAMIV.gmol,2,
3-Ruthenium/Cell_ETAMIV.gmol,3,
1-Iron/Cell_COBHIL.gmol,0,
1-Iron/Cell_COBHIL.gmol,1,
1-Iron/Cell_COBHIL.gmol,2,
1-Iron/Cell_COBHIL.gmol,3,
3-Ruthenium/Cell_VAPNIK.gmol,0,
3-Ruthenium/Cell_VAPNIK.gmol,1,
3-Ruthenium/Cell_VAPNIK.gmol,2,
3-Ruthenium/Cell_VAPNIK.gmol,3,
3-Ruthenium/Cell_VAPNIK.gmol,4,
3-Ruthenium/Cell_VAPNIK.gmol,5,
3-Ruthenium/Cell_VAPNIK.gmol,6,
3-Ruthenium/Cell_VAPNIK.gmol,7,
6-Cobalt/Cell_BENCUU.gmol,0,
6-Cobalt/Cell_BENCUU.gmol,1,
6-Cobalt/Cell_BENCUU.gmol,2,
6-Cobalt/Cell_BENCUU.gmol,3,
8-Copper/Cell_DAZMAS.gmol,0,
8-Copper/Cell_DAZMAS.gmol,1,
8-Copper/Cell_DAZMAS.gmol,2,
8-Copper/Cell_DAZMAS.gmol,3,
6-Cobalt/Cell_UNAVIQ.gmol,0,
6-Cobalt/Cell_UNAVIQ.gmol,1,
6-Cobalt/Cell_UNAVIQ.gmol,2,
6-Cobalt/Cell_UNAVIQ.gmol,3,
6-Cobalt/Cell_UNAVIQ.gmol,4,
6-Cobalt/Cell_UNAVIQ.gmol,5,
6-Cobalt/Cell_UNAVIQ.gmol,6,
6-Cobalt/Cell_UNAVIQ.gmol,7,
8-Copper/Cell_ABOWAS.gmol,0,
8-Copper/Cell_ABOWAS.gmol,1,
1-Iron/Cell_CUKMOL.gmol,0,
1-Iron/Cell_CUKMOL.gmol,1,
1-Iron/Cell_CUKMOL.gmol,2,
1-Iron/Cell_CUKMOL.gmol,3,
1-Iron/Cell_CUKMOL.gmol,4,
1-Iron/Cell_CUKMOL.gmol,5,
1-Iron/Cell_CUKMOL.gmol,6,
1-Iron/Cell_CUKMOL.gmol,7,
8-Copper/Cell_INIRIJ.gmol,0,
8-Copper/Cell_INIRIJ.gmol,1,
8-Copper/Cell_INIRIJ.gmol,2,
8-Copper/Cell_INIRIJ.gmol,3,
7-Nickel/Cell_ZIBLEB.gmol,0,
7-Nickel/Cell_ZIBLEB.gmol,1,
3-Ruthenium/Cell_FALDII.gmol,0,
3-Ruthenium/Cell_FALDII.gmol,1,
3-Ruthenium/Cell_FALDII.gmol,2,
3-Ruthenium/Cell_FALDII.gmol,3,
8-Copper/Cell_WUVLAD.gmol,0,
8-Copper/Cell_WUVLAD.gmol,1,
8-Copper/Cell_WUVLAD.gmol,2,
8-Copper/Cell_WUVLAD.gmol,3,
8-Copper/Cell_WUVLAD.gmol,4,
8-Copper/Cell_WUVLAD.gmol,5,
4-Rhenium/Cell_LURNAO.gmol,0,
4-Rhenium/Cell_LURNAO.gmol,1,
4-Rhenium/Cell_LURNAO.gmol,2,
4-Rhenium/Cell_LURNAO.gmol,3,
4-Rhenium/Cell_LURNAO.gmol,4,
6-Cobalt/Cell_FEHSIX.gmol,0,
6-Cobalt/Cell_FEHSIX.gmol,1,
7-Nickel/Cell_VOHSIX.gmol,0,
7-Nickel/Cell_VOHSIX.gmol,1,
7-Nickel/Cell_VOHSIX.gmol,2,
7-Nickel/Cell_VOHSIX.gmol,3,
7-Nickel/Cell_VOHSIX.gmol,4,
7-Nickel/Cell_VOHSIX.gmol,5,
7-Nickel/Cell_VOHSIX.gmol,6,
7-Nickel/Cell_VOHSIX.gmol,7,
7-Nickel/Cell_VOHSIX.gmol,8,
7-Nickel/Cell_VOHSIX.gmol,9,
7-Nickel/Cell_VOHSIX.gmol,10,
7-Nickel/Cell_VOHSIX.gmol,11,
3-Ruthenium/Cell_RIVZAY.gmol,0,
3-Ruthenium/Cell_RIVZAY.gmol,1,
3-Ruthenium/Cell_RIVZAY.gmol,2,
3-Ruthenium/Cell_RIVZAY.gmol,3,
3-Ruthenium/Cell_RIVZAY.gmol,4,
3-Ruthenium/Cell_RIVZAY.gmol,5,
8-Copper/Cell_WIDTIN.gmol,0,
8-Copper/Cell_WIDTIN.gmol,1,
8-Copper/Cell_WIDTIN.gmol,2,
8-Copper/Cell_WIDTIN.gmol,3,
6-Cobalt/Cell_ORECAQ.gmol,0,- Additional SCOPE covalent bonds: ['5:H-82:O']
6-Cobalt/Cell_ORECAQ.gmol,1,- Additional SCOPE covalent bonds: ['5:H-84:O']
6-Cobalt/Cell_ORECAQ.gmol,2,- Additional SCOPE covalent bonds: ['3:O-52:H']
6-Cobalt/Cell_ORECAQ.gmol,3,- Additional SCOPE covalent bonds: ['3:O-60:H']
1-Iron/Cell_SURHAQ.gmol,0,
1-Iron/Cell_SURHAQ.gmol,1,
1-Iron/Cell_SURHAQ.gmol,2,
1-Iron/Cell_SURHAQ.gmol,3,
8-Copper/Cell_UMIYOG.gmol,0,
8-Copper/Cell_UMIYOG.gmol,1,
8-Copper/Cell_UMIYOG.gmol,2,
8-Copper/Cell_UMIYOG.gmol,3,
8-Copper/Cell_UMIYOG.gmol,4,
8-Copper/Cell_UMIYOG.gmol,5,
8-Copper/Cell_UMIYOG.gmol,6,
8-Copper/Cell_UMIYOG.gmol,7,
8-Copper/Cell_UMIYOG.gmol,8,
8-Copper/Cell_UMIYOG.gmol,9,
8-Copper/Cell_UMIYOG.gmol,10,
8-Copper/Cell_UMIYOG.gmol,11,
8-Copper/Cell_UMIYOG.gmol,12,
8-Copper/Cell_UMIYOG.gmol,13,
8-Copper/Cell_PAPTEH.gmol,0,
8-Copper/Cell_XUYVIX.gmol,0,
8-Copper/Cell_XUYVIX.gmol,1,
8-Copper/Cell_XUYVIX.gmol,2,
8-Copper/Cell_XUYVIX.gmol,3,
7-Nickel/Cell_IPIZUD.gmol,0,
7-Nickel/Cell_IPIZUD.gmol,1,
7-Nickel/Cell_IPIZUD.gmol,2,
7-Nickel/Cell_IPIZUD.gmol,3,
6-Cobalt/Cell_OHOPIK.gmol,0,
6-Cobalt/Cell_OHOPIK.gmol,1,
6-Cobalt/Cell_OHOPIK.gmol,2,
6-Cobalt/Cell_OHOPIK.gmol,3,
6-Cobalt/Cell_COLHAM.gmol,0,
6-Cobalt/Cell_COLHAM.gmol,1,
6-Cobalt/Cell_COLHAM.gmol,2,
6-Cobalt/Cell_COLHAM.gmol,3,
6-Cobalt/Cell_COLHAM.gmol,4,
6-Cobalt/Cell_COLHAM.gmol,5,
6-Cobalt/Cell_COLHAM.gmol,6,
6-Cobalt/Cell_COLHAM.gmol,7,
6-Cobalt/Cell_COLHAM.gmol,8,
6-Cobalt/Cell_COLHAM.gmol,9,
8-Copper/Cell_FOQKUR.gmol,0,
8-Copper/Cell_FOQKUR.gmol,1,
8-Copper/Cell_FOQKUR.gmol,2,
8-Copper/Cell_FOQKUR.gmol,3,
6-Cobalt/Cell_QULHIR.gmol,0,
6-Cobalt/Cell_QULHIR.gmol,1,
6-Cobalt/Cell_QULHIR.gmol,2,
6-Cobalt/Cell_QULHIR.gmol,3,
6-Cobalt/Cell_QULHIR.gmol,4,
6-Cobalt/Cell_QULHIR.gmol,5,
2-Manganese/Cell_WUFFAF.gmol,0,
2-Manganese/Cell_WUFFAF.gmol,1,
2-Manganese/Cell_WUFFAF.gmol,2,
2-Manganese/Cell_WUFFAF.gmol,3,
1-Iron/Cell_ODACAZ.gmol,0,
1-Iron/Cell_ODACAZ.gmol,1,
1-Iron/Cell_ODACAZ.gmol,2,
1-Iron/Cell_ODACAZ.gmol,3,
1-Iron/Cell_ODACAZ.gmol,4,
1-Iron/Cell_ODACAZ.gmol,5,
1-Iron/Cell_ODACAZ.gmol,6,
1-Iron/Cell_ODACAZ.gmol,7,
7-Nickel/Cell_PULKUD.gmol,0,
7-Nickel/Cell_PULKUD.gmol,1,
7-Nickel/Cell_PULKUD.gmol,2,
7-Nickel/Cell_PULKUD.gmol,3,
1-Iron/Cell_GUZLES.gmol,0,
1-Iron/Cell_GUZLES.gmol,1,
4-Rhenium/Cell_AHEHOK.gmol,0,
4-Rhenium/Cell_AHEHOK.gmol,1,
4-Rhenium/Cell_AHEHOK.gmol,2,
4-Rhenium/Cell_AHEHOK.gmol,3,
7-Nickel/Cell_HEZNOQ.gmol,0,
7-Nickel/Cell_HEZNOQ.gmol,1,
7-Nickel/Cell_HEZNOQ.gmol,2,
8-Copper/Cell_ITODEB.gmol,0,
8-Copper/Cell_ITODEB.gmol,1,
8-Copper/Cell_ITODEB.gmol,2,
8-Copper/Cell_ITODEB.gmol,3,
8-Copper/Cell_ITODEB.gmol,4,
8-Copper/Cell_ITODEB.gmol,5,
8-Copper/Cell_ITODEB.gmol,6,
8-Copper/Cell_ITODEB.gmol,7,
3-Ruthenium/Cell_DAXVAZ.gmol,0,
3-Ruthenium/Cell_DAXVAZ.gmol,1,
4-Rhenium/Cell_GUPPUC.gmol,0,
4-Rhenium/Cell_GUPPUC.gmol,1,
4-Rhenium/Cell_GUPPUC.gmol,2,
4-Rhenium/Cell_GUPPUC.gmol,3,
7-Nickel/Cell_PIDFOZ.gmol,0,
7-Nickel/Cell_PIDFOZ.gmol,1,
7-Nickel/Cell_PIDFOZ.gmol,2,
7-Nickel/Cell_PIDFOZ.gmol,3,
8-Copper/Cell_FAYMOI.gmol,0,
8-Copper/Cell_FAYMOI.gmol,1,
8-Copper/Cell_FAYMOI.gmol,2,
8-Copper/Cell_FAYMOI.gmol,3,
8-Copper/Cell_FAYMOI.gmol,4,
8-Copper/Cell_FAYMOI.gmol,5,
8-Copper/Cell_FAYMOI.gmol,6,
8-Copper/Cell_FAYMOI.gmol,7,
3-Ruthenium/Cell_QURHET.gmol,0,
3-Ruthenium/Cell_QURHET.gmol,1,
3-Ruthenium/Cell_SOYPUR.gmol,0,
3-Ruthenium/Cell_SOYPUR.gmol,1,
3-Ruthenium/Cell_SOYPUR.gmol,2,
3-Ruthenium/Cell_SOYPUR.gmol,3,
3-Ruthenium/Cell_SOYPUR.gmol,4,
3-Ruthenium/Cell_SOYPUR.gmol,5,
3-Ruthenium/Cell_SOYPUR.gmol,6,
3-Ruthenium/Cell_SOYPUR.gmol,7,
3-Ruthenium/Cell_SOYPUR.gmol,8,
3-Ruthenium/Cell_SOYPUR.gmol,9,
3-Ruthenium/Cell_NIHXOS.gmol,0,
3-Ruthenium/Cell_NIHXOS.gmol,1,
3-Ruthenium/Cell_NIHXOS.gmol,2,
3-Ruthenium/Cell_NIHXOS.gmol,3,
3-Ruthenium/Cell_NIHXOS.gmol,4,
3-Ruthenium/Cell_NIHXOS.gmol,5,
3-Ruthenium/Cell_NIHXOS.gmol,6,
3-Ruthenium/Cell_NIHXOS.gmol,7,
3-Ruthenium/Cell_NIHXOS.gmol,8,
3-Ruthenium/Cell_NIHXOS.gmol,9,
3-Ruthenium/Cell_NIHXOS.gmol,10,
3-Ruthenium/Cell_NIHXOS.gmol,11,
3-Ruthenium/Cell_NIHXOS.gmol,12,
3-Ruthenium/Cell_NIHXOS.gmol,13,
3-Ruthenium/Cell_NIHXOS.gmol,14,
3-Ruthenium/Cell_NIHXOS.gmol,15,
4-Rhenium/Cell_LOWNOA.gmol,0,
4-Rhenium/Cell_LOWNOA.gmol,1,
4-Rhenium/Cell_LOWNOA.gmol,2,
4-Rhenium/Cell_LOWNOA.gmol,3,
3-Ruthenium/Cell_ABESEF.gmol,0,
3-Ruthenium/Cell_ABESEF.gmol,1,
3-Ruthenium/Cell_WEMFOK.gmol,0,
3-Ruthenium/Cell_WEMFOK.gmol,1,
3-Ruthenium/Cell_WEMFOK.gmol,2,
3-Ruthenium/Cell_WEMFOK.gmol,3,
3-Ruthenium/Cell_WEMFOK.gmol,4,
3-Ruthenium/Cell_WEMFOK.gmol,5,
3-Ruthenium/Cell_WEMFOK.gmol,6,
3-Ruthenium/Cell_WEMFOK.gmol,7,
3-Ruthenium/Cell_WEMFOK.gmol,8,
3-Ruthenium/Cell_WEMFOK.gmol,9,
3-Ruthenium/Cell_WEMFOK.gmol,10,
3-Ruthenium/Cell_WEMFOK.gmol,11,
6-Cobalt/Cell_WUTYAL.gmol,0,
6-Cobalt/Cell_WUTYAL.gmol,1,
4-Rhenium/Cell_TATBOG.gmol,0,
4-Rhenium/Cell_TATBOG.gmol,1,
4-Rhenium/Cell_TATBOG.gmol,2,
4-Rhenium/Cell_TATBOG.gmol,3,
4-Rhenium/Cell_UGIVAH.gmol,0,
4-Rhenium/Cell_UGIVAH.gmol,1,
4-Rhenium/Cell_UGIVAH.gmol,2,
4-Rhenium/Cell_UGIVAH.gmol,3,
8-Copper/Cell_KUVPOG.gmol,0,
8-Copper/Cell_KUVPOG.gmol,1,
8-Copper/Cell_KUVPOG.gmol,2,
8-Copper/Cell_KUVPOG.gmol,3,
8-Copper/Cell_KUVPOG.gmol,4,
8-Copper/Cell_KUVPOG.gmol,5,
8-Copper/Cell_KUVPOG.gmol,6,
8-Copper/Cell_KUVPOG.gmol,7,
8-Copper/Cell_KUVPOG.gmol,8,
8-Copper/Cell_KUVPOG.gmol,9,
8-Copper/Cell_KUVPOG.gmol,10,
8-Copper/Cell_KUVPOG.gmol,11,
6-Cobalt/Cell_NIYVUP.gmol,0,
6-Cobalt/Cell_NIYVUP.gmol,1,
6-Cobalt/Cell_NIYVUP.gmol,2,
6-Cobalt/Cell_NIYVUP.gmol,3,
1-Iron/Cell_YARTOC.gmol,0,
1-Iron/Cell_YARTOC.gmol,1,
1-Iron/Cell_YARTOC.gmol,2,
1-Iron/Cell_YARTOC.gmol,3,
1-Iron/Cell_YARTOC.gmol,4,
1-Iron/Cell_YARTOC.gmol,5,
1-Iron/Cell_YARTOC.gmol,6,
1-Iron/Cell_YARTOC.gmol,7,
3-Ruthenium/Cell_NEHLER.gmol,0,
3-Ruthenium/Cell_NEHLER.gmol,1,
3-Ruthenium/Cell_NEHLER.gmol,2,
3-Ruthenium/Cell_NEHLER.gmol,3,
8-Copper/Cell_BEWTUS.gmol,0,
8-Copper/Cell_BEWTUS.gmol,1,
8-Copper/Cell_BEWTUS.gmol,2,
8-Copper/Cell_BEWTUS.gmol,3,
8-Copper/Cell_BEWTUS.gmol,4,
8-Copper/Cell_BEWTUS.gmol,5,
8-Copper/Cell_BEWTUS.gmol,6,
8-Copper/Cell_BEWTUS.gmol,7,
1-Iron/Cell_HAJLAH.gmol,0,
1-Iron/Cell_HAJLAH.gmol,1,
1-Iron/Cell_HAJLAH.gmol,2,
1-Iron/Cell_HAJLAH.gmol,3,
7-Nickel/Cell_HADVOA.gmol,0,
7-Nickel/Cell_HADVOA.gmol,1,
7-Nickel/Cell_HADVOA.gmol,2,
7-Nickel/Cell_HADVOA.gmol,3,
7-Nickel/Cell_HADVOA.gmol,4,
7-Nickel/Cell_HADVOA.gmol,5,
7-Nickel/Cell_HADVOA.gmol,6,
7-Nickel/Cell_HADVOA.gmol,7,
5-Chromium/Cell_AXUXEW.gmol,0,
5-Chromium/Cell_AXUXEW.gmol,1,
5-Chromium/Cell_AXUXEW.gmol,2,
5-Chromium/Cell_AXUXEW.gmol,3,
8-Copper/Cell_CUCSOK.gmol,0,
8-Copper/Cell_CUCSOK.gmol,1,
8-Copper/Cell_CUCSOK.gmol,2,
8-Copper/Cell_CUCSOK.gmol,3,
8-Copper/Cell_CUCSOK.gmol,4,
8-Copper/Cell_CUCSOK.gmol,5,
6-Cobalt/Cell_KESCIW.gmol,0,
6-Cobalt/Cell_KESCIW.gmol,1,
6-Cobalt/Cell_KESCIW.gmol,2,
6-Cobalt/Cell_KESCIW.gmol,3,
6-Cobalt/Cell_KESCIW.gmol,4,
6-Cobalt/Cell_KESCIW.gmol,5,
6-Cobalt/Cell_KESCIW.gmol,6,
6-Cobalt/Cell_KESCIW.gmol,7,
6-Cobalt/Cell_KESCIW.gmol,8,
6-Cobalt/Cell_KESCIW.gmol,9,
6-Cobalt/Cell_KESCIW.gmol,10,
6-Cobalt/Cell_KESCIW.gmol,11,
6-Cobalt/Cell_EROYAL.gmol,0,
6-Cobalt/Cell_EROYAL.gmol,1,
6-Cobalt/Cell_EROYAL.gmol,2,
6-Cobalt/Cell_EROYAL.gmol,3,
6-Cobalt/Cell_EROYAL.gmol,4,
6-Cobalt/Cell_EROYAL.gmol,5,
6-Cobalt/Cell_EROYAL.gmol,6,
6-Cobalt/Cell_EROYAL.gmol,7,
6-Cobalt/Cell_EROYAL.gmol,8,
6-Cobalt/Cell_EROYAL.gmol,9,
6-Cobalt/Cell_EROYAL.gmol,10,
6-Cobalt/Cell_EROYAL.gmol,11,
8-Copper/Cell_TIJPOR.gmol,0,
8-Copper/Cell_TIJPOR.gmol,1,
7-Nickel/Cell_LOPXOD.gmol,0,
7-Nickel/Cell_LOPXOD.gmol,1,
7-Nickel/Cell_LOPXOD.gmol,2,
7-Nickel/Cell_LOPXOD.gmol,3,
5-Chromium/Cell_DUYZII.gmol,0,
5-Chromium/Cell_DUYZII.gmol,1,
6-Cobalt/Cell_AJEPOV.gmol,0,
6-Cobalt/Cell_AJEPOV.gmol,1,
6-Cobalt/Cell_AJEPOV.gmol,2,
6-Cobalt/Cell_AJEPOV.gmol,3,
7-Nickel/Cell_LOBLET.gmol,0,
7-Nickel/Cell_LOBLET.gmol,1,
7-Nickel/Cell_LOBLET.gmol,2,
7-Nickel/Cell_LOBLET.gmol,3,
8-Copper/Cell_NOSNEQ.gmol,0,
8-Copper/Cell_NOSNEQ.gmol,1,
8-Copper/Cell_NOSNEQ.gmol,2,
8-Copper/Cell_NOSNEQ.gmol,3,
1-Iron/Cell_BUXTAQ.gmol,0,
1-Iron/Cell_BUXTAQ.gmol,1,
1-Iron/Cell_BUXTAQ.gmol,2,
1-Iron/Cell_BUXTAQ.gmol,3,
1-Iron/Cell_BUXTAQ.gmol,4,
1-Iron/Cell_BUXTAQ.gmol,5,
1-Iron/Cell_BUXTAQ.gmol,6,
1-Iron/Cell_BUXTAQ.gmol,7,
1-Iron/Cell_BUXTAQ.gmol,8,
1-Iron/Cell_BUXTAQ.gmol,9,
1-Iron/Cell_BUXTAQ.gmol,10,
1-Iron/Cell_BUXTAQ.gmol,11,
1-Iron/Cell_BUXTAQ.gmol,12,
1-Iron/Cell_BUXTAQ.gmol,13,
8-Copper/Cell_COKHIU.gmol,0,
8-Copper/Cell_COKHIU.gmol,1,
8-Copper/Cell_COKHIU.gmol,2,
8-Copper/Cell_COKHIU.gmol,3,
8-Copper/Cell_COKHIU.gmol,4,
8-Copper/Cell_COKHIU.gmol,5,
8-Copper/Cell_COKHIU.gmol,6,
8-Copper/Cell_COKHIU.gmol,7,
8-Copper/Cell_COKHIU.gmol,8,
8-Copper/Cell_COKHIU.gmol,9,
8-Copper/Cell_COKHIU.gmol,10,
8-Copper/Cell_COKHIU.gmol,11,
8-Copper/Cell_COKHIU.gmol,12,
8-Copper/Cell_COKHIU.gmol,13,
8-Copper/Cell_COKHIU.gmol,14,
8-Copper/Cell_COKHIU.gmol,15,
3-Ruthenium/Cell_BOCGOQ.gmol,0,
3-Ruthenium/Cell_BOCGOQ.gmol,1,
3-Ruthenium/Cell_BOCGOQ.gmol,2,
3-Ruthenium/Cell_BOCGOQ.gmol,3,
3-Ruthenium/Cell_BOCGOQ.gmol,4,
3-Ruthenium/Cell_BOCGOQ.gmol,5,
3-Ruthenium/Cell_BOCGOQ.gmol,6,
3-Ruthenium/Cell_BOCGOQ.gmol,7,
7-Nickel/Cell_YAWBEE.gmol,0,
7-Nickel/Cell_YAWBEE.gmol,1,
7-Nickel/Cell_YAWBEE.gmol,2,
7-Nickel/Cell_YAWBEE.gmol,3,
7-Nickel/Cell_YAWBEE.gmol,4,
7-Nickel/Cell_YAWBEE.gmol,5,
1-Iron/Cell_HMPBFE.gmol,0,
8-Copper/Cell_LOZFUB.gmol,0,
8-Copper/Cell_LOZFUB.gmol,1,
8-Copper/Cell_LOZFUB.gmol,2,
8-Copper/Cell_LOZFUB.gmol,3,
8-Copper/Cell_LOZFUB.gmol,4,
8-Copper/Cell_LOZFUB.gmol,5,
8-Copper/Cell_LOZFUB.gmol,6,
8-Copper/Cell_LOZFUB.gmol,7,
6-Cobalt/Cell_REDWEF.gmol,0,
6-Cobalt/Cell_REDWEF.gmol,1,
6-Cobalt/Cell_REDWEF.gmol,2,
6-Cobalt/Cell_REDWEF.gmol,3,
7-Nickel/Cell_CAHNUX.gmol,0,
7-Nickel/Cell_NILDIV.gmol,0,
7-Nickel/Cell_NILDIV.gmol,1,
8-Copper/Cell_NUMNEO.gmol,0,
8-Copper/Cell_NUMNEO.gmol,1,
8-Copper/Cell_NUMNEO.gmol,2,
8-Copper/Cell_NUMNEO.gmol,3,
7-Nickel/Cell_KEWBEW.gmol,0,
7-Nickel/Cell_KEWBEW.gmol,1,
7-Nickel/Cell_KEWBEW.gmol,2,
7-Nickel/Cell_KEWBEW.gmol,3,
3-Ruthenium/Cell_SOFNEH.gmol,0,
3-Ruthenium/Cell_SOFNEH.gmol,1,
3-Ruthenium/Cell_SOFNEH.gmol,2,
3-Ruthenium/Cell_SOFNEH.gmol,3,
8-Copper/Cell_MOHJEA.gmol,0,
8-Copper/Cell_MOHJEA.gmol,1,
8-Copper/Cell_MOHJEA.gmol,2,
8-Copper/Cell_MOHJEA.gmol,3,
8-Copper/Cell_HOSDIC.gmol,0,
8-Copper/Cell_HOSDIC.gmol,1,
8-Copper/Cell_HOSDIC.gmol,2,
8-Copper/Cell_HOSDIC.gmol,3,
7-Nickel/Cell_NISNOT.gmol,0,
6-Cobalt/Cell_PIDVIJ.gmol,0,
6-Cobalt/Cell_PIDVIJ.gmol,1,
6-Cobalt/Cell_PIDVIJ.gmol,2,
6-Cobalt/Cell_PIDVIJ.gmol,3,
6-Cobalt/Cell_PIDVIJ.gmol,4,
6-Cobalt/Cell_PIDVIJ.gmol,5,
6-Cobalt/Cell_ODOWUC.gmol,0,
6-Cobalt/Cell_ODOWUC.gmol,1,
6-Cobalt/Cell_ODOWUC.gmol,2,
6-Cobalt/Cell_ODOWUC.gmol,3,
6-Cobalt/Cell_ODOWUC.gmol,4,
6-Cobalt/Cell_ODOWUC.gmol,5,
8-Copper/Cell_JEGNIS.gmol,0,
8-Copper/Cell_JEGNIS.gmol,1,
8-Copper/Cell_JEGNIS.gmol,2,
8-Copper/Cell_JEGNIS.gmol,3,
7-Nickel/Cell_AMIQIW.gmol,0,
7-Nickel/Cell_AMIQIW.gmol,1,
1-Iron/Cell_CEVXOT.gmol,0,
8-Copper/Cell_QELFIZ.gmol,0,
8-Copper/Cell_QELFIZ.gmol,1,
8-Copper/Cell_QELFIZ.gmol,2,
8-Copper/Cell_QELFIZ.gmol,3,
7-Nickel/Cell_LUSROG.gmol,0,
7-Nickel/Cell_LUSROG.gmol,1,
7-Nickel/Cell_LUSROG.gmol,2,
7-Nickel/Cell_LUSROG.gmol,3,
7-Nickel/Cell_LUSROG.gmol,4,
7-Nickel/Cell_LUSROG.gmol,5,
7-Nickel/Cell_LUSROG.gmol,6,
7-Nickel/Cell_LUSROG.gmol,7,
