file_path,conformer_index,error_message
qm9/c1coc2cncc-2c1.pickle,0,
qm9/Cn1cc2c(n1)OCO2.pickle,0,
qm9/C[C@H]1C[C@H]2CO[C]([NH])[C@@H]12.pickle,0,
qm9/C[C@H]1[C@H]2C=C[C@@H]1[C@H]1O[C@@H]21.pickle,0,
qm9/C[C@H]1CN[C](C(N)=O)[N]1.pickle,0,
qm9/Cc1cc([N+](=O)[O-])c[nH]1.pickle,0,
qm9/CC[C@]12O[C@@H](C)[C@H]1[C@H]2O.pickle,0,
qm9/CC[C@@]1(C)C[C@@H](O)[C@H]1C.pickle,0,
qm9/N#C[C@@H]1[C@@H]2N[C@@H]2[C@@H]1C#N.pickle,0,
qm9/C[C@]12C[C@@]1(C)CC[C@@H]2O.pickle,0,
qm9/CC(C)C1=CC[C@H]2N[C@@H]12.pickle,0,
qm9/OC1C2(CC2)CC12CC2.pickle,0,
qm9/CC#CC[C@@H](O)CCO.pickle,0,
qm9/COc1ncc(C)[nH]1.pickle,0,
qm9/C1O[C@@H]2[C@H]1C[C@@H]1CO[C@@H]12.pickle,0,
qm9/c1c[nH]c(N2CC2)n1.pickle,0,
qm9/CC1=CC(=O)[C@@H]2C[C@H]1O2.pickle,0,
qm9/CNc1cc(O)cn1C.pickle,0,
qm9/C[C@H]([C@@H](C)O)[C@@H](C)C=O.pickle,0,
qm9/ON=C1[C@H]2[C@H]3C[C@@H]1C[C@H]32.pickle,0,
qm9/CC1=C[C@H]2[C@H]3C[CH][C]1[C@@H]23.pickle,0,
qm9/C[C@@H]1[C@@H]2C(=NO)CC[C@H]12.pickle,0,
qm9/C[C@H]1CN(C=O)CCO1.pickle,0,
qm9/CCCN1[C@H]2[C@H]3C[C@H]3[C@H]21.pickle,0,
qm9/CCn1cc(N)nc1C.pickle,0,
qm9/CC1=NC[C@H](C#N)O1.pickle,0,
qm9/CC[C@@H](C)COC(C)C.pickle,0,
qm9/C#C[C@@H]([C@H]1CO1)[C@@H](C)O.pickle,0,
qm9/COc1nc(O)[nH]c1C.pickle,0,
qm9/CCN1[C@H]2[C@@H]3C[C@]3(C)[C@H]21.pickle,0,
qm9/O[C@@]12[C@H]3O[C@@H]1[C@@H]1N[C@H]3[C@@H]12.pickle,0,
qm9/C1C[C@@]23O[C@@H]2C[C@H]2[C@@H]1[C@H]23.pickle,0,
qm9/CC1(C)O[C@H]1C#CC#N.pickle,0,
qm9/CC#CCCC1COC1.pickle,0,
qm9/O=C1CO[C@H]2[C@H]3C[C@@]12C3.pickle,0,
qm9/[NH][C](OC=O)C1COC1.pickle,0,
qm9/C[C@]12CC=C[C@H]1OCO2.pickle,0,
qm9/C[C@H]1C[C@H]1c1ccno1.pickle,0,
qm9/CC(C)(O)C1CCC1.pickle,0,
qm9/O=C1C[C@@H](N2CC2)[C@@H]1O.pickle,0,
qm9/CC[C@@]1(C#N)CN[CH][N]1.pickle,0,
qm9/C[C@]1(O)[C]([NH])N2C[C@@]21C.pickle,0,
qm9/C[C@]12C[C@@H]3[C@H]1[C@]3(C#N)N2.pickle,0,
qm9/C#CC[C@H](C)NCC#N.pickle,0,
qm9/CC1(CCCC=O)CC1.pickle,0,
qm9/C[C@H]1[C@H]2CC(=O)CCN12.pickle,0,
qm9/C[C@@H](O)C[C@@H](O)C1CC1.pickle,0,
qm9/CC1(C)OCC[C@H]2C[C@H]21.pickle,0,
qm9/NC(=O)[C@H]1CN1CC=O.pickle,0,
qm9/C1=C[C@@H]2[C@@H]3C[C@H]1[C@H]2C3.pickle,0,
qm9/C1CO[C@]2(C1)C[C@H]1O[C@H]12.pickle,0,
qm9/CC(C)C[C@H]1O[C@H]1C=O.pickle,0,
qm9/[NH][C]1C[C@]2(CCOC2)O1.pickle,0,
qm9/O[C@@]12[C@@H]3O[C@H]4[C@@H]3[C@@H]1[C@H]42.pickle,0,
qm9/O=CCOc1ccno1.pickle,0,
qm9/C#Cc1nc(C)nn1C.pickle,0,
qm9/Cc1[nH]nnc1C=O.pickle,0,
qm9/O=C1C[C@H]2C[C@@H]3C[C@H]2[C@H]13.pickle,0,
qm9/COc1ncc(F)cn1.pickle,0,
qm9/CCOC(=O)CNC=O.pickle,0,
qm9/COC[C@@]12C[C@H]3[C@@H]1O[C@H]32.pickle,0,
qm9/CCO[C@H]1[C@H]2N[C@H]2[C@H]1C.pickle,0,
qm9/N#C[C@H](O)CCO.pickle,0,
qm9/CC(=O)C[C@H](C)O[CH][NH].pickle,0,
qm9/CC1([C@@H]2C[C@@]2(C)O)CC1.pickle,0,
qm9/C#C[C@@H]1C[C@@H]1CC=O.pickle,0,
qm9/C[C@H]1OC[C@H]1CCC=O.pickle,0,
qm9/O=C[C@]12N[C@H]1C=CC2=O.pickle,0,
qm9/C[C@H]1[C@@H]2[C]([NH])NC(=O)N12.pickle,0,
qm9/CC(C)(C)[C@]12CC[C@H]1O2.pickle,0,
qm9/CC[C@H]1[C@@H](CC)[C@]1(C)O.pickle,0,
qm9/C[C@]12C=C[C@H](O1)[C@H]1O[C@H]12.pickle,0,
qm9/O=C1CO[C@H]2C[C@H](C2)O1.pickle,0,
qm9/C[C@@]1(OC=O)C[C@H]1O.pickle,0,
qm9/OC[C@@]1(O)[C@H]2[C@H]3C[C@@H]1[C@H]32.pickle,0,
qm9/c1noc2c1C1CN2C1.pickle,0,
qm9/CC[C@H]1[C@H]2[C@@H]3C[C@H]2[C@H]13.pickle,0,
qm9/C[C@@]12CN=COC[C@@H]1C2.pickle,0,
qm9/[NH]C1=C[CH]C(=O)N1C=O.pickle,0,
qm9/C#C[C@](O)(C#N)CC=O.pickle,0,
qm9/CC[C@@]12C[C@@H]3C[C@@H]3[C@@H]1C2.pickle,0,
qm9/CC1=N[C@@H](CO)[C]([NH])N1.pickle,0,
qm9/C#C[C@@H]1C=C[C@@H](C)CO1.pickle,0,
qm9/C[N][C][CH]C=O.N#N.pickle,0,
qm9/ON=C1[C@H]2O[C@H]3[C@@H]1N[C@@H]23.pickle,0,
qm9/CC[C@@]1(C(=O)NC)CO1.pickle,0,
qm9/c1nc(C2COC2)co1.pickle,0,
qm9/C[C@@H](O)CC[C@H]1CCO1.pickle,0,
qm9/C[C@H]1[C@@H](O)CC[C@H]1C=O.pickle,0,
qm9/CNC(=NCC=O)OC.pickle,0,
qm9/O[C@@H]1[C@H]2O[C@@H]1C[C@H]1C[C@@H]21.pickle,0,
qm9/C[C@H]1[C@H]2C[C@@H]1[C@H](C#N)C2.pickle,0,
qm9/Cc1ccc(C#N)cn1.pickle,0,
qm9/C[C@]12C=C[C@]34C[C@H]([C@@H]13)[C@H]24.pickle,0,
qm9/O=C[C@]12CC[C@H](CC1)O2.pickle,0,
qm9/CC[C@H]1CCOC(C)=N1.pickle,0,
qm9/O=C[C@H]1N[C@@]12C[C@H]1C[C@H]12.pickle,0,
qm9/O=C1[C@H]2[C@@H]3[C@@H]4C[C@H]2N4[C@H]13.pickle,0,
qm9/C[C@]12OC[C@@]13CC[C@@H]2C3.pickle,0,
qm9/C[C@H]1O[C@]23C[C@@H]4[C@H]2C[C@@]143.pickle,0,
qm9/C[C@@H](CO)COC(N)=O.pickle,0,
qm9/C#CC[C@@]12CCC[C@@H]1C2.pickle,0,
qm9/COc1n[nH]nc1OC.pickle,0,
qm9/C#C[C@H]1C[C@H](C)OCO1.pickle,0,
qm9/O=CNc1ncon1.pickle,0,
qm9/CC#CCc1cc[nH]n1.pickle,0,
qm9/CC[C@@]12N[C@@]3(C)[C@@H]1O[C@H]32.pickle,0,
qm9/CC[C@H]1[C@@H](O)[C@H]1C#N.pickle,0,
qm9/C[C@H]1COC=NC12CC2.pickle,0,
qm9/[NH][C]1OCOCC[C@@H]1O.pickle,0,
qm9/CC[C@@H](O)C12CC(C1)C2.pickle,0,
qm9/C[C@H]1COC(=O)N2C[C@@H]12.pickle,0,
qm9/CC1=CCCCOC1=O.pickle,0,
qm9/CC1(C2COC2)CCC1.pickle,0,
qm9/CCn1ncc(O)c1N.pickle,0,
qm9/CN[C@](C)(C=O)CC#N.pickle,0,
qm9/C[C@@]1(C#N)CCC(=O)O1.pickle,0,
qm9/CNc1ncoc1C.pickle,0,
qm9/COC(=O)C1CC(=O)C1.pickle,0,
qm9/C1[C@H]2C[C@]3(C[C@H]4N[C@H]43)N12.pickle,0,
qm9/O=C1C=C[C@@H](O)COC1.pickle,0,
qm9/CCO[C@H]1C[C@]1(N)C#N.pickle,0,
qm9/CNC(=O)C[C@@H](O)C#N.pickle,0,
qm9/C#C[C@H](C)[C@]12C[C@H]1CO2.pickle,0,
qm9/COC[C@H]1[C@H]2C=CCN21.pickle,0,
qm9/CNC(=O)c1ccno1.pickle,0,
qm9/CC[C@@](C)(OC)[C@@H](C)O.pickle,0,
qm9/C[C@H]1C[C@@]12OC[C@H]1N[C@H]12.pickle,0,
qm9/CN(C=N)C(=O)CC#N.pickle,0,
qm9/O=C1O[C@@]2(CO)CO[C@@H]12.pickle,0,
qm9/C[C@@H](C#N)[C@@]1(C)CN1C.pickle,0,
qm9/N=CNc1ccccn1.pickle,0,
qm9/C1C[C@@H]2N[C@@H]2[C@@H]2N[C@@H]2C1.pickle,0,
qm9/CC(C)(C#CC#N)C=O.pickle,0,
qm9/CN1CCc2ncoc21.pickle,0,
qm9/N#CC1=C[C@@H]2C[C@@H]2C1=O.pickle,0,
qm9/OC[C@H]1O[C@H]2C[C@@H](O)[C@@H]12.pickle,0,
qm9/O[C@@H]1C[C@@H]1[C@@H](O)[C@H]1CN1.pickle,0,
qm9/CNc1n[nH]c(C=O)n1.pickle,0,
qm9/CN[C]1COC([NH])=C1C.pickle,0,
qm9/C[C@@]1(CC(=O)O)CN1.pickle,0,
qm9/N#C[C@H]1O[C@H]1C1CCC1.pickle,0,
qm9/O=C[C@H]1NC(=O)[C@H]1C=O.pickle,0,
qm9/C[C@H]1[C@@H]2[C@H]3C(=O)[C@@H]2N13.pickle,0,
qm9/CC(C)(C#N)C#CC#N.pickle,0,
qm9/O=C1OCC=C2CCN12.pickle,0,
qm9/C#C[C@H]1C[C@@H]2C[C@H]1O2.pickle,0,
qm9/CC[C@H]1C[C@@]12OCC2=O.pickle,0,
qm9/NC(=O)C1=CCCC1=O.pickle,0,
qm9/CC1=N[C@@]2(C)[C@@H](C)[C@H]2O1.pickle,0,
qm9/CC1=N[N]OC([NH])=C1O.pickle,0,
qm9/[NH]C1=C(F)[C](F)C=NO1.pickle,0,
qm9/CC#C[C@H]1CCCC1=O.pickle,0,
qm9/C#C[C@H](CC#N)NC=O.pickle,0,
qm9/CNc1c(O)nnn1C.pickle,0,
qm9/C#CCN=CN(C)C=O.pickle,0,
qm9/CC(=O)[C@@H](O)CO[CH][NH].pickle,0,
qm9/O=CC1=C[C@H]2[C@H]3[C@@H]1CN23.pickle,0,
qm9/N#C[C@@H]1[C@@H]2C[C@H]1C2=O.pickle,0,
qm9/CC(C)C#CC[C@H]1CO1.pickle,0,
qm9/CC[C@H]1OC[C@H]2CO[C@H]21.pickle,0,
qm9/CO[C@@H](C)[C@H]1C[C@H]2O[C@H]21.pickle,0,
qm9/O=C1[C@@H]2C=COC[C@H]1C2.pickle,0,
qm9/C1C[C@H]2[C@H]3[C@H]4[C@@H]1[C@H]4[C@@H]23.pickle,0,
qm9/CO[C@@H](C)C(C)=O.pickle,0,
qm9/CC[C@H]1C[C@@]1(C#N)C=O.pickle,0,
qm9/CC1(C)CO[C@H]1C1CC1.pickle,0,
qm9/C[C@H]1C[C@@]12CO[C@H]1C[C@H]12.pickle,0,
qm9/C[C@H]1[C@H]2C[C@@H]3N2[C@]13CO.pickle,0,
qm9/C1=N[C@H]2CCC=C2CO1.pickle,0,
qm9/[NH][C]1CN=C(NC=O)N1.pickle,0,
qm9/[NH]C1=C(O)CC(O)=CO1.pickle,0,
qm9/CC(C)[C@@H]1[C@@H]2N=CO[C@@H]21.pickle,0,
qm9/O=C1OC[C@]2(CO)CN12.pickle,0,
qm9/C[C@]12C=C[C@H](OC1)OC2.pickle,0,
qm9/CC[C@H](C(N)=O)N1CC1.pickle,0,
qm9/C[C@H]1CCCCCO1.pickle,0,
qm9/CO[C@H]1[C@H]2N3C[C@@]2(C)[C@H]13.pickle,0,
qm9/CCn1ccc(=O)nc1.pickle,0,
qm9/C[C@@H]1[C@@H]2O[C]([NH])C[C@H]12.pickle,0,
qm9/Nc1cn[nH]n1.pickle,0,
qm9/CO[C@H]1[C@@H](O)[C@H]2C[C@@]12O.pickle,0,
qm9/C#CC(=O)N(C)C(=N)N.pickle,0,
qm9/NC(=O)NC1CCC1.pickle,0,
qm9/COC[C@H]1C[C@H]2O[C@@]12C.pickle,0,
qm9/OCCNc1cc[nH]n1.pickle,0,
qm9/CC1(C)C[C]([NH])N1C=O.pickle,0,
qm9/C[C@@]1(O)[C@H]2C[C@]1(O)CO2.pickle,0,
qm9/O=C1N[C@H]2CC=C[C@@H]12.pickle,0,
qm9/N#Cc1ccnc(O)n1.pickle,0,
qm9/O=C1COC1(CO)CO.pickle,0,
qm9/O=CCc1cnn[nH]1.pickle,0,
qm9/Cn1cc(O)c(O)c1N.pickle,0,
qm9/C#C[C@H]1[C@@H]2O[C@]3(C)[C@H]1[C@H]23.pickle,0,
qm9/C#CCCCC.pickle,0,
qm9/CO[C@@H](CO)CCCO.pickle,0,
qm9/CCCC(F)(F)F.pickle,0,
qm9/C[C@H]1C=CCO[C]1[NH].pickle,0,
qm9/CC(C)CCOC(C)C.pickle,0,
qm9/CO[C]1C=NOC([NH])=C1.pickle,0,
qm9/C[C@H]1NCC(=O)N2C[C@@H]12.pickle,0,
qm9/O=C1O[C@H]2CCC[C@@H]1O2.pickle,0,
qm9/C[C@]1(O)[C@@H]2C[C@@H]3[C@H]1[C@@H]3O2.pickle,0,
qm9/C1CN1[C@H]1[C@H]2[C@@H]3C[C@H]2[C@@H]31.pickle,0,
qm9/C[C@@H]1[C@@H]2N[C@H]1[C@@H]2C#N.pickle,0,
qm9/N#CCN1CCC(=O)C1.pickle,0,
qm9/N#C[C@H]1[C@H]2C[C@@H]3[C@H]2CN13.pickle,0,
qm9/C[C@@]1(O)[C@H]2OC3(CC3)[C@H]21.pickle,0,
qm9/CC1(C)C[C@H]2CCO[C@H]21.pickle,0,
qm9/O=CN[C@H]1[C@H]2[C@@H]3O[C@H]2[C@H]13.pickle,0,
qm9/C[C@@]12O[C@@H]([C@H]1O)[C@H]2C#N.pickle,0,
qm9/CC[C@@]1(C=O)CN1C=O.pickle,0,
qm9/CC(CC(C)(C)C)=NO.pickle,0,
qm9/C[C@@H]1[C@H]2[C@@H]3[C@H]4[C@H]([C@H]42)[C@@H]31.pickle,0,
qm9/C[C@@H](O)CCCC#N.pickle,0,
qm9/N#CCCC#CC1CC1.pickle,0,
qm9/C[C@@](O)([C@H]1CN1)[C@H]1CO1.pickle,0,
qm9/N#CCC#CC[C@H]1CO1.pickle,0,
qm9/CC[C@@]1(CC(N)=O)CO1.pickle,0,
qm9/CC(C)(C)C#CC(N)=O.pickle,0,
qm9/N#C[C@H](N)[C@@H](O)C#N.pickle,0,
qm9/CC[C@@]12O[C@H]3C[C@@H]1C[C@H]32.pickle,0,
qm9/C[C@H]1OCC(=O)[C@]1(C)O.pickle,0,
qm9/C#C[C@@H]1CC=C(C)[C@H]1C.pickle,0,
qm9/CC1=CC(=O)C2(CC2)N1.pickle,0,
qm9/C[C@@H](C#N)N1CC[C@H]1C.pickle,0,
qm9/N#C[C@]1(N)C[C@@H](O)C1.pickle,0,
qm9/C#C[C@H](CC#N)CC=O.pickle,0,
qm9/COCc1nc(O)c[nH]1.pickle,0,
qm9/NC(=O)[C@]12CCC[C@H]1O2.pickle,0,
qm9/C#C[C@@H]1O[C]([NH])[C@H]1C.pickle,0,
qm9/C#C[C@]12C[C@H]1C[C@H]2C#N.pickle,0,
qm9/C[C@@]1(c2cnc[nH]2)CN1.pickle,0,
qm9/C[C@]12C[C@@H]3C[C@H]1[C@@H]3[C@H]2O.pickle,0,
qm9/C#C[C@@H]1[C@H](O)CN1C.pickle,0,
qm9/COC[C@@](C)(O)C(N)=O.pickle,0,
qm9/C#C[C@@]1(C)[C@@H]2C[C@H]1O2.pickle,0,
qm9/COCCCC(C)=O.pickle,0,
qm9/CC[C@@H]1C=CC(=NC)O1.pickle,0,
qm9/CC(=O)[C@]12CC[C@@]1(O)C2.pickle,0,
qm9/C#CC1=CC(=O)CCC1.pickle,0,
qm9/CCN=C1C[C@@H](O)CO1.pickle,0,
qm9/CN(C=N)C(=O)[C@H]1CN1.pickle,0,
qm9/C#C[C@@H]1C(=O)NC[C@@H]1C.pickle,0,
qm9/O=CC[C@]12CC[C@H](C1)O2.pickle,0,
qm9/[NH2]=CN[C]1C(=O)ON=C1.pickle,0,
qm9/C1O[C@]23CCN(C2)[C@@H]13.pickle,0,
qm9/N#C[C@@H]1[C@@H]2C[C@@H](O)[C@@]21N.pickle,0,
qm9/O=C1CCc2nccn21.pickle,0,
qm9/CC#C[C@]12CO[C@H](C1)C2.pickle,0,
qm9/CO[C@@H](C)[C@@]12CCN1C2.pickle,0,
qm9/Nc1coc2nc[nH]c12.pickle,0,
qm9/C1C[C@@H]2[C@@H](CC23CC3)O1.pickle,0,
qm9/N#C[C@@]12[C@@H]3C[C@H]4[C@@H]3N1[C@H]42.pickle,0,
qm9/OCC1=NCCOCO1.pickle,0,
qm9/C[C@@]12[C@H]3[C@H]4CC[C@@H]1[C@H]4[C@H]32.pickle,0,
qm9/CCC[C@@]1(C)C[C@H]1OC.pickle,0,
qm9/C[C@H]1CC=C(C2CC2)C1.pickle,0,
qm9/C[C@]12O[C@H]1[C@H]1CC[C@H]12.pickle,0,
qm9/C[C@H]1C[C@@]12CCC(=O)C2.pickle,0,
qm9/C[C@@H]1CC[C@]12[C@@H](C)[C@H]2O.pickle,0,
qm9/N#CC(=O)[C@H]1O[C@H]1C#N.pickle,0,
qm9/C#C[C@H]1C[C@@]2(C#C)O[C@@H]12.pickle,0,
qm9/O[C@H]1CCO[C@H]2C[C@@]12O.pickle,0,
qm9/CC[C@@H]1C(=O)C[C@@H]1CO.pickle,0,
qm9/C#C[C@@H]1CC[C@@H]1CCO.pickle,0,
qm9/C[C@H]1[C@H]2[C@H]3C[C@H]3C[C@@]12C.pickle,0,
qm9/N#CC#CCCN1CC1.pickle,0,
qm9/COC[C@@H](C)CCC=O.pickle,0,
qm9/Cc1nc(C#N)c(N)[nH]1.pickle,0,
qm9/NCc1nc(CO)co1.pickle,0,
qm9/C#Cc1oc(C)nc1N.pickle,0,
qm9/C[C@]12[C@@H](CO)[C@H]1C[C@H]2O.pickle,0,
qm9/CCC#CC(=O)CC.pickle,0,
qm9/C#C[C@@H]1[C@@H]2N[C@@H]2C1(C)C.pickle,0,
qm9/C1=Cc2n[nH]nc2CC1.pickle,0,
qm9/O=C1C[C@@]23C[C@H]4[C@@H]2[C@@H]1N43.pickle,0,
qm9/C#C[C@]12C[C@H]1C(C)(C)O2.pickle,0,
qm9/CC(=O)CCC#CC=O.pickle,0,
qm9/CCCNc1ccno1.pickle,0,
qm9/C[C@@]1(CNCC#N)CN1.pickle,0,
qm9/CC[C@H]1C[C@@H](O)CCO1.pickle,0,
qm9/Cc1ccccc1C#N.pickle,0,
qm9/C[C@H]1[C@@H]2[C@H]3[C@H](O)[C@@H]2[C@@]13O.pickle,0,
qm9/C#C[C@H](O)[C@H](C)OC.pickle,0,
qm9/C1=CCCCCC=CC1.pickle,0,
qm9/O=COC=NCC1CC1.pickle,0,
qm9/C#C[C@H]1C[C@H]2CC[C@@H]12.pickle,0,
qm9/C#Cc1ncc(CO)o1.pickle,0,
qm9/C1C[C@@H]2C[C@@H]3O[C@@H]3C[C@H]12.pickle,0,
qm9/Cc1c[nH]c2occc12.pickle,0,
qm9/CC(C)c1c[nH]cc1N.pickle,0,
qm9/N#CC1=CC(=NO)CN1.pickle,0,
qm9/O=C[C@]12C[C@H]1OC(=O)O2.pickle,0,
qm9/CC(=O)C[C@H](C#N)C=O.pickle,0,
qm9/C[C@@]12CC[C@@H]3[C@H]4[C@@H]3[C@@H]1N42.pickle,0,
qm9/CC1=C[C@@H](C)OCC1.pickle,0,
qm9/C1CN2[C@H]3[C@@H]4O[C@@]3(C1)[C@@H]42.pickle,0,
qm9/C#C[C@@]12NC=N[C@@H]1[C@@H]2N.pickle,0,
qm9/O=C1C=CCOC(=O)N1.pickle,0,
qm9/COCc1noc(=O)o1.pickle,0,
qm9/OC[C@H]1COC[C@H]2O[C@@H]12.pickle,0,
qm9/C1OC[C@H]2C[C@H](C2)O1.pickle,0,
qm9/C1O[C@H]1[C@H]1CCC12CC2.pickle,0,
qm9/Cc1ccn(C2CC2)n1.pickle,0,
qm9/CN1[C@@H](C#N)C1(C)C.pickle,0,
qm9/[NH]c1[nH]c(C=O)cnc1.pickle,0,
qm9/CC(C)n1nnnn1.pickle,0,
qm9/CC1(C#C[C@H]2CN2)CC1.pickle,0,
qm9/NC1=CC(=O)[C@H]2CN2C1.pickle,0,
qm9/C[C@]12N[C@H]1C=C[C@H]2C#N.pickle,0,
qm9/N#C[C@]12C[C@H]1C[C@H]1O[C@H]12.pickle,0,
qm9/C[C@H]1CC(=O)NC(N)=N1.pickle,0,
qm9/C1c2nn[nH]c2[C@H]2C[C@@H]12.pickle,0,
qm9/CCC[C@@H](C)C(=O)C=O.pickle,0,
qm9/NC(=O)Cn1cncn1.pickle,0,
qm9/CC1(C)[C@H]2COC[C@]21O.pickle,0,
qm9/C[C@H]1[C]([NH])OCC1=O.pickle,0,
qm9/C[C@H]1[C@@H](O)C[C@H]2C[C@]21C.pickle,0,
qm9/C[C@H]1CN2C(=O)C=C[C@@H]12.pickle,0,
qm9/N#C[C@H]1CO[C@H]2C[C@H]2O1.pickle,0,
qm9/[NH][C]1C=NC(=O)OC=N1.pickle,0,
qm9/O=C[C@H]1[C@H]2COCCN21.pickle,0,
qm9/CC1(C)[N][C]2N[C@H]3[C@@H]1[C@@H]23.pickle,0,
qm9/C[C@]12O[C@H]1[C@H]1OC=N[C@H]12.pickle,0,
qm9/CCN1[C@H](C#N)[C@@H]1CO.pickle,0,
qm9/C[C@H]1O[C@H]1c1ncc[nH]1.pickle,0,
qm9/CCCc1ncoc1C.pickle,0,
qm9/Nc1cccc(F)c1F.pickle,0,
qm9/C[C@H]1[C@H]2[C@H](NC=O)CN12.pickle,0,
qm9/COC[C@H]1[C@H]2CCO[C@H]21.pickle,0,
qm9/CC(C)[C@H]1C[C@H]2C[C@H]2C1.pickle,0,
qm9/CC#C[C@@H](CC)NC=O.pickle,0,
qm9/CNc1cc2n(c1)CC2.pickle,0,
qm9/[NH][C]1C[C@@H](O)COCO1.pickle,0,
qm9/CN=C(N)N(C=O)C=O.pickle,0,
qm9/CCC(=O)[C@@]1(O)C[C@H]1O.pickle,0,
qm9/C[C@H]1CCC=C1CO.pickle,0,
qm9/C[C@@H]1[C@@]2(O)C=C[C@]1(O)C2.pickle,0,
qm9/Nc1nn[nH]c1NC=O.pickle,0,
qm9/CC1=C(CO)C(=O)CC1.pickle,0,
qm9/CC1=CCOCCC1.pickle,0,
qm9/OCC1(CO)CC(O)C1.pickle,0,
qm9/C[C@H]1[C@H]2[C@@H](O)[C@H]2[C@H]2CN12.pickle,0,
qm9/[NH][C]1CCOCCO1.pickle,0,
qm9/N#C[C@H]1CCC12COC2.pickle,0,
qm9/N[C@]12C[C@H]1N[C@H]2C(=O)O.pickle,0,
qm9/C1=Cn2nncc2CC1.pickle,0,
qm9/COC[C@@]1(C)[C@H]2CC[C@H]21.pickle,0,
qm9/O=C1CC(CCCO)C1.pickle,0,
qm9/c1cc2c(o1)CCCC2.pickle,0,
qm9/[NH3][C@@H](CN)c1nnnn1.pickle,0,
qm9/C[C@]12CN1[C@@]1(C#N)C[C@@H]21.pickle,0,
qm9/[NH][C]1OCC[C@H]1OC=O.pickle,0,
qm9/CC[C@@]1(C(N)=O)CN1C.pickle,0,
qm9/CCC(C)(C)OC=NC.pickle,0,
qm9/CN1C[C@H]1c1c[nH]cn1.pickle,0,
qm9/COC[C@@]1(C)C[C@H]2C[C@H]21.pickle,0,
qm9/CC#C[C@@]1(C)CCOC1.pickle,0,
qm9/C[C@H]1CO[C@]1(C)CO.pickle,0,
qm9/C1C[C@@]23C[C@H](C[C@@H]2C3)O1.pickle,0,
qm9/CC[C@@H]1[C@H](N2CC2)[C@@H]1O.pickle,0,
qm9/CC1=C[C@]2(C)C[C@@H]2[C@@H]1C.pickle,0,
qm9/CC[C@H]1[C@H]2C[C@@H](O)CN12.pickle,0,
qm9/C[C@@]12C[C@H]3[C@@H]1[C@@H](C=O)N32.pickle,0,
qm9/CC1=C(C)COCCC1.pickle,0,
qm9/C#C[C@H](C)C12CN(C1)C2.pickle,0,
qm9/C1=C(C2CC2)CCC1.pickle,0,
qm9/O=C[C@H]1CNC(=O)OC1.pickle,0,
qm9/C[C@H]1[C@H]2C=C[C@@H](C)[C@@]12C.pickle,0,
qm9/CC[C@@]12[C@H]3C[C@@H]1[C@H]3N2C.pickle,0,
qm9/CC(C)[C@H](C#N)CO.pickle,0,
qm9/CO[C@@H]1C=CC(=O)O1.pickle,0,
qm9/CN=C1OC[C@@]2(C)O[C@@H]12.pickle,0,
qm9/c1ncc(N2CC2)nn1.pickle,0,
qm9/CC[C@H]1[C@@H](CO)C1(C)C.pickle,0,
qm9/CC1=C(C)[C@H](C#N)OC1.pickle,0,
qm9/N#C[C@H](O)c1c[nH]nn1.pickle,0,
qm9/O[C@H]1C=C[C@H]2[C@H]3[C@@H]1CN23.pickle,0,
qm9/NC(=O)[C@H]1CNC(=O)O1.pickle,0,
qm9/O=C[C@]1(CCCO)CN1.pickle,0,
qm9/C[C@@H](O[CH][NH])[C@H]1CO1.pickle,0,
qm9/C#CCC1=C[C@H]2C[C@@H]1C2.pickle,0,
qm9/COCCC[C]([NH])OC.pickle,0,
qm9/C[C@H]1N[C@H]1CC(=O)CO.pickle,0,
qm9/CC1=CCC[C@H](C)CC1.pickle,0,
qm9/C1=C[C@@H](C2CCC2)CC1.pickle,0,
qm9/C[C@@]1(C(N)=O)NCC1=O.pickle,0,
qm9/C[C@@H]1[C@@H]2N3CC[C@]2(O)[C@@H]13.pickle,0,
qm9/C[C@@H](CO)O[C@H]1C[C@H]1C.pickle,0,
qm9/C[C@@]12C[C@H]3[C@@H]1CO[C@]32C.pickle,0,
qm9/C[C@@H](O)[C@@]1(C)C[C@H]1CO.pickle,0,
qm9/C#C[C@@H]1C[C@H](C)[C@@H]1O.pickle,0,
qm9/C[C@]1(O)[C@@H]2N[C@H]1[C@@]2(C)O.pickle,0,
qm9/CCC(CC)[C@H]1CO1.pickle,0,
qm9/CC[C@H]1OCC12CCC2.pickle,0,
qm9/O=C1C[C@@H]2CC[C@]2(O)C1.pickle,0,
qm9/CC1=CC[C@H]2CC[C@@]12O.pickle,0,
qm9/N#CC1CN(C(N)=O)C1.pickle,0,
qm9/C[C@@H](O)[C@@H](C=O)C(N)=O.pickle,0,
qm9/Oc1noc2c1COC2.pickle,0,
qm9/CNC1=C(C)O[C@@H]([NH])O1.pickle,0,
qm9/C[C@H]1C[C@H]2OC=N[C@@H]12.pickle,0,
qm9/N#C[C@H]1[C@@H](O)[C@H]2C[C@@]12O.pickle,0,
qm9/N[C@@H]1C(=O)OCC[C@@H]1O.pickle,0,
qm9/CO[C@H]1CCN[C@H]1C#N.pickle,0,
qm9/Cc1nccnc(=O)n1.pickle,0,
qm9/CC1(C23CN(C2)C3)CC1.pickle,0,
qm9/CO[C@H]1CN2[C@H]3C[C@H]3[C@@H]12.pickle,0,
qm9/CC[C@@](C)(CO)C1CC1.pickle,0,
qm9/O=C1C[C@@H]2[C@H]1[C@@H]1[C@@H](O)[C@H]21.pickle,0,
qm9/N#CC#CCCCC=O.pickle,0,
qm9/C#CCn1cccc1N.pickle,0,
qm9/COC(=O)C1CC=CC1.pickle,0,
qm9/CC[C@H]1[C@H]2[C@@H](C)C[C@@]12O.pickle,0,
qm9/CC#C[C@H](CC)C(N)=O.pickle,0,
qm9/C#CC(=O)CNC(C)=O.pickle,0,
qm9/O[C@H]1CC[C@H]2C[C@H]3[C@@H]1N23.pickle,0,
qm9/N#C[C@@H]1[C@@H]2CO[C@]12CO.pickle,0,
qm9/O=C1CC=C(CO)N1.pickle,0,
qm9/O=C[C@H]1[C@H]2CC(=O)[C@@H]1O2.pickle,0,
qm9/[NH][CH]OCC#CCO.pickle,0,
qm9/C[C@@]12CCC(=O)[C@@H]1OC2.pickle,0,
qm9/C[C@@H](O)[C@H]1OC12CCC2.pickle,0,
qm9/Nc1c(O)[nH]c(O)c1O.pickle,0,
qm9/N#C[C@@H]1C[C@@H](C=O)CO1.pickle,0,
qm9/O[C@H]1C[C@@]12CC=C[C@H]2O.pickle,0,
qm9/COCC(=O)[C@@]1(C)CN1.pickle,0,
qm9/C#CC(=O)C#CC.pickle,0,
qm9/CCC#CCC[C@H]1CO1.pickle,0,
qm9/C#C[C@@](C)(N)[C@@H](N)C#N.pickle,0,
qm9/CC1=NN[C@H](O)N=C1[NH].pickle,0,
qm9/C#CC1=C[C@H](C)C(=O)C1.pickle,0,
qm9/C[C@@]12CC(=O)[C@@H](C1)O2.pickle,0,
qm9/N=CNc1c[nH]nn1.pickle,0,
qm9/C[C@H]1OC[C@@]2(CO)C[C@@H]12.pickle,0,
qm9/CC1(C)O[C@]1(C)C#N.pickle,0,
qm9/C#C[C@@H]1NC(C)(C)C1=O.pickle,0,
qm9/C1=Cc2c[nH]cc2C1.pickle,0,
qm9/C[C@H]1OC[C@]2(CO2)C1=O.pickle,0,
qm9/O=CC1([C@H]2CN2)COC1.pickle,0,
qm9/N#CC1(CC=O)CC1.pickle,0,
qm9/O=C[C@@H]1CC=C[C@@H]1CO.pickle,0,
qm9/C[C@]12N[C@H]1C(=O)N1C[C@H]12.pickle,0,
qm9/CN(C)c1ccnn1C.pickle,0,
qm9/O[C@]12C[C@H]1C[C@H]1O[C@H]12.pickle,0,
qm9/C#CC(=O)C(=O)C(C)C.pickle,0,
qm9/N=C(N)N(C=O)C=O.pickle,0,
qm9/C[C@@]1(C=O)[C@H]2O[C]([NH])[C@H]21.pickle,0,
qm9/N#CC(=O)C1CC1.pickle,0,
qm9/CN=C1C[C@@H](OC)CO1.pickle,0,
qm9/O=C1O[C@H]2COC[C@H]2O1.pickle,0,
qm9/Nc1occc1[C@H]1CN1.pickle,0,
qm9/O=C[C@]12CO[C@@H]3[C@H](C1)[C@@H]32.pickle,0,
qm9/COC12CN(C1)[C@H]2C#N.pickle,0,
qm9/CCNc1cc[nH]c1C.pickle,0,
qm9/O[C@@]12CC[C@@H](C1)[C@H]1C[C@H]12.pickle,0,
qm9/C1=C2CCC[C@]23O[C@@H]3C1.pickle,0,
qm9/CC(=O)C1(C)OCCO1.pickle,0,
qm9/C[C@@H](CO)NC(=N)C=O.pickle,0,
qm9/Cc1noc2c1CCO2.pickle,0,
qm9/CO[C@@H](CO)CNC=O.pickle,0,
qm9/Cc1cn(C=O)cc1N.pickle,0,
qm9/C#C[C@@]12[C@@H](C)[C@H]3CN1[C@H]32.pickle,0,
qm9/O=C1CC[C@@H]2[C@H]1[C@@H]1C[C@H]21.pickle,0,
qm9/CC#C[C@H]1CN=C(N)O1.pickle,0,
qm9/O=C1C[C@H]2N1C21CCC1.pickle,0,
qm9/N#C[C@@]1(CN2CC2)CN1.pickle,0,
qm9/N#CC1=CCO[C@@H]1C#N.pickle,0,
qm9/C[C@@]12[C@H]3C[C@]1(C=O)C[C@H]32.pickle,0,
qm9/C#C[C@H](CC(C)=O)OC.pickle,0,
qm9/CN1N=NN(C=O)[C@@H]1[NH].pickle,0,
qm9/C#C[C@]1(CC)COC1=O.pickle,0,
qm9/OCC[C@@H]1[C@@H]2C[C@@H]3[C@H]1[C@@H]32.pickle,0,
qm9/Cc1c(F)cn[nH]c1=O.pickle,0,
qm9/C#CC(=O)C#C[C@H]1CO1.pickle,0,
qm9/C[C@@H]1COC[C@@]12C[C@@H]2C.pickle,0,
qm9/O=CC(=O)N(C=O)C=O.pickle,0,
qm9/CCOc1cn[nH]c1C.pickle,0,
qm9/CC(=O)NC(=O)[C@@H](C)O.pickle,0,
qm9/O=CO[C@H]1[C@H]2[C@H]3C[C@H]3[C@@H]12.pickle,0,
qm9/N#CC1=C[C@@H](C#N)NC1.pickle,0,
qm9/[NH]C1=C[N]C=C(N)O1.pickle,0,
qm9/C1CO[C@@H]2CC[C@@H]2CO1.pickle,0,
qm9/CC(=O)[C@H]1[C@@H](C)CN1C.pickle,0,
qm9/ON=C1C=CC2(CC2)C1.pickle,0,
qm9/C#C[C@H](O)C(C)C.pickle,0,
qm9/N=CN(C=O)C1CCC1.pickle,0,
qm9/C#C[C@@H](C#N)NCCO.pickle,0,
qm9/CC#C[C@H]1C[C@@]2(C)N[C@@H]12.pickle,0,
qm9/N#C[C@@H]1CC=CCOC1.pickle,0,
qm9/C[C@H]1CN[C@@H](C#N)[C@H]1N.pickle,0,
qm9/C[C@@]1(CCO)O[C@H]2C[C@H]21.pickle,0,
qm9/N#C[C@H](O)CC(N)=O.pickle,0,
qm9/C[C@H]1[C@H]2C[C@H]2[C@]1(O)CO.pickle,0,
qm9/CO[C@@]1(C)C[C@@H](O)CO1.pickle,0,
qm9/O=C1C[C@H]2CO[C@H]2CO1.pickle,0,
qm9/C#C[C]1CC[C@@H]2OC[C]12.pickle,0,
qm9/CC(C)C1CC1.pickle,0,
qm9/CC#C[C@@]1(O)CN[C]1[NH].pickle,0,
qm9/C[C@H]1[C@H]2O[C@H]2[C@]1(C)C#N.pickle,0,
qm9/C[C@]12C[C@H]1CC[C@H]2C#N.pickle,0,
qm9/Cc1ccc(N)cc1N.pickle,0,
qm9/OC[C@@]12C=C[C@@H](CO1)O2.pickle,0,
qm9/CC1=COC([NH])=C([NH])N1.pickle,0,
qm9/C1N[C@@H]2[C@@H]3O[C@H]1CO[C@H]23.pickle,0,
qm9/C#Cc1ccccc1O.pickle,0,
qm9/C[C@H]1[C@@H]2[C@H]3COC[C@@H]2N13.pickle,0,
qm9/C#C[C@@H]1OC[C@@H]1C(C)C.pickle,0,
qm9/CN=C1O[C@@H]2C[C@H]1[C@H]2O.pickle,0,
qm9/CCCC[C@H]1CN1C.pickle,0,
qm9/C#C[C@H](C)[C@H]1O[C@H]2C[C@H]21.pickle,0,
qm9/N#C[C@@]12C[C@@H]1N[C@@H]2CO.pickle,0,
qm9/N#CC(=O)c1cc[nH]c1.pickle,0,
qm9/Cc1ccc(O)cc1O.pickle,0,
qm9/C[C@H]1[C@H]2C=C[C@@H](C=O)N12.pickle,0,
qm9/O=C[C@@]12C[C@H](CO)N1C2.pickle,0,
qm9/CC(C)[C@H]1O[C@H]1C1CC1.pickle,0,
qm9/O[C@H]1CN2C[C@@]12[C@H]1CN1.pickle,0,
qm9/C[C@H]1CNC(=O)N[C]1[NH].pickle,0,
qm9/CNc1cc(C)ncn1.pickle,0,
qm9/C1=C[C@@H]2O[C@@H]3[C@H]1OC[C@H]23.pickle,0,
qm9/C#CC#C[C@H](C)N1CC1.pickle,0,
qm9/C#C[C@@H]1OC[C@@]1(O)C#C.pickle,0,
qm9/CC[C@@]1(C#N)CCCN1.pickle,0,
qm9/O=Cc1cc(F)ccn1.pickle,0,
qm9/C#CCc1cc(O)c[nH]1.pickle,0,
qm9/C1[C@H]2C[C@H]3[C@H]4[C@@H]1C[C@@H]2N34.pickle,0,
qm9/CC1(C)[C@H]2C[C@H]3C[C@@H]1[C@H]32.pickle,0,
qm9/C#CCCC[C@@H]1CN1C.pickle,0,
qm9/C[C]([NH])OC1(C=O)CC1.pickle,0,
qm9/O=C1C=C[C@@]2(O)C[C@H]2O1.pickle,0,
qm9/CC(=O)[C@]12N[C@H]1[C@H]1C[C@H]12.pickle,0,
qm9/C[C@@H](O)[C@H]1[C@H]2C[C@@H](O)[C@@H]12.pickle,0,
qm9/C[C@@H](O)[C@]12C[C@H]1[C@H]1C[C@H]12.pickle,0,
qm9/CC(=O)[C@@H](O)C[C@H]1CO1.pickle,0,
qm9/CC[C@]1(O)CC=CCC1.pickle,0,
qm9/CO[C@H]1OCC=C1C=O.pickle,0,
qm9/C#Cc1nc(N)c(N)o1.pickle,0,
qm9/CC[C@H]1C[C@@H](OC)[C@H]1C.pickle,0,
qm9/CC(=O)n1ncnc1C.pickle,0,
qm9/CC#C[C@@H](O)[C@H]1CN1.pickle,0,
qm9/C[C@H]1Oc2c[nH]nc2O1.pickle,0,
qm9/C[C@@H](O)[C@H]1C[C@H]1N1CC1.pickle,0,
qm9/O=C1NC[C@@H]1CO.pickle,0,
qm9/CC#CC[C@@]1(C=O)CN1.pickle,0,
qm9/C[C@H]1CN2C[C@]3(CN3)[C@@H]12.pickle,0,
qm9/CC1=C[C@H]2C(=O)[C@@H]1[C@H]2C.pickle,0,
qm9/O[C@H]1CCn2ncnc21.pickle,0,
qm9/CNC(=O)[C@H]1CCN1C.pickle,0,
qm9/C[C@]12CN1C[C@]1(CN1)C2.pickle,0,
qm9/C[C@H]1CNC(=O)N1C=O.pickle,0,
qm9/CCC(=O)COCC=O.pickle,0,
qm9/CC1=CC[C@@H]2CO[C@H]1O2.pickle,0,
qm9/CC1=N[C@H](C)C(C)(C)O1.pickle,0,
qm9/Cc1cc([C@H]2CN2)c[nH]1.pickle,0,
qm9/C#Cc1cn(C=O)nn1.pickle,0,
qm9/C#Cc1ccc(C)n1C.pickle,0,
qm9/OC[C@H]1[C@@H]2C=C[C@H]1O2.pickle,0,
qm9/C[C@H]1NCC(=O)[C@H]1C#N.pickle,0,
qm9/Nc1nc2oncn2n1.pickle,0,
qm9/C#C[C@@H]1[C@@H]2N[C@H]1C2=O.pickle,0,
qm9/C[C@@H]1[C@H](CCO)O[C@@H]1C.pickle,0,
qm9/CCC[C@@H](C#N)[C@@H](C)O.pickle,0,
qm9/C[C@H]1OC[C@H](C=O)CO1.pickle,0,
qm9/CC[C@H](C#N)NCC=O.pickle,0,
qm9/C1C[C@@H]2C[C@@H]3C[C@@H]3[C@@H]2C1.pickle,0,
qm9/CC1(C)N[C@@H](C#N)[C@H]1O.pickle,0,
qm9/C1=NCc2onnc2N1.pickle,0,
qm9/C[C@]12CCC[C@H](CC1)O2.pickle,0,
qm9/O=CO[C@H]1COC(=O)C1.pickle,0,
qm9/O[C@H]1C[C@@]12O[C@H]1C[C@H]12.pickle,0,
qm9/CC(C)[C@H]1NC(=O)[C@H]1C.pickle,0,
qm9/N#CC1=CCC[C@H]2N[C@@H]12.pickle,0,
qm9/C#C[C@H]1[C@H]2C[C@H]3CN1[C@H]32.pickle,0,
qm9/CC(=O)Oc1ccc[nH]1.pickle,0,
qm9/O=C1N[C@H]2[C@H]3CO[C@@H]1[C@H]32.pickle,0,
qm9/C1=N[C@H]2C[C@H]2N=CN1.pickle,0,
qm9/NC(=O)Oc1ccon1.pickle,0,
qm9/O=COC1=NCC(=O)C1.pickle,0,
qm9/C[C@H]1CN2[C@H]3C[C@]1(C)[C@H]32.pickle,0,
qm9/COc1cnc(C)o1.pickle,0,
qm9/CCCO[C@@]1(C)C[C@H]1C.pickle,0,
qm9/C[C@H]1C[C@@]23C[C@@H]([C@H]2O)[C@@H]13.pickle,0,
qm9/CC#C[C@@H](CO)NC=O.pickle,0,
qm9/C[C@H]1C[C@@H]2CN1CC2=O.pickle,0,
qm9/CC[C@H]1N2CC1(O)C2.pickle,0,
qm9/C[C@@H]1C(=O)CO[C@@H]2C[C@H]12.pickle,0,
qm9/O=C[C@@H]1C[C]2[CH]CCN21.pickle,0,
qm9/CN=C1CN(C)C(=O)O1.pickle,0,
qm9/CCCCC[C@@H](C)CC.pickle,0,
qm9/CC[C@]12[C@@H]3O[C@H]1[C@H]2[C@@H]3O.pickle,0,
qm9/O=C[C@]12N[C@H]1[C@H]1C[C@@H]2O1.pickle,0,
qm9/COC(=O)NC(C)C.pickle,0,
qm9/O=C1N[C@H]2[C@H]3C=CN1[C@@H]23.pickle,0,
qm9/C[C@H]1C[C@H]2O[C@@H]3[C@H]2C[C@H]13.pickle,0,
qm9/C[C@H]1OC[C@@]12NC[C@H]2O.pickle,0,
qm9/C#C[C@H](C)[C@@H](O)CC#N.pickle,0,
qm9/C[C@H]1N2[C@@H]3C[C@]3(O)[C@@]12C.pickle,0,
qm9/C[C@]12CO[C@](C)(C1)[C@H]2O.pickle,0,
qm9/CCO[C@@H](C=O)C(N)=O.pickle,0,
qm9/Fc1cncc(F)c1.pickle,0,
qm9/O=C[C@]12[C@@H]3C[C@H]1C[C@H]2C3.pickle,0,
qm9/O=C[C@@H]1[C@H](O)[C@H](O)[C@@H]1O.pickle,0,
qm9/C#C[C@H](CO)[C@H]1CCO1.pickle,0,
qm9/[O]C(=O)[C@@]12C[C@@H](C1)C[NH2]2.pickle,0,
qm9/O=C[C@H]1CC(=O)CCO1.pickle,0,
qm9/Cc1occ2[nH]cnc12.pickle,0,
qm9/C[C@H]1[C@H]2[C@H]3COC[C@H]3N12.pickle,0,
qm9/C[C@@]1(C2CC2)NCC1=O.pickle,0,
qm9/CC1=CC(F)=C([NH])NC1.pickle,0,
qm9/CN=CN1[C@H]2C[C@@H]1C2=O.pickle,0,
qm9/N#Cc1ccn(C=O)c1.pickle,0,
qm9/CO[C@]1(C#N)C[C@H](C)C1.pickle,0,
qm9/C#C[C@@H]1C[C@H]2O[C@@H]1C2=O.pickle,0,
qm9/C1=C[C@@H]2[C@@H]3[C@H](C1)OC[C@H]23.pickle,0,
qm9/CC[C@@]12CC=C[C@@H]1C2.pickle,0,
qm9/NC(=O)C[C@H]1CNC1=O.pickle,0,
qm9/C#CCC#C[C@@H](C)C=O.pickle,0,
qm9/C#C[C@@H]1O[C@@H]1COCC.pickle,0,
qm9/N#C[C@H](N)C#CCO.pickle,0,
qm9/CC[C@]12[C]3[N]C[C@H]1[C@H]2O3.pickle,0,
qm9/Nc1noc(C=O)c1N.pickle,0,
qm9/c1nncc2c[nH]cc12.pickle,0,
qm9/C[C@@]1(C#N)[C@@H](O)C[C@H]1O.pickle,0,
qm9/C[C@@H]1[C@H](O)[C@@H]2[C@H](C=O)[C@H]12.pickle,0,
qm9/CC1(c2c[nH]cn2)CC1.pickle,0,
qm9/CN[C@@]1(C#N)C[C@H]1OC.pickle,0,
qm9/COCC1=CCCOC1.pickle,0,
qm9/O=C1CC[C@]12C=CCO2.pickle,0,
qm9/C[C@H]1[C@H]2CN1[C@H]2CC=O.pickle,0,
qm9/C[C@]12CC=C(C#N)[C@H]1O2.pickle,0,
qm9/C#C[C@]1(O)C[C@H](O)[C@@H]1O.pickle,0,
qm9/NC(=O)C1=CCCOC1.pickle,0,
qm9/C#CC1=NCCCCO1.pickle,0,
qm9/C1=COC2=CC[C@@H]2OC1.pickle,0,
qm9/CC(=O)[C@H]1CN1C(N)=O.pickle,0,
qm9/CC(C)(O)[C@@H](O)CC=O.pickle,0,
qm9/C1=C[C@@]23C[C@H]4[C@@H]2[C@@H](C1)N43.pickle,0,
qm9/C#C[C@]1(O)C=C[C@H]2C[C@H]21.pickle,0,
qm9/C[C@]12C[C@@]1(C#N)CC2=O.pickle,0,
qm9/O=CNC=NC1CCC1.pickle,0,
qm9/C#CC[C@@H]1OC=N[C@@H]1C.pickle,0,
qm9/C1=C[C@H]2C[C@@H](CC1)CO2.pickle,0,
qm9/O=C1[C@@H]2[C@H]3[C@@H]4[C@@H](CN24)N13.pickle,0,
qm9/Oc1cn2nnnc2[nH]1.pickle,0,
qm9/C[C@@]1(C#N)OC[C@H]1O.pickle,0,
qm9/OC[C@@H]1O[C@@H]1CO.pickle,0,
qm9/CN1C(=O)[C@H]2C[C@]21C#N.pickle,0,
qm9/C[C@H]1COCC12CCC2.pickle,0,
qm9/c1nc2c([nH]1)COCC2.pickle,0,
qm9/CC#CCC1(O)COC1.pickle,0,
qm9/C[C@H]1CNC(=O)N1C.pickle,0,
qm9/C1[C@@H]2[C@H]3C[C@@]4(CO[C@H]34)[C@H]12.pickle,0,
qm9/CCCO[C@H]1[C@@H](C)[C@H]1O.pickle,0,
qm9/O=C[C@@H](CO)C[C@H]1CN1.pickle,0,
qm9/O=C1C(=O)[C@H]2[C@H]3[C@@H]1CN23.pickle,0,
qm9/N#C[C@]12CCOC[C@H]1O2.pickle,0,
qm9/N#C[C@@]1(O)C[C@@]1(O)C=O.pickle,0,
qm9/C[C@H]1C[C@@]12C[C@@H](CO)O2.pickle,0,
qm9/O=C1C[C@@H]2[C@@H]3C[C@H]1CN32.pickle,0,
qm9/Cc1ncnc(=O)[nH]1.pickle,0,
qm9/Cc1nc(CC#N)co1.pickle,0,
qm9/CC[C@@]1(O)C[C@H]1[C@H]1CO1.pickle,0,
qm9/C[C@@H]1[C@@H]2C[C@H]1[C@@H]2[C@H]1CO1.pickle,0,
qm9/Oc1nn2cnnc2[nH]1.pickle,0,
qm9/O=CC1=C[C@H]2[C@@H]3O[C@H]2[C@H]13.pickle,0,
qm9/C#CC#CC12CC(C1)C2.pickle,0,
qm9/O[C@H]1CO[C]2[N]CC[C@H]21.pickle,0,
qm9/Cc1ncc(O)nc1O.pickle,0,
qm9/O=C1O[C@@H]2[C@H]3[C@@H]4C[C@]13[C@@H]42.pickle,0,
qm9/CC[C@H]1C(=O)NC1(C)C.pickle,0,
qm9/OC[C@]12C[C@H]1[C@H]1C[C@@H]2O1.pickle,0,
qm9/COC[C@H]1OC[C@@]12CN2.pickle,0,
qm9/C1=C2CCO[C@@H]2COC1.pickle,0,
qm9/C[C@@]12CN3CCN1C[C@H]32.pickle,0,
qm9/C[C@H]1O[C@H]2C[C@@]2(C)[C@H]1C.pickle,0,
qm9/ON=C1C[C@H]2OC[C@@]12O.pickle,0,
qm9/CC[C@@H](C)CCCC=O.pickle,0,
qm9/N#C[C@@H]1N[C]([NH])[C@H]1N.pickle,0,
qm9/O=C1CNCCCO1.pickle,0,
qm9/COC[C@@H](C)C[C@H]1CO1.pickle,0,
qm9/O=C1OCO[C@H]2CN[C@@H]12.pickle,0,
qm9/C[C@@]12C[C@H]3[C@@H]1C=C[C@]32O.pickle,0,
qm9/C#CCc1noc(C)n1.pickle,0,
qm9/C[C@H]1CC=C[C@H]1[C@H]1CO1.pickle,0,
qm9/[NH][C](CO)OC(=O)CO.pickle,0,
qm9/CC1=CCOC1(C)C.pickle,0,
qm9/CCO[C@@]12CC(=O)[C@@H]1C2.pickle,0,
qm9/c1nonc1C1CC1.pickle,0,
qm9/CO[C@@H](C)CNC(N)=O.pickle,0,
qm9/N#C[C@H]1OC[C@H]2C[C@@H]1C2.pickle,0,
qm9/N[C@H](C(=O)O)[C@H]1CO1.pickle,0,
qm9/C#CCO[C@@H]1C=CCO1.pickle,0,
qm9/CO[C@H]1C[C@H]1NC=O.pickle,0,
qm9/[CH]1C[C@@]23O[C@H]4[C@@H]2[C]1C[C@H]43.pickle,0,
qm9/CO[C@@H]1[C@@H]2[C@H]3CCN2[C@H]31.pickle,0,
qm9/O=C[C@H]1C[C@H]2OC[CH][C]12.pickle,0,
qm9/CC[C@@]1(C)C[C@H](C#N)N1.pickle,0,
qm9/CN=C1CCCCCO1.pickle,0,
qm9/C[C@@H](CO)c1cc[nH]c1.pickle,0,
qm9/N#C[C@H](N)CN.pickle,0,
qm9/CN1C=C[C@H]2O[C@H]2C1=O.pickle,0,
qm9/OC[C@H]1[C@H]2C[C@@H]3[C@H]2N13.pickle,0,
qm9/CC1(C)COC(=O)[C@H]1N.pickle,0,
qm9/O[C@H]1C=C[C@H]2[C@@H]1[C@H]1CN21.pickle,0,
qm9/C[C@H]1CN(C)[C@H]1C(=O)O.pickle,0,
qm9/O=C1CCC2=C1CCC2.pickle,0,
qm9/O=C1CC=CCC12CC2.pickle,0,
qm9/C#CC(=O)[C@H](C)OC.pickle,0,
qm9/C[C@H]1CC[C@@H](O)C[C@H]1C.pickle,0,
qm9/CC1=C([NH])OC=NC1.pickle,0,
qm9/CC(C)(O)[C@H](C#N)CO.pickle,0,
qm9/C#C[C@@]12CC[C@H](C)[C@@H]1O2.pickle,0,
qm9/C[C@@H]1[C@H]2[C@@H]1[C@H](O)C2(C)C.pickle,0,
qm9/C[C@@H]1[C@@H]2C[C@@H]3O[C@H]1[C@@H]3C2.pickle,0,
qm9/C1=C[C@]23CC[C@@H]2[C@H](C1)O3.pickle,0,
qm9/Nc1nnc2[nH]cnn12.pickle,0,
qm9/O=CC(=O)[C@H]1C2CN1C2.pickle,0,
qm9/CO[C@H]1C[C@@H](CO)[C@H]1C.pickle,0,
qm9/CC(=O)C1(CO)CC1.pickle,0,
qm9/NC(=O)CNC(N)=O.pickle,0,
qm9/Nc1c(F)ncoc1=O.pickle,0,
qm9/C#C[C@@]1(O[CH][NH])C[C@@H]1O.pickle,0,
qm9/COC1[C@H]2O[C@@H]3[C@H]2O[C@H]13.pickle,0,
qm9/CC(=O)C#CCCCO.pickle,0,
qm9/CC1=CCN(CC=O)C1.pickle,0,
qm9/C#C[C@H]1[C@@H]2O[C@H]1[C@H]2OC.pickle,0,
qm9/Nc1ccc(F)c(=O)[nH]1.pickle,0,
qm9/CC#CCC(C)(C)C=O.pickle,0,
qm9/C#CC[C@@H]1C[C@@]1(C)O.pickle,0,
qm9/C#C[C@]12[C@@H]3C[C@H]1N2C3=O.pickle,0,
qm9/CN=C1C[C@]2(CN2)CO1.pickle,0,
qm9/C1[C@@H]2C[C@]3(CO3)[C@H]3[C@@H]2[C@@H]13.pickle,0,
qm9/COc1nc(C)oc1N.pickle,0,
qm9/C#CC[C@]1(O)CN2C[C@H]21.pickle,0,
qm9/C#CCO[C@@H]1CC[C@@H]1O.pickle,0,
qm9/CN=C1C[C@@H](C)N1C=O.pickle,0,
qm9/C#CCCc1ccco1.pickle,0,
qm9/CN=CO[C@@H]1C[C@@H]1OC.pickle,0,
qm9/C1O[C@@H]2[C@H]3CN4[C@H]([C@@H]13)[C@H]24.pickle,0,
qm9/C[C@H]1C[C@H]2COCC[C@@H]12.pickle,0,
qm9/NC(=O)C#C[C@@H](O)CO.pickle,0,
qm9/O=C1N[C@@H]2[C@@H]3C[C@H]1O[C@@H]32.pickle,0,
qm9/C[C@](N)(C(=O)O)[C@H]1CN1.pickle,0,
qm9/NC(=O)C(=O)C(=O)C=O.pickle,0,
qm9/[NH][C]1OCCC(=O)CO1.pickle,0,
qm9/CCc1nn(C)c(=O)o1.pickle,0,
qm9/O=C1CC[C@H]2C[C@@H]12.pickle,0,
qm9/ON=C1CN2[C@H]3C[C@H]3[C@@H]12.pickle,0,
qm9/O=CCn1ccoc1=O.pickle,0,
qm9/N#CC[C@@]12CCO[C@@H]1C2.pickle,0,
qm9/O=C[C@H]1OCO[C@H]1C=O.pickle,0,
qm9/CC1=C[C@H]2[C@H]3[C@@H]4[C@H]3[C@H]2[C@H]14.pickle,0,
qm9/NC(=O)[C@H]1COCC1=O.pickle,0,
qm9/O=C[C@@]12CN3C(=O)[C@@H]1[C@H]32.pickle,0,
qm9/O=C[C@@]12[C@H]3[C@H](O)[C@@H]1C[C@H]32.pickle,0,
qm9/CN=C1NC[C@H](C#N)O1.pickle,0,
qm9/O[C@H]1[C@H]2C[C@@H]1[C@H]2[C@H]1CO1.pickle,0,
qm9/C#Cc1nn(C)nc1N.pickle,0,
qm9/C#CC(C=O)(C=O)NC.pickle,0,
qm9/C[C@@]12[C@H]3CN1[C@]2(CO)C3.pickle,0,
qm9/C[C@H]1[C@@H]2[C@@H]3[C@H]4[C@@H]3[C@]2(C)N14.pickle,0,
qm9/C#C[C@]1(C)O[C@H]1C(N)=O.pickle,0,
qm9/C[C@H]1[C@@H]([C@@H](N)C#N)N1C.pickle,0,
qm9/C#C[C@@]12C[C@@H]1CCC2=O.pickle,0,
qm9/Cc1nc2[nH]nnc2[nH]1.pickle,0,
qm9/C[C@]12CC[C@@H]3[C@H](C1)[C@@H]3O2.pickle,0,
qm9/C[C@H]1C[C@@]2(CO)[C@@H](C)N12.pickle,0,
qm9/C[C@H]1OC([NH])=CC=C1N.pickle,0,
qm9/O[C@@H]1[C@@H]2C[C@H]1OC21CC1.pickle,0,
qm9/OC[C@H]1C[C@H]2O[C@@H]12.pickle,0,
qm9/CC1(C)N[C@]1(C)CCO.pickle,0,
qm9/CCC1=N[C@@H](C)[C]([NH])N1.pickle,0,
qm9/O=C[C@@H]1C=CC(=O)C1.pickle,0,
qm9/Cc1cnc(NC=O)o1.pickle,0,
qm9/Cc1c[nH]c(N2CC2)c1.pickle,0,
qm9/Cc1cc(F)nc(=O)o1.pickle,0,
qm9/CC1=C[C@H]2C[C@]1(C)[C@H]2O.pickle,0,
qm9/CO[C@@H](C=O)[C@@]1(C)CN1.pickle,0,
qm9/c1[nH]nc2c1C[C@@H]1C[C@H]21.pickle,0,
qm9/CC1(C)O[C@@H]2C[C@H]1C2=O.pickle,0,
qm9/CC[C@@H]1C=CCOCC1.pickle,0,
qm9/O=C1NCC=C(CO)N1.pickle,0,
qm9/C1O[C@H]2[C@H]3C[C@@]12[C@H]1O[C@@H]31.pickle,0,
qm9/c1[nH]nnc1OC1CC1.pickle,0,
qm9/C#C[C@@H]1N[C@@H]1C(=O)CC.pickle,0,
qm9/COC(=O)[C@H]1CN1C.pickle,0,
qm9/CN1[C@H]2C[C@@H]1[C@@H]2C#N.pickle,0,
qm9/CN1C(=O)C[C@@H](O)C1=O.pickle,0,
qm9/C1CC2(C1)COCO2.pickle,0,
qm9/C(C[C@H]1CO1)CN1CC1.pickle,0,
qm9/[NH]C1=C(N)CC=CO1.pickle,0,
qm9/CC#C[C@H]1CC[C@H]2N[C@@H]12.pickle,0,
qm9/C#CC[C@]1(C=O)CN1.pickle,0,
qm9/CNC(=O)[C@H]1[C@H]2CC[C@H]21.pickle,0,
qm9/[NH][C@@H]1NC=CO1.pickle,0,
qm9/Cc1c[nH]cc1O[CH][NH].pickle,0,
qm9/C[C@@]1(O)[C@H]2C[C@H]3N[C@H]3[C@H]21.pickle,0,
qm9/CC1=C[C@H]2C[C@H]2OC1=O.pickle,0,
qm9/CN1[C@H]2[C@@H]3[C@@H](O)[C@@]2(O)[C@@H]31.pickle,0,
qm9/C#CC1=CO[C@H]([NH])N1C.pickle,0,
qm9/O[C@H]1C[C@H]2C[C@H]3C[C@H]3[C@@H]12.pickle,0,
qm9/CCC1=CC[C@@H](C)C1=O.pickle,0,
qm9/C[C@H]1C[C@@]2(O)C(=O)N[C@@H]12.pickle,0,
qm9/CC(=O)[C@@H](C)N1CC1.pickle,0,
qm9/C[C@@H]1[C@H]2[C@@H]3C[C@H]2C=C[C@@H]31.pickle,0,
qm9/CN1C[C@H]1C[C@H]1CO1.pickle,0,
qm9/C#C[C@@]12C[C@@H]1OC[C@@H]2C.pickle,0,
qm9/C1#CCCC=CC=CC1.pickle,0,
qm9/C[C@H]1C[C@H]2O[C@@H]3[C@H]2[C@]13C.pickle,0,
qm9/O=CC[C@H]1C[C@H]2CN2C1.pickle,0,
qm9/CC#C[C@@]1(O)C[C@H]1O.pickle,0,
qm9/CC(C)[C@](C)(C#N)CO.pickle,0,
qm9/CCN1C[C@H]2OCC[C@H]21.pickle,0,
qm9/O=C[C@H]1CC(=O)[C@H]2O[C@@H]12.pickle,0,
qm9/CN1C[C@H]1[C@H]1CC1(C)C.pickle,0,
qm9/N#C[C@@]12C[C@@H]1CC2=NO.pickle,0,
qm9/C[C@@H]1[C@@H]2COCOC[C@@H]21.pickle,0,
qm9/[NH][C]1C(=O)[C@H]2[C@@H]3[C@H]2CN13.pickle,0,
qm9/C[C@H]1OCc2cocc21.pickle,0,
qm9/CCC1=C(C)CCCC1.pickle,0,
qm9/C#C[C@@H](CC)CCO.pickle,0,
qm9/[N][N][CH]C(=O)OCC#N.pickle,0,
qm9/COC[C@H]1CC(=O)[C@H]1O.pickle,0,
qm9/N[C@@]12C[C@@H](OC1=O)[C@H]2O.pickle,0,
qm9/O=C1[C@@H]2OC[C@H]3[C@@H]2[C@@]13O.pickle,0,
qm9/O=CC(=O)c1cc[nH]c1.pickle,0,
qm9/N#C[C@@]12N[C@H]3[C@@H]1CO[C@H]32.pickle,0,
qm9/CNC(=O)NC1(C)CC1.pickle,0,
qm9/CC#CCC(=O)[C@@H](C)O.pickle,0,
qm9/C[C@@]1(C=O)NCC1=NO.pickle,0,
qm9/CC(=O)C(=O)NCCO.pickle,0,
qm9/C[C@]12C[C@@H]3[C@H]1N3[C@H]2CO.pickle,0,
qm9/CC(C)COCC(N)=O.pickle,0,
qm9/C[C@H]1[C@@H]2C(C=O)=CCN12.pickle,0,
qm9/O[C@H]1[C@H]2C[C@@]3(O)C[C@@H]1[C@@H]23.pickle,0,
qm9/CNc1c[nH]c(O)c1.pickle,0,
qm9/COc1cncnc1.pickle,0,
qm9/NCc1nncc(=O)[nH]1.pickle,0,
qm9/C1OC[C@H]2C[C@H]3[C@@H]1[C@H]3O2.pickle,0,
qm9/O=C1[C@H]2C[C@H]2[C@H]2C[C@@H]12.pickle,0,
qm9/C#C[C@H](C)N1CC1(C)C.pickle,0,
qm9/[NH]C1=NC=C(O)[C@@H](N)O1.pickle,0,
qm9/CC[C@H]1C(=O)C[C@@]12CN2.pickle,0,
qm9/CC(C)[C@@H]1C=CC(=O)N1.pickle,0,
qm9/O=COc1ccncc1.pickle,0,
qm9/N#CCOC(=O)CCO.pickle,0,
qm9/CC1=C[C@H]2N[C@H]2C1=O.pickle,0,
qm9/CC#C[C@]12C[C@@H]3[C@H]1[C@@H]3O2.pickle,0,
qm9/C[C@@]12[C]3[N]C[C@]1(O)[C@@H]2O3.pickle,0,
qm9/C#C[C@@]12N[C@@H]1C[C@@H]2C.pickle,0,
qm9/OC[C@H]1[C@@H](O)[C@@]12CCO2.pickle,0,
qm9/O[C@H]1[CH][C]2CC[C@@H]3[C@H]2[C@H]13.pickle,0,
qm9/C#C[C@@]12C=C[C@@H](CC1)C2.pickle,0,
qm9/Cc1noncc1=O.pickle,0,
qm9/C[C@H]1N2[C@H]3C[C@@H]2[C@]31C.pickle,0,
qm9/CC(=O)[C@H]1OC[C@@]12CN2.pickle,0,
qm9/CCc1c(C)c[nH]c1N.pickle,0,
qm9/[NH][CH]O[C@H]1[C@@H](CO)[C@H]1O.pickle,0,
qm9/OC(=O)[N]C(=[N]=C=O)F.pickle,0,
qm9/O=C[C@H]1O[C@@H]2C[C@H]1C2=O.pickle,0,
qm9/C1C[C@@H]2[C@H]1[C@]21C[C@H]2O[C@H]21.pickle,0,
qm9/OC[C@H]1COCCCO1.pickle,0,
qm9/C1=CC[C@H]2CCC2=CC1.pickle,0,
qm9/CO[C@H]1[C@@H]2CC[C@@]1(O)C2.pickle,0,
qm9/C[C@@]12O[C@]1(C)C[C@@]2(C)O.pickle,0,
qm9/O=C1C=CCC(=O)OC1.pickle,0,
qm9/CC(=O)C[C@@](C)(O)C=O.pickle,0,
qm9/C#CCc1ccc(O)[nH]1.pickle,0,
qm9/CN1[C]([NH])[C@H](O)[C@@H]1C#N.pickle,0,
qm9/C[C@]12[C@@H]3N4[C@H]([C@H]41)[C@@]32C#N.pickle,0,
qm9/O=C1O[C@H]2C[C@H]3N[C@@H]1[C@@H]23.pickle,0,
qm9/CC(C)C1(C=O)CCC1.pickle,0,
qm9/O=C1C[C@]2(O)[C@@H]3CN3[C@H]12.pickle,0,
qm9/Cc1nnn(C)c(=O)n1.pickle,0,
qm9/CC1=C(C=O)CC[C@@H]1C.pickle,0,
qm9/C#C[C@@]1(O)C[C@@H]1CO.pickle,0,
qm9/CCC[C@H]1CC(C)(C)O1.pickle,0,
qm9/CC1=C[C@H]2C[C@@]13OC[C@@H]23.pickle,0,
qm9/CNc1oncc1C.pickle,0,
qm9/C[C@H]1C[C@@H](C#N)[C@]1(C)O.pickle,0,
qm9/CNc1c(C)c[nH]c1O.pickle,0,
qm9/O=CN1[C@H]2C[C@H]3[C@@H]1C[C@@H]23.pickle,0,
qm9/C[C@@](N)(C#N)[C@@H](O)C#N.pickle,0,
qm9/C[C@H]1CCN1C(=O)C#N.pickle,0,
qm9/CC[C@@H](O)[C@@H]1[C@H](O)[C@@H]1O.pickle,0,
qm9/OC[C@H]1Cn2ncnc21.pickle,0,
qm9/CC1=CC[C@@H](O)CC1=O.pickle,0,
qm9/CO[C@H]1C[C@@H](O)C[C@H]1C.pickle,0,
qm9/CC(C)CN=COC=O.pickle,0,
qm9/C#C[C@H]1C=CC[C@H](C)C1.pickle,0,
qm9/C[C@H]1[C@H]2[C@H]3C[C@H]3[C@@H]1[C@H]2O.pickle,0,
qm9/C[C@@H](O)[C@@]1(CO)C[C@H]1O.pickle,0,
qm9/CCC[C@@H](O)[C@H]1C[C@H]1C.pickle,0,
qm9/C#CC(=O)CCCCC.pickle,0,
qm9/C[C@H]1C(C)(C)[C@]1(C)C=O.pickle,0,
qm9/C#C[C@]12C[C@H](C1)C21CC1.pickle,0,
qm9/O=C1C=C[C@@H]2C[C@H]1CO2.pickle,0,
qm9/C#C[C@H]1CN=C(CO)O1.pickle,0,
qm9/N#C[C@@H]1C(=O)N2C[C@H]12.pickle,0,
qm9/CN1C[C]2[CH]NC(=O)[C@H]21.pickle,0,
qm9/O=C[C@H]1CN=C(CO)O1.pickle,0,
qm9/C[C@@H](CC(=O)O)[C@@H](C)N.pickle,0,
qm9/C#C[C@@]12COC[C@@H]1OC2.pickle,0,
qm9/N#CC[C@]1(CC=O)CO1.pickle,0,
qm9/C[C@@H]1[C@@H]2O[C@H]1[C@@H]2C=O.pickle,0,
qm9/C[C@H]1CC[C@@H](C)[C@]1(C)O.pickle,0,
qm9/CC(=O)[C@H]1C[C@H]2O[C@@]12C.pickle,0,
qm9/CC[C@]12CN1C[C@H]1O[C@H]12.pickle,0,
qm9/CN1[C@H]2CO[C@@H]3[C@H]2[C@@]31C.pickle,0,
qm9/Cc1nc2nocc2[nH]1.pickle,0,
qm9/C#C[C@@]12CN1C[C@@H]2OC.pickle,0,
qm9/CCCC(=O)NC1CC1.pickle,0,
qm9/N#CCCc1ccno1.pickle,0,
qm9/OC[C@@]12[C@H]3C[C@@H]1[C@@H]1[C@H]3[C@@H]12.pickle,0,
qm9/N#CCCCCO[CH][NH].pickle,0,
qm9/C#CC1=C[C@H]2C=C[C@@H]1O2.pickle,0,
qm9/C[C@@H](O)C(=O)N(C)C=N.pickle,0,
qm9/N#C[C@]1(N)[C@@H](N)[C@H]2C[C@H]21.pickle,0,
qm9/C[C@@H]1[C@H](OCCO)[C@@H]1O.pickle,0,
qm9/O[C@H]1[C@H]2C[C@@H]3O[C@H]2[C@@]31O.pickle,0,
qm9/CC1=CC(=O)NC[C@@H]1C.pickle,0,
qm9/O=C(O)CN1CCC1.pickle,0,
qm9/c1nocc1CN1CC1.pickle,0,
qm9/O[C@H]1[C@H]2OC[C@@]13CO[C@@H]23.pickle,0,
qm9/CC1=NCC(=O)[C@@H](C)O1.pickle,0,
qm9/N#C[C@]12O[C@@H]3[C@H]([C@@H]1O)[C@@H]32.pickle,0,
qm9/N#C[C@@]12OC(=O)[C@@H]1[C@@H]2N.pickle,0,
qm9/O=C[C@H]1[C@@H]([C@H]2CN2)[C@H]1O.pickle,0,
qm9/CCc1nc(C#N)no1.pickle,0,
qm9/C[C@@]12CN3[C@@H](CCO1)[C@H]32.pickle,0,
qm9/[NH][C]1NC(=O)O[C@H]2C[C@@H]12.pickle,0,
qm9/C[C@@H]1C(=O)[CH][C]2CO[C@@H]21.pickle,0,
qm9/CN=C1OCC[C@H]1CO.pickle,0,
qm9/C#CC[C@H]1CC[C@H]1C#C.pickle,0,
qm9/CC(C)CCNC=O.pickle,0,
qm9/O=C[C@@]12C[C@@H]3N[C@@H]3[C@@H]1C2.pickle,0,
qm9/c1n[nH]nc1C[C@H]1CN1.pickle,0,
qm9/C[C@H]1[C@@H](C)CN[C@H]1C#N.pickle,0,
qm9/C1COCO[C@H]2C[C@H]2C1.pickle,0,
qm9/CCC(=O)[C@H]1O[C@H]2C[C@H]21.pickle,0,
qm9/CO[C@@H]1[C]([NH])N[C@H]1C#N.pickle,0,
qm9/O=CC1=NC[C@H](CO)O1.pickle,0,
qm9/C[C@@H]1[C@H](C#N)[C@@H]1O[CH][NH].pickle,0,
qm9/C[C]1C=C([NH])OC(=O)N1.pickle,0,
qm9/CC1(C)CC1(CO)CO.pickle,0,
qm9/N#CCC[C@H]1C2CN1C2.pickle,0,
qm9/O[C@H]1CCC[C@@]12CCO2.pickle,0,
qm9/C[C@H]1[C@H]2O[C@@H](C=O)[C@@]12C.pickle,0,
qm9/CCC[C@H]1O[C@H]2CC[C@H]21.pickle,0,
qm9/C[C@@H](O)C1CC1.pickle,0,
qm9/CNc1cncc(F)c1.pickle,0,
qm9/Nc1noc(CO)n1.pickle,0,
qm9/O=COC[C@H]1CNC1=O.pickle,0,
qm9/OCC[C@@]12COC[C@@H]1C2.pickle,0,
qm9/C1C[C@@H]2C[C@]3(CO3)[C@@H]2O1.pickle,0,
qm9/C#CCNc1nc[nH]n1.pickle,0,
qm9/O=C[C@@H]1[C@H]2[C@H]3CC[C@H]3[C@H]21.pickle,0,
qm9/C1=C[C@H]2O[C@@H]1[C@H]1C[C@H]1O2.pickle,0,
qm9/C[C@H]1CN1c1ccon1.pickle,0,
qm9/O=CCCc1cnoc1.pickle,0,
qm9/CCc1c[nH]nc1C=O.pickle,0,
qm9/CCCOC(=O)CN.pickle,0,
qm9/C[C@@]1(O)C[C@H]2CO[C@H]21.pickle,0,
qm9/O=C[C@H]1[C@@H](O)C2CN1C2.pickle,0,
qm9/O[C@@]12C=C[C@H]3[C@H]4[C@@H]1N4[C@H]32.pickle,0,
qm9/CN[C@H]1[C@H]2C[C@]1(C#N)N2.pickle,0,
qm9/Cc1cc(N)c(O)[nH]1.pickle,0,
qm9/CC1=C[C@@H](C)N[C@H]1C#N.pickle,0,
qm9/C[C@H]1O[C@@](C)(CO)C1=O.pickle,0,
qm9/C#Cc1cc(N)oc1O.pickle,0,
qm9/CC(=O)[C@@H]1COC[C@@H]1C.pickle,0,
qm9/O=C[C@]12NC[C@H]1N1C[C@H]12.pickle,0,
qm9/CC1=C[C@H]2C[C@H]2N1C=O.pickle,0,
qm9/CCCCn1cncn1.pickle,0,
qm9/C[C@@]1(O)CC[C@H]2CO[C@H]21.pickle,0,
qm9/Nc1cnoc1[C@H]1CO1.pickle,0,
qm9/CC[C@H]1C[C@@]12C[C@@H](C)O2.pickle,0,
qm9/O[C@@H]1[C@@H]2N3[C@@H]4[C@H]1[C@@]2(O)[C@@H]43.pickle,0,
qm9/C#C[C@@H]1OC(=O)[C@@H](C)O1.pickle,0,
qm9/O=C1CN[C@@]12C[C@H]1N[C@H]12.pickle,0,
qm9/CN1CC(=O)COC1=O.pickle,0,
qm9/C#C[C@@H]1C[C@H](C)[C@@H]1CC.pickle,0,
qm9/C1=Cn2nccc2C1.pickle,0,
qm9/c1coc(CN2CC2)c1.pickle,0,
qm9/C[C@H]1C[C@@H](CO)C1.pickle,0,
qm9/O=C1O[C@H]2C[C@H]3[C@@H]1C[C@@H]23.pickle,0,
qm9/Cc1nnn2c1C[C@@H]2C.pickle,0,
qm9/CC#CC[C@@]1(CO)CN1.pickle,0,
qm9/C[C@@]1(C#N)[C@H]2C[C@@H](O)[C@H]21.pickle,0,
qm9/C#C[C@@H]1C[C@@H](O)CCO1.pickle,0,
qm9/CCCC(=O)O[CH][NH].pickle,0,
qm9/NC(=O)C(=O)N1CCC1.pickle,0,
qm9/N#C[C@@]12N[C@H]3CN[C@@H]1[C@H]32.pickle,0,
qm9/C[C@]12CC(=O)O[C@H]1[C@H]2O.pickle,0,
qm9/CN(C=O)c1ccno1.pickle,0,
qm9/[NH][C]1OC[C@@H]2C[C@@H]2[C@@H]1O.pickle,0,
qm9/[NH][CH]N1CC2(CC2)C1=O.pickle,0,
qm9/C#C[C@@H]1C=C(C)C[C@@H]1O.pickle,0,
qm9/C[C@H]1CC[C@@]12CC(=O)N2.pickle,0,
qm9/CC1=C([NH])C=NO[C]1F.pickle,0,
qm9/CC1(C)OCOC1=O.pickle,0,
qm9/CN1[C@H]2C[C@]1(CO)[C@H]2O.pickle,0,
qm9/O=C1CC[C@@]12CCOC2.pickle,0,
qm9/CCO[C]([NH])CO[CH][NH].pickle,0,
qm9/C#CC1=CC(=O)NC1=O.pickle,0,
qm9/O=CC1=NCC(=O)N1.pickle,0,
qm9/CC1=CC[C@H]2N[C@@]12C#N.pickle,0,
qm9/CC(=O)[C@@]1(O)CC[C@H]1O.pickle,0,
qm9/O=C1[C@H]2C[C@H]2[C@@]2(O)C[C@@H]12.pickle,0,
qm9/C[C@]12OC[C@@]1(C)NC2=O.pickle,0,
qm9/C1C[C@H]2C[C@@H](C1)C21CC1.pickle,0,
qm9/[NH][CH]OCC1(O)COC1.pickle,0,
qm9/CCC[C@@H](C)C[C@H]1CO1.pickle,0,
qm9/C[C@H]1C(=O)NCC12CC2.pickle,0,
qm9/N=CNC(=O)N1CC1.pickle,0,
qm9/OC[C@@H](O)[C@H]1C[C@H]1O.pickle,0,
qm9/C[C@H]1O[C@@]12[C@@H](O)C[C@H]2O.pickle,0,
qm9/O[C@H]1CCc2n[nH]nc21.pickle,0,
qm9/C[C@H]1C[C@@H](O)[C@H]1C1CC1.pickle,0,
qm9/N#CC[C@H]1C[C@H]2O[C@@H]12.pickle,0,
qm9/C[C@H]1Cc2cn[nH]c2N1.pickle,0,
qm9/O=CO[C@@]12C[C@@H]1C[C@@H]2O.pickle,0,
qm9/c1cnc2[nH]ccc2n1.pickle,0,
qm9/O[C@H]1[C@H]2[C@H]3[C@H]4[C@@H]1[C@@H]2[C@H]43.pickle,0,
qm9/CC[C@@]1(COC)C[C@H]1C.pickle,0,
qm9/COCc1conn1.pickle,0,
qm9/O[C@H]1[C@H]2CC[C@@]13OC[C@@H]23.pickle,0,
qm9/Cn1cc2c(n1)NCC2.pickle,0,
qm9/O[C@H]1[C@@H]2C=C[C@@]1(O)CO2.pickle,0,
qm9/OCC[C@H]1CCN2C[C@@H]12.pickle,0,
qm9/CCC[C@@H]1[C@H](O)[C@@H]2N[C@H]12.pickle,0,
qm9/CC1(C)C(=O)C[C@@]1(C)O.pickle,0,
qm9/CC[C@H]1[C@@H](O)CC12CC2.pickle,0,
qm9/Nc1ccc(N)c(N)c1.pickle,0,
qm9/O=Cc1nc(CO)c[nH]1.pickle,0,
qm9/CC#CCC(N)=O.pickle,0,
qm9/C[C@]12C[C@@H](CC#N)[C@H]1N2.pickle,0,
qm9/C[C@@H]1C(=O)O[C@]2(C)C[C@H]12.pickle,0,
qm9/C[C@H]1CC12COC2.pickle,0,
qm9/CC[C@@]12C[C@]1(O)CO2.pickle,0,
qm9/[NH][C]1O[C@@H]2CC[C@H](O)[C@H]12.pickle,0,
qm9/NC1=CC(=O)[C@]2(CO2)C1.pickle,0,
qm9/N#CC(=O)OCCCO.pickle,0,
qm9/CC#C[C@@]1(O)CN2C[C@H]21.pickle,0,
qm9/CO[C@@H]1C(=O)[C@H]2C[C@@H]1C2.pickle,0,
qm9/CCn1ccc(N)c1.pickle,0,
qm9/C[C@@]12C[C@@H](O)[C@@H](CO1)C2.pickle,0,
qm9/CC(=O)[C@@]1(C)O[C@H]1C#N.pickle,0,
qm9/Cc1cc(N(C)C)n[nH]1.pickle,0,
qm9/O=C[C@H]1C[C@H]2N[C@@H]12.pickle,0,
qm9/O=C1N[C@H]2C[C@H]2O1.pickle,0,
qm9/C[C@@]12[C@H]3CC[C@]1(C)[C@@H]2C3.pickle,0,
qm9/C[C@H]1OC[C@@H]2CO[C@H]1O2.pickle,0,
qm9/NCc1onc(N)c1N.pickle,0,
qm9/CC1(C)N2C(=O)C[C@]21C.pickle,0,
qm9/CNC(C#N)=NC(C)C.pickle,0,
qm9/O=CCC(C=O)CC=O.pickle,0,
qm9/N#C[C@]12[C@H]3[C@@H]4N3[C@H]1[C@@]42O.pickle,0,
qm9/COC1=NC[C@@]2(C)CN12.pickle,0,
qm9/C#CC[C@@H]1O[C@@H]1CC#C.pickle,0,
qm9/C1=C[C@H]2C[C@H]2[C@H]2C[C@H]2C1.pickle,0,
qm9/C#C[C@H]1CNC(=O)O1.pickle,0,
qm9/CC1=C[C@@]2(CCC1)CN2.pickle,0,
qm9/C#CCC(C)CC#C.pickle,0,
qm9/c1nc([C@H]2CO2)c[nH]1.pickle,0,
qm9/CC[C@@]1(C)CNC(=O)C1.pickle,0,
qm9/C#C[C@@H]1C[C@H](O)[C@@]1(C)O.pickle,0,
qm9/[NH][C]1O[C@@H]2C[C@]2(O)C1=O.pickle,0,
qm9/C[C@H]1O[C]([NH])C2(CC2)O1.pickle,0,
qm9/CC1(C)CCOCC1.pickle,0,
qm9/C[C@]12[C@@H](O)[C@H]1[C@H]1O[C@H]12.pickle,0,
qm9/C[C@H]1O[C]([NH])CNC1=O.pickle,0,
qm9/C[C@H]1C[C@H]1C1(O)COC1.pickle,0,
qm9/O=C1[C@@H]2CN3C[C@@]1(O)[C@H]23.pickle,0,
qm9/O=c1cc(CO)cn[nH]1.pickle,0,
qm9/C1=N[C@H]2C[C@H]2C2(CC2)O1.pickle,0,
qm9/C[C@]12CC[C@H](OC1)OC2.pickle,0,
qm9/CC1=CC(=O)CO[C@@H]1C.pickle,0,
qm9/CC(=O)N[C@H]1C[C@H]2N[C@@H]12.pickle,0,
qm9/C[C@H]1O[C@@H]2[C]1[CH]C[C@@H]2O.pickle,0,
qm9/C[C@H]1C=CN(C)C1=O.pickle,0,
qm9/N#C[C@@H]1C[C@H]2N[C@@H]1[C@H]2O.pickle,0,
qm9/O=C1CCCOC1.pickle,0,
qm9/CC[C@H]1C[C@H]2CN2C1=O.pickle,0,
qm9/NC1=CC(=O)[C@@H]2C[C@H]1N2.pickle,0,
qm9/C1=C[C@@]23O[C@H]4[C@@H]2[C@@H]1C[C@H]43.pickle,0,
qm9/C[C@H]1[C@H]2CC[C@@]12O.pickle,0,
qm9/CC1(O)[C@H]2C[C@H]3[C@@H]1C[C@@H]23.pickle,0,
qm9/C[C@H]1O[C@H]1[C@H]1[C@H]2CCN21.pickle,0,
qm9/C#Cc1oc(O)nc1O.pickle,0,
qm9/C[C@@H](O)C1=CCC[C@H]1C.pickle,0,
qm9/C1CC1[C@@]12[C@H]3C[C@@H]1C[C@H]32.pickle,0,
qm9/C[C@]12COC[C@H]1[C@H]1CN12.pickle,0,
qm9/C[C@H]1N[C@@]12CCC(=O)C2.pickle,0,
qm9/O[C@H]1[C@H]2OC[C@]3(CO3)[C@H]21.pickle,0,
qm9/CC[C@H]1O[C@]2(C)C[C@H]1C2.pickle,0,
qm9/N#C[C@@]12C[C@@]3(O)[C@@H]1[C@H]3O2.pickle,0,
qm9/CO[C@H]1C[C@H]2[C@H]3C[C@@H]1[C@@H]23.pickle,0,
qm9/C#C[C@@H](CO)CC1CC1.pickle,0,
qm9/CC(=O)[C@H]1[C@H]2C[C@]1(C)C2.pickle,0,
qm9/O=C1[C@H]2[C@H]3[C@@H]1N3[C@H]2CO.pickle,0,
qm9/C#Cc1c[nH]c(=O)o1.pickle,0,
qm9/C[C@@H](CCO)CN1CC1.pickle,0,
qm9/C1[C@@H]2[C@@H]3CN3[C@H]1[C@@]21CN1.pickle,0,
qm9/C[C@H]1C[C@H]2C[C@@H](O)[C@H]2O1.pickle,0,
qm9/CC(=O)c1ccncc1.pickle,0,
qm9/[NH][CH]O[C@H]1CN=CO1.pickle,0,
qm9/C1[C@@H]2N3C[C@H]([C@@H]13)[C@]21CO1.pickle,0,
qm9/[NH]C1=CCOC=C1C=O.pickle,0,
qm9/CC1(C)CN1C[C@H]1CN1.pickle,0,
qm9/CC(=O)CCCN1CC1.pickle,0,
qm9/CCC(=O)OC(C)(C)C.pickle,0,
qm9/C1O[C@H]1C[C@]12CC[C@H]1N2.pickle,0,
qm9/N#C[C@@H]1[C@H]2C[C@]1(C=O)N2.pickle,0,
qm9/CC(=O)[C@H]1COCCO1.pickle,0,
qm9/C[C@H]1OC(=O)[C@H]2NC[C@H]21.pickle,0,
qm9/CC1(C)N[C@H]1C#N.pickle,0,
qm9/C#C[C@]1(C)COC(=O)C1.pickle,0,
qm9/O=CC1=CC[C@H]2O[C@@H]12.pickle,0,
qm9/CCC(=O)NC[C@H]1CO1.pickle,0,
qm9/OCC1(CO)O[C@H]2C[C@H]21.pickle,0,
qm9/CC[C@H]1C=C(C)C[C@H]1C.pickle,0,
qm9/C1O[C@H]2[C@H]3C[C@@H](C[C@@H]12)C3.pickle,0,
qm9/O=C1CC[C@H](O)C(=O)N1.pickle,0,
qm9/C[C@H]1[C@@H]2C=C[C@H]1[N][CH]O2.pickle,0,
qm9/C[C@H]1[C@H]2C[C@]1([C@H]1CO1)O2.pickle,0,
qm9/[CH]1CO[C@H]2CC=C[C]12.pickle,0,
qm9/C[C@H]1[C@H]2[C@@H](O)[C@H]2[C@@]12CN2.pickle,0,
qm9/C[C@@]12C(=O)N[C@@H]1[C@@H]2O.pickle,0,
qm9/C[C@]12N[C@H]1[C@@H]1[C@H]2[C@@H]1CO.pickle,0,
qm9/O=C1CC(O)([C@H]2CN2)C1.pickle,0,
qm9/Nc1n[nH]nc1[C@H]1CN1.pickle,0,
qm9/C[C@H]1C=C([NH])OC(N)=N1.pickle,0,
qm9/C[C@H]1O[C@@]2(C#N)CC[C@@H]12.pickle,0,
qm9/COCC(C)(C=O)C=O.pickle,0,
qm9/CC(C)[C@@]12C[C@H]3O[C@@H]1[C@H]32.pickle,0,
qm9/O[C@]12[CH][C][CH]C[C]([CH]1)C2.pickle,0,
qm9/C[C@@H]1[C@H](CC=O)O[C@@H]1C.pickle,0,
qm9/COC1(C=O)CC1.pickle,0,
qm9/O=CN(C=O)C1COC1.pickle,0,
qm9/CCC[C@H]1CC=CCO1.pickle,0,
qm9/C[C@H]1C[C@H]2CC3(CC3)[C@@H]12.pickle,0,
qm9/C#C[C@]12C[C@@H]3[C@H](C1=O)[C@@H]32.pickle,0,
qm9/C[C@@]12OC(=O)[C@H]3N[C@@H]1[C@H]32.pickle,0,
qm9/C1C[C@H]2[C@H]3CC[C@@H](O1)[C@@H]23.pickle,0,
qm9/C[C@H]1C[C@H]1CN1C[C@H]1C.pickle,0,
qm9/C[C@H]1C=Cc2nc[nH]c21.pickle,0,
qm9/CC[C@]12C[C@H]1C(=O)O2.pickle,0,
qm9/C[C@@]12CC[C@@H](CO1)C2=O.pickle,0,
qm9/O[C@H]1C[C@H]2CC3(CC3)[C@@H]12.pickle,0,
qm9/CC1(C)C[C@@H](O)[C@H]2N[C@H]21.pickle,0,
qm9/[NH]C1=C(N)[C@@H](O)OC=N1.pickle,0,
qm9/[NH][C]1O[C@]23CN4[C@H]2[C@H]1[C@@H]43.pickle,0,
qm9/C#CCCc1ccno1.pickle,0,
qm9/CC[C@@]12[C@H]3C[C@]1(O)CN32.pickle,0,
qm9/FC(F)(F)CC[C@H]1CO1.pickle,0,
qm9/N#C[C@]12C[C@H]1N1C[C@H]12.pickle,0,
qm9/O[C@@H]1[C@H]2CCN3[C@H]2[C@H]13.pickle,0,
qm9/C#CC1=C(C)[C@@H]2C[C@@H]2C1.pickle,0,
qm9/C[C@@H]1C[C@@H]2O[C@H](C1)C2=O.pickle,0,
qm9/C[C@@]1(O)[CH][C]2C[C@@H]3[C@H]2[C@@H]31.pickle,0,
qm9/C[C@@H](C#N)C#CCC#N.pickle,0,
qm9/[NH][C]1OCCCN=C1N.pickle,0,
qm9/CC1(C)[C@]2(C)C[C@@]1(C)O2.pickle,0,
qm9/O[C@]12C=C[C@H](C1)[C@H]1C[C@H]12.pickle,0,
qm9/CC[C@@H]1C=CCC1.pickle,0,
qm9/C1CC1[C@]12C[C@@H]3[C@H]1N3C2.pickle,0,
qm9/CC[C@H]1C[C@](N)(C#N)C1.pickle,0,
qm9/[CH]1COC[C@H]2CC[C]12.pickle,0,
qm9/CC[C@H]1[C@H]2C=C[C@@H]1C2=O.pickle,0,
qm9/CC[C@@H]1[C@@H]2C[C@@H]3[C@H]1[C@H]23.pickle,0,
qm9/C[C@H]([C@@H](C)O)[C@@H](C)C#N.pickle,0,
qm9/C[C@]12C[C]([NH])OC[C@H]1N2.pickle,0,
qm9/C[C@@H]1OC(=O)O[C@@H]1C.pickle,0,
qm9/O=C1C=CC=CCNC1.pickle,0,
qm9/CN=COCC(=O)C=O.pickle,0,
qm9/C#C[C@]12N[C@H]1[C@H]1N[C@H]12.pickle,0,
qm9/CC(=O)Cn1ccnn1.pickle,0,
qm9/COCC#CCO.pickle,0,
qm9/C[C@H]1C[C@H]1[C@H]1[C@@H](C)[C@H]1O.pickle,0,
qm9/CC(=O)N1[C@@H]2[C@@H]3O[C@@H]3[C@@H]21.pickle,0,
qm9/CC(C)[C@H]1COC12CC2.pickle,0,
qm9/OC[C@H]1CCN2C[C@@H]12.pickle,0,
qm9/CN=CO[C@H]1C[C@@H](O)C1.pickle,0,
qm9/O=CN[C@@]12CO[C@@H]1C2.pickle,0,
qm9/Oc1cn2cnnc2[nH]1.pickle,0,
qm9/CCC#C[C@@H](C)NC=O.pickle,0,
qm9/CCO[C@H]1CNC(=O)C1.pickle,0,
qm9/CCC1=C[C@H](C#N)OC1.pickle,0,
qm9/C#C[C@@H]1[C@H](C=O)N1C=O.pickle,0,
qm9/C[C@@]12C=C[C@@](C)(N1)C2=O.pickle,0,
qm9/C[C@@]1(C#N)C[C@@H](CO)O1.pickle,0,
qm9/CO[C@H]1CC(C)=CCO1.pickle,0,
qm9/CC(C)C(=O)OCC#N.pickle,0,
qm9/O[C@H]1CCC2=C1COC2.pickle,0,
qm9/CCCN=C1C[C@@H](C)O1.pickle,0,
qm9/CCOC(=O)C1CCC1.pickle,0,
qm9/CC(=O)NC[C@@H](C)O.pickle,0,
qm9/[NH][C@@H]1N=C(N)OC(O)=N1.pickle,0,
qm9/C[C@H]1C[C@]2(O)C[C@H]1C2.pickle,0,
qm9/C[C@H]1[C@@H](O[CH][NH])[C@H]2CN12.pickle,0,
qm9/[CH]1[N][C@H]2COC[C@@H]2CO1.pickle,0,
qm9/O=CO[C@H]1C[C@H]1C=O.pickle,0,
qm9/O[C@@H]1[CH][C]2CN3[C@@H]2[C@H]3C1.pickle,0,
qm9/C#C[C@H](N)C#CC(=O)O.pickle,0,
qm9/C[C@@]12O[C@H]3[C@@H]1N(C=O)[C@H]32.pickle,0,
qm9/C1CN2C[C@H]2[C@H]2C[C@@H]1O2.pickle,0,
qm9/O=C1NC[C@H]2N=CO[C@@H]12.pickle,0,
qm9/CC[C@@]1(O)[C@H]2C[C@H]2[C@H]1O.pickle,0,
qm9/CC[C@]12CN1[C@@H](C)C2=O.pickle,0,
qm9/O[C@@]12C=C[C@H]3O[C@@H]1[C@H]32.pickle,0,
qm9/O[C@H]1[C@H]2CCO[C@@H]1[C@H]2O.pickle,0,
qm9/O=C1N2C=C[C@H]3[C@@H]2[C@@]13O.pickle,0,
qm9/C[C@H]1[C@H]2N1C[C@@]21CCO1.pickle,0,
qm9/C[C@H]1C[C@H](C#N)C[C@H]1O.pickle,0,
qm9/C[C@H]1C[C@@H](N)[C@H](C#N)N1.pickle,0,
qm9/O[C@H]1CN2[C@H]3CO[C@H]3[C@@H]12.pickle,0,
qm9/C#CC[C@H]1NC(=O)[C@H]1O.pickle,0,
qm9/CCC[C@@]1(C)C[C@H]2N[C@H]21.pickle,0,
qm9/C[C@@]12C=C[C@H](C=O)[C@@H]1N2.pickle,0,
qm9/C[C@H]1[C@@]2(C)CO[C@@]12C#N.pickle,0,
qm9/O=C1[CH][C]2[C@@H]3C[C@@H]3[C@@H]2N1.pickle,0,
qm9/C[C@]12CN=CN1[C@H]2CO.pickle,0,
qm9/C[C@@]1(C#N)CN[C@H]1C=O.pickle,0,
qm9/CC(=O)n1cccc1.pickle,0,
qm9/CO[C@@]1(C)C[C@H]1CCO.pickle,0,
qm9/CC#C[C@H]1N(C)C1(C)C.pickle,0,
qm9/O=CCN=c1[nH]nn[nH]1.pickle,0,
qm9/C[C@]12C=C[C@@H]3[C@H](CC1)[C@@H]32.pickle,0,
qm9/O=C1CC=CCNC1.pickle,0,
qm9/C[C@H]1C=C[C@@H](C)C1=O.pickle,0,
qm9/ON=C1C[C@H]2CC[C@@]12O.pickle,0,
qm9/CNC(=O)C1(C=O)CC1.pickle,0,
qm9/N#CCCOC1CC1.pickle,0,
qm9/O=CNCc1c[nH]nn1.pickle,0,
qm9/O=CNCCC(F)(F)F.pickle,0,
qm9/N#CC[C@@]12C[C@@H](N1)[C@@H]2O.pickle,0,
qm9/Cc1cc2c(o1)CCC2.pickle,0,
qm9/C[C@H]1O[C@H]2C[C]([NH])O[C@H]21.pickle,0,
qm9/COC[C@@]1(C)C[C@]1(C)O.pickle,0,
qm9/C#C[C@@H]1CC(=O)[C@@H](C)O1.pickle,0,
qm9/C[C@H]1C[C@H]1c1ccon1.pickle,0,
qm9/C1=C[C@H]2C[C@@H](CCC1)O2.pickle,0,
qm9/O=C1[C@@H]2CO[C@@]1(CO)C2.pickle,0,
qm9/Cn1c(C=O)noc1=O.pickle,0,
qm9/CO[C@@H]1[C@@H]2CO[C@H]3[C@@H]2[C@H]31.pickle,0,
qm9/C[C@]12C[C@H]1[C@H]1O[C@]12CO.pickle,0,
qm9/COCc1cnc(O)[nH]1.pickle,0,
qm9/CN[C@H]1[C@@H](O)C[C@H]1C#N.pickle,0,
qm9/C[C@H]1O[C@H]2CN[C@@H]1C2=O.pickle,0,
qm9/N[C@H]1[C@H]2C(C=O)=C[C@@]12O.pickle,0,
qm9/C#C[C@]1(C#N)C[C@@]1(C)O.pickle,0,
qm9/C[C@H]1[C@H]2C[C@@](C)(O)[C@@H]1O2.pickle,0,
qm9/O[C@]12C[C@@H]3C[C@H](C1)[C@@H]32.pickle,0,
qm9/COc1nn[nH]c(=O)n1.pickle,0,
qm9/O[C@H]1[C@H]2CC[C@H]3O[C@H]3[C@@H]12.pickle,0,
qm9/C[C@H]1OC(=O)[C@]1(O)C=O.pickle,0,
qm9/C1C[C@@H]2[C@@H]3C[C@H](O1)[C@H]2C3.pickle,0,
qm9/C[C@@H](O)C1COCOC1.pickle,0,
qm9/Cn1ncc(C2CC2)n1.pickle,0,
qm9/[NH][C]1OCc2ocnc21.pickle,0,
qm9/CC(=O)Nc1nc[nH]n1.pickle,0,
qm9/CCN1[C@H]2[C@H](C)[C@H](O)[C@H]21.pickle,0,
qm9/C1=CC2(CC2)[C@@H]2CC[C@H]12.pickle,0,
qm9/CCCCCCOC.pickle,0,
qm9/O[C@H]1C[C@@]23CO[C@@]12CO3.pickle,0,
qm9/CC[C@@H](C)COC.pickle,0,
qm9/C[C@@]1(O)CC(=O)NC1=O.pickle,0,
qm9/NC1(CC(=O)O)CCC1.pickle,0,
qm9/C[C@H]1C[C@@H]2C(=O)C=C[C@H]12.pickle,0,
qm9/C#CC(=O)[C@@H]1CN1C=O.pickle,0,
qm9/O[C@@H](C1CC1)C1(O)CC1.pickle,0,
qm9/CC[C@]12N[C@H]1[C@H]1OC[C@H]12.pickle,0,
qm9/CN1C[C@H]2OC3(CC3)[C@H]21.pickle,0,
qm9/CC1CO[C]([NH])OC1.pickle,0,
qm9/CC1=NCC2(CC2)O1.pickle,0,
qm9/C[C@@H]1[C@@H]2N[C@@H](C#N)C[C@H]12.pickle,0,
qm9/CC(=O)C1=C([NH])OC[CH]1.pickle,0,
qm9/CC1=NNC([NH])=C[C@@H]1C.pickle,0,
qm9/O[C@@H]1[C@H](O)[C@@H]2OC=N[C@H]12.pickle,0,
qm9/CN=CO[C@H]1CCCO1.pickle,0,
qm9/CN1[C]([NH])NCCC1=O.pickle,0,
qm9/CC#CC(C)(C)N1CC1.pickle,0,
qm9/C1O[C@@]23[C@@H]4[C@@H]([C@@H]5[C@H]2N45)[C@H]13.pickle,0,
qm9/O=C1N[C@@]23CO[C@@H]2C[C@@H]13.pickle,0,
qm9/C[C@@]12C[C@H]3C(=O)[C@@H]1N3C2.pickle,0,
qm9/[NH]C1=NC=N[C@H](C=O)N1.pickle,0,
qm9/CNc1cccnc1O.pickle,0,
qm9/C1CC1[C@H]1C[C@H]2C[C@H]2C1.pickle,0,
qm9/C[C@@H]1[C@H]([C@H]2CCO2)[C@@H]1C.pickle,0,
qm9/CCCN1CC(=O)[C@H]1C.pickle,0,
qm9/C[C@H]1[C@@H]2C(=O)[C@H]1[C@@H]1O[C@H]21.pickle,0,
qm9/C#C[C@H](C)N1[C@@H](C)[C@H]1C.pickle,0,
qm9/C#Cc1c(N)ncn1C.pickle,0,
qm9/C[C@@H]1[C@@H]2C[C@@H]3[C@H]1[C@]3(C)O2.pickle,0,
qm9/O=C1C=CC[C@]1(O)CO.pickle,0,
qm9/NCc1nccn1C=O.pickle,0,
qm9/n1nc2nn[nH]c2[nH]1.pickle,0,
qm9/[NH]C1=N[C@@H](N)OC=C1F.pickle,0,
qm9/CC#CC[C@H]1CN1C=O.pickle,0,
qm9/C[C@H]1N[C@H](C=O)CC1=O.pickle,0,
qm9/CN[C@]12C[C@H]1COC2=O.pickle,0,
qm9/Nc1cnc(N)n1C=O.pickle,0,
qm9/CCC[C@H]1COC1=O.pickle,0,
qm9/N#C[C@@H]1[C@@H]2CC(=O)[C@@H]21.pickle,0,
qm9/[NH][C]1N[N][C]2[C@@H](O)CN12.pickle,0,
qm9/Oc1ccc(O)c(F)c1.pickle,0,
qm9/N#CC1=C[C@@H]2C[C@H]1[C@H]2O.pickle,0,
qm9/O=C1C[C@H]2[C@@H]3N4C[C@@]13[C@@H]24.pickle,0,
qm9/C#C[C@]1(C#CC)C[C@H]1C.pickle,0,
qm9/C[C@H]1CC(=NO)C=C1N.pickle,0,
qm9/c1n[nH]cc1C[C@H]1CN1.pickle,0,
qm9/CC1(C)[C@H]2CC(=O)[C@@H]1O2.pickle,0,
qm9/[NH][CH]Oc1noc(=O)[nH]1.pickle,0,
qm9/O=CCn1nccc1O.pickle,0,
qm9/N#CCCOCC1CC1.pickle,0,
qm9/C#C[C@H](CO)OC(N)=O.pickle,0,
qm9/C[C@H]1OCC[C@@H](O)CO1.pickle,0,
qm9/CC[C@@H](CCC=O)OC.pickle,0,
qm9/OCCOc1c[nH]nn1.pickle,0,
qm9/C[C@@]12C[C@H]3[C@H](O)C[C@@H]1[C@H]32.pickle,0,
qm9/CC[C@@]12[C@H]3[C@@H]4[C@@H]([C@@H]41)[C@]32C.pickle,0,
qm9/CC[C@H]1C[C@]1(C)O.pickle,0,
qm9/N#C[C@H](CO)[C@@H](O)C=O.pickle,0,
qm9/CC1=C(C)[C@@H](C)OCC1.pickle,0,
qm9/C[C@@]1(O)CO[C@H]1CCO.pickle,0,
qm9/C[C@@]12CN3[C@@H]1C[C@@]3(C)C2.pickle,0,
qm9/C#C[C@@]12C[C@H](C=O)[C@@H]1N2.pickle,0,
qm9/C[C@@]12[C@H]3CO[C@@H]1[C@@H]2CO3.pickle,0,
qm9/O[C@]12C[C@H]1C=C[C@@]21CN1.pickle,0,
qm9/CC1=NC[C@](C)(C=O)O1.pickle,0,
qm9/C1N[C]2[N][N]N3C[C@@H]1[C]23.pickle,0,
qm9/C[C@H]1O[C@H]1[C@]12CC[C@H]1N2.pickle,0,
qm9/CCCc1cn(C)nn1.pickle,0,
qm9/CN=C1OC(=O)[C@H]2C[C@@H]12.pickle,0,
qm9/C[C@@H]1[C@H]2[C@@H]3C[C@@]2(O)C[C@H]13.pickle,0,
qm9/C#C[C@](C)(O)COCC.pickle,0,
qm9/[NH][CH]Oc1occc1O.pickle,0,
qm9/CC[C@H]1[C@H]2[C@H]3O[C@H]3[C@@]12O.pickle,0,
qm9/C[C@H]1O[C@H]1[C@H]1CN1C=O.pickle,0,
qm9/O=C1CN[C@@H]2C[C@H](O)[C@H]12.pickle,0,
qm9/C[C@H]1O[C@]23CC[C@]2(C3)O1.pickle,0,
qm9/C[NH2]C[C](CO)[N][O].pickle,0,
qm9/O=CC1=C[C@H](O)C(=O)C1.pickle,0,
qm9/C[C@H]1[C@H]2CCC(=O)CN12.pickle,0,
qm9/CNc1cnc(F)cn1.pickle,0,
qm9/NC(=O)c1cc[nH]n1.pickle,0,
qm9/CC#C[C@H]1CN1C1CC1.pickle,0,
qm9/O=C1[C@H]2O[C@@H]3[C@@H]4[C@H]2[C@H]1[C@@H]43.pickle,0,
qm9/[NH][C]1O[C@@H]2CO[C@@H](C2)O1.pickle,0,
qm9/C[C@H]1C=C[C@H]2[C@@H]1N2C=O.pickle,0,
qm9/CN=c1ccocc1.pickle,0,
qm9/C#C[C@H](NC=O)C(C)C.pickle,0,
qm9/C[C@@H](C=O)[C@H]1O[C@H]2C[C@H]21.pickle,0,
qm9/C#C[C@H](O)[C@@H](O)[C@H]1CO1.pickle,0,
qm9/CC(=O)c1conc1N.pickle,0,
qm9/COC(=O)[C@H]1CO1.pickle,0,
qm9/Cc1nonc1N.pickle,0,
qm9/O=C1N[C@H]2C[C@@]12N1CC1.pickle,0,
qm9/O=C1[C@H]2C=C[C@@H]1[C@@]21CN1.pickle,0,
qm9/NC(=O)C(=O)[C@H]1CN1.pickle,0,
qm9/NC(=O)N1C[C@H]1CCO.pickle,0,
qm9/N#C[C@@H]1O[C@@H]2C[C@H]1C2=O.pickle,0,
qm9/C[C@H]1C[C@H]2C[C@@]12C=O.pickle,0,
qm9/CC1=CCOCC1=NO.pickle,0,
qm9/C[C@H]1[C@@H](C)C1(C=O)C=O.pickle,0,
qm9/O=C1[C@H]2C[C@H](C2)[C@H]2CN12.pickle,0,
qm9/O=C1N[C@@H]2C[C@]12CCO.pickle,0,
qm9/N#C[C@H](O)C1COC1.pickle,0,
qm9/C#CC1=C[C@@H]2C[C@H]1[C@H]2O.pickle,0,
qm9/CC[C@H]1C[C@@H](C)[C@H]1C=O.pickle,0,
qm9/C[C@H]1[C@@H](O)[C@@]2(C)[C@@H](C)N12.pickle,0,
qm9/CC(C)N(C)CC#N.pickle,0,
qm9/C#C[C]([NH])OC(C)(C)C.pickle,0,
qm9/Cc1cnc(N)c(F)n1.pickle,0,
qm9/CC#C[C@@H]1[C@H](O)[C@@H]1O.pickle,0,
qm9/O=C1[C@H]2C[C@H]2C[C@H]2O[C@@H]12.pickle,0,
qm9/CC(C)(C)[C@H]1[C@H]2CCN12.pickle,0,
qm9/[NH][CH]O[C@@H]1COC[C@@H]1O.pickle,0,
qm9/CC[C@@H](C)OCCO.pickle,0,
qm9/ON=C1CCOC1.pickle,0,
qm9/C[C@H](C=O)O[C@H]1C[C@H]1O.pickle,0,
qm9/C#CC#C[C@@H]1CNC1=O.pickle,0,
qm9/C1=C[C@]23C[C@@]2(C1)CO3.pickle,0,
qm9/OCC[C@H]1[C@H]2C[C@]1(O)C2.pickle,0,
qm9/C[C@H]1OC(=O)[C@@H](O)C1=O.pickle,0,
qm9/CO[C@@H](C=O)C1(C)CC1.pickle,0,
qm9/C[C@H]1CN2[C@H](C#N)C[C@@H]12.pickle,0,
qm9/O[C@@]12C[C@H]3O[C@@H]1[C@H]32.pickle,0,
qm9/CCc1ncc(C=O)[nH]1.pickle,0,
qm9/C[C@@H](CCO)[C@H]1CN1C.pickle,0,
qm9/C[C@H]1OC[C@H]2C[C@H]3[C@@H]1N32.pickle,0,
qm9/N#CC(=O)C#CC(N)=O.pickle,0,
qm9/[NH]C1=C[C@@H](O)NC=C1F.pickle,0,
qm9/[NH][C]1CN=CN1.pickle,0,
qm9/C[C@]12N[C@H]1[C@H]1C[C@@H](O)[C@H]12.pickle,0,
qm9/CCC#C[C@H]1CCOC1.pickle,0,
qm9/Cc1cc(O)c(C)[nH]1.pickle,0,
qm9/O=CO[C@@H]1C[C@@H](O)CO1.pickle,0,
qm9/CCCN=C(C#N)NC.pickle,0,
qm9/CCN=COC1(C)CC1.pickle,0,
qm9/O[C@H]1C[C@]12CN=COC2.pickle,0,
qm9/[NH][C]1OC[C@]23CC[C@]12C3.pickle,0,
qm9/NC1=CC(=O)NCC=C1.pickle,0,
qm9/c1cnc2c(c1)OCC2.pickle,0,
qm9/CC(=O)C1=C(C)CCC1.pickle,0,
qm9/N#C[C@]12CN3[C@H]1C[C@@H]32.pickle,0,
qm9/Cc1nocc1O[CH][NH].pickle,0,
qm9/[NH][C@@H]1Nc2[nH]ccc2O1.pickle,0,
qm9/C#C[C@@](C)(CO)N1CC1.pickle,0,
qm9/C[C@]12CN3[C@H]1[C@H](C=O)[C@@H]32.pickle,0,
qm9/OCc1ccc(CO)[nH]1.pickle,0,
qm9/C#C[C@@H]1C=CCOCO1.pickle,0,
qm9/C[C@H]1N[C@]1(C)[C@H]1CCO1.pickle,0,
qm9/C1CC2(C1)CC21COC1.pickle,0,
qm9/O=C1[C@@H](O)[C@H]2[N][CH]O[C@@H]12.pickle,0,
qm9/C1=Nc2[nH]nnc2CO1.pickle,0,
qm9/[NH][CH]O[C@@H]1CO[C@@H]1CO.pickle,0,
qm9/C[C@H]1C[C@H]2O[C@@]13CO[C@@H]23.pickle,0,
qm9/CC1(C)[C@H]2CC[C@]21O.pickle,0,
qm9/C[C@H]1CC[C@H]2N[C@H]2[C@H]1O.pickle,0,
qm9/C#CCn1ccc(O)n1.pickle,0,
qm9/c1ncc2oncc2n1.pickle,0,
qm9/C#CC(=O)C(=O)NC=N.pickle,0,
qm9/C[C@H]1C[C@H]2CC(=O)[C@H]2C1.pickle,0,
qm9/CC(C)(C=O)CN1CC1.pickle,0,
qm9/CC[C@H]1C=C[C@H]2O[C@@H]12.pickle,0,
qm9/C[C@@]12C[C@@]3(C=O)C[C@@H]1[C@H]32.pickle,0,
qm9/N#CC#Cc1conn1.pickle,0,
qm9/C#C[C@]1(C)CC[C@@H](O)C1.pickle,0,
qm9/O=CC#CCC(F)(F)F.pickle,0,
qm9/O=C[C@]1(CO)CN=CO1.pickle,0,
qm9/C1=C[C@@]23C[C@H]4[C@@H]2N(C1)[C@H]43.pickle,0,
qm9/C[C@@H]1[C@@H]2N[C@@H]2[C@@H]2N[C@H]12.pickle,0,
qm9/C[C@H]1C[C@]1(C)CCC=O.pickle,0,
qm9/O=CC[C@@H]1CO[C@@H]1CO.pickle,0,
qm9/CC(=O)[C@@H]1C(=O)N2C[C@H]12.pickle,0,
qm9/O=C1C[C@@]2(CO)C[C@H]2N1.pickle,0,
qm9/C#C[C@@H]1COCC1=O.pickle,0,
qm9/C#C[C@@H](CO)CCC#N.pickle,0,
qm9/CCC1(OCC#N)CC1.pickle,0,
qm9/C#C[C@@]1(O)C[C@@H]1C(C)=O.pickle,0,
qm9/O=C1C=C[C@H]2C=C[C@@H]1O2.pickle,0,
qm9/CCO[C@H]1CC[C@H]1C=O.pickle,0,
qm9/CN=C1O[C@H]2CC[C@@]12N.pickle,0,
qm9/Cc1cnccc1CO.pickle,0,
qm9/CC1=CCOC[C@H]2C[C@@H]12.pickle,0,
qm9/NC(=O)N1CC(CO)C1.pickle,0,
qm9/C[C@H]1[C@H]2CO[C@]1(C)C2=O.pickle,0,
qm9/C[C@H]1C[C@H]2O[C]([NH])[C@@]12O.pickle,0,
qm9/O=C1N[C@@H]2[C@H](O)[C@@H]2O1.pickle,0,
qm9/CN1C[C@H]1[C@H](C#N)CO.pickle,0,
qm9/C#CC(=O)c1cocn1.pickle,0,
qm9/CN1C[C@H](C#N)OC1=O.pickle,0,
qm9/C[C@@H]1C(=O)NC(=O)N1C.pickle,0,
qm9/C[C@@]12C[C@H]3CO[C@@H]1[C@@H]2O3.pickle,0,
qm9/C#CCC[C@H](C)CC=O.pickle,0,
qm9/O=C[C@H]1CCC(=O)OC1.pickle,0,
qm9/CN=C(C)NC(=N)C#N.pickle,0,
qm9/C#CC1([C@@H](N)C#N)CC1.pickle,0,
qm9/O=CCN1CC=CC1=O.pickle,0,
qm9/C#C[C@@H]1C[C@@]2(O)C[C@@H]12.pickle,0,
qm9/O[C@H]1C[C@@]2(O)CCO[C@@H]12.pickle,0,
qm9/CN(C=O)[C@H]1CO[C]1[NH].pickle,0,
qm9/CCC(=O)C#C[C@@H](C)O.pickle,0,
qm9/CN=COc1conn1.pickle,0,
qm9/C[C@@H](O)[C@]12CCC[C@H]1N2.pickle,0,
qm9/O=C[C@]12CN1CC21CC1.pickle,0,
qm9/N#C[C@H](O)C1(O)COC1.pickle,0,
qm9/C#C[C@@H]1CCC[C@@H]1CO.pickle,0,
qm9/C#C[C@@H](CC)CC=O.pickle,0,
qm9/C#C[C@H]1CN1CCC#N.pickle,0,
qm9/OCC[C@H]1CO[C@H]1CO.pickle,0,
qm9/C[C@H]1CCC(=NO)C1.pickle,0,
qm9/C[C@@]12C=C[C@H](O)[C@@H]1O2.pickle,0,
qm9/CC#CC(C)(C)C.pickle,0,
qm9/O[C@@]12CN=CO[C@@H]1C2.pickle,0,
qm9/[NH]C1=C(N)[N]C(N)=CO1.pickle,0,
qm9/N[C@]12C[C@H]1N=COC2=O.pickle,0,
qm9/C#C[C@@]12CCCN1C2.pickle,0,
qm9/CC#C[C@@]1(O)C[C@]1(C)O.pickle,0,
qm9/C#C[C@H]1C2CN1C2.pickle,0,
qm9/CC[C@@H](O)CCC(C)=O.pickle,0,
qm9/Cc1coc(=O)cc1N.pickle,0,
qm9/C[C@H]1[C@H]2O[C@H]2C(=O)N1C.pickle,0,
qm9/Cc1cc(OC=O)[nH]n1.pickle,0,
qm9/C[C@]12C[C@]3(CO)[C@H]1C[C@H]23.pickle,0,
qm9/C[C@@H](O)[C@@]12[C@H]3C[C@@H]1C[C@H]32.pickle,0,
qm9/CO[C@H]1C[C@@]2(C1)O[C@H]2C.pickle,0,
qm9/C[C@@H]1N(C)C[C@@]12O[C@@H]2C.pickle,0,
qm9/CO[C@@H](C)C#CC(N)=O.pickle,0,
qm9/C[C@@H](O)[C@@H]1[C@@H]2C[C@@H]3[C@H]1N23.pickle,0,
qm9/OC1(CC2CC2)CCC1.pickle,0,
qm9/CC1=CC=CNC(=O)C1.pickle,0,
qm9/O=C[C@H](O)CC(=O)CO.pickle,0,
qm9/CCNc1cnn[nH]1.pickle,0,
qm9/N#CC(N)(C#N)CCO.pickle,0,
qm9/C[C@H]1[C@H]2[C@@H]3C[C@H]2C(=O)[C@H]13.pickle,0,
qm9/NC(=O)c1ocnc1N.pickle,0,
qm9/C1C[C@@]23O[C@H]4C[C@@]12O[C@H]43.pickle,0,
qm9/CC#C[C@@]12COC[C@@H]1C2.pickle,0,
qm9/[NH][C]1C=NO[C]([NH])N=C1.pickle,0,
qm9/C#C[C]1[N][C@H](C#N)CN1.pickle,0,
qm9/Cc1cc(O)ccc1F.pickle,0,
qm9/O[C@H]1C[C@H]2C[C@H]3[C@@H]1CN32.pickle,0,
qm9/O=CO[C@]12C[C@H](C1)[C@@H]2O.pickle,0,
qm9/O[C@H]1[C@@H]2[C@@H]3OC=N[C@@H]3[C@H]12.pickle,0,
qm9/C#C[C@H](O)C(C)(C)CC.pickle,0,
qm9/CC#C[C@@H]1[C@H](C=O)[C@@H]1O.pickle,0,
qm9/C#CC(C#C)N1CCC1.pickle,0,
qm9/NC(=O)[C@H]1N[C@H]1C1CC1.pickle,0,
qm9/C[C@@]12C[C@]3(CO3)[C@]1(C)N2.pickle,0,
qm9/Cc1n[nH]c(=O)cc1N.pickle,0,
qm9/C[C@@H](NCC=O)C(=O)O.pickle,0,
qm9/OC[C@]12[C@@H]3N1[C@@H]1[C@H]2[C@]31O.pickle,0,
qm9/C[C@H]1[C@@H](O)C[C@]1(O)C#N.pickle,0,
qm9/C[C@@]12[N][CH]N3[C]([NH])[C@@H]1[C@H]32.pickle,0,
qm9/C#Cc1ccn(CC)c1.pickle,0,
qm9/Cc1cc(F)ccn1.pickle,0,
qm9/C#C[C@@]1(O)[C@@H]2C[C@H]1N2.pickle,0,
qm9/O[C@H]1C[C@@H]2C[C@H]1[C@H]1O[C@@H]21.pickle,0,
qm9/CC[C@H]1O[C@H]2C[C@@H](O)[C@H]21.pickle,0,
qm9/CC1=CC[C@@H](O)[C@H]1CO.pickle,0,
qm9/CC(=O)NC1(C)CC1.pickle,0,
qm9/O[C@@]12CCCC=C[C@@H]1C2.pickle,0,
qm9/N#C[C@H]1COC(=O)O1.pickle,0,
qm9/N#C[C@]1(O)C[C@@H]2[C@H](O)[C@@H]21.pickle,0,
qm9/COC[C@@H](O)CN1CC1.pickle,0,
qm9/C[C@@H](O)CN1C[C@H]1C.pickle,0,
qm9/C#C[C@@H]1[C@H](C)C1(C)C.pickle,0,
qm9/O=CC[C@@]12[C@@H]3[C@H]4[C@@H]([C@@H]31)N42.pickle,0,
qm9/C#CCc1c[nH]c(C)n1.pickle,0,
qm9/C[C@H]1CCCC2(CC2)C1.pickle,0,
qm9/C[C@@]12CC[C@H]3N1C[C@]32C.pickle,0,
qm9/C[C@@]12C[C@H]3CC[C@@H]1C[C@H]32.pickle,0,
qm9/N#CCNC(=O)C(=N)N.pickle,0,
qm9/C1COc2[nH]nnc2C1.pickle,0,
qm9/C[C@]1(O)C=CCC=CC1.pickle,0,
qm9/C[C@H]1CC[CH][C]2CO[C@H]21.pickle,0,
qm9/CN=c1cc(O)[nH]cn1.pickle,0,
qm9/c1nc2c([nH]1)[C@H]1C[C@H]1O2.pickle,0,
qm9/[NH][C]1NC=CCO[C]1[NH].pickle,0,
qm9/C[C@@H](C=O)[C@H]1N[C@H]1C#N.pickle,0,
qm9/C[C@]12NC[C@@]1(C)O[C]2[NH].pickle,0,
qm9/OC1[C@H]2O[C@@H]3[C@H]2O[C@H]13.pickle,0,
qm9/C[C@H]1O[C@H]2COC[C@@]12C.pickle,0,
qm9/C#C[C@]1(CC(N)=O)CO1.pickle,0,
qm9/Cn1ccnc1C(N)=O.pickle,0,
qm9/C1C[C@]23[C@H]4C[C@]2(CN13)C4.pickle,0,
qm9/CCCN=COCCO.pickle,0,
qm9/CCC1=CC(=NO)CC1.pickle,0,
qm9/CC(=O)CCC(C)(C)C.pickle,0,
qm9/O=C1N[C@@H]2[C@H]3[C@@H]4C[C@]13[C@@H]42.pickle,0,
qm9/C[C@H]1O[C@@H]2[C@H]1CC[C@H]2O.pickle,0,
qm9/C[C@H]1O[C@]12[C@H]1CC[C@@H]2C1.pickle,0,
qm9/C#C[C@]1(CC)OC[C@H]1C.pickle,0,
qm9/Cc1nc(C=O)c[nH]1.pickle,0,
qm9/C[C@@]12CN1C(=O)O[C]2[NH].pickle,0,
qm9/O=C1NC[C@@]1(O)C1CC1.pickle,0,
qm9/Cc1nocc1OC=O.pickle,0,
qm9/CC#C[C@H]1C[C@@H]2[C@H]1[C@@H]2O.pickle,0,
qm9/CO[C@@]1(CO)C[C@H]1C#N.pickle,0,
qm9/CO[C@H]1CNC1=O.pickle,0,
qm9/C[C@H]1[C@H]2[C@H]3C[C@H]4[C@@H]1[C@@H]2[C@H]43.pickle,0,
qm9/CCC[C@@]1(OC)C[C@H]1C.pickle,0,
qm9/N#N.[O][C][CH]C(=O)C=O.pickle,0,RDKit molecule import failed (ValueError): IMPORT_MOLECULE: The imported structure contains disconnected fragments. SCOPE Molecule objects must represent a single connected molecule.
qm9/C[C@@]12C[C@@H](O)[C@]1(O)[C@H]2O.pickle,0,
qm9/N[C@@H]1C(=O)OC[C@@H]1CO.pickle,0,
qm9/CN=C1NC(=O)CCO1.pickle,0,
qm9/C[C@@H]1[N][C](C#N)O[C@@H]1C.pickle,0,
qm9/CCn1nc[nH]c1=O.pickle,0,
qm9/CC1(C)C[C@@H](C#N)C1=O.pickle,0,
qm9/C[C@H]1CC[C@H]1OCC=O.pickle,0,
qm9/[NH][C]1OC[C@@H]2CC[C@H]1O2.pickle,0,
qm9/C[C@H]1COC[C@H]1N1CC1.pickle,0,
qm9/O=C1C[C@H]2[C@H]3CN1[C@@H]23.pickle,0,
qm9/CC[C@H]1OC[C@@H](C)[C@H]1O.pickle,0,
qm9/Cc1n[nH]c([C@H]2CO2)n1.pickle,0,
qm9/OCc1conc1CO.pickle,0,
qm9/CC(C)Cc1ccco1.pickle,0,
qm9/CC1=CCc2cncn21.pickle,0,
qm9/Nc1nnc(N)n1C=O.pickle,0,
qm9/CC1=C(C=O)C[C@H]2C[C@@H]12.pickle,0,
qm9/Cc1ncc(O)cc1O.pickle,0,
qm9/C[C@@H]1[C@]2(O)COC[C@]12O.pickle,0,
qm9/NC1=CC(=O)N2CC[C@@H]12.pickle,0,
qm9/C[C@@]1(C=O)C[C@H]2OC[C@H]21.pickle,0,
qm9/NCC(=O)O[C@H]1C[C@H]1O.pickle,0,
qm9/C1=C[C@@]23C=CCN2[C@H]3C1.pickle,0,
qm9/CCNC(=O)[C@@H](O)C=O.pickle,0,
qm9/C#C[C@]12C[C@@H]3C(=O)N1[C@@H]32.pickle,0,
qm9/Cc1cocc1C(C)C.pickle,0,
qm9/C[C@H]1OC[C@H]1OC=O.pickle,0,
qm9/CC1(N2CCC2=O)CC1.pickle,0,
qm9/O=CNCC1CC1.pickle,0,
qm9/C[C@H]1[C@H]2C[C@@H]3[C@H]2C(=O)[C@@H]31.pickle,0,
qm9/O=c1cc(F)cc(F)o1.pickle,0,
qm9/ON=C1[C@H]2CN3C[C@@H]1[C@@H]23.pickle,0,
qm9/C[C@H]1N[C@@]2(C(=O)O)C[C@@H]12.pickle,0,
qm9/N#CC1=CC(=O)C[C@@H]1O.pickle,0,
qm9/N#C[C@H]1C[C@H]2C[C@@H](C1)C2.pickle,0,
qm9/CCN=C1NC[C@H]2O[C@@H]12.pickle,0,
qm9/O=C1[C@@H]2CC[C@@]1(O)[C@H]2O.pickle,0,
qm9/C[C@H]1OC[C@H]2OC[C@H]21.pickle,0,
qm9/C[C@H]1C[C@H]2[C]([NH])O[C@@H]12.pickle,0,
qm9/c1cc(C2CC2)on1.pickle,0,
qm9/Cn1ncnc1CC#N.pickle,0,
qm9/CO[C@](C)(C#N)C=O.pickle,0,
qm9/CN1C[C@]2(CO2)[C@H]1CO.pickle,0,
qm9/O=C1[C@@H]2[C@@H]3C[C@H](O)[C@H]1N32.pickle,0,
qm9/O=CC#C[C@H]1C[C@H](O)C1.pickle,0,
qm9/C[C@@]12CC(=O)[C@]1(C)CO2.pickle,0,
qm9/O[C@@]12[C]3[CH]CC[C@@H]1[C@@H]2C3.pickle,0,
qm9/CC[C@H]1[C@@H](C)[C@]1(O)CC.pickle,0,
qm9/CC1(C)OC[C@]2(C)N[C@H]12.pickle,0,
qm9/CC(C)[C@@]1(CC=O)CO1.pickle,0,
qm9/CO[C@H]1CCN=CO1.pickle,0,
qm9/CC#C[C@H]1[C@H]2CN1[C@H]2C.pickle,0,
qm9/C[C@@H](O)CCN1C[C@H]1C.pickle,0,
qm9/C#C[C@H](C=O)CC.pickle,0,
qm9/C[C@@]1(O)CCC(=NO)C1.pickle,0,
qm9/N#C[C@]12C[C@H](C1)O[C]2[NH].pickle,0,
qm9/O=C[C@]12[C@@H]3N1[C@@H]1[C@H]2[C@]31O.pickle,0,
qm9/CN(C)Cc1conn1.pickle,0,
qm9/CC#CC(=O)OCC=O.pickle,0,
qm9/CC[C@@]1(C=O)O[C@H]2C[C@H]21.pickle,0,
qm9/C#CC[C@@H]1O[C@@H]1CC.pickle,0,
qm9/CC1=C[C@@]2(O)CO[C@H]2C1.pickle,0,
qm9/CCN=C(C=O)NC.pickle,0,
qm9/[NH]C1=C[C@H](F)OC=N1.pickle,0,
qm9/N#C[C@]12C[C@H]1[C@@]1(O)C[C@H]12.pickle,0,
qm9/CC[C@H]1OC(=O)[C@H]2C[C@H]21.pickle,0,
qm9/CO[C@H]1CO[C@H]1CC#N.pickle,0,
qm9/C[C@]12[C@@H]3CN1C[C@H]2[C@@H]3O.pickle,0,
qm9/C1C[C@@H]2O[C@@H]2CCO1.pickle,0,
qm9/CC[C@]12C[C@@H]3[C@H]1[C@H]1[C@@H]3N12.pickle,0,
qm9/CCNc1n[nH]cc1N.pickle,0,
qm9/C#C[C@]1(O)COC(=O)C1.pickle,0,
qm9/O=CCC1(C=O)CC1.pickle,0,
qm9/Nc1ccc(=O)oc1.pickle,0,
qm9/C[C@H]1O[C@H]1[C@@]1(O)C[C@H]1C.pickle,0,
qm9/CCC1(CC)C[C@H]1C.pickle,0,
qm9/[NH]C1=C(O)[C@@H](N)N=CN1.pickle,0,
qm9/CCC1=CC[C@@H](O)CC1.pickle,0,
qm9/C1=CCCCC=CC1.pickle,0,
qm9/O=C[C@H](O)[C@@H]1[C@H](O)[C@@H]1O.pickle,0,
qm9/[NH][C]1C[C@H]([C@@H]2C[C@@H]2O)O1.pickle,0,
qm9/C#CC[C@@](C)(C#N)NC.pickle,0,
qm9/C[C@]12[C@H]3[C@H](CN31)[C@@]21CO1.pickle,0,
qm9/C[C@@]12CCOC[C@@H]1OC2.pickle,0,
qm9/C[C@H]1C[C@@H](CO)[C@H]1C.pickle,0,
qm9/CO[C@]1(C)C=CCO1.pickle,0,
qm9/C1N[C@H]2[C@H]3O[C@@]12[C@H]1N[C@@H]31.pickle,0,
qm9/CC1=CC(=O)C[C@H]1CO.pickle,0,
qm9/O[C@@H]1C=C([C@H]2CO2)CC1.pickle,0,
qm9/Cc1cc(C)nc(F)n1.pickle,0,
qm9/C#C[C@H]1N[C@]1(C#C)C#N.pickle,0,
qm9/C[C@H]1N2[C@@H]3[C@@H]4[C@H]2[C@@]1(C)[C@H]34.pickle,0,
qm9/CC1=CCO[C@H](C)C=C1.pickle,0,
qm9/O[C@H]1[C@H]2C[C@@H](C3CC3)[C@@H]12.pickle,0,
qm9/CC#C[C@]1(C)C[C@H](C)C1.pickle,0,
qm9/Nc1cc2c(o1)C=CC2.pickle,0,
qm9/C1C[C@@H]2OC[C@@H]2OCO1.pickle,0,
qm9/N#CC(=O)n1cnnn1.pickle,0,
qm9/CCC#CCC#CCC.pickle,0,
qm9/C[C@@]1(O)CC(=O)CC1=O.pickle,0,
qm9/C#Cc1cc(F)ccn1.pickle,0,
qm9/CC[C@H]1C[C@H]1C#CC#N.pickle,0,
qm9/C[C@@]1([C@@]2(C#N)CO2)CO1.pickle,0,
qm9/Cn1c(F)ncnc1=O.pickle,0,
qm9/C[C@@H]1[C@H]2C=C[C@H]3[C@@H]1[C@H]3C2.pickle,0,
qm9/C[C@@H](O)C1=CC(=O)CC1.pickle,0,
qm9/C[C@H]1[C@H]2[C@@H]3C=C[C@@]2(C)[C@H]13.pickle,0,
qm9/O=CN1CC(CO)C1.pickle,0,
qm9/O[C@]12CC=C[C@]13C[C@H]2O3.pickle,0,
qm9/CC(=O)NC(=N)C1CC1.pickle,0,
qm9/CC#C[C@@]1(C)C[C@H]1C.pickle,0,
qm9/O=CN1CC2(C[C@@H]2O)C1.pickle,0,
qm9/CC[C@H]1CCCO[C@H]1C.pickle,0,
qm9/O=C1C=CC=CCO1.pickle,0,
qm9/COc1cncnc1C.pickle,0,
qm9/CCC(=N)NC=O.pickle,0,
qm9/O[C@H]1C=CCN2C[C@@H]12.pickle,0,
qm9/O=CC1=CCC[C@@]12CN2.pickle,0,
qm9/CNc1cc(C)c(C)[nH]1.pickle,0,
qm9/CNc1coc(O)c1N.pickle,0,
qm9/O=C[C@@]12[C@@H]3[C@H]4[C@@H]([C@@H]31)N42.pickle,0,
qm9/CC1(C)CCN=CO1.pickle,0,
qm9/C1[C@@H]2[C@H]3[C@H]4[C@@H]2[C@@H]1CN34.pickle,0,
qm9/NC(=O)c1ocnc1O.pickle,0,
qm9/CO[C@@H](CO)[C@@]1(C)CN1.pickle,0,
qm9/CC1(C)C[C@H]2[C@H]3C[C@H]3[C@H]21.pickle,0,
qm9/C[C@]12OC[C@H]1[C@H]2C(N)=O.pickle,0,
qm9/C[C@@H]1O[C@H](C)[C@H]2C[C@@H]1O2.pickle,0,
qm9/O[C@H]1CCc2n[nH]cc21.pickle,0,
qm9/CCCCCC[C@H]1CO1.pickle,0,
qm9/N#C[C@H](O)C1CCCC1.pickle,0,
qm9/CN=C1O[C@H]2C[C@H]2C1=O.pickle,0,
qm9/Cn1nc(N)nc1C#N.pickle,0,
qm9/CO[C@H]1C=CCC1(C)C.pickle,0,
qm9/CC(=O)CCC1CC1.pickle,0,
qm9/Oc1nc[nH]c1[C@H]1CN1.pickle,0,
qm9/O[C@H]1CCC=C[C@@]12CO2.pickle,0,
qm9/CCC(=O)C(=O)[C@@H](C)O.pickle,0,
qm9/CC1=N[C@@H](CO)[C@@H](C)O1.pickle,0,
qm9/C[C@H]1O[C]([NH])CO[C]1[NH].pickle,0,
qm9/CC[C@]12C[C@@H]3[C@H]1N3[C@H]2C.pickle,0,
qm9/O[C@H]1C=C[C@@H]2O[C@H]1[C@H]2O.pickle,0,
qm9/C[C@H]1C=C[C@H]2N[C@@H]12.pickle,0,
qm9/CCC1(C#N)CCCC1.pickle,0,
qm9/c1cc([C@H]2CCO2)n[nH]1.pickle,0,
qm9/[NH][C]1[C@H](C=O)CN1C=O.pickle,0,
qm9/C[C@@]12O[C@]1(C)C[C@H]2CO.pickle,0,
qm9/C[C@@H](N1CC1)C(C)(C)O.pickle,0,
qm9/C#CC#C[C@](C)(O)C#N.pickle,0,
qm9/C[C@H]1C[C@H]2OC(N)=N[C@@H]12.pickle,0,
qm9/C[C@H]1O[C@]12C(=O)[C@@H]1N[C@@H]12.pickle,0,
qm9/O=C1CC=C([C@H]2CO2)C1.pickle,0,
qm9/CNc1cc(C=O)on1.pickle,0,
qm9/C[C@H]1OCC(=O)N[C]1[NH].pickle,0,
qm9/CO[C@@H]1[C@@H]2C[C@H]1[C@@]2(C)O.pickle,0,
qm9/N#CC(O)(C#N)[C@H]1CN1.pickle,0,
qm9/C[C@@]1(O)C[C@H]2C[C@@H]1C2.pickle,0,
qm9/C[C@H]1CCC[C@@H](C)OC1.pickle,0,
qm9/C[C@@]12C[C@H]3COC[C@@H]1N32.pickle,0,
qm9/CO[C@@H](CO)C1COC1.pickle,0,
qm9/C[C@H]1CNC(=O)[C@H]2O[C@@H]12.pickle,0,
qm9/OC[C@H]1N[C@@]12CN1C[C@H]12.pickle,0,
qm9/CC[C@]12C[C@](CO)(C1)O2.pickle,0,
qm9/N#CC1(C2CCC2)CC1.pickle,0,
qm9/O[C@@]12CO[C@@H]1C2.pickle,0,
qm9/N#C[C@@H]1C[C@]1(C#N)CN.pickle,0,
qm9/C#CC1(O[CH][NH])CNC1.pickle,0,
qm9/CC[C@@H](O)C#CC(C)=O.pickle,0,
qm9/C[C@H]1O[C@H]1[C@@H](O)C=O.pickle,0,
qm9/CN=C1CN=CN1C.pickle,0,
qm9/C[C@H]1[C]([NH])OCC12CC2.pickle,0,
qm9/C[C@@]1(OC=O)[C@H]2CO[C@H]21.pickle,0,
qm9/C#C[C@@]1(C)CC[C@@H]1C.pickle,0,
qm9/O=C1C[C@H]2[C@H]3[C@@H]1CN23.pickle,0,
qm9/ON=C1[C@H]2C[C@]1(O)CO2.pickle,0,
qm9/c1cnon1.pickle,0,
qm9/C#C[C@](C)(CC=O)OC.pickle,0,
qm9/O[C@H]1CNc2nc[nH]c21.pickle,0,
qm9/c1nnoc1[C@H]1CCO1.pickle,0,
qm9/[NH]C1=C(F)[C](F)ON=C1.pickle,0,
qm9/CCCC#CC(N)=O.pickle,0,
qm9/C#CC[C@@]12C=CC[C@@H]1C2.pickle,0,
qm9/O=C[C@H]1CC[C@H]2O[C@@H]12.pickle,0,
qm9/N#C[C@@H]1N[C@@H]2C[C@]12N.pickle,0,
qm9/O=C[C@@H]1C[C@@H]1[C@@H]1C[C@@H]1O.pickle,0,
qm9/NC(=O)CCOC1CC1.pickle,0,
qm9/C[C@@]12C[C@H]3O[C@H]3[C@]1(C)N2.pickle,0,
qm9/CC(=O)[C@@H]1[C@@H]2CC[C@H]1O2.pickle,0,
qm9/C[C@H]1[C@@H]2[C@@H]3O[C]([NH])[C@@H]3[C@@H]21.pickle,0,
qm9/C[C@@H]1Cc2nn[nH]c2C1.pickle,0,
qm9/N#CC(=O)CNC1CC1.pickle,0,
qm9/O=C[C@@H]1[C@@H]2C[C@H]1OC2=O.pickle,0,
qm9/CC#CCC1(OC)CC1.pickle,0,
qm9/O=c1occ(CCO)o1.pickle,0,
qm9/CC[C]1C=C([NH])OC1=O.pickle,0,
qm9/C[C@H]1[C@H]2CC[C@]1(C)[C@H]2O.pickle,0,
qm9/C[C@@H]1C=CCOC[C@@H]1C.pickle,0,
qm9/CC(C)C1COC1.pickle,0,
qm9/CC[C@H]1CN1CC(C)=O.pickle,0,
qm9/Cn1ncc(C)nc1[NH].pickle,0,
qm9/CC[C@H]1C[C@@]2(C#N)N[C@@H]12.pickle,0,
qm9/COC(=O)[C@@H](C)O[CH][NH].pickle,0,
qm9/CCCCCC(=O)OC.pickle,0,
qm9/O=C[C@@]12C[C@@]3(O)C[C@@H]1[C@H]32.pickle,0,
qm9/CO[C@H]1[C@H]2C[C@]1(O)CO2.pickle,0,
qm9/Nc1cc(CCO)no1.pickle,0,
qm9/O=C1OC[C@@]12C[C@@H]2CO.pickle,0,
qm9/C[C@H]1O[C@@H]2[C@H]3C[C@@H]2[C@]31C.pickle,0,
qm9/C[C@@H](CO)[C@H]1C[C@H]1C.pickle,0,
qm9/O=CCNc1cocn1.pickle,0,
qm9/N#CC1=CN[C]([NH])OC1.pickle,0,
qm9/CO[C@H]1[C@@H]2[C@H](O)[C@H]1[C@@H]2C.pickle,0,
qm9/CC[C@H]1CO[C@H]1C1CC1.pickle,0,
qm9/C[C@H]1[C@H]2C[C@@H]3[C@H]2O[C@]13C.pickle,0,
qm9/CO[C@H]1Cn2cncc21.pickle,0,
qm9/C#CCCC(C=O)C=O.pickle,0,
qm9/CC[C@@]12O[C@@]3(C)[C@@H]1N[C@H]32.pickle,0,
qm9/C#C[C@@]12[C@@H](O)[C@H]3[C@@H]1C[C@H]32.pickle,0,
qm9/O[C@@]12CC[C@@]34C[C@@H]([C@H]13)[C@@H]24.pickle,0,
qm9/Nc1cc(O)ncc1F.pickle,0,
qm9/N#C[C@H]1OCC12CC2.pickle,0,
qm9/O[C@@H]1C=CC=CCCC1.pickle,0,
qm9/C[C@H]1[C@@H](C=O)[C@H]2CN12.pickle,0,
qm9/C1OC[C@@]23OC[C@@H]2C[C@@H]13.pickle,0,
qm9/C[C@H]1COCC(=O)N1C.pickle,0,
qm9/[C]1[C]CN=CN[CH][N]C1.pickle,0,
qm9/CC#Cc1c[nH]c(O)n1.pickle,0,
qm9/N#C[C@H]1NC[C@@H]2C[C@H]1N2.pickle,0,
qm9/CC1(C)[C@H]2OC3(CC3)[C@H]21.pickle,0,
qm9/C#C[C@H]1CCNC(=O)O1.pickle,0,
qm9/C1CO[C@H]2C[C@@H](C1)CO2.pickle,0,
qm9/COCC1=CC[C@@H](O)C1.pickle,0,
qm9/C#C[C@@](C)(C#N)C(C)C.pickle,0,
qm9/Cc1ccc(C=O)o1.pickle,0,
qm9/Cc1cc[nH]c(=O)c1C.pickle,0,
qm9/Nc1coc(C2CC2)c1.pickle,0,
qm9/CC#CC1=CCO[C@H]1C.pickle,0,
qm9/C[C@@H](O)C[C@@H](O)C=O.pickle,0,
qm9/C1CC1[C@@]12O[C@H]3[C@@H]1O[C@H]32.pickle,0,
qm9/COC[C@@]12CN3C[C@@H]1[C@H]32.pickle,0,
qm9/C[C@H]1COC12CN(C)C2.pickle,0,
qm9/CCNc1coc(N)n1.pickle,0,
qm9/O=C1OCC[C@@]12C[C@@H]2O.pickle,0,
qm9/[CH]1CN2C[C@@]23C=CC[C]13.pickle,0,
qm9/CN1C[C@@]12CC[C@H]2CO.pickle,0,
qm9/C[C@H]1[C@@H](O)C[C@@]12C[C@H]2O.pickle,0,
qm9/C[C@H]1[C@H]2C[C@@H](C=O)[C@@]12C.pickle,0,
qm9/C#C[C@@H](C#N)[C@H](O)CO.pickle,0,
qm9/CN1CC(=O)[C@@H]2N[C@@H]2C1.pickle,0,
qm9/N#C[C@H]1CN[C@H]1[C@H]1CO1.pickle,0,
qm9/CCN=C1CN=CN1C.pickle,0,
qm9/CN=COCCOC=O.pickle,0,
qm9/C[C@H]1C[C@@H](O)[C@@]2(C)C[C@@H]12.pickle,0,
qm9/O[C@]12C[C@H](C1)C21CCC1.pickle,0,
qm9/O=CCC[C@H]1O[C@H]2C[C@H]21.pickle,0,
qm9/C[C@]12C[C@@H]3[C@H]1[C@H]1[C@@H]3N12.pickle,0,
qm9/Oc1c[nH]c2c1C=CC2.pickle,0,
qm9/Cc1nc(N)cnc1F.pickle,0,
qm9/O[C@H]1[C@@H]2C=C[C@H]1N2.pickle,0,
qm9/O=CC[C@H]1COCC1=O.pickle,0,
qm9/C[C@H]1O[C@]1(C)COC=O.pickle,0,
qm9/CC(C)N=c1onno1.pickle,0,
qm9/N#CC(=N)NC=N.pickle,0,
qm9/[NH]C1=NCN=CO1.pickle,0,
qm9/Cc1cnc2[nH]nnn12.pickle,0,
qm9/CC#CC[C@@H](C)OC=O.pickle,0,
qm9/CN(C)[C@@]1(C#N)C[C@H]1N.pickle,0,
qm9/CO[C]([NH])[C@@H](C)CCO.pickle,0,
qm9/CC[C@]12[C@@H](O)[C@H]1[C@H]1C[C@H]12.pickle,0,
qm9/C[C@H]1COC(=O)N(C)C1.pickle,0,
qm9/NC(=O)N1C[C@H]2C[C@H]21.pickle,0,
qm9/N#C[C@H]1CO[C@H]1[C@H]1CO1.pickle,0,
qm9/Cc1c[nH]c(O[CH][NH])c1.pickle,0,
qm9/[NH][C]1CC[C@@H]2[C@H](O)[C@@H]2O1.pickle,0,
qm9/O=CCCOC[C@H]1CO1.pickle,0,
qm9/CCC[C@@H]1C(=O)[C@@H]2CN21.pickle,0,
qm9/COc1ccc(N)cc1.pickle,0,
qm9/CC#Cc1c[nH]cn1.pickle,0,
qm9/c1occ2c1N[C@@H]1C[C@H]21.pickle,0,
qm9/CNC(=O)CC(C)(C)O.pickle,0,
qm9/CC[C@H]1[C@@H](C)[C@H]2C[C@@]12O.pickle,0,
qm9/O=C[C@H]1C[C@H]2C=C[C@@H]1C2.pickle,0,
qm9/CO[C@H](C=O)CC(N)=O.pickle,0,
qm9/C[C@@H]1[C@@H]2[C]([NH])O[C@@H]3[C@H]1[C@H]23.pickle,0,
qm9/O=C1C[C@H]2CN2C(=O)N1.pickle,0,
qm9/CNc1cc(CO)on1.pickle,0,
qm9/CC[C@@H](CCO)OC.pickle,0,
qm9/C#C[C@H](C)[C@H]1C[C@H]2O[C@H]21.pickle,0,
qm9/CC(=O)NC1CCC1.pickle,0,
qm9/C[C@H]1O[C@]12[C@@H]1N[C@H]2C1=O.pickle,0,
qm9/C[C@@]1(O)[C@H]2O[C@@H]1[C@H]1O[C@H]12.pickle,0,
qm9/C[C@H]1C[C@@H](CO)OCO1.pickle,0,
qm9/O=C1CC[C@](O)(CO)C1.pickle,0,
qm9/C#CC[C@@](C)(C#N)C=O.pickle,0,
qm9/Nc1cc(O)cc(O)c1.pickle,0,
qm9/C#C[C@H](CO)C(N)=O.pickle,0,
qm9/C[C@]1(C(N)=O)[C@H](O)[C@@H]1O.pickle,0,
qm9/CN[C@H](CC#N)COC.pickle,0,
qm9/NC1=C(C[NH3])O[CH]C1=O.pickle,0,
qm9/O=CCC[C@H](O)[C@H]1CN1.pickle,0,
qm9/C[C@H]1C[N][C]2OC[C@H]2O1.pickle,0,
qm9/COC1(C=O)CCCC1.pickle,0,
qm9/C[C@]12C[C@H](C1)NCC2=O.pickle,0,
qm9/CC1=C[C@]2(O)C[C@@]1(C)C2.pickle,0,
qm9/CO[C@H]1[C@H]2C[C@@H]3[C@H]2[C@]13C.pickle,0,
qm9/N#C[C@@H]1[C@@H]2N=COC[C@H]12.pickle,0,
qm9/C[C@]12C[C@]1(C[NH2]2)C(=O)[O].pickle,0,
qm9/[NH][CH]O[C@H]1CCCOC1.pickle,0,
qm9/CO[C@H]1[C@@H](C)[C@H]2CC[C@@H]12.pickle,0,
qm9/C1CC1C1CC2(CC2)C1.pickle,0,
qm9/CC[C@@H](O)COC=NC.pickle,0,
qm9/CC1=C([NH])OC(O)=CC1.pickle,0,
qm9/C[C@H]1C=C[C@H]2CC[C@@]12C.pickle,0,
qm9/O[C@@H]1[C]2[N]C[C@@H]3C[C@H]1N23.pickle,0,
qm9/O=C[C@H]1C[C@H](C=O)C1.pickle,0,
qm9/CC[C@H]1C[C@]1(O)C=O.pickle,0,
qm9/C[C@H]1O[C@H](C(=O)O)[C@H]1N.pickle,0,
qm9/C#C[C@]1(C)C[C@H]1N1CC1.pickle,0,
qm9/CC[C@H]1CC[C@H]1N1CC1.pickle,0,
qm9/C[C@@]12N[C@]1(C=O)[C@H]1O[C@H]12.pickle,0,
qm9/N#C[C@@]1(N)C(=O)N2C[C@@H]21.pickle,0,
qm9/O=C1CC[C@H](C2CC2)N1.pickle,0,
qm9/C1=C[C@@]23CO[C@H]2[C@@H](C1)O3.pickle,0,
qm9/C[NH]1CCC(=C1)C(=O)[O].pickle,0,
qm9/COc1cncnc1O.pickle,0,
qm9/C[C@H]1[C@H]2C[C@H]2[C@]1(O)C=O.pickle,0,
qm9/C1=C2CCC=C2CC1.pickle,0,
qm9/C[C@H]1C[C@]12[C@H](O)[C@@H]1N[C@@H]12.pickle,0,
qm9/O=C1N[C@@H]2C[C@@H]3[C@H]1[C@@H]3C2.pickle,0,
qm9/CN(CC#N)C(N)=O.pickle,0,
qm9/C1=CC2(CC2)COCC1.pickle,0,
qm9/Cc1c(O)cn(C)c1N.pickle,0,
qm9/C#C[C@H](O)[C@]1(C)CN1.pickle,0,
qm9/O=C[C@@]12C[C@H]3CC[C@@H]1N32.pickle,0,
qm9/FC(F)(F)c1conn1.pickle,0,
qm9/CCn1nc(O)nc1O.pickle,0,
qm9/[NH][C]1NC(=O)C(N)=CO1.pickle,0,
qm9/C1=N[C@@H](C2CC2)CCO1.pickle,0,
qm9/CC1=CNCC=CC1=O.pickle,0,
qm9/C[C@H]1CC2=CCOC2=N1.pickle,0,
qm9/CNCC(=O)C#CC=O.pickle,0,
qm9/C[C@@]1(c2c[nH]nn2)CN1.pickle,0,
qm9/O[C@@]12CN3CC[C@@H]1C[C@H]32.pickle,0,
qm9/C#CC(=O)[C@H](C=O)NC.pickle,0,
qm9/O=C1C[C@@H]2[C@H]1[C@H](O)[C@@H]2O.pickle,0,
qm9/CO[C@H](C(C)=O)C1CC1.pickle,0,
qm9/O=C1C=C[C@@H]2OC[C@]12O.pickle,0,
qm9/CC#Cc1cnnnn1.pickle,0,
qm9/N#C[C@H]1C[C@H](C=O)C1.pickle,0,
qm9/O[C@H]1[C@H]2CO[C@@]12[C@H]1CO1.pickle,0,
qm9/[NH][C@H]1N=CN2CCC2=N1.pickle,0,
qm9/C#C[C@@H]1O[C@@H]1C#CC.pickle,0,
qm9/O=C1C=CCC1.pickle,0,
qm9/O[C@H]1CCC=CC12CC2.pickle,0,
qm9/CC(C)[C@H]1O[C@]1(C)CO.pickle,0,
qm9/C[C@H]1C[C@@H](O)[C@H]2C[C@@]12C.pickle,0,
qm9/O=C1C[C@H]2COC[C@@H]1N2.pickle,0,
qm9/CCNc1ccco1.pickle,0,
qm9/Cc1cc(O)n[nH]1.pickle,0,
qm9/O=CNC1=CCOC1.pickle,0,
qm9/CC(=O)c1c[nH]cc1N.pickle,0,
qm9/CO[C@@]1(C)OCC=C1C.pickle,0,
qm9/N=C(C=O)NCC1CC1.pickle,0,
qm9/[CH]1[CH][C@H]2C[C@H]2OCC=C1.pickle,0,
qm9/CNc1nn(C)cc1C.pickle,0,
qm9/C#CC[C@@]12O[C@@H]1C[C@@H]2O.pickle,0,
qm9/O=c1onccc1CO.pickle,0,
qm9/C1=CCOCOCC=C1.pickle,0,
qm9/C[C@]12O[C@H]1[C@H]1CO[C@@H]2O1.pickle,0,
qm9/OCC1=N[C@H]2C[C@H]2CO1.pickle,0,
qm9/C[C@@H](C=O)[C@@H](O)CCO.pickle,0,
qm9/N#C[C@@H]1[C@@H]2COC[C@@]21N.pickle,0,
qm9/Cc1cc(N)n[nH]c1=O.pickle,0,
qm9/C1C[C@@]23C[C@]2(C1)N1C[C@@H]13.pickle,0,
qm9/C1O[C@H]2[C@H]3O[C@H]3[C@H]2O1.pickle,0,
qm9/O=C1C[C@H]2C[C@H]3[C@@H]1CN32.pickle,0,
qm9/O[C@H]1C[C@]23CCC[C@]12C3.pickle,0,
qm9/CCC[C@]12C[C@H](C1)[C@H]2C.pickle,0,
qm9/CCN1C=C[C@@H](C)C1=O.pickle,0,
qm9/C#C[C@]1(O)[C@H]2CC[C@H]21.pickle,0,
qm9/C[C@H]1C[C@H]1OC[C@H]1CO1.pickle,0,
qm9/C[C@H]1CN2[C@@H]1C21COC1.pickle,0,
qm9/C[C@H]1[C@H]2CN2C[C@@]12CO2.pickle,0,
qm9/CN1C=NN[C]([NH])C1=O.pickle,0,
qm9/C[C@]12C[C@H]1C=C[C@@]21CN1.pickle,0,
qm9/O=COC[C@H]1C2CN1C2.pickle,0,
qm9/CC(=O)C1CN(C=O)C1.pickle,0,
qm9/CC[C@]1(C)C=C[C@H](C)C1.pickle,0,
qm9/C[C@@H]1C=CNC(=O)C1.pickle,0,
qm9/CC#CCC1OCCO1.pickle,0,
qm9/COCCCOC=O.pickle,0,
qm9/CC1=C[C@@H](C=O)C(=O)C1.pickle,0,
qm9/OC[C@]12CCC[C@H]1CO2.pickle,0,
qm9/OCC#CCCN1CC1.pickle,0,
qm9/O=CCCC1=CCCC1.pickle,0,
qm9/C[C@H]1OC[C@@]23C[C@@H](O2)[C@@H]13.pickle,0,
qm9/Cc1cnc2occn12.pickle,0,
qm9/C[C@H]1[C@@H]2C(=O)[C@H]1[C@@H]1N[C@H]21.pickle,0,
qm9/C#CC(C#C)OC(C)=O.pickle,0,
qm9/C[C@@]12C[C@@H](O1)[C@@H]1O[C@@]12C.pickle,0,
qm9/O=C[C@H]1O[C@@]12CCC2=O.pickle,0,
qm9/Cc1n[nH]c(O)c1O.pickle,0,
qm9/C[C@H](C=O)CCO[CH][NH].pickle,0,
qm9/O=C[C@@]12C[C@H]3C[C@@H](O1)[C@H]32.pickle,0,
qm9/C#C[C@@H]1[C@H]2[C@H](O)[C@@H]1[C@@H]2C.pickle,0,
qm9/C#C[C@H]1[C@@H](OC)[C@H]2CN12.pickle,0,
qm9/C[C@]12CO[C@@H]3[C@H]1O[C@@H]32.pickle,0,
qm9/O=c1[nH]cnoc1=O.pickle,0,
qm9/Cc1cnc(NC=O)[nH]1.pickle,0,
qm9/CCc1n[nH]nc1N.pickle,0,
qm9/C[C@@H]1C(=O)[C@H]2C[C@@H]1[C@@H]2O.pickle,0,
qm9/CC(C)[C@H]1CCC1=NO.pickle,0,
qm9/CC(C)(C)[C@H]1C[C@H](C)C1.pickle,0,
qm9/Nc1cc(CO)n[nH]1.pickle,0,
qm9/COCCC#CCCO.pickle,0,
qm9/O=C[C@@H]1CC2(CC2)[C@H]1O.pickle,0,
qm9/CCCn1nnc(C)n1.pickle,0,
qm9/CC[C@]1(O)[C@H](C)O[C@@H]1C.pickle,0,
qm9/C[C@]12C[C@]3(CO3)[C@H]1N2.pickle,0,
qm9/O=CO[C@@H]1[C@@H]2C[C@H]1C2=O.pickle,0,
qm9/N#CCO[C@H]1C[C@H]2C[C@@H]12.pickle,0,
qm9/CC(C)[C@@H](O)CC1CC1.pickle,0,
qm9/Nc1cnncc1C=O.pickle,0,
qm9/COC[C@H]1CC=C[C@H]1O.pickle,0,
qm9/C[C@H]1C[C@]1(CN)C(=O)O.pickle,0,
qm9/C[C@H]1[C@H]2[C@H](C#N)O[C@@]12C.pickle,0,
qm9/N#C[C@H](O)C(=O)O[CH][NH].pickle,0,
qm9/C[C@@]12CN3[C]([NH])[C@@H](O1)[C@H]32.pickle,0,
qm9/Cn1nc(CN)nc1O.pickle,0,
qm9/CCC1(O)CN(C=O)C1.pickle,0,
qm9/CCC[C@H]1C[C@]1(O)CC.pickle,0,
qm9/CC1(N=COC=O)CC1.pickle,0,
qm9/C[C@@H](CO)[C@H]1CN=CO1.pickle,0,
qm9/C[C@H]1[C@]2(O)C[C@@]1(O)[C@H]2C.pickle,0,
qm9/NC(=O)[C@H]1CN1CCO.pickle,0,
qm9/C[C@@]12C[C@H]3[C@@H](C#N)[C@@H]1N32.pickle,0,
qm9/Cn1ccc(C2CC2)n1.pickle,0,
qm9/[NH]C1=NC(N)=N[N]O1.pickle,0,
qm9/C[C@H](C#N)C[C@H]1CCO1.pickle,0,
qm9/CC1=C[C@@H](O)CC(=O)C1.pickle,0,
qm9/O[C@@H]1C[C@@H]2[C@@H]3N[C@@H]3[C@@H]2C1.pickle,0,
qm9/CCC#C[C@H]1C[C@H]2CN21.pickle,0,
qm9/C[C@]12C(=O)CN3C[C@H]1[C@@H]32.pickle,0,
qm9/CC[C@]12C[C@H]1O[C@H]2CO.pickle,0,
qm9/Cc1nc(NC=O)no1.pickle,0,
qm9/c1nnnn1C[C@H]1CN1.pickle,0,
qm9/O=CCC[C@]12CC[C@H]1N2.pickle,0,
qm9/OC1(C2CCC2)CC1.pickle,0,
qm9/CCOC(N)=O.pickle,0,
qm9/C#CC[C@@](O)(C#C)CO.pickle,0,
qm9/CC12CN=CN1C=NC2.pickle,0,
qm9/O[C@@H]1[C@@H]2C[C@H]1[C@H]1C[C@@H]2O1.pickle,0,
qm9/CN1C[C@@]1(C#N)CN.pickle,0,
qm9/C[C@H]1CCO[C@H]2CO[C@@H]12.pickle,0,
qm9/Cc1nonc1NC=N.pickle,0,
qm9/Cn1nnc2onnc21.pickle,0,
qm9/CCCc1noc(=O)o1.pickle,0,
qm9/CCc1conc1C.pickle,0,
qm9/Oc1nc(O)c(O)[nH]1.pickle,0,
qm9/CCn1nc(O)cc1C.pickle,0,
qm9/C[C@@]12C[C@]1(O)CNC2=O.pickle,0,
qm9/O=C1N2C[C@H]2C12COC2.pickle,0,
qm9/O=C1N[C@H]2C[C@H]2[C@H]2O[C@@H]12.pickle,0,
qm9/OC[C@]12C[C@@H]3O[C@H]1[C@@H]3O2.pickle,0,
qm9/O=C1N[N][C]2[C@H]3C[C@H]3N21.pickle,0,
qm9/C[C@H]1CC=CC12CCC2.pickle,0,
qm9/C#C[C@H](C)[C@@H](O)C=O.pickle,0,
qm9/OC[C@H]1[C@@H](O)[C@H]2CC[C@@H]12.pickle,0,
qm9/C[C@H]1C=C[C@H]2[C@H]3C[C@H]3[C@H]21.pickle,0,
qm9/C#CC[C@@]12N[C@@H]1C[C@@H]2O.pickle,0,
qm9/C[C@]12C[C@@H]3[C@H]1[C@@H]3OCO2.pickle,0,
qm9/C[C@H]1[C@H]2[C@@H]3[C@@H](C)N2[C@H]13.pickle,0,
qm9/Nc1n[nH]cc1[C@H]1CO1.pickle,0,
qm9/C[C@H]1NC12COC2.pickle,0,
qm9/O=CC(CCO)CCO.pickle,0,
qm9/COC[C@H]1CO1.pickle,0,
qm9/FC(F)(F)C[C@H]1CO1.pickle,0,
qm9/[NH][CH]Oc1cocn1.pickle,0,
qm9/C#C[C@@H]1[C@H](C=O)CN1C.pickle,0,
qm9/c1cc(C2CCC2)c[nH]1.pickle,0,
qm9/CC(=O)C[C@H]1O[C@H]1C=O.pickle,0,
qm9/C#CC[C@@H]1COC1(C)C.pickle,0,
qm9/C[C@H]1CO[C@H]2C[C@]1(O)C2.pickle,0,
qm9/O[C@H]1[C@@H]2C=C[C@H]1[C@H]2O.pickle,0,
qm9/N#C[C@H]1CC[C@H]2CN2C1.pickle,0,
qm9/CO[C@H]1C[C@H]1OCCO.pickle,0,
qm9/CN1[C@H](C=O)[C@@H]2OC[C@@H]21.pickle,0,
qm9/C[C@@]12CC[C@@H](O1)C2=NO.pickle,0,
qm9/CC(C)[C@@H](O)CN1CC1.pickle,0,
qm9/CC[C@]12C[C@H]1CC2=O.pickle,0,
qm9/C[C@]12C[C@@]1(C=O)CO2.pickle,0,
qm9/C[C@]12C[C@H]1COC2=O.pickle,0,
qm9/Cn1nncc1CCO.pickle,0,
qm9/Nc1occ2c1CC=C2.pickle,0,
qm9/CC1=C[C@@H]2C[C@H]1OC2=O.pickle,0,
qm9/COc1cocc1C=O.pickle,0,
qm9/C1[C@H]2[C@@H]3O[C@H]([C@@H]4CN42)[C@H]13.pickle,0,
qm9/CO[C@@H]1C(C)=C[C@@H]2O[C@@H]21.pickle,0,
qm9/CCNc1ccc(C)o1.pickle,0,
qm9/C[C@]12O[C@H]1C[C@H]2CC#N.pickle,0,
qm9/CC1(C)CCC(C)(C)C1.pickle,0,
qm9/N#C[C@H]1OC=N[C@H]2C[C@H]21.pickle,0,
qm9/Cc1cc(N)c(C)[nH]1.pickle,0,
qm9/C[C@]12C[C@H]1O[C@H]1C[C@]12O.pickle,0,
qm9/COC=NCCCOC.pickle,0,
qm9/N#C[C@@H]1C=CCCCN1.pickle,0,
qm9/CNc1c[nH]c(CO)c1.pickle,0,
qm9/CC[C@@]12C[C@]1(C)O[C@H]2C.pickle,0,
qm9/[NH]C1=C(N)[N]C(N)=NO1.pickle,0,
qm9/C1[C@@H]2N3C[C@]14OC[C@]24C3.pickle,0,
qm9/C[C@H]1[C@H]2C=C[C@@H]1C2=NO.pickle,0,
qm9/O[C@]12C[C@@H]3[C@H]1[C@@H]1C[C@H]2N13.pickle,0,
qm9/C#CCN(C=O)C1CC1.pickle,0,
qm9/C[C@H]1N2C=CC(=O)[C@@]12C.pickle,0,
qm9/CN1[C@H]2[C@@H]3N[C@H]2[C@@]31C#N.pickle,0,
qm9/C#C[C@@]1(C)C[C@@H]2O[C@@]21C.pickle,0,
qm9/CC#C[C@]12CC[C@H]1O2.pickle,0,
qm9/C[C@@H]1C=C[C@@H](C#N)OC1.pickle,0,
qm9/CNc1cccc(C)c1.pickle,0,
qm9/COCc1c[nH]cn1.pickle,0,
qm9/C[C@@]1(N)C[C@]1(O)C(=O)O.pickle,0,
qm9/C#C[C@H](O)COCCO.pickle,0,
qm9/NC(=O)Oc1cn[nH]n1.pickle,0,
qm9/CO[C@H]1C[C@H](O[CH][NH])C1.pickle,0,
qm9/OC[C@H]1C[C@H]2[C@@H]1[C@H]1CN21.pickle,0,
qm9/C#C[C@@]12C[C@]1(O)C[C@@H]2C.pickle,0,
qm9/O=C1[C@@H](O)[C@@H]2C[C@H]1O2.pickle,0,
qm9/CO[C]1[N][C@H]2[C@H]3CN1[C@@H]23.pickle,0,
qm9/C#CCCCC1CCC1.pickle,0,
qm9/CC1(C)CCCO1.pickle,0,
qm9/N#C[C@@]12CCCO[C@@H]1C2.pickle,0,
qm9/C#C[C@H]1[C@]2(C)C[C@@]1(C)O2.pickle,0,
qm9/N#C[C@@]12[C@H]3[C@H]4[C@@H]1[C@@]4(O)[C@H]32.pickle,0,
qm9/CNc1cc(N)[nH]n1.pickle,0,
qm9/C[C@@H](O)[C@H]1C[C@@H]2C[C@H]1O2.pickle,0,
qm9/C#C[C@@H]1OC(C)(C)C1=O.pickle,0,
qm9/C1O[C@@H]2[C@@H]3[C@H]1[C@@H]1[C@H]2[C@H]31.pickle,0,
qm9/CCOC(C=O)=NC.pickle,0,
qm9/C[C@@H]1[CH][C]2[C@H](C[C@H]2O)O1.pickle,0,
qm9/Cc1c(N)cccc1F.pickle,0,
qm9/O=C1OC[C@H]2N[CH][N][C@@H]12.pickle,0,
qm9/C[C@H]1OC[C@H]1C#CC#N.pickle,0,
qm9/CC1=Cc2[nH]cnc2C1.pickle,0,
qm9/CC[C@@]1(C)OCC=C1C.pickle,0,
qm9/[NH][C]1C[C@H](O)C=CCO1.pickle,0,
qm9/CC1=NOC(O)=N[C]1[NH].pickle,0,
qm9/CC#C[C@@H](CO)N1CC1.pickle,0,
qm9/CC[C@H]1N(C)[C@H]2C[C@]21O.pickle,0,
qm9/CNc1nc(N)oc1C.pickle,0,
qm9/O[C@@H]1[C@@H]2O[C@H]1[C@H]1C[C@@H]2O1.pickle,0,
qm9/C[C@H]1C[C@@]2(O)[C@@H](C)C[C@@H]12.pickle,0,
qm9/CCOc1nc[nH]n1.pickle,0,
qm9/N#C[C@@H]1C[C@@H]2[C@H](C#N)N12.pickle,0,
qm9/C#CC(=O)[C@H]1[C@H]2CC[C@H]21.pickle,0,
qm9/O=CC1=CC(=O)[C@H]2C[C@@H]12.pickle,0,
qm9/CC1(n2cccc2)CC1.pickle,0,
qm9/CC[C@]12C[C@@H]3N[C@H]1[C@@H]3O2.pickle,0,
qm9/CCC1=N[N]NC(=O)[CH]1.pickle,0,
qm9/Nc1noc2oncc12.pickle,0,
qm9/C[C@]12[C]3[CH]C[C@H]1[C@H]2[C@@H]3O.pickle,0,
qm9/C[C@@H](O)CN=C1CCO1.pickle,0,
qm9/CCn1cc(C=O)cn1.pickle,0,
qm9/N#C[C@@]1(N)C[C@@H]2C[C@@H]2C1.pickle,0,
qm9/C#CCC#C[C@@H](O)C#C.pickle,0,
qm9/C#CCCO[CH][NH].pickle,0,
qm9/CC1(C)CC[C@@](C)(O)C1.pickle,0,
qm9/O[C@]12CCCC[C@H](C1)C2.pickle,0,
qm9/C[C@H]1N2CC1(O)[C@H]2C.pickle,0,
qm9/Cc1ccnc(C)c1F.pickle,0,
qm9/Cn1c(O)cnc1CO.pickle,0,
qm9/Cc1cc(N)n(C)c1.pickle,0,
qm9/CN[C@H](C#N)CC#N.pickle,0,
qm9/O=CNc1n[nH]nc1O.pickle,0,
qm9/C[C@@]12O[C@H]3[C@@H]1CCC[C@H]32.pickle,0,
qm9/CC1=C[C@@H]2[C@@H]3[C@H]1OC[C@H]23.pickle,0,
qm9/C#C[C@@H]1N[C@H]2C(=O)N[C@@H]12.pickle,0,
qm9/C1OC[C@@H]2C[C@@H]3C[C@H]1[C@@H]32.pickle,0,
qm9/[NH][C]1O[C@H](CO)[C@@H]2C[C@H]12.pickle,0,
qm9/N#CCC#C[C@H]1CO1.pickle,0,
qm9/O=C[C@@H]1C[C@@H](O)CCO1.pickle,0,
qm9/N#CC[C@]1(CO)CO1.pickle,0,
qm9/OCCn1cccn1.pickle,0,
qm9/CC1=N[C@@]2(CO1)C[C@H]2O.pickle,0,
qm9/C[C@@]12CC[C@@]13CC[C@H]3C2.pickle,0,
qm9/O[C@H]1C[C@@H]2[C@H]3[C@H]4[C@@H]2[C@@H]1N34.pickle,0,
qm9/O=CNC(=O)C1CCC1.pickle,0,
qm9/CNC1=CNCN=C1[NH].pickle,0,
qm9/Cc1ncc(N2CC2)o1.pickle,0,
qm9/CC[C@@](C)(NC)C(=O)O.pickle,0,
qm9/C[C@]12C[C@H]1N1CC(=O)[C@H]12.pickle,0,
qm9/C[C@@H](O)C1=C[C@H]2CN2C1.pickle,0,
qm9/CC(C)(C#N)N1CCC1.pickle,0,
qm9/O=CN[C@@H]1C=CCCC1.pickle,0,
qm9/CO[C@@](C)(C=O)C(N)=O.pickle,0,
qm9/Nc1nc(F)ccc1O.pickle,0,
qm9/C[C@]12C[C@H]1C(=O)CC2=O.pickle,0,
qm9/[NH][C]1O[C@@H]2[C@@H]3N[C@@H]3[C@]12N.pickle,0,
qm9/CCC1=C(C)C[C@H]2O[C@@H]12.pickle,0,
qm9/CC(C)[C@H]1CCO[C]1[NH].pickle,0,
qm9/O=CCc1nc(O)c[nH]1.pickle,0,
qm9/C1[C@@H]2[C@H]3OC[C@@H]2[C@@H]1O3.pickle,0,
qm9/C1[C@@H]2c3onnc3N[C@H]12.pickle,0,
qm9/O=CC1(C2CC2)CC1.pickle,0,
qm9/C[C@@]12C(=O)[C@H]3C[C@@H]1O[C@H]32.pickle,0,
qm9/Cn1ncc([NH])c(F)n1.pickle,0,
qm9/C[C@@]1(O)[C@@H]2C[C@@H](O2)[C@H]1O.pickle,0,
qm9/NC(=O)N1C[C@H]1CO.pickle,0,
qm9/CCn1cnc(NC)n1.pickle,0,
qm9/CN1N=C[C@H](F)C=C1[NH].pickle,0,
qm9/N#C[C@@H]1C[C@@H]1[C@@H](O)C=O.pickle,0,
qm9/O[C@]12CC=CC[C@H](C1)C2.pickle,0,
qm9/CN=C1O[C@H]2C[C@@H](O)[C@@H]12.pickle,0,
qm9/C#C[C@@H]1[C@@H]2[C@H](O)[C@@H]2N1C.pickle,0,
qm9/C#CC(=O)[C@@H](O)CC=O.pickle,0,
qm9/CCC1=CN[C@@H]([NH])O1.pickle,0,
qm9/O=C1OCc2ccoc21.pickle,0,
qm9/[NH][C]1C[C@H]([C@H]2CO2)O1.pickle,0,
qm9/CC(=O)C[C@H]1C[C@H]1CO.pickle,0,
qm9/CCC(C)(C)C(C)(C)O.pickle,0,
qm9/c1nocc1N1CCC1.pickle,0,
qm9/C[C@H]1[C@H]2C[C@]1(NC=O)C2.pickle,0,
qm9/C#CCc1occc1C.pickle,0,
qm9/CC[C@H]1NCC(=O)[C@H]1O.pickle,0,
qm9/O[C@H]1C=C[C@@H](O)[C@H]2N[C@@H]12.pickle,0,
qm9/C[C@H]1[C@H]2O[C@@H]1[C@H]1C[C@@H]2C1.pickle,0,
qm9/O=C1C=C[C@@H](CO)CN1.pickle,0,
qm9/C[C@H](C#N)NC1CCC1.pickle,0,
qm9/O=CC[C@H]1OC[C@H]2O[C@@H]12.pickle,0,
qm9/CC[C@@]1(C)CCOC1.pickle,0,
qm9/Cn1nccn1.pickle,0,
qm9/CC1(C)N2[C@H]3C[C@]1(O)[C@H]32.pickle,0,
qm9/C[C]1C=C([NH])O[C@H]2C[C@@H]12.pickle,0,
qm9/CC(=O)c1ccc(C)[nH]1.pickle,0,
qm9/OC[C@H]1CC[C@H]2C[C@@H]12.pickle,0,
qm9/O[C@]12CO[C@@H]3C[C@H]1[C@H]2C3.pickle,0,
qm9/O[C@H]1[C@H]2[C@@H]3C[C@@H](O3)[C@@]12O.pickle,0,
qm9/CCCC(=O)C[C@@H](C)O.pickle,0,
qm9/N#C[C@@H]1N[C@@H]2C[C@@H]2[C@@H]1N.pickle,0,
qm9/N#CCOC[C@H]1CO1.pickle,0,
qm9/Cc1ccnc(=O)n1C.pickle,0,
qm9/CC[C@]12CC(=O)[C@H](C1)C2.pickle,0,
qm9/C[C@H]1N[C@@]12CN1CC[C@H]12.pickle,0,
qm9/N#Cc1cncnc1N.pickle,0,
qm9/C#C[C@@H]1CO[C@@H]1C(N)=O.pickle,0,
qm9/NC(=O)OC1(C=O)CC1.pickle,0,
qm9/CN=C1O[C@H]2[C@@H](C)[C@@]12N.pickle,0,
qm9/Cc1[nH]nc2c1CCO2.pickle,0,
qm9/N#C[C@H]1NCC[C@H]2C[C@@H]12.pickle,0,
qm9/O=C[C@@H]1[CH][C]2CC[C@@H]2O1.pickle,0,
qm9/C[C@]12C[C@](CC#N)(C1)C2.pickle,0,
qm9/CC(=O)OC=NCC#N.pickle,0,
qm9/CCCN1[C@@H](C)[C@H]1C=O.pickle,0,
qm9/C1=CC[C@@H]2O[C@@H]2CC1.pickle,0,
qm9/c1[nH]cc2c1N[C@@H]1C[C@H]21.pickle,0,
qm9/C[C@H]1C(=O)CN2C[C@@]12C.pickle,0,
qm9/C[C@H]1O[C@]23C[C@H]([C@@H]12)[C@H]3O.pickle,0,
qm9/N#CC1(C#N)O[C@@H]1CO.pickle,0,
qm9/C1C[C@@H]2[C@H]3[C@@H]4C[C@@]3(C1)N42.pickle,0,
qm9/[NH]C1=C([NH])OC=CN1.pickle,0,
qm9/C[C@H]1O[C@@]12C[C@@]1(C)C[C@H]12.pickle,0,
qm9/O=CCC#CCNC=O.pickle,0,
qm9/C#C[C@]12COC[C@H](C1)O2.pickle,0,
qm9/C[C@]12CC(=O)[C@@]1(C#N)C2.pickle,0,
qm9/CC1=CC[C@H]2CCC=C12.pickle,0,
qm9/NC1=CC(=O)[C@H]2CC[C@@H]12.pickle,0,
qm9/CC(C)CC(N)=O.pickle,0,
qm9/C1[C@H]2[C@H]3[C@@H](N12)C31COC1.pickle,0,
qm9/Cc1[nH]c(C)c(O)c1O.pickle,0,
qm9/N#C[C@]12CC[C@@H]3[C@H](C1)N32.pickle,0,
qm9/[NH][C]1OCC(N)=CC1=O.pickle,0,
qm9/CC1=C[C@H]2C[C@H]3[C@@H]1[C@]32O.pickle,0,
qm9/CCC1=CC(=NC)OC1.pickle,0,
qm9/CC1=N[C@@]2(C)C[C@@]2(C)O1.pickle,0,
qm9/CNc1nc(CO)no1.pickle,0,
qm9/C[C@@H]1C(=O)C=C[C@@H]2C[C@H]12.pickle,0,
qm9/C#C[C@@H]1O[C@@]1(C)[C@H]1CN1.pickle,0,
qm9/CO[C@]12C[C@H]1[C@@H]1[C@H]2N1C.pickle,0,
qm9/[NH][C]1OC[C@@]12C[C@H]1CN12.pickle,0,
qm9/CC(=NO)[C@@]1(C)CN1C.pickle,0,
qm9/OCC1CCCC1.pickle,0,
qm9/Nc1[nH]nc2c1OCO2.pickle,0,
qm9/CN(C=O)C(=N)C1CC1.pickle,0,
qm9/[CH]1[N][C@]23C=C[C@H](C2)[C@@H]3O1.pickle,0,
qm9/CC[C@@](O)(C=O)[C@@H](C)O.pickle,0,
qm9/C[C@@H](C=O)N1C[C@H]1C=O.pickle,0,
qm9/CN=CNC(=O)C(N)=O.pickle,0,
qm9/C[C@]12C[C@@H]3[C@H]1[C@]3(CO)C2.pickle,0,
qm9/O=COC[C@]1(CO)CN1.pickle,0,
qm9/[NH][C]1OCc2[nH]ncc21.pickle,0,
qm9/O=Cc1ncccc1F.pickle,0,
qm9/C#C[C@H](O)[C@H]1CO[C]1[NH].pickle,0,
qm9/N#CC#C[C@@H]1OCC1=O.pickle,0,
qm9/C[C@H]1OCC1(C=O)C=O.pickle,0,
qm9/C1O[C@@H]2[C@H]3[C@@H]4[C@H]5[C@@H]4[C@@]12N53.pickle,0,
qm9/CCCC#C[C@H]1O[C@H]1C.pickle,0,
qm9/O=C1CCc2cc[nH]c21.pickle,0,
qm9/C[C@@H](C=O)N(C)CC#N.pickle,0,
qm9/CC#C[C@@H](O)[C@@H](C)C=O.pickle,0,
qm9/CCC(CC)[C@@H](C)CO.pickle,0,
qm9/O[C@H]1C[C@@]12C[C@H]1C[C@H]12.pickle,0,
qm9/COc1nn(C)nc1C.pickle,0,
qm9/Nc1nnoc1[C@H]1CN1.pickle,0,
qm9/O=C1[C@@H]2C=CC[C@@]1(O)C2.pickle,0,
qm9/COC(C#N)(C#N)C=O.pickle,0,
qm9/C[C@H]1C[C@@H]2C[C@H]1NC2=O.pickle,0,
qm9/O[C@H]1[C@H]2O[C@@H]([C@H]3CO3)[C@H]21.pickle,0,
qm9/C#CC[C@H]1C[C@H](C#C)O1.pickle,0,
qm9/COC(=O)C12CC(C1)C2.pickle,0,
qm9/C#C[C@@]1(O)[C@H](C)O[C@@H]1C.pickle,0,
qm9/O=C1[C]2C[NH2]CC2=NO1.pickle,0,
qm9/C#CC1(COC)COC1.pickle,0,
qm9/OCc1n[nH]nc1O.pickle,0,
qm9/COCc1ccc(C)o1.pickle,0,
qm9/O=C1N[C@H]2[C@@H]3C[C@H]2O[C@H]13.pickle,0,
qm9/C[C@]1(C=O)[C@H]2[C@@H]3O[C@H]2[C@@H]31.pickle,0,
qm9/O=C1CO[C@H]2[C@H]3CN1[C@H]32.pickle,0,
qm9/C[C@H]1CC(C)(C)C1=NO.pickle,0,
qm9/O=C1[C@H]2C[C@](O)(C2)[C@H]1O.pickle,0,
qm9/CCC(C)(C)[C@@H](C)C#N.pickle,0,
qm9/COC[C@H]1CO[C@H]2C[C@@H]12.pickle,0,
qm9/NC(=O)[C@H]1O[C@H]2C[C@]21O.pickle,0,
qm9/C#C[C@]1(C)C[C@@H](CC)C1.pickle,0,
qm9/CNc1ccccn1.pickle,0,
qm9/CC[C@@H](C)c1cnoc1.pickle,0,
qm9/Cc1[nH]nc(N)c1O.pickle,0,
qm9/C[C@]12CC[C@H]1CC(=O)O2.pickle,0,
qm9/NC(=O)C[C@H]1CC(=O)O1.pickle,0,
qm9/CC[C@H]1CO[C@@H](CO)C1.pickle,0,
qm9/C#C[C@H]1CC[C@H](C)O1.pickle,0,
qm9/O=C1N[C@H]2CO[C@@H]1OC2.pickle,0,
qm9/O=C[C@@H]1[C@@H]2N[C@H]1C2=O.pickle,0,
qm9/COCc1nc(C)co1.pickle,0,
qm9/Cc1c(O)oc(O)c1C.pickle,0,
qm9/C1CC2(C1)[C@H]1[C@@H]3C[C@H]1[C@@H]32.pickle,0,
qm9/CO[C@H]1C[C@H]2C[C@H]2[C@H]1O.pickle,0,
qm9/C#C[C@@H]1N[C@H](C)[C@@H]1C#N.pickle,0,
qm9/C1O[C@H]2[C@H]3C[C@@H]1[C@@H]1[C@H]3[C@H]21.pickle,0,
qm9/O[C@@H]1C=CC=CCC1.pickle,0,
qm9/C[C@]12CC[C@@H]3C[C@H]1[C@@H]3C2.pickle,0,
qm9/C#C[C@H]1C[C@H](C)C1.pickle,0,
qm9/CO[C@@]1(CO)C[C@H]2O[C@H]21.pickle,0,
qm9/CC[C@@]1(C)CCCOC1.pickle,0,
qm9/OC[C@]12C[C@H]1[C@H]1CC[C@H]12.pickle,0,
qm9/O=C1CO[C@@H]2[C@H]3C[C@@H]2[C@@H]13.pickle,0,
qm9/O=C1OC[C@H]2CCCN12.pickle,0,
qm9/C[C@@H]1C=C(CO)[C@H](C)C1.pickle,0,
qm9/[CH]1[N][C@@H]2COCC[C@H]2O1.pickle,0,
qm9/C[C@H]1OCC[C@H]1C=O.pickle,0,
qm9/CN(C)[C@H](C#N)CO.pickle,0,
qm9/N[C]1[N][C@@H]2C[C@H]1OC2=O.pickle,0,
qm9/N#C[C@H](N)[C@@]1(CO)CO1.pickle,0,
qm9/O[C@H]1[C@H]2C=CC[C@@H](O)[C@@H]12.pickle,0,
qm9/C[C@H]1[C@H]2[C@H]3C=C[C@@H]1[C@@]23O.pickle,0,
qm9/O1[C@H]2[C@@H]3[C@@H]4[C@@H]([C@H]5[C@@H]4N35)[C@@H]12.pickle,0,
qm9/c1nc2c([nH]1)[C@H]1C[C@H]1N2.pickle,0,
qm9/Oc1cnn(C2CC2)n1.pickle,0,
qm9/CC1=C[C@H](C)[C@H](O)C1=O.pickle,0,
qm9/C#C[C@H](CCO)N1CC1.pickle,0,
qm9/Cc1c(O)ccnc1F.pickle,0,
qm9/O=C[C@]1(O)C[C@]2(CO2)C1.pickle,0,
qm9/NC(=O)O[C@H]1C[C@H]2N[C@@H]12.pickle,0,
qm9/CCCC(N)=O.pickle,0,
qm9/CC1([C@H]2OCC2=O)CC1.pickle,0,
qm9/CC(=O)C#CC#N.pickle,0,
qm9/N#CC1=CC[C@@H]2C[C@H]1N2.pickle,0,
qm9/Cc1n[nH]c2c1COC2.pickle,0,
qm9/O[C@H]1C[C@H]1C1OCCO1.pickle,0,
qm9/C[C@H]1O[C@]23C=C[C@H](C2)[C@@H]13.pickle,0,
qm9/C#C[C@H]1O[C@H]1C#N.pickle,0,
qm9/N#C[C@@]12CC[C@H]3[C@@H]1N[C@H]32.pickle,0,
qm9/CC1(C)CN[C]([NH])C1=O.pickle,0,
qm9/CC1(C)C(=O)O[C@@H]2C[C@@H]21.pickle,0,
qm9/C#Cc1n[nH]cc1N.pickle,0,
qm9/CCNCC(=O)OC.pickle,0,
qm9/C1CC1C1CC1.pickle,0,
qm9/O=CC(=O)[C@@H]1CC[C@@H]1O.pickle,0,
qm9/C[C@@H]1[C@H](O)[C@]2(C)C[C@H]12.pickle,0,
qm9/NC(=O)CC1=CCOC1.pickle,0,
qm9/CCCOc1c[nH]cn1.pickle,0,
qm9/C#CC(=O)C1(C#C)CC1.pickle,0,
qm9/O[C@H]1[C@H]2O[C@@H]1[C@H]2C1CC1.pickle,0,
qm9/c1n[nH]nc1N1CCC1.pickle,0,
qm9/Cc1cc(C(C)C)n[nH]1.pickle,0,
qm9/[NH][C]1N=CC=C(N)C=N1.pickle,0,
qm9/C[C@@H]1[C@@H]2[C@H]3C[C@@]2(C3)[C@@H]1O.pickle,0,
qm9/O[C@@H]1C[C@@H]2C[C@@H]3[C@H](C1)[C@H]23.pickle,0,
qm9/CC#CCC(=O)[C@H]1CO1.pickle,0,
qm9/C1C[C@H]2[C@@H]3C[C@@H](O3)[C@@H]12.pickle,0,
qm9/C[C@]1(O)C=CCCCC1.pickle,0,
qm9/O=C[C@@]12COCCN1C2.pickle,0,
qm9/CCC1=CC=CCC=C1.pickle,0,
qm9/CCCN1CCOC1=O.pickle,0,
qm9/OC[C@]1(O)[C@@H]2CC[C@H]1O2.pickle,0,
qm9/N#C[C@H]1C[C@H]2CN2C=N1.pickle,0,
qm9/N=C(NC=O)NCCO.pickle,0,
qm9/C#CCc1cc[nH]c1.pickle,0,
qm9/CNc1cnc(O)[nH]1.pickle,0,
qm9/C[C@H]1CCCC(=O)CO1.pickle,0,
qm9/CCCC[C@H]1C[C@H]2O[C@@H]12.pickle,0,
qm9/OCC[C@H]1CCCCO1.pickle,0,
qm9/O=C[C@H]1CCOC1=O.pickle,0,
qm9/C1CN=C2OC[C@@H]2OC1.pickle,0,
qm9/[NH][C]1C[C@H]2OCC[C@H]2O1.pickle,0,
qm9/CN1[C@H]2CC[C@]3(CO3)[C@H]21.pickle,0,
qm9/C[C@H]1C[C@@]2(C)C[C@@]2(O)C1.pickle,0,
qm9/CC1=C[C@@H](C)O[C@H]2C[C@@H]12.pickle,0,
qm9/N#C[C@H]1CNC[C@H]2O[C@@H]12.pickle,0,
qm9/C[C@H]1[C@@H](C)C(=O)[C@H]2CN12.pickle,0,
qm9/N=C(CNC=O)NC=O.pickle,0,
qm9/CCC1(CC)COC1=O.pickle,0,
qm9/C[C@@H]1OC[C@H]([C@@H](C)O)O1.pickle,0,
qm9/OCC[C@H]1COCO1.pickle,0,
qm9/CCCC#C[C@@H](C)OC.pickle,0,
qm9/OCC1=C[C@@H]2O[C@H]1[C@H]2O.pickle,0,
qm9/C[C@@H](C#N)C1(C)CC1.pickle,0,
qm9/C[C@H]1OCO[C@H]1CC=O.pickle,0,
qm9/O=COc1c[nH]cc1O.pickle,0,
qm9/C[C@]12N[C@H]1[C@H]1OCO[C@H]12.pickle,0,
qm9/C1[C@H](N2CC2)[C@H]1N1CC1.pickle,0,
qm9/CN1C(=O)CO[C@@H]2C[C@@H]21.pickle,0,
qm9/C[C@@H](O)CO[CH][NH].pickle,0,
qm9/Cc1cc2c([nH]1)NCC2.pickle,0,
qm9/c1onnc1[C@H]1CO1.pickle,0,
qm9/C[C@@]12[C@H]3C[C@]1(C#N)[C@@H]2N3.pickle,0,
qm9/O[C@@H]1[C@@H]2OC[C@H]1[C@]21CO1.pickle,0,
qm9/CCN=C1CO[C]([NH])N1.pickle,0,
qm9/Cc1nc([N+](=O)[O-])c[nH]1.pickle,0,
qm9/CC[C@@H](C(C)C)C1CC1.pickle,0,
qm9/C#CC[C@]1(C#C)O[C@@H]1C.pickle,0,
qm9/C[C@H]1N[C@@H](C=O)[C@@]12CN2.pickle,0,
qm9/N#C[C@H]1CNCCCO1.pickle,0,
qm9/C1=N[C@@H]2C[C@@H]3C[C@H](O1)[C@@H]32.pickle,0,
qm9/CCCC[C@@H](C)C(C)C.pickle,0,
qm9/C1=NC[C@@]2(CCCO2)O1.pickle,0,
qm9/O=C1[C@H](O)[C@@H]2N[C@]12CO.pickle,0,
qm9/COc1ccc(F)cn1.pickle,0,
qm9/CC[C@@H]1[C@H](O)[C@]2(O)C[C@H]12.pickle,0,
qm9/C[C@@H](O)[C@@H](O)[C@H]1CN1C.pickle,0,
qm9/CC1=C[C@H](C#N)OCC1.pickle,0,
qm9/CCC#CCCCC.pickle,0,
qm9/CC(C)[C@H]1COC=N1.pickle,0,
qm9/CC1=C[C@H]2N[C@]1(C)[C@H]2O.pickle,0,
qm9/[NH]c1cn[nH]ccc1=O.pickle,0,
qm9/C[C@@H]1C=C([NH])N=C(O)N1.pickle,0,
qm9/O=C1CCCCC1=O.pickle,0,
qm9/O=C1NC[C@H]2OC[C@H]2N1.pickle,0,
qm9/CCCN1C[C@H]1C(N)=O.pickle,0,
qm9/C[C@]12[C@H]3[C@@H]4[C@H]3[C@H]1[C@@H]1[C@H]2N41.pickle,0,
qm9/O=C1C=CNC[C@@]12CN2.pickle,0,
qm9/C#CC[C@H](O)COCC.pickle,0,
qm9/CC[C@H](C#N)COC.pickle,0,
qm9/C[C@@]1(CO)COC1=O.pickle,0,
qm9/C#C[C@@H]1O[C@H](C)[C@@H]1C.pickle,0,
qm9/N1[C@H]2[C@H]3N[C@H]4[C@@H]1[C@@H]2O[C@H]43.pickle,0,
qm9/C#C[C@@H]1[C@H](O)[C@@H]1CO.pickle,0,
qm9/CC1=Cc2occc2C1.pickle,0,
qm9/CN(C=O)[C@@]1(C)C[C@H]1O.pickle,0,
qm9/N#CC[C@H](O)[C@@H](O)C#N.pickle,0,
qm9/C[C@@]12[C@H]3CN1[C@H]3[C@@]21CO1.pickle,0,
qm9/Cn1cnc(CC=O)n1.pickle,0,
qm9/C#C[C@@H]1N=COC[C@@H]1O.pickle,0,
qm9/C[C@H]1O[C@@H]2C=C[C@H]1OC2.pickle,0,
qm9/C#CCCO[C@H](C)C=O.pickle,0,
qm9/[NH][C]1N(C=O)C[C@@H]2CN12.pickle,0,
qm9/C1=CCC2(CC1)COC2.pickle,0,
qm9/C[C@H]1[C@H]2C=CC(=O)[C@@]12O.pickle,0,
qm9/CNc1c[nH]nc1OC.pickle,0,
qm9/Cc1ncc(N)cc1F.pickle,0,
qm9/CCC(=O)C(=O)C=O.pickle,0,
qm9/CC#CCCOC(C)C.pickle,0,
qm9/COC(=O)[C@@H](O)CC=O.pickle,0,
qm9/C[C@]12CCNC(=O)N1C2.pickle,0,
qm9/N#C[C@]12CO[C@H]1[C@H]1N[C@H]12.pickle,0,
qm9/Cc1nnn(C=O)n1.pickle,0,
qm9/C#CCN(C=O)CC#N.pickle,0,
qm9/O[C@]12C[C@@]3(C=CC[C@@H]13)C2.pickle,0,
qm9/C[C@H]1CC[C@H]2C[C@H](C2)O1.pickle,0,
qm9/COCCC1CCC1.pickle,0,
qm9/C[C@]12CO[C@@H]3[C@H]1CC[C@@H]32.pickle,0,
qm9/NC(=O)[C@@H](O)C#CC=O.pickle,0,
qm9/CC1(C)[C@H](O)C[C@@H]2N[C@@H]21.pickle,0,
qm9/CCCCC(=O)C(C)=O.pickle,0,
qm9/O=C[C@H]1C[C@@H]2C[C@H]1C2=O.pickle,0,
qm9/CN1[CH]NC[C@H]1C([O])=O.pickle,0,
qm9/C[C@@H]1CC=C[C@H]2[C@@H]1[C@H]2C.pickle,0,
qm9/C[C@]12CNC(=O)[C@H]1N2.pickle,0,
qm9/C[C@@]12[C@H]3O[C@@H]([C@H]1C#N)[C@H]32.pickle,0,
qm9/C[C@H]1C[C@]2(C[C@H]2C=O)C1.pickle,0,
qm9/C#C[C@@]12CCC[C@@H]1OC2.pickle,0,
qm9/O=CC(=O)c1ncon1.pickle,0,
qm9/CO[C@@H](C)[C@@]1(C)O[C@H]1C.pickle,0,
qm9/C[C@@]12O[C@H]3[C@@H]1C[C@@H](O)[C@H]32.pickle,0,
qm9/Nc1nc([N+](=O)[O-])c[nH]1.pickle,0,
qm9/O=C[C@]12N[C@H]1[C@H]1C[C@@H]2C1.pickle,0,
qm9/C[C@H]1[C@H](C2(C)CC2)N1C.pickle,0,
qm9/C1O[C@H]1[C@]12CC[C@H](C1)C2.pickle,0,
qm9/C[C@H]1C[C@]1(C)[C@H]1CN1C.pickle,0,
qm9/[CH]1[C]2CC[C@@H]2[C@H]2C[C@@H]1C2.pickle,0,
qm9/CN1C[C@]23C[C@](O)(C2)[C@@H]13.pickle,0,
qm9/CCOc1nocc1C.pickle,0,
qm9/Oc1[nH]nc2c1C=CC2.pickle,0,
qm9/COC(=O)NCC(C)C.pickle,0,
qm9/N#C[C@H]1CCCO1.pickle,0,
qm9/CN1C(=O)[C@]23C[C@H](C2)[C@H]13.pickle,0,
qm9/OC1([C@H]2CO2)CC=CC1.pickle,0,
qm9/CC[C@H]1[C@H]2[C@@H](C)C[C@@]12C.pickle,0,
qm9/[NH][C]1O[C@H]2[C@@H]3[C@H]4[C@@H]3N1[C@@H]24.pickle,0,
qm9/C1CC(CCN2CC2)C1.pickle,0,
qm9/CC[C@H]1N[C@H]2C[C@]21C#N.pickle,0,
qm9/OC[C@@]12C=C[C@H]3C[C@@H]1N32.pickle,0,
qm9/O=C1OC=NC[C@H]2CN12.pickle,0,
qm9/C[C@@H]1[C@]2(C)CN3[C@@H]2[C@@]13C.pickle,0,
qm9/O=C1C[C@@H](CN2CC2)O1.pickle,0,
qm9/C[C@H]1C[C@@]2(CC#N)O[C@@H]12.pickle,0,
qm9/N#C[C@H](N)[C@H]1[C@H]2CC[C@H]21.pickle,0,
qm9/CC#CC[C@@H]1[C@H](O)[C@@H]1O.pickle,0,
qm9/O=CCC(=O)[C@H]1CO1.pickle,0,
qm9/[CH]1[N][C@H]2[C@@H]3C[C@H]2[C@@H]3O1.pickle,0,
qm9/O=C[C@]12O[C@H]1[C@@H]1[C@H](O)[C@@H]12.pickle,0,
qm9/CC[C@H]1C[C@@H]2N[C@H]1C2=O.pickle,0,
qm9/O=C[C@H]1[C@@H]2C[C@H]1[C@H]2C=O.pickle,0,
qm9/C[C@@H]1C=CC[C@@H]2C[C@@H]2O1.pickle,0,
qm9/C[C@@]1(C=O)CC[C@H]1CO.pickle,0,
qm9/C[C@@H](O)C(=O)CCCO.pickle,0,
qm9/C#C[C@]12C[C@@]1(C)[C@@H](C)O2.pickle,0,
qm9/CC[C@@H](O)CCC1CC1.pickle,0,
qm9/COCc1coc(=O)o1.pickle,0,
qm9/C[C@H]1[C@@H]2[C@H](O)[C@H]3C[C@@H]2N13.pickle,0,
qm9/C[C@H]1C[C]2[CH]CO[C@]21C.pickle,0,
qm9/Cc1cccn1C(C)C.pickle,0,
qm9/CN1C[C@H]1C#C[C@H]1CO1.pickle,0,
qm9/C#C[C]([N][N])C(N)=O.pickle,0,
qm9/O=C[C@@]12COC=N[C@@H]1C2.pickle,0,
qm9/C[C@@]12C[C@H]3N1[C@@]3(C)[C@@H]2O.pickle,0,
qm9/CC[C@@]1(CO)CC1(C)C.pickle,0,
qm9/CC1=C[C@@H](O)[C@@H](CO)C1.pickle,0,
qm9/CC#CC(=O)C(C)C.pickle,0,
qm9/C#CC#C[C@@]1(C#N)CN1.pickle,0,
qm9/Cc1oncc1C(C)C.pickle,0,
qm9/O=C1CC[C@H]1[C@H]1CO1.pickle,0,
qm9/N#CC(=O)C1(C=O)CC1.pickle,0,
qm9/C[C@H]1CCNC(=O)[C@H]1C.pickle,0,
qm9/CC1=N[C@@H](CO)C(=O)N1.pickle,0,
qm9/C[C@H]1O[C@@](C)(C#N)[C@H]1O.pickle,0,
qm9/N#Cc1nocnc1=O.pickle,0,
qm9/C[C@]12C=C[C@]3(O)[C@H](C1)[C@H]23.pickle,0,
qm9/C[C@]12O[C@H]1[C@H]1N[C@@H]2[C@H]1O.pickle,0,
qm9/O=C1C[C@@H]2C[C@H](O1)[C@H]2O.pickle,0,
qm9/CCOc1ccccn1.pickle,0,
qm9/C#CCC[C@@]12CC[C@@H]1C2.pickle,0,
qm9/COC[C@]12C[C@H](CO1)C2.pickle,0,
qm9/C#C[C@@]12C[C@@](C)(O)[C@@H]1O2.pickle,0,
qm9/CC1=CC[C@@H]2[C@H](C)[C@]12O.pickle,0,
qm9/C[C@H]1C[C@@](C)(C=O)[C@H]1O.pickle,0,
qm9/[NH][C]1OC[C@@H]2C[C@H]1C2=O.pickle,0,
qm9/CC1=CCCC[C@H]1CO.pickle,0,
qm9/C[C@@H](O)CC(=O)N1CC1.pickle,0,
qm9/C1=C[C@@H]2CO[C@@]23C[C@H]3C1.pickle,0,
qm9/[NH][C]1OC=CC=CC1=O.pickle,0,
qm9/C[C@@]12C=CC[C@H](O)[C@@H]1O2.pickle,0,
qm9/c1cc(C[C@H]2CO2)[nH]n1.pickle,0,
qm9/C[C@@]12[C@H]3C[C@H]4[C@@H]1N4C[C@H]32.pickle,0,
qm9/C#Cc1cc[nH]c1.pickle,0,
qm9/CCc1ncn(CC)n1.pickle,0,
qm9/O=C1NC=NC12COC2.pickle,0,
qm9/C#Cc1n[nH]cc1CO.pickle,0,
qm9/CC(=O)C1(C#N)CC1.pickle,0,
qm9/CN=C(CO)NC=O.pickle,0,
qm9/C#CC[C@H](C)[C@H](C)OC.pickle,0,
qm9/CC(=N)N(C)C(=O)C#N.pickle,0,
qm9/N#CC12CCCN(C1)C2.pickle,0,
qm9/CC(C)[C@H]1C[C@H]1C#N.pickle,0,
qm9/CC(=O)CN1C[C@H]2C[C@H]21.pickle,0,
qm9/C[C@@H]1O[C@H]2[C@@H](C1=O)[C@H]2C.pickle,0,
qm9/C#CC[C@@H](C#C)C#CC.pickle,0,
qm9/O=C1[C@H]2[C@H]3C[C@@H]4[C@H]([C@H]32)N14.pickle,0,
qm9/C1=NC[C@H]2[C@H]3OC[C@H]3N12.pickle,0,
qm9/C1OC[C@]23O[C@]12[C@@H]1O[C@@H]13.pickle,0,
qm9/C1=C[C@@H]2[C@H]3C[C@H](C3)[C@@H]2C1.pickle,0,
qm9/O=C[C@@]12O[C@@H]1C=C[C@@H]2O.pickle,0,
qm9/O[C@H]1C[N][C]2NC[C@]21O.pickle,0,
qm9/CCc1cc(CO)co1.pickle,0,
qm9/O=CCCn1cnnn1.pickle,0,
qm9/CC#CCNC(=O)CC.pickle,0,
qm9/C[C@H]1C(=O)C[C@]1(C)O.pickle,0,
qm9/C#CC(=O)CCO.pickle,0,
qm9/C[C@@H]1[C@@H]2C[C@@H]2O[C@@H]2C[C@@H]21.pickle,0,
qm9/C1[C@H]2O[C@@H]3[C@@H]4O[C@H]2[C@H]1[C@H]34.pickle,0,
qm9/[NH][C]1N2C[C@@H]2[C@@]1(O)C=O.pickle,0,
qm9/O[C@@H]1[C@H]2O[C@@H]1C[C@H]1N[C@@H]21.pickle,0,
qm9/C1O[C@H]1[C@H]1C[C@H]2CC[C@@H]12.pickle,0,
qm9/COc1coc(=O)n1C.pickle,0,
qm9/CCN=C1C=CCCO1.pickle,0,
qm9/CC1=C(C)[C@@H](C)NC1=O.pickle,0,
qm9/CNC(=O)C(=O)CC#N.pickle,0,
qm9/N#C[C@]12CCN1C(=O)C2.pickle,0,
qm9/O=C1[C@@H]2[C@H]3[C@H]4[C@@H]2[C@@H]1CN34.pickle,0,
qm9/C[C@@]1(O)[C@H]2C[C@H](C2)[C@H]1O.pickle,0,
qm9/Nc1nc2occc2[nH]1.pickle,0,
qm9/C[C@]12CC[C@H]1C21CCC1.pickle,0,
qm9/NC(=O)OC=NCCO.pickle,0,
qm9/C[C@@H]1[C@H](O)[C@@H]2C=C[C@H]1O2.pickle,0,
qm9/C#C[C@@]12OC[C@@H]1N[C@@H]2C.pickle,0,
qm9/NC(=O)[C@H]1C[C@H]1NC=O.pickle,0,
qm9/O=C[C@]1(O)CNC(=O)C1.pickle,0,
qm9/N#C[C@H]1CC=C[C@H]2C[C@@H]12.pickle,0,
qm9/CC[C@H]1CN1C1CCC1.pickle,0,
qm9/C1C[C@@]23C[C@]2(C1)[C@@H]1C[C@@H]13.pickle,0,
qm9/CC1(C)C(=O)C2CN1C2.pickle,0,
qm9/C1=C[C@@H]2[C@H]3CO[C@@H]2O[C@@H]13.pickle,0,
qm9/C[C@]12COC=N[C@H]1CN2.pickle,0,
qm9/CC(=O)O[C@H]1C[C@@H](O)C1.pickle,0,
qm9/N#C[C@H](NC=O)[C@H]1CN1.pickle,0,
qm9/CCN[C@@H]1[C]([NH])O[C@@H]1C.pickle,0,
qm9/C#CCN(C=N)C(C)=O.pickle,0,
qm9/CCCC#C[C@H]1N[C@H]1C.pickle,0,
qm9/N#C[C@@H]1NC[C@@H]2[C@H](O)[C@H]12.pickle,0,
qm9/O=Cn1cc(O)[nH]c1=O.pickle,0,
qm9/C#Cc1n[nH]nc1C=O.pickle,0,
qm9/C#C[C@]12C[C@H]1[C@H]1CO[C@H]12.pickle,0,
qm9/O=C1CN2[C@H]3[C@H]4[C@@H]1[C@H]4[C@H]32.pickle,0,
qm9/C[C@H]1[C@H]2CC[C@]1(C)CO2.pickle,0,
qm9/O[C@H]1C=CC[C@H]1[C@H]1CO1.pickle,0,
qm9/CO[C@@H](C)c1ncco1.pickle,0,
qm9/CNc1nc[nH]c1CO.pickle,0,
qm9/O=C1CO[C@H]2OC=N[C@@H]12.pickle,0,
qm9/CCOC[C@H]1CO1.pickle,0,
qm9/CCC[C@H]1C[C@@H](O)[C@H]1C.pickle,0,
qm9/C[C@H]1[C@H]2CN=CO[C@@]12C.pickle,0,
qm9/C#Cc1cc(=O)cco1.pickle,0,
qm9/N#CCc1nonc1N.pickle,0,
qm9/CC[C@H]1C[C@@H](CC)C1.pickle,0,
qm9/C[C@@]12O[C@H]3CO[C@@H]1[C@H]32.pickle,0,
qm9/CN1CC(=O)[C@H]1CC=O.pickle,0,
qm9/NC=Nc1noc(=O)o1.pickle,0,
qm9/OCC1=CC[C@@]2(O)C[C@@H]12.pickle,0,
qm9/C[C@@H](CO)C[C@@H](O)C=O.pickle,0,
qm9/C[C@@]12C[C@H](O)C(=O)[C@@H]1C2.pickle,0,
qm9/CCc1c[nH]ccc1=O.pickle,0,
qm9/C[C@H]1OCOCCC1=O.pickle,0,
qm9/O=C1C[C@]2(O)CO[C@H]1C2.pickle,0,
qm9/N#CCNC(=O)NC=N.pickle,0,
qm9/C#C[C@]1(C)CC12CCC2.pickle,0,
qm9/c1cnc2c[nH]cc2n1.pickle,0,
qm9/Cc1coc(C=O)c1N.pickle,0,
qm9/C1C[C@]23CO[C@@]2(C1)C3.pickle,0,
qm9/CC[C@@]12COCO[C@@H]1C2.pickle,0,
qm9/C[C@@H]1C=C(C#N)C[C@@H]1C.pickle,0,
qm9/C1=N[C@H]2C[C@H]2CCO1.pickle,0,
qm9/O=C1N[C@H]2C[C@@H]3CC[C@@]132.pickle,0,
qm9/N#CCN1CC=CC1=O.pickle,0,
qm9/C[C]([NH])OC(=O)[CH][N][N].pickle,0,
qm9/C[C@H]1C[C@@H](O)[C@H]1CO.pickle,0,
qm9/C#C[C@](C#N)(CO)OC.pickle,0,
qm9/C[C@H]1[C@H]2O[C@H]2[C@@]12CN2.pickle,0,
qm9/C#C[C@@]1(C)C=CCCO1.pickle,0,
qm9/C#CCN[C@@H]1CNC1=O.pickle,0,
qm9/NC[C@H](C(=O)O)[C@H]1CN1.pickle,0,
qm9/C#CC1(C#C)CNC1=O.pickle,0,
qm9/CN=CO[C@H](C)COC.pickle,0,
qm9/CCc1nc(N)c(C)o1.pickle,0,
qm9/C#Cc1[nH]cnc1CC.pickle,0,
qm9/[NH][CH]Oc1nn[nH]c1N.pickle,0,
qm9/C1=N[C@H]2[C@H](C[C@H]3N[C@H]32)O1.pickle,0,
qm9/C[C@@]12CCC[C@]1(C=O)C2.pickle,0,
qm9/O=C(CCO)NC1CC1.pickle,0,
qm9/CNc1cnc(=O)oc1.pickle,0,
qm9/CC(C)Oc1cnoc1.pickle,0,
qm9/[NH][CH]OCc1ncno1.pickle,0,
qm9/NC(=O)c1ccccc1.pickle,0,
qm9/CC#CC(=O)COCC.pickle,0,
qm9/C#C[C@@H]1O[C@H]2C[C@]1(O)C2.pickle,0,
qm9/C[C@@]12[C@@H]3[C@H]4[C@@H]3[C@]1(CO)[C@H]42.pickle,0,
qm9/O=C[C@@]12N[C@@H]1C=C[C@@H]2O.pickle,0,
qm9/C[C@H]1O[C@H]1CCOC=O.pickle,0,
qm9/OC[C@]12CCC[C@H](C1)C2.pickle,0,
qm9/C[C@@]12C[C@H]3C(=O)N1[C@]32C.pickle,0,
qm9/C#C[C@]12O[C@@H]3[C@H]([C@@H]1O)[C@@H]32.pickle,0,
qm9/N[C@]12CO[C@H]1COC2=O.pickle,0,
qm9/OC[C@H]1O[C@]12[C@@H]1C[C@H]2N1.pickle,0,
qm9/C[C@@]1(C=O)CC12CCC2.pickle,0,
qm9/CC[C@H]1O[C@H]1[C@@H](O)C=O.pickle,0,
qm9/CNCC[C@@H](O)C(=O)O.pickle,0,
qm9/NC(=O)NC(=O)CCO.pickle,0,
qm9/NC(=O)[C@H]1C[C@H]1OC=O.pickle,0,
qm9/C[C@]12N[C@H]1[C@H]1O[C@@H]2C1=O.pickle,0,
qm9/C[C@@]12C[C@@]3(O)C[C@@H]1O[C@H]32.pickle,0,
qm9/NC(=O)C[C@H]1CN1C=O.pickle,0,
qm9/C#C[C@]1([C@@H]2C[C@@H]2O)CO1.pickle,0,
qm9/CCN1CCNCC1=O.pickle,0,
qm9/N#CCOc1ncno1.pickle,0,
qm9/Cc1nonc1N=CN.pickle,0,
qm9/O=C1C[C@@H]2C[C@H](O)[C@@H]2N1.pickle,0,
qm9/C1OCC23COC[C@@H]2[C@@H]13.pickle,0,
qm9/COC[C@@]1(C=O)CO1.pickle,0,
qm9/Nc1cccc(F)c1N.pickle,0,
qm9/CC[C@@H]1[C@@H]2[C@@H]3C[C@@H]3O[C@@H]21.pickle,0,
qm9/C[C@H]1[C@H]2CN3[C@]1(C)[C@@]23C.pickle,0,
qm9/C#CCC(=O)CCCO.pickle,0,
qm9/O=C1[C@H]2C[C@@H]1[C@@H]2CCO.pickle,0,
qm9/C#C[C@H]1C[C@H](C#CC)O1.pickle,0,
qm9/C[C@H]1C[C@H]2N1[C@H]1C[C@]12O.pickle,0,
qm9/O=Cc1ccon1.pickle,0,
qm9/O=C1C[C@]2(N1)[C@H]1C[C@@H]2C1.pickle,0,
qm9/OC[C@@H]1[C@@H]2O[C@@H]2[C@@H]2O[C@H]12.pickle,0,
qm9/C#CC#CCN1CC1.pickle,0,
qm9/COC(=N)NCC#N.pickle,0,
qm9/O[C@H]1CC[C@]2(CO2)[C@H]1O.pickle,0,
qm9/CC[C@H]1N[C@H]1[C@@H](C)OC.pickle,0,
qm9/C[C@]12N[C@H]1[C@@]1(C=O)C[C@H]12.pickle,0,
qm9/CO[C@@H]1C(=O)[C@]2(C)C[C@H]12.pickle,0,
qm9/O=C1CCC=C1CCO.pickle,0,
qm9/CC(=O)CNC(=N)C#N.pickle,0,
qm9/C[C@@]12[C@H]3C[C@@H]1C[C@H]32.pickle,0,
qm9/O[C@@H]1[C@@H]2CO[C@H]1OC=N2.pickle,0,
qm9/N#Cc1c[nH]c(N)c1O.pickle,0,
qm9/O[C@H]1CN2[C@H]3CC[C@@H]1[C@H]32.pickle,0,
qm9/CC1=C(C=O)C[C@H]2N[C@@H]12.pickle,0,
qm9/CC(=O)N1CC[C@H](C)C1.pickle,0,
qm9/O[C@]12C[C@@H]3C[C@@]1(O)[C@@H]3C2.pickle,0,
qm9/C[C@H]1[C@H]2[C@H]3[C@@H]1[C@]2(C)N3C.pickle,0,
qm9/CO[C@]12C[C@H](CC1=O)C2.pickle,0,
qm9/N#CC[C@@]1(C2CC2)CN1.pickle,0,
qm9/CC1(C)CNC(=O)NC1.pickle,0,
qm9/CC(C)(C)C1(C)CCC1.pickle,0,
qm9/CN1CC(=O)OCC1=O.pickle,0,
qm9/CCC(=O)NCC(C)=O.pickle,0,
qm9/C1OC[C@@H]2CO[C@@]23C[C@@H]13.pickle,0,
qm9/O=CCc1cnnnn1.pickle,0,
qm9/OCC[C@@H]1CN=COC1.pickle,0,
qm9/C#C[C@]1(OC)C[C@H]1C.pickle,0,
qm9/CCC1=C[C@@H](C)CC1.pickle,0,
qm9/CC1(C)C[C@@]12CCO2.pickle,0,
qm9/C#C[C@H](C)[C@@H](O)C(N)=O.pickle,0,
qm9/O=C1CN2[C@H]3C[C@@H]1C[C@H]32.pickle,0,
qm9/CN1C[C@H]2N3C[C@@H]1[C@@]23C.pickle,0,
qm9/CC(C)[C@@]1(O)[C@H]2CC[C@H]21.pickle,0,
qm9/CO[C@@H](C)[C@@H](O)[C@H]1CO1.pickle,0,
qm9/Cn1c(O)c(N)[nH]c1=O.pickle,0,
qm9/[NH]C1=NC(F)=N[N]O1.pickle,0,
qm9/C[C@H]1C[C@H]1[C@H]1CC(=O)N1.pickle,0,
qm9/C[C@@]12COCC[C@@H]1OC2.pickle,0,
qm9/Cn1nnc(O[CH][NH])n1.pickle,0,
qm9/CC1=CCOCC(=O)C1.pickle,0,
qm9/C[C@H]1[C@@H](O)[C@H]2CC(=O)N12.pickle,0,
qm9/O=CCC1=NCCO1.pickle,0,
qm9/CO[C@H]1C[C@H]2CC[C@@H]1C2.pickle,0,
qm9/CC(=O)C[C@H](C)C#N.pickle,0,
qm9/O=CC(C=O)CO.pickle,0,
qm9/C[C@H]1CCNC(=O)OC1.pickle,0,
qm9/CC[C@H]1[C@@H](O)[C@H]2C[C@@]12O.pickle,0,
qm9/COc1nc(N)co1.pickle,0,
qm9/CC[C@@]1(C=O)N[C@H]1CO.pickle,0,
qm9/CN1C(=O)C[C@]2(O)C[C@H]12.pickle,0,
qm9/Oc1cc2occc2[nH]1.pickle,0,
qm9/C#C[C@@H](COC)NC=O.pickle,0,
qm9/C1CC[C@H]2OCO[C@@H]2C1.pickle,0,
qm9/C#C[C@H]1[C@H]2[C@H](C#N)CN12.pickle,0,
qm9/CC1=NC[C]([NH])OCO1.pickle,0,
qm9/O=C1CCCO[C@@H]1CO.pickle,0,
qm9/C#C[C@H]1CC[C@H]1CC#N.pickle,0,
qm9/CCCN1CCC1=O.pickle,0,
qm9/CC(=NO)[C@H]1CO1.pickle,0,
qm9/CC1(C)[C@H]2OCC[C@]21O.pickle,0,
qm9/Nc1[nH]ncc1C=O.pickle,0,
qm9/C#Cc1c(C)nnn1C.pickle,0,
qm9/C1C[C@]23CN4[C@H]2[C@H]1C[C@@H]43.pickle,0,
qm9/C[C@]12O[C@@H]3[C@H](O1)[C@@H]3[C@H]2O.pickle,0,
qm9/CCC[C@H]1[C@H]2[C@@H]3C[C@H]2[C@H]13.pickle,0,
qm9/O=C[C@]1(O)CCC(=O)C1.pickle,0,
qm9/C[C@H]1CO[C@@]12[C@@H](O)[C@H]2O.pickle,0,
qm9/COC[C@]12CO[C@H]1CN2.pickle,0,
qm9/COCCC1(C)CCC1.pickle,0,
qm9/N#CC1=CCOCOC1.pickle,0,
qm9/C[C@](O)(C=O)C[C@H]1CO1.pickle,0,
qm9/O=C1CCC[C@H]2CC[C@@H]12.pickle,0,
qm9/CNc1nc(CO)c[nH]1.pickle,0,
qm9/[NH3][C@H]1C[C@H]2[C@@H]1[C@H]2C(=O)[O].pickle,0,
qm9/CCNC(=NC)C(C)=O.pickle,0,
qm9/CCO[C@@]1(C)C[C@H]1C=O.pickle,0,
qm9/C#C[C@@]12CN3C[C@@H]1[C@]32C.pickle,0,
qm9/CC[C@@H]1[C]([NH])OC[C@@H]1O.pickle,0,
qm9/C1O[C@@H]2[C@@H]3[C@H]1[C@@H]1[C@H]2N31.pickle,0,
qm9/COC1C(=O)CCC1=O.pickle,0,
qm9/O=CNC[C@H](O)CCO.pickle,0,
qm9/COC(=O)[CH][C][NH].N#N.pickle,0,RDKit molecule import failed (ValueError): IMPORT_MOLECULE: The imported structure contains disconnected fragments. SCOPE Molecule objects must represent a single connected molecule.
qm9/C#CC[C@H]1[C@@H]2C[C@H]1[C@H]2O.pickle,0,
qm9/O=C1[C@@H]2N[C@]3(CO)[C@H]1[C@H]23.pickle,0,
qm9/Nc1ncn2c1OCC2.pickle,0,
qm9/CC1OC(=O)C(=O)O1.pickle,0,
qm9/CNc1nc(C#N)no1.pickle,0,
qm9/C#C[C@H]1[C@@H]2C(=O)[C@H]1[C@@H]2O.pickle,0,
qm9/O=C1OC[C@@H]2CC[C@H]1N2.pickle,0,
qm9/N1[C@@H]2[C@@H]3[C@H]4[C@@H]3N3[C@@H]([C@H]12)[C@@H]43.pickle,0,
qm9/C#C[C@@]1(C)C[C@@H]1COC.pickle,0,
qm9/CC1=NNCC(C)=C1[NH].pickle,0,
qm9/CO[C@@H]1[C@@H]2[C@@H]3[C@H]4[C@@H]3N2[C@H]41.pickle,0,
qm9/OC[C@@]1(O)[C@H]2N[C@@H]1[C@H]2O.pickle,0,
qm9/C#C[C@]1(CO)CC[C@H]1O.pickle,0,
qm9/C[C@H]1[C@H]2O[C@@H]3[C@H]2[C@@]31CO.pickle,0,
qm9/C#C[C@@H](C#N)[C@]1(C)CO1.pickle,0,
qm9/O[C@H]1CN2[C]1[N][C@@H]1C[C@@H]12.pickle,0,
qm9/C[C@@H](CC#N)OCC=O.pickle,0,
qm9/CC[C@@H]1CC=CCCC1.pickle,0,
qm9/O[C@H]1[CH][C]2[C@H]3[C@H]4[C@@H]1[C@@H]2N34.pickle,0,
qm9/C[C@H]1CNC(=O)[C@]1(C)O.pickle,0,
qm9/O=C1[C@H]2N[C@@H]1CC21CC1.pickle,0,
qm9/CC(C)[C@]12O[C@H]1CC2=O.pickle,0,
qm9/O=C[C@@H]1CCO[C@@H]1CO.pickle,0,
qm9/C#C[C@@H]1OC(=O)[C@@H]2N[C@H]12.pickle,0,
qm9/CCC[C@@H](O)CC(C)C.pickle,0,
qm9/C[C@@]12C[C@]1(CO)N1C[C@H]12.pickle,0,
qm9/N#CCO[C@H]1[C@H]2CC[C@H]21.pickle,0,
qm9/O[C@H]1C[C@@]2(O)[C@H]3N[C@H]3[C@@H]12.pickle,0,
qm9/Cc1cnc(O)cc1O.pickle,0,
qm9/CCC(=O)N1C[C@H]1C.pickle,0,
qm9/C[C@H]1[C@H]2[C@@H]3[C@@H](CN3C)N12.pickle,0,
qm9/C[C@@]12CC[C@H]3O[C@]1(C)[C@H]32.pickle,0,
qm9/O=C1N[C@H]2C[C@H]2CO1.pickle,0,
qm9/C#C[C@@]12N[C@@H]1C[C@@H]2OC.pickle,0,
qm9/CC(=O)NCC(C)=NO.pickle,0,
qm9/C#CC(C)(C)[C@@H](C)C=O.pickle,0,
qm9/O[C@@H]1[CH][C]2CC[C@@H]2C1.pickle,0,
qm9/C[C@H]1CC[C@@H](O)CC1=O.pickle,0,
qm9/C[C@H]1N=CO[C@H]2CO[C@H]21.pickle,0,
qm9/CN[C@H](C#N)C=O.pickle,0,
qm9/CC(C)[C@H]1CN1C=O.pickle,0,
qm9/C[C@H]1CN2[C@@H]3[C@H]1OC[C@@H]32.pickle,0,
qm9/[CH]1CN2[C@H]3[C]1[C@H]1N[C@H]1[C@H]32.pickle,0,
qm9/C[C@]12O[C@H]1CC=C[C@H]2O.pickle,0,
qm9/C#CC(=O)c1ncco1.pickle,0,
qm9/CC1=CC(=O)CNC1.pickle,0,
qm9/C[C@H]1O[C@@H]([C@H]2CN2)[C@H]1O.pickle,0,
qm9/CC[C@@]1(C#N)O[C@H]1C=O.pickle,0,
qm9/CO[C@H](C=O)CC(C)C.pickle,0,
qm9/Nc1ccccnc1=O.pickle,0,
qm9/CC[C@@H](O)CC(C)(C)O.pickle,0,
qm9/C[C@@H](O)[C@H]1[C@@H](O)C[C@H]1O.pickle,0,
qm9/CO[C@]1(C)[C@H]2CC[C@@H]1C2.pickle,0,
qm9/C#C[C@]1(C)CC[C@@]12CN2.pickle,0,
qm9/C[C@H]1C[C@@]2(O)C[C@@]12CO.pickle,0,
qm9/CNC(=O)[C@H]1CCC1=O.pickle,0,
qm9/c1n[nH]c2c1[C@H]1C[C@H]1C2.pickle,0,
qm9/O=CC1CN(C=O)C1.pickle,0,
qm9/C[C@H]1[C@H]2CO[C@@]12[C@H]1CO1.pickle,0,
qm9/O[C@H]1[C@H]2C[C@]1([C@H]1CN1)N2.pickle,0,
qm9/O=C[C@@]12CC(=O)[C@@H](C1)O2.pickle,0,
qm9/CC[C@@]1(C)CO1.pickle,0,
qm9/C#CC[C@]12C[C@H]1OC=N2.pickle,0,
qm9/[NH][C]1CC[C@H]2O[C@H]2CO1.pickle,0,
qm9/C[C@@H]1C=C(C=O)[C@H](C)C1.pickle,0,
qm9/C#C[C@@]12[C@@H]3[C@H]4[C@@H]([C@@H]31)[C@]42O.pickle,0,
qm9/C[C@@H](O)c1cnco1.pickle,0,
qm9/C1=C[C@H]2C[C@@H]1C21COC1.pickle,0,
qm9/N#CCCc1ccon1.pickle,0,
qm9/[NH][C]1CCC(=O)C(=O)O1.pickle,0,
qm9/CCc1cnc(=O)oc1.pickle,0,
qm9/OC[C@]12O[C@H]1C[C@H]1O[C@H]12.pickle,0,
qm9/Nc1nc(=O)nco1.pickle,0,
qm9/Cc1cc(NC=O)n[nH]1.pickle,0,
qm9/CN1[C@H]2[C@H]3[C@@H]4N3[C@H]2[C@@]41C.pickle,0,
qm9/[NH]C1=C(F)[C@@H](N)N=CO1.pickle,0,
qm9/C#C[C@@H]1[C@H](NC=O)[C@@H]1O.pickle,0,
qm9/C[C@H]1O[C@@H]2C[C@H]1C[C@H]2O.pickle,0,
qm9/COCc1occc1C.pickle,0,
qm9/C1C[C@H]2[C@H]3CO[C]([N]1)N23.pickle,0,
qm9/OCCC#C[C@H]1C[C@H]1O.pickle,0,
qm9/C[C@H]1[C@H]2O[C@H]2[C@H]2C[C@]21C.pickle,0,
qm9/C#CCc1noc(=O)o1.pickle,0,
qm9/CC(=O)CO[C@H](C)C=O.pickle,0,
qm9/Cc1cnc(O[CH][NH])o1.pickle,0,
qm9/C#C[C@H](O)[C@H]1O[C@H]1C#N.pickle,0,
qm9/CC1=C(N)[C@H]2CN2C1=O.pickle,0,
qm9/Cc1nc(O)c(O)[nH]1.pickle,0,
qm9/CO[C@]12C[C@H](C)[C@@]1(C)C2.pickle,0,
qm9/COC[C@]12O[C@H]1[C@H]1N[C@H]12.pickle,0,
qm9/O=c1[nH]c(CCO)co1.pickle,0,
qm9/C#C[C@@]12CC[C@H]3CN1[C@H]32.pickle,0,
qm9/C#C[C@@H]1NCCOC1=O.pickle,0,
qm9/CC#CC1(OCC)CC1.pickle,0,
qm9/CC[C@@]1([C@@H](C)O)N[C@H]1C.pickle,0,
qm9/[NH]C1=C(F)COC=C1N.pickle,0,
qm9/CC(=O)O[C@H]1[C@H]2CC[C@H]21.pickle,0,
qm9/C[C@@H](C=O)[C@H]1CO1.pickle,0,
qm9/N#CC#CCN1CCC1.pickle,0,
qm9/N#CCN[C@@H](C#N)CN.pickle,0,
qm9/C#Cc1nccoc1=O.pickle,0,
qm9/O=C1CCCC[C@@]12CO2.pickle,0,
qm9/O=C[C@@H]1[C@@H]2C[C@H]3[C@@H]2[C@]31O.pickle,0,
qm9/CN1[C@H]2CC[C@@H](O)[C@H]21.pickle,0,
qm9/N#C[C@]12C[C@H]1CN1C[C@H]12.pickle,0,
qm9/c1ccc2onnc2c1.pickle,0,
qm9/O=CC[C@@]12C[C@H]3[C@@H](C1)N32.pickle,0,
qm9/CC1(C)C=C[C@@]2(C)N[C@@H]12.pickle,0,
qm9/[NH][C]1OCO[C@H]2C[C@@H]1C2.pickle,0,
qm9/C[C@H]1[C@H]2C[C@H]3O[C@H]3CN12.pickle,0,
qm9/CNc1nnn(C)c1N.pickle,0,
qm9/O=C1[CH][C]2N[C@H]3[C@@H]2[C@@]13O.pickle,0,
qm9/O=C1C=C[C@H](O)[C@@H]1CO.pickle,0,
qm9/C[C@@]1(O)CC2(CC2)C1=O.pickle,0,
qm9/CC(C)CC(=O)C#N.pickle,0,
qm9/CN1[C@H]2C[C@@H](CCO)[C@H]21.pickle,0,
qm9/CCO[C@@]1(C#N)C[C@H]1N.pickle,0,
qm9/C[C@H]1N[C@@]12[C@H]1C[C@H]1[C@H]2O.pickle,0,
qm9/CN(C[C@H]1CO1)C(N)=O.pickle,0,
qm9/C[C@H]1C[C@@H](N)[C@H](C#N)O1.pickle,0,
qm9/O=C1CN2CC1C2.pickle,0,
qm9/N#C[C@@]1(CC2CC2)CN1.pickle,0,
qm9/C[C@H]1C[C@@H](O)C=CCO1.pickle,0,
qm9/C[C@H]1[C@H]2C[C@@H]3O[C@H]2[C@@H]31.pickle,0,
qm9/C[C@H]1N[C@H]1[C@@H](O)C1CC1.pickle,0,
qm9/C[C@@H](O)[C@@]1(C)CC[C@H]1O.pickle,0,
qm9/Cc1ncc(C#N)n1C.pickle,0,
qm9/C[C@](C#N)(C=O)OC=O.pickle,0,
qm9/N[C@@H](CO)c1nc[nH]n1.pickle,0,
qm9/CN=C1OC[C@@H](O)C1=O.pickle,0,
qm9/O=C[C@@H]1C=CC(=O)CC1.pickle,0,
qm9/CC#C[C@@H]1CC[C@@H]1CC.pickle,0,
qm9/CNC(=O)OCCO.pickle,0,
qm9/C[C@H]1N2[C@@H]3[C@H]4OC[C@]31[C@H]42.pickle,0,
qm9/CC[C]1C[C@H]2[C@H]3[C]1CN23.pickle,0,
qm9/CO[C@@H](C)CC1COC1.pickle,0,
qm9/CC[C@H](C#N)NCC#N.pickle,0,
qm9/OC[C@H]1OC[C@H]1[C@H]1CO1.pickle,0,
qm9/C#C[C@@H]1C=C[C@@H]2O[C@@H]2C1.pickle,0,
qm9/CC(C)[C@H]1C[C@H]1NC=O.pickle,0,
qm9/C[C@H]1[C@H]2[C@@H](O)[C@@H]1N2C.pickle,0,
qm9/CCN=C1C=CC(=O)N1.pickle,0,
qm9/C[C@@]12[C@H]3OC[C@@H]1C(=O)[C@H]32.pickle,0,
qm9/O=C1C=C[C@H]2[C@@H]3C[C@H]2[C@H]13.pickle,0,
qm9/CCC(=O)CC1CC1.pickle,0,
qm9/CN(CC=O)C(=O)CO.pickle,0,
qm9/CC#Cc1onnc1N.pickle,0,
qm9/C[C@H]1[C@H]2[C@@H](O)[C@@H](C#N)N12.pickle,0,
qm9/C[C@]12CC(=O)C[C@H](C1)O2.pickle,0,
qm9/N.[O][C]C=C1[CH]CC1=O.pickle,0,RDKit molecule import failed (ValueError): IMPORT_MOLECULE: The imported structure contains disconnected fragments. SCOPE Molecule objects must represent a single connected molecule.
qm9/CCC1=CC[C@H]2C[C@@H]1C2.pickle,0,
qm9/CCN1C(N)=NO[C@@H]1[NH].pickle,0,
qm9/C[C@H]1CCO[C@@H](CO)O1.pickle,0,
qm9/CC1([C@H]2CCC2=O)CC1.pickle,0,
qm9/CO[C@H]1C=CC[C@@]12CN2.pickle,0,
qm9/CC[C@@H](C)[C@H]1C[C@H]1C#N.pickle,0,
qm9/C[C@H]1C[C@@]23OC[C@@H]2O[C@@H]13.pickle,0,
qm9/C1OC[C@H]2N[C@H]2CO1.pickle,0,
qm9/COc1ccco1.pickle,0,
qm9/O=C1O[C@H]2CN[C@H]2C1=O.pickle,0,
qm9/C#C[C@]1(CO)O[C@H]2C[C@H]21.pickle,0,
qm9/CC[C@H]1OC[C@]1(O)C=O.pickle,0,
qm9/C1O[C@@H]2[C@H]1[C@]21C[C@@H]2CN21.pickle,0,
qm9/C[C@H]1N=CO[C@H]2CN[C@H]21.pickle,0,
qm9/Nc1ncnc(N)n1.pickle,0,
qm9/O=C1[C@H]2C[C@@H]1[C@]1(CN1)C2.pickle,0,
qm9/CC(=O)[C@H]1O[C@H]1C(C)=O.pickle,0,
qm9/C#CCC(C)(C)OC=O.pickle,0,
qm9/CC[C@](C)(C=O)O[CH][NH].pickle,0,
qm9/N#C[C@H](O)[C@H]1C[C]([NH])O1.pickle,0,
qm9/C[C@]12C[C@H]1[C@](C)(C=O)O2.pickle,0,
qm9/c1cc(C[C@H]2CO2)co1.pickle,0,
qm9/C[C@@]12[C@H]3[C@H]4CC[C@@H]1N4[C@H]32.pickle,0,
qm9/CCc1[nH]ccc1N.pickle,0,
qm9/CC[C@]12CO[C@H](C1)[C@H]2C.pickle,0,
qm9/C[C@@]12[C@H]3CN1[C]([NH])[C@]32O.pickle,0,
qm9/NC(=O)[C@@H](C=O)N1CC1.pickle,0,
qm9/O[C@H]1[C@H]2[C@H]3O[C@H]4[C@@H]1[C@@H]2[C@H]43.pickle,0,
qm9/CC[C@H]1[C@@H](C)O[C@H]1C#N.pickle,0,
qm9/N#C[C@]12C[C@H]3O[C@H]3[C@H]1O2.pickle,0,
qm9/C#Cc1ccc(C)o1.pickle,0,
qm9/Cn1nncc1C=O.pickle,0,
qm9/C[C@H]1C[C@H]2CO[C@]1(C)C2.pickle,0,
qm9/CCO[C@@H]1[C@@H]2C=C[C@H]1O2.pickle,0,
qm9/CC#Cc1oncc1N.pickle,0,
qm9/O[C@@H]1[C]2[CH]C[C@@H]3C[C@H]1[C@H]23.pickle,0,
qm9/CC[C@H]1O[C@@H](C=O)C1=O.pickle,0,
qm9/Cc1[nH]c(N)nc1C#N.pickle,0,
qm9/CN[C@@]1(C#N)C[C@]1(C)O.pickle,0,
qm9/O=CC1=CCCCC1=O.pickle,0,
qm9/C[C@@H](N)[C@@](C)(N)C#N.pickle,0,
qm9/C[C@H]1[C@H]2O[C@]3(C)[C@H]2C[C@H]13.pickle,0,
qm9/CC(C)Cn1cnnn1.pickle,0,
qm9/O=C1C[C@H]2N[C@@]2(CO)C1.pickle,0,
qm9/CCCc1[nH]nnc1N.pickle,0,
qm9/N#CCc1coc(N)c1.pickle,0,
qm9/O=C1CNCC=CCO1.pickle,0,
qm9/CC[C@@H](CC#N)C(C)=O.pickle,0,
qm9/C#CC(=O)[C@@H]1O[C@@H]1CC.pickle,0,
qm9/C[C@@]1(O)[C@H]2O[C@H]2[C@H]1O.pickle,0,
qm9/N#CC(=O)C(=O)C#N.pickle,0,
qm9/O=CN[C@H]1CC12COC2.pickle,0,
qm9/O[C@]12C=C[C@@H]3C[C@H]1N3C2.pickle,0,
qm9/C#C[C@]12C[C@@H]3[C@@H](C)[C@H]1[C@@H]32.pickle,0,
qm9/O=C1CC2(C=CCC2)C1.pickle,0,
qm9/CC[C@@H](C)C#CC(C)C.pickle,0,
qm9/O[C@H]1C[C@H]2CO[C@@H]1OC2.pickle,0,
qm9/O=C1O[C@]23CCC[C@]12C3.pickle,0,
qm9/ON=C1CO[C@H]1[C@H]1CO1.pickle,0,
qm9/C[C@]1(OC=O)C=CCC1.pickle,0,
qm9/C#C[C]([NH])O[C@H](C)C=O.pickle,0,
qm9/O=C[C@]12N[C@H]1COC2=O.pickle,0,
qm9/CC1(C)[C@@H]2NC(=O)N[C@@H]21.pickle,0,
qm9/N[C@H]1CO[C@H]1C(=O)O.pickle,0,
qm9/COCC1=NCC(=O)N1.pickle,0,
qm9/[NH][C]1O[C@H]2[C@@H]1C21CCC1.pickle,0,
qm9/CC(C)[C@H]1C[C@@](C)(O)C1.pickle,0,
qm9/O=C1C[C@@H]2C[C@H](C1)[C@H]2O.pickle,0,
qm9/C[C@H]1C[C]2[CH]CC[C@H]21.pickle,0,
qm9/O=C1NC[C@@H]1C#CCO.pickle,0,
qm9/O=CC[C@H]1C[C@H]2C[C@H]2C1.pickle,0,
qm9/CN1[C@H]2C=CC[C@]21C=O.pickle,0,
qm9/c1nncc2nocc12.pickle,0,
qm9/C#C[C@@]12C[C@H]3[C@H]4[C@@H]1N4[C@H]32.pickle,0,
qm9/CCOC[C@@H](C)C=O.pickle,0,
qm9/CC#C[C@@H](C)CN1CC1.pickle,0,
qm9/CN(C=O)CCC(N)=O.pickle,0,
qm9/C[C@H]1O[C@H]1[C@H]1C[C@H]1O.pickle,0,
qm9/CCCNC(=O)[C@H]1CN1.pickle,0,
qm9/CC[C@]12CN1C[C@H]2CO.pickle,0,
qm9/CN(CC#N)C1(C)CC1.pickle,0,
qm9/C[C@H]1O[C@H]2[C@@H]1[C@]2(C)O.pickle,0,
qm9/OC[C@@H](O)C1CCC1.pickle,0,
qm9/C[C@@]1(C=O)C[C@H]2C[C@]21O.pickle,0,
qm9/C[C@H]1[C@@H]2O[C@@H]([C@H]2O)[C@H]1O.pickle,0,
qm9/CC1(C)C[C@]2(CO2)C1=O.pickle,0,
qm9/O[C@H]1COC[C@H]2CN2C1.pickle,0,
qm9/O[C@H]1CCC[C@H]1[C@H]1CO1.pickle,0,
qm9/C[C@]12N[C@H]1[C@@]1(O)CO[C@@H]21.pickle,0,
qm9/C[C@]12O[C@H]1[C@@H](O)C[C@H]2O.pickle,0,
qm9/C#CCC#C[C@]1(C)CO1.pickle,0,
qm9/O=C1[CH][C]2CO[C@H]3[C@@H]1[C@@H]23.pickle,0,
qm9/O=Cc1c[nH]nc1CO.pickle,0,
qm9/C[C@H]1OC[C@]1(O)CC#N.pickle,0,
qm9/CC1(C)CC[C@H]1C(N)=O.pickle,0,
qm9/O=CN1C[C@@]2(O)C[C@@H]12.pickle,0,
qm9/CO[C@@H](C)c1nc[nH]n1.pickle,0,
qm9/C#C[C@H]1[N][CH]N[C@H]1C#N.pickle,0,
qm9/C1=CCC2(C=CC1)CC2.pickle,0,
qm9/N#C[C@]12CNCC[C@H]1N2.pickle,0,
qm9/N#C[C@]1(C=O)CCC1=O.pickle,0,
qm9/C[C@@]12[C@H]3O[C@@H]1[C@@H](C#N)[C@H]32.pickle,0,
qm9/C1=Cc2cc[nH]c2CC1.pickle,0,
qm9/O=C1OC[C@H]2OC[C@H]2O1.pickle,0,
qm9/C#C[C@]12C[C@](C)(C1)[C@@H]2C.pickle,0,
qm9/O[C@H]1[C@H]2CCO[C@@H]12.pickle,0,
qm9/[NH]C1=C(O)[N]C(F)=CO1.pickle,0,
qm9/N#C[C@@]1(C=O)C=CCO1.pickle,0,
qm9/C1CCC2(C1)[C@H]1CC[C@H]12.pickle,0,
qm9/CC1(C)OC=NCCO1.pickle,0,
qm9/CN1CC=C[C@H](C#N)C1.pickle,0,
qm9/CCC[C@H]1O[C@H]2C[C@]21O.pickle,0,
qm9/O[C@@]12C[C@H]3C[C@@H]1[C@]32O.pickle,0,
qm9/C[C@@]12N[C@@H]([C@H]1O)[C@H]2C=O.pickle,0,
qm9/C[C@@]12O[C@H]3[C]([NH])O[C@@H]1[C@H]32.pickle,0,
qm9/C[C@H]1C[C@H]2C[C@]1(C#N)C2.pickle,0,
qm9/CC[C@@]1(C=O)CC(=O)O1.pickle,0,
qm9/C[C@@H]1C(=O)N[C@@H]2C[C@H]12.pickle,0,
qm9/CC(=O)[C@@H](CO)CC=O.pickle,0,
qm9/OC[C@H]1[C@H]2C[C@H]2[C@H]2C[C@@H]12.pickle,0,
qm9/CC1(C)C[C@]2(C)C[C@H]1O2.pickle,0,
qm9/C[C@](O)(C#N)CC#N.pickle,0,
qm9/C[C@]12CN3[C@H](CO1)[C@@]32C.pickle,0,
qm9/C1[N][C]2N3[C@H]1[C@@H]3[C@]21CO1.pickle,0,
qm9/O=C[C@]12C=C[C@H](O1)[C@@H]2O.pickle,0,
qm9/O=CO[C@@H]1C=CCO1.pickle,0,
qm9/C[C@]12CN1C=CC2=NO.pickle,0,
qm9/O=CC(=O)[C@@]1(C=O)CO1.pickle,0,
qm9/C[C@H]1O[C@]2(C)C[C@@]1(C)C2.pickle,0,
qm9/CCC1=CNC(=O)[C@H]1O.pickle,0,
qm9/CN1C=N[C@@H](C=O)C1=O.pickle,0,
qm9/CNc1cc(N)n(C)n1.pickle,0,
qm9/C[C@@H](CC1CC1)OC=O.pickle,0,
qm9/C[C@@H](O)C1(C)CC=CC1.pickle,0,
qm9/O=C1[C@@H]2[C@@H](O)[C@H]3CN2[C@@H]13.pickle,0,
qm9/C[C@@H]1C=C(CO)C[C@@H]1C.pickle,0,
qm9/CC(=O)[C@H](C)OC(C)C.pickle,0,
qm9/CC1=CC[C@]23C[C@H](C2)[C@@H]13.pickle,0,
qm9/C[C@]12C[C@H](C1)[N][CH]O2.pickle,0,
qm9/C[C@H]1C(=O)[C@H]2OC[C@]21C.pickle,0,
qm9/COc1c(N)n[nH]c1N.pickle,0,
qm9/CC(C)[C@@H]1[C@H]2CC[C@@H]1C2.pickle,0,
qm9/[O]C(=O)[C@H]1C[N@@H]2C[C@H]1C2.pickle,0,
qm9/C[N]C1=N[N]OC=C1F.pickle,0,
qm9/O=CO[C@@H]1C[C@@H]2C[C@@H]2C1.pickle,0,
qm9/C[C@H]1[C@H]2O[C@@H](C3CC3)[C@@H]12.pickle,0,
qm9/C[C@H]1O[C]2[N]CC[C@H]21.pickle,0,
qm9/C[C@@H](NCC#N)[C@H]1CN1.pickle,0,
qm9/C[C@H]1CC2=NO[C@H]([NH])N21.pickle,0,
qm9/C[C@]12CC=C[C@H]1N2C=O.pickle,0,
qm9/[CH]1CCC[C@@H]2OC[C]12.pickle,0,
qm9/[NH]C1=C[C]2CC=C[C@@H]2O1.pickle,0,
qm9/C1O[C@H]1C[C@]12CC[C@H]1O2.pickle,0,
qm9/C#C[C@H](O)C1=CCOC1.pickle,0,
qm9/Cc1cc(C#N)c(C)[nH]1.pickle,0,
qm9/CC[C@]12CNC(=O)N1C2.pickle,0,
qm9/CC(=O)OCC(C)(C)O.pickle,0,
qm9/CCOCC1CCCC1.pickle,0,
qm9/CC1=CC[C@H](C)[C@@H]2C[C@H]12.pickle,0,
qm9/COC[C@H]1C[C@@H](O)CO1.pickle,0,
qm9/CCN=CNC(N)=O.pickle,0,
qm9/O=CCNC[C@H](O)C=O.pickle,0,
qm9/NC1=N[C@H]2CO[C@H]2[C@H]1O.pickle,0,
qm9/CC[C@H]1C[C@]2(CN2)C1=O.pickle,0,
qm9/CC#C[C@H]1CO[C@H]1CO.pickle,0,
qm9/CO[C@H]1C[C@H]2[C]([NH])O[C@@H]12.pickle,0,
qm9/O[C@H]1CC=C[C@H]2CC[C@@H]12.pickle,0,
qm9/CC1(C)[C@@H](N)[C@H]1C(=O)O.pickle,0,
qm9/C[C@H]1CCC(=O)N[C]1[NH].pickle,0,
qm9/COc1ccn2c1CC2.pickle,0,
qm9/C1CO[C@@H](C2CC2)C1.pickle,0,
qm9/[NH]C1=CCN(C=O)C=N1.pickle,0,
qm9/CC[C@@]12C(=O)CN1[C@@H]2C.pickle,0,
qm9/C[C@H]1CO[C@@]12[C@H]1CO[C@H]12.pickle,0,
qm9/N#Cc1nc[nH]c(=O)n1.pickle,0,
qm9/Cc1cn[nH]c1O[CH][NH].pickle,0,
qm9/CC[C@@H](C)OCCC#N.pickle,0,
qm9/CN(C)c1cocn1.pickle,0,
qm9/C1OCC1[C@@]12CC[C@@H]1O2.pickle,0,
qm9/N#C[C@H](C=O)CCO.pickle,0,
qm9/OC[C@H]1C[C@]12C=CCO2.pickle,0,
qm9/CC(C)c1cc(N)[nH]n1.pickle,0,
qm9/O=CC#CC(=O)N1CC1.pickle,0,
qm9/O=C1CC[C@@H]2CC(=O)[C@H]12.pickle,0,
qm9/O=C1OCC[C@@H]2C[C@H]1N2.pickle,0,
qm9/C[C@@]1(N)CN=COC1=O.pickle,0,
qm9/C[C@@H](C#N)[C@@]1(C)O[C@H]1C.pickle,0,
qm9/C[C@@]12C(=O)[C@@H]3[C@H]4[C@@H]([C@@H]31)N42.pickle,0,
qm9/CC[C@H]1O[C@H]1[C@H]1CN1C.pickle,0,
qm9/C[C@@H](O)c1cc(O)no1.pickle,0,
qm9/C#C[C@@]12O[C@H](C)[C@@H]1[C@@H]2O.pickle,0,
qm9/C[C@H]1C[C@H]2O[C@H]2[C@H]2N[C@@H]12.pickle,0,
qm9/Nc1nc(NC=O)n[nH]1.pickle,0,
qm9/C#C[C@]1(CO[CH][NH])CN1.pickle,0,
qm9/[CH]1C[C@H]2O[C@H]3C[C@@H](O1)[C]32.pickle,0,
qm9/Nc1n[nH]c2c1NCC2.pickle,0,
qm9/c1nocc1OC1CC1.pickle,0,
qm9/CC[C@@H](C)C[C@@H](O)C#N.pickle,0,
qm9/C1O[C@H]1[C@]12C[C@H]1N1C[C@H]12.pickle,0,
qm9/C#CC[C@H](C#C)CC#N.pickle,0,
qm9/CCCOC(=O)N1CC1.pickle,0,
qm9/O=C1C[C@H]2[C@H](O)[C@@H]1[C@H]2O.pickle,0,
qm9/CO[C@]12CCC[C@H]1[C@H]2O.pickle,0,
qm9/CN=COC(=O)CCO.pickle,0,
qm9/CCN1[C@@H](C)[C@H]1CO.pickle,0,
qm9/Cc1ccn2c1[C@@H](C)C2.pickle,0,
qm9/C#C[C@@]12N[C@@H]1CC[C@@H]2O.pickle,0,
qm9/CC(C)CC(=O)[C@H]1CO1.pickle,0,
qm9/C#C[C@@H]1CN1CCCO.pickle,0,
qm9/C1OC[C@]23CN4[C@H]2[C@H]1[C@@H]43.pickle,0,
qm9/CO[C@H]1CCC[C@@H](C)C1.pickle,0,
qm9/COC[C@@H]1O[C@@H]1COC.pickle,0,
qm9/[NH][C]1O[C@H]2CCCN[C@@H]12.pickle,0,
qm9/CO[C@H]1[C@H]2C[C@H]3O[C@@H]1[C@@H]23.pickle,0,
qm9/FC(F)(F)[C@@H]1C=CCC1.pickle,0,
qm9/O=C1O[C@H]2[C@@H]3C[C@H]2O[C@H]13.pickle,0,
qm9/C[C@@H](O)C1(O)CN(C)C1.pickle,0,
qm9/CO[C@@H](C)CN(C)C=O.pickle,0,
qm9/C[C@@]12C[C@]1(O)[C@H]1O[C@H]12.pickle,0,
qm9/CNC1(C#N)CC(=O)C1.pickle,0,
qm9/O[C@H]1[C@H]2C[C@@H]1C21CCC1.pickle,0,
qm9/[NH][C]1O[C@@H]2[C@H](CO)[C@H]12.pickle,0,
qm9/O=CO[C@]12C[C@H]1NC2=O.pickle,0,
qm9/C[C@@]1([C@H]2CN2)NCC1=O.pickle,0,
qm9/O=CC[C@@H]1C[C@H](O)[C@@H]1O.pickle,0,
qm9/CC#C[C@@]1([C@H]2CO2)CO1.pickle,0,
qm9/CO[C@H]1C=C[C@@]2(C)O[C@@H]12.pickle,0,
qm9/C[C@]12C=C[C@H](CCO1)O2.pickle,0,
qm9/C[C@H]1C[C@@H](C)[C@H]1CCO.pickle,0,
qm9/[NH][CH]O[C@]12C[C@H]1N1C[C@H]12.pickle,0,
qm9/N[C@H]1[C@@H](O)[C@H]1CC(=O)O.pickle,0,
qm9/CC[C@@]1(C)[C@H]2COC[C@H]21.pickle,0,
qm9/[NH][C]1N(C=O)C[C@@]12CN2.pickle,0,
qm9/CC#Cc1ccon1.pickle,0,
qm9/C[C@@]12CCC(=O)[C@]1(C)O2.pickle,0,
qm9/C[C@H]1C[C@H]2CN2[C@H]1C#N.pickle,0,
qm9/C#C[C@]12CCO[C@H](C1)C2.pickle,0,
qm9/O=CN1CCN2CC1C2.pickle,0,
qm9/C#C[C@@H]1N[C@@]12CC[C@@H]2O.pickle,0,
qm9/N#CC[C@H]1C=C[C@H]2CN12.pickle,0,
qm9/N#C[C@H]1C=C[C@H]2CC[C@H]21.pickle,0,
qm9/CC1(O[C@H]2C[C@H]2O)CC1.pickle,0,
qm9/C1=C[C@H]2O[C@@H]3C[C@]3(C1)O2.pickle,0,
qm9/C1C[C@H]2[C@@H]3CO[C@H]2[C@@H]3C1.pickle,0,
qm9/C1C[C@@]23[C@@H]4[C@H]5[C@@H]([C@@H]4[C@@H]12)[C@H]53.pickle,0,
qm9/COC(C)=NC[C@H]1CN1.pickle,0,
qm9/CC1=C[C@H](C=O)COC1.pickle,0,
qm9/C#CC(=O)[C@@H]1N[C@@H]1CC.pickle,0,
qm9/[NH]C1=C(F)[N]C(F)=CO1.pickle,0,
qm9/COc1cn(C)c(=O)[nH]1.pickle,0,
qm9/CC#C[C@@]1(C)N[C@H]1C.pickle,0,
qm9/Nc1ccc(CC=O)[nH]1.pickle,0,
qm9/C#C[C@]1(C)O[C@H]1C1CC1.pickle,0,
qm9/O=CCOc1cnno1.pickle,0,
qm9/N#C[C@@H]1[C]([NH])O[C@@H]1CO.pickle,0,
qm9/C[C@H]1C[C@@H](C#N)N2C[C@@H]12.pickle,0,
qm9/C[C@@]12CO[C@]1(C)[C@H]2O.pickle,0,
qm9/N#C[C@](O)(CO)C(=N)N.pickle,0,
qm9/CC(C)(C)N1CC(=O)C1.pickle,0,
qm9/C[C@H]1CC1(C=O)C=O.pickle,0,
qm9/O=CC#CCNC=O.pickle,0,
qm9/C#C[C@H](CO)[C@@H]1N[C@@H]1C.pickle,0,
qm9/O=C1OCO[C@H]2[C@@H]1[C@H]2O.pickle,0,
qm9/C[C@H]1[C@H]2[C@@H]1[C@@]1(C)CN21.pickle,0,
qm9/C[C@H]1C=C(C#N)CC1=O.pickle,0,
qm9/CC[C@@]12C[C@H]3[C@@H]1[C@@H](C)N32.pickle,0,
qm9/C[C@@]1(O)[C@@H]2O[C@]2(C)[C@@H]1O.pickle,0,
qm9/CC#C[C@@]12C[C@H]3C[C@@H]1N32.pickle,0,
qm9/C#CC[C@]1(O)[C@H]2CC[C@H]21.pickle,0,
qm9/CC[C@H]1CO[C@]1(C)CC.pickle,0,
qm9/[NH][C]1O[C@@H]2C[C@H]1[C@H]2CO.pickle,0,
qm9/C[C@H]1C[C@H](C#N)C[C@H]1C.pickle,0,
qm9/CC[C@@]12C[C]3[CH]C[C@@H]1[C@H]32.pickle,0,
qm9/C[C@H]1CCCCOCO1.pickle,0,
qm9/Cc1cc[nH]c1OC=O.pickle,0,
qm9/OCCO[C@H]1CN2C[C@@H]12.pickle,0,
qm9/O=C1CCc2cccn21.pickle,0,
qm9/Cc1ncc(F)nc1F.pickle,0,
qm9/C[C@@]12C[C@H]3[C@@H](CO1)[C@]32C.pickle,0,
qm9/CC(=O)c1cnn(C)n1.pickle,0,
qm9/CC1=C[C@@H](C)[C@@H](C)OC1.pickle,0,
qm9/CC(C)C(=O)N(C)C=O.pickle,0,
qm9/CCC[C@@H](C#N)[C@H]1CO1.pickle,0,
qm9/CC[C@@H](C)n1cnnc1.pickle,0,
qm9/CN=C1CCC(=O)N1.pickle,0,
qm9/O=C[C@]12O[C@@H]3C[C@@]1(O)[C@@H]32.pickle,0,
qm9/C#C[C@@H]1O[C@@H]1CCCO.pickle,0,
qm9/C#C[C@H](C#N)CN1CC1.pickle,0,
qm9/N#CCNc1ccn[nH]1.pickle,0,
qm9/CN1C[C@H]1[C@@H](N)CC#N.pickle,0,
qm9/O=CCN=C1OC[C@@H]1O.pickle,0,
qm9/C[C@@]12C[C@H]3C[C@@H]1N32.pickle,0,
qm9/C1C[C@H]2C[C@@H](C1)CO2.pickle,0,
qm9/C#CC(C)(C)CC(N)=O.pickle,0,
qm9/CO[C@@H](C)[C@@H]1C=CCC1.pickle,0,
qm9/C#C[C@@H]1[C@H](C)O[C@@H]1C.pickle,0,
qm9/Oc1cnncc1O.pickle,0,
qm9/O=C1COC=NC12CC2.pickle,0,
qm9/CC[C@@H]1[C@H](C)[C@H](O)[C@@H]1C.pickle,0,
qm9/Nc1c(O)cn[nH]c1=O.pickle,0,
qm9/CO[C@H]1C[C@H]1C1CCC1.pickle,0,
qm9/C1C[C@@H]2[C@@H]3[C@H]1[C@]21CCN31.pickle,0,
qm9/CCC[C@@]1(CCO)CO1.pickle,0,
qm9/C#CC1(OCCO)CC1.pickle,0,
qm9/OC[C@H]1CCC[C@H]2C[C@@H]12.pickle,0,
qm9/Nc1cnc(N)c(F)n1.pickle,0,
qm9/C[C@]12N[C@H]1[C@]1(CN1)C2=O.pickle,0,
qm9/CC1=C[C@@]2(C#N)O[C@H]2C1.pickle,0,
qm9/CC[C@H]1CN1CCC#N.pickle,0,
qm9/C[C@H]1CC(C=O)=CN1.pickle,0,
qm9/C[C@@H](C=O)n1ccnn1.pickle,0,
qm9/C[C@H]1CCC[C@@H]2C[C@H]1O2.pickle,0,
qm9/C[C@]12CCC[C@H](C1)C2=O.pickle,0,
qm9/C[C@]12OC[C@H]1CO[C]2[NH].pickle,0,
qm9/CC[C@@H](CO)[C@H]1O[C@H]1C.pickle,0,
qm9/C1O[C@@H]2[C@H]1[C@@H]1N[C@@H]12.pickle,0,
qm9/COC[C@]12CO[C@H](C1)C2.pickle,0,
qm9/O=CCOC1CC=CC1.pickle,0,
qm9/C#C[C@@H]1N[C@]1(C=O)CC.pickle,0,
qm9/[NH][C]1ON=CC=CC1=O.pickle,0,
qm9/CN[C@H]1C[C@H]2N[C@@]12C#N.pickle,0,
qm9/C#C[C@@]12C[C@H]3N[C@@H]1[C@]32O.pickle,0,
qm9/O=C1N[C@H]2C[C@H]3CN3[C@@H]12.pickle,0,
qm9/CCC(=O)[C@H](C=O)CC.pickle,0,
qm9/c1cc2c([nH]1)[C@H]1C[C@H]1N2.pickle,0,
qm9/C1=C[C@H]2COC[C@@H]2CC1.pickle,0,
qm9/Cc1ncc(N)c(O)n1.pickle,0,
qm9/O[C@]12C[C@H]1n1nncc12.pickle,0,
qm9/C#C[C@@](O)(C=O)[C@H]1CN1.pickle,0,
qm9/C#C[C@H](C)C(C=O)C=O.pickle,0,
qm9/CN=C(C=O)N1C[C@H]1C.pickle,0,
qm9/CCc1nccnc1F.pickle,0,
qm9/O=C1C=C2CC[C@@H]2CC1.pickle,0,
qm9/O[C@]12C[C@H]1n1cncc12.pickle,0,
qm9/Cc1nc(N)oc1C.pickle,0,
qm9/CN1C([NH])=CCN=C1F.pickle,0,
qm9/C[C@@H](N)c1cc(=O)o[nH]1.pickle,0,
qm9/C[C@H]1[C@@H]2[C@@H]3CO[C@]3(C)[C@H]12.pickle,0,
qm9/C[C@H]1O[C@@H]2[C@H]1N[C@@H]2CO.pickle,0,
qm9/C[C@H]1[C@@H](O)C[C@@]12CN2.pickle,0,
qm9/CN1C[C@H]1[C@@]1(CO)CO1.pickle,0,
qm9/C#C[C@@]12O[C@@H]1C[C@@]2(C)O.pickle,0,
qm9/C#CC#CC#CC#C.pickle,0,
qm9/N#CC1(CCO)CNC1.pickle,0,
qm9/CCN1C[C@@]1(C#N)CO.pickle,0,
qm9/CN1[C@H]2[C@H]3[C@@H]1C(=O)[C@]32C.pickle,0,
qm9/O=c1ccc(O)cnc1.pickle,0,
qm9/CN(C=O)C[C@H]1CN1.pickle,0,
qm9/C#C[C@@H]1CCO[C]([NH])N1.pickle,0,
qm9/CC[C@@]12O[C@H]3[C@@H]1CO[C@H]32.pickle,0,
qm9/C[C@H]1C[C]2[CH]CC[C@]21C.pickle,0,
qm9/CC1(CCO)CC(=O)C1.pickle,0,
qm9/CC[C@@H](CO)C1CC1.pickle,0,
qm9/O=C[C@H](O)[C@H]1COC1=O.pickle,0,
qm9/Nc1c[nH]c(=O)nc1N.pickle,0,
qm9/Cn1ncc(O)n1.pickle,0,
qm9/C[C@H]1CO[C@H]1C(N)=O.pickle,0,
qm9/O[C@@]12[C@H]3CC[C@@]14O[C@@H]2[C@@H]34.pickle,0,
qm9/CO[C@]12C[C@@H]3[C@@H]4[C@H]1[C@H]2[C@@H]43.pickle,0,
qm9/CN1C[C@]1(C)C(F)(F)F.pickle,0,
qm9/CO[C@H]1[C@H]2CC(C)=C[C@H]21.pickle,0,
qm9/COc1cc(C)c(O)[nH]1.pickle,0,
qm9/c1nonc1[C@H]1CN1.pickle,0,
qm9/C[C@@H]1[C@H]2[C@@H]3C[C@@]2(C)O[C@@H]31.pickle,0,
qm9/C#CCC[C@@H](CC)CO.pickle,0,
qm9/OC[C@]12CC=C[C@H]1[C@H]2O.pickle,0,
qm9/Nc1nc(=O)cc[nH]1.pickle,0,
qm9/CC[C@@H](O)CC(C)=NO.pickle,0,
qm9/CC[C@](N)(C#N)CN.pickle,0,
qm9/C#C[C@@]1(C)[N][CH]O[C@@H]1C.pickle,0,
qm9/CC#Cc1ccncc1.pickle,0,
qm9/c1nncc(N2CC2)n1.pickle,0,
qm9/CO[C@H]1[C@H]2C[C@H]2N2C[C@@H]12.pickle,0,
qm9/O=CNC1=CC[C@H]2N[C@@H]12.pickle,0,
qm9/Cn1nnc2cocc21.pickle,0,
qm9/CN=c1cnonc1C.pickle,0,
qm9/CN1[C@H]2CC[C@@H]3O[C@H]2[C@@H]31.pickle,0,
qm9/C#C[C@@H]1N[C@]12C[C@H](O)C2.pickle,0,
qm9/C#Cc1cc(C)ccn1.pickle,0,
qm9/C#C[C@H](C[C@H]1CO1)OC.pickle,0,
qm9/C#C[C@]1(OCC)C[C@H]1C.pickle,0,
qm9/c1noc2c1N[C@@H]1C[C@H]21.pickle,0,
qm9/C[C@@H](C=O)n1nccn1.pickle,0,
qm9/CC(C)[C@@H](C=O)[C@H]1CO1.pickle,0,
qm9/CC[C@]12N[C@H](C1=O)[C@H]2C.pickle,0,
qm9/CNC(=O)[C@]12C[C@H]1CO2.pickle,0,
qm9/CC(C)(O)[C@H]1COC=N1.pickle,0,
qm9/[NH][C]1N[C@H]2C[C@H]2NC1=O.pickle,0,
qm9/CC1=C[C@H]2CC(=O)[C@@H]1O2.pickle,0,
qm9/N#C[C@@H]1C=C([NH])C=CO1.pickle,0,
qm9/C#CC[C@@H](C=O)CCO.pickle,0,
qm9/CCC[C@H]1CNC(=O)O1.pickle,0,
qm9/CCc1onc(O)c1C.pickle,0,
qm9/O=CC#C[C@]12C[C@H](C1)O2.pickle,0,
qm9/C[C@@]1(C#N)CCC12CC2.pickle,0,
qm9/[NH][C]1OC[C@@H]2OC[C@H]1O2.pickle,0,
qm9/C[C@H]1OC[C@]1(C)C1CC1.pickle,0,
qm9/COCC(=O)CNC=O.pickle,0,
qm9/O=c1oncnc1F.pickle,0,
qm9/Cc1[nH]nc(O)c1C.pickle,0,
qm9/O=C1CC[C@H]2CN2C1.pickle,0,
qm9/C1=C[C@]23C[C@H]1C[C@H]2CO3.pickle,0,
qm9/C[C@@H](O)[C@H]1C=CC[C@H]1C.pickle,0,
qm9/Nc1nccncc1=O.pickle,0,
qm9/CC1=CCC[C@@]12CCO2.pickle,0,
qm9/CC(=O)CNCC(C)=O.pickle,0,
qm9/COC[C@@]1(C)O[C@H]1C.pickle,0,
qm9/C#C[C@H]1CCO[C@H](C)O1.pickle,0,
qm9/Nc1cn2nn[nH]c2n1.pickle,0,
qm9/C1=CCC2(C1)CCCO2.pickle,0,
qm9/CCOCC(=O)COC.pickle,0,
qm9/CCCOC(=O)[C@H]1CN1.pickle,0,
qm9/CC[C@@]12C[C@]1(O)CN2C.pickle,0,
qm9/C[C@@]12C[C@@]3(CO)C[C@@H]1N32.pickle,0,
qm9/O=CC[C@H]1OCC(=O)O1.pickle,0,
qm9/CC1(CCO)CCCC1.pickle,0,
qm9/C[C@H]1[C@H]2[C@@H](C)[C@H]3[C@@H]1N23.pickle,0,
qm9/C#Cc1c[nH]nc1C#N.pickle,0,
qm9/C1c2nnoc2[C@@H]2N[C@H]12.pickle,0,
qm9/C#Cc1ccc[nH]c1=O.pickle,0,
qm9/C[C@@]12[C@H]3[C@H]4N1[C@@]4(C=O)[C@H]32.pickle,0,
qm9/[NH][CH]O[C@@]12C[C@H]3[C@@H]1C[C@H]32.pickle,0,
qm9/C[C@H]1C[C@@H](CCO)CO1.pickle,0,
qm9/FC(F)(F)[C@H]1COC=N1.pickle,0,
qm9/Cc1cc(C(N)=O)[nH]n1.pickle,0,
qm9/C1=C(C2CCC2)COC1.pickle,0,
qm9/CCC(=O)NC(=N)N.pickle,0,
qm9/N#CC(C#N)N1CCC1.pickle,0,
qm9/C1[C@H]2[C@H]3O[C@@H]1C[C@@H]1[C@H]3N21.pickle,0,
qm9/Oc1noc2c1C=CC2.pickle,0,
qm9/CC1=CC=CCC(=O)N1.pickle,0,
qm9/C1N[C@@]2([C@H]3CN3)CO[C@@H]12.pickle,0,
qm9/COc1c(N)n[nH]c1O.pickle,0,
qm9/CC1=NC[C@H](C(C)C)O1.pickle,0,
qm9/C[C@@H]1[C@@H]2C[C@H]1N2CC#N.pickle,0,
qm9/C[C@@]12C=C[C@H]3[C@@H]1[C@@]3(O)C2.pickle,0,
qm9/CC1=CCOCC=C1.pickle,0,
qm9/CC[C@H]1CN1C(=O)C#N.pickle,0,
qm9/CC1=N[C@H]2[C@@H](O)[C@@]2(C)O1.pickle,0,
qm9/C[C@@]1(O)CO[C@@]12C[C@H]2O.pickle,0,
qm9/C[C@@]12[C@H]3[C@@H]1[C@@]1(CO)[C@@H]2N31.pickle,0,
qm9/C1[C@@H]2O[C@@H]2C[C@@H]1N1CC1.pickle,0,
qm9/CC[C@@H](O[CH][NH])[C@H]1CO1.pickle,0,
qm9/C1C[C@@H]2O[C@@H]3CN(C1)[C@H]23.pickle,0,
qm9/CC[C@H]1C[C@@]12NCC2=O.pickle,0,
qm9/CCc1ncc(=O)[nH]n1.pickle,0,
qm9/CO[C@@]1(C)C[C@H]1OC=O.pickle,0,
qm9/CC[C@@H](C)[C@@](C)(O)CO.pickle,0,
qm9/NC(=O)c1noc(=O)[nH]1.pickle,0,
qm9/COC(=O)[C@@H](N)[C@H]1CN1.pickle,0,
qm9/C#C[C@]12C[C@H](CO1)CO2.pickle,0,
qm9/CO[C@H]1[C@H]2C[C@@H]1[C@H]2O.pickle,0,
qm9/O=c1[nH]nnn1CCO.pickle,0,
qm9/C1[C@H]2C[C@@]34C[C@@H]1[C@@]23CO4.pickle,0,
qm9/O=C1CN2[C@@H]3CC[C@]12C3.pickle,0,
qm9/C[C@H]1N(C)[C@@]12CNC2=O.pickle,0,
qm9/C[C@H]1[C@@H]2[C@@H]3N1[C@H]2[C@]31CN1.pickle,0,
qm9/CC1=CC[C@@H]2C(=O)N[C@H]12.pickle,0,
qm9/OC[C@]12CCC[C@H](C1)O2.pickle,0,
qm9/C[C@@H]1[C@@H]2OC(=O)CN[C@H]12.pickle,0,
qm9/C[C@H]1OCCC(=O)CO1.pickle,0,
qm9/OCC[C@H]1N[C@H]1CO.pickle,0,
qm9/C#C[C@H]1[C@@H](CC)[C@H]1C.pickle,0,
qm9/O=C1CCC[C@H]2CN12.pickle,0,
qm9/C[C@@H]1C=C(C#N)C(=O)C1.pickle,0,
qm9/Oc1cnc(O)cn1.pickle,0,
qm9/C#C[C@]1(C)[C@@H](C)[C@H]1O.pickle,0,
qm9/C[C@H]1[C@H]2[C@H]3C[C@H]4[C@@H]1N2[C@H]43.pickle,0,
qm9/C#C[C@@H]1O[C@@H]1CO[CH][NH].pickle,0,
qm9/CCCOC1COC1.pickle,0,
qm9/C1O[C@H]1[C@@H]1[C@@H]2[C@@H]3O[C@@H]3[C@@H]21.pickle,0,
qm9/C[C@@H](O)[C@@]1(O)CC[C@H]1O.pickle,0,
qm9/Nc1cccc(=O)cc1.pickle,0,
qm9/CC#C[C@H]1[C@H]2[C@H]3CN1[C@H]32.pickle,0,
qm9/O[C@H]1[C@H]2C=C[C@]3(CN3)[C@@H]12.pickle,0,
qm9/C1C[C@@H]2[C@@H]3C[C@H]1[C@@H]1[C@H]2N31.pickle,0,
qm9/O[C@]12CC[C@@]1(O)[C@@H]1C[C@@H]12.pickle,0,
qm9/C[C@H]1[C@H]2[C@@H]3[C@H]4CC[C@@]13N24.pickle,0,
qm9/O=CC#CC1=NCCO1.pickle,0,
qm9/C#CC[C@H](O)CN1CC1.pickle,0,
qm9/CCC[C@@](C)(CO)OC.pickle,0,
qm9/C#CC(=NO)[C@H](C)CC.pickle,0,
qm9/C#C[C@H]1CC[C@H]2C[C@@H]12.pickle,0,
qm9/O=CC1(C2CC2)COC1.pickle,0,
qm9/Cn1ccc(CO)c1N.pickle,0,
qm9/C1CN2C[C@H]2COCO1.pickle,0,
qm9/C[C@H]1OC23CN(C[C@@H]12)C3.pickle,0,
qm9/C#C[C@H](C=O)NCCO.pickle,0,
qm9/C1CCC[C@H]2O[C@H]2CC1.pickle,0,
qm9/CC1=C[C@@H](CO)COC1.pickle,0,
qm9/C#CC(C#C)(C#N)NC.pickle,0,
qm9/CC[C@@](C)(O)[C@@H](C)C=O.pickle,0,
qm9/CCc1nc(O)c(C)[nH]1.pickle,0,
qm9/C[C@]12C[C@H]3CN3C[C@H]1N2.pickle,0,
qm9/C1O[C@@]12[C@H]1[C@H]3[C@@H]2[C@H]2[C@@H]1N32.pickle,0,
qm9/C[C@]12[C@@H]3CN1C[C@@H]1[C@H]2N31.pickle,0,
qm9/CC1(C)O[C@H]1C(=O)CO.pickle,0,
qm9/O=CC1=CC2(CC2)OC1.pickle,0,
qm9/N#C[C@]12C=C[C@H](N1)[C@@H]2N.pickle,0,
qm9/O=C1N[C@H]2CCO[C@@H]1C2.pickle,0,
qm9/OC[C@H]1[C@@H]2C=C[C@H]1CC2.pickle,0,
qm9/C1C[C@H]([C@H]2[C@H]3CO[C@H]32)O1.pickle,0,
qm9/COC=NC[C@@H](O)CO.pickle,0,
qm9/Cc1cnc(CO)o1.pickle,0,
qm9/C[C@H]1CC[C@H]1[C@H]1CCO1.pickle,0,
qm9/COC[C@@H](O)C(N)=O.pickle,0,
qm9/C#C[C@]1(C)CNC(=O)C1.pickle,0,
qm9/C#C[C@]1(N)CNC1=O.pickle,0,
qm9/CCC(CC#N)=NO.pickle,0,
qm9/C1O[C@@]2(CN3CC3)C[C@@H]12.pickle,0,
qm9/C[C@]12CN3[C@@H]4[C@H]1[C@@]2(O)[C@@H]43.pickle,0,
qm9/Cc1cc2n(n1)CCC2.pickle,0,
qm9/COC(=O)C[C@H]1CO1.pickle,0,
qm9/CC(C)[C@]12N[C@H]1CC2=O.pickle,0,
qm9/C[C@@]12[C@H]3CO[C@]1(C)[C@@H]2C3.pickle,0,
qm9/C#C[C@@H]1[C@@H]2C[C@H]3N2[C@@]13C.pickle,0,
qm9/C[C@@H]1[C@@H]2OCO[C@H]1[C@@H]2O.pickle,0,
qm9/C#C[C@H]1CC[C@H](OC)C1.pickle,0,
qm9/COC=N[C@H]1CO[C@H]1C.pickle,0,
qm9/N#C[C@H](CCO)[C@H]1CO1.pickle,0,
qm9/CO[C@]12CC(=O)[C@@]1(C)C2.pickle,0,
qm9/O=c1c(F)cocc1F.pickle,0,
qm9/CC1(C)[C@H]2NC(=O)[C@]21C.pickle,0,
qm9/O=C1C=C([C@H]2CO2)CC1.pickle,0,
qm9/O=C1[C@H]2C[C@H]3O[C@@H]1[C@@H]23.pickle,0,
qm9/N#C[C@@H]1C[C@@H]2C[C@H]1[C@H]2O.pickle,0,
qm9/Cc1ccc(=O)ncn1.pickle,0,
qm9/N#C[C@]1(CN)CCCN1.pickle,0,
qm9/C1=C[C@@]2(CO2)C2(C1)CC2.pickle,0,
qm9/C#C[C@H](C)C#CCOC.pickle,0,
qm9/CC(C)C(=O)C1COC1.pickle,0,
qm9/C[C@@H]1[C@H](O)[C@@H]2C[C@@H]3[C@H]1N23.pickle,0,
qm9/C#C[C@@H]1N[C@@H]1C1(C)CC1.pickle,0,
qm9/Cc1c[nH]c(C)c1C=O.pickle,0,
qm9/CC1(C)C[C@H](C(=O)O)N1.pickle,0,
qm9/C#C[C@H](CO)[C@H]1CN1.pickle,0,
qm9/CCc1cnc(NC)o1.pickle,0,
qm9/Cc1cnn(C=O)c1.pickle,0,
qm9/C[C@H]1CO[C@H]1C(F)(F)F.pickle,0,
qm9/Nc1ccc([N+](=O)[O-])[nH]1.pickle,0,
qm9/CNc1c[nH]nc1NC.pickle,0,
qm9/C[C@H]1CC[C@@H](C)[C@H]1C=O.pickle,0,
qm9/CN1C[C@H]2OCC=C[C@H]21.pickle,0,
qm9/C#C[C@@]12O[C@@H]1COC2=O.pickle,0,
qm9/C1=C[C@H]2N[C@H]2[C@H]2N[C@@H]12.pickle,0,
qm9/N#CC[C@H]1C(=O)[C@H]2N[C@H]21.pickle,0,
qm9/CC[N]C1=C[CH][C@H](C)O1.pickle,0,
qm9/O=C[C@H]1OC[C@H]2C[C@@H]1C2.pickle,0,
qm9/CC[C@@]1(N)C[C@]1(N)C#N.pickle,0,
qm9/Oc1ncn2c1CCC2.pickle,0,
qm9/C[C@@H](CO)CCC1CC1.pickle,0,
qm9/C[C]([NH])Oc1ncon1.pickle,0,
qm9/O=C1C[C@@H]2N[C@@H]2C1=NO.pickle,0,
qm9/C[C@]1(O)CC(=O)[C@H](O)C1.pickle,0,
qm9/C#CCN1C=CO[C@H]1[NH].pickle,0,
qm9/O[C@]12CN3[C@H]4[C@H](O[C@H]41)[C@@H]32.pickle,0,
qm9/O1[C@H]2[C@@H]3O[C@H]2[C@H]13.pickle,0,
qm9/C[C@@H](CN1CC1)OC=O.pickle,0,
qm9/N#CC(=O)[C@H]1CCN1.pickle,0,
qm9/C#CC(=O)[C@@H](C)C(C)=O.pickle,0,
qm9/C[C@@H]1C(=O)[C@]23C[C@H](C2)N13.pickle,0,
qm9/C#C[C@H]1CCO[C@H]2C[C@@H]12.pickle,0,
qm9/[NH][C]1OC[C@H]1CN1CC1.pickle,0,
qm9/OCC#CC1CCC1.pickle,0,
qm9/C[C@@H](O)[C@H](C=O)CCO.pickle,0,
qm9/CN=C(NC=O)OC.pickle,0,
qm9/O[C@@]12CC=C[C@@H]1OCC2.pickle,0,
qm9/C1[N][C]2C[C@H]3C[N][C]1N23.pickle,0,
qm9/O=C(CCO)N1CC1.pickle,0,
qm9/N#CCNCCC(N)=O.pickle,0,
qm9/CN1[C@@H]2C(=O)[C@H]1C2(C)C.pickle,0,
qm9/CC[C@]12C[C@H](C1)OC2=O.pickle,0,
qm9/O=CCC1(O)CCCC1.pickle,0,
qm9/O[C@]12CN3[C@H]1C[C@@H]32.pickle,0,
qm9/OC[C@]12C[C@]3(CO3)[C@H]1O2.pickle,0,
qm9/[CH]1[N][C@H]2[C@@H]3[C@@H](N13)[C@]21CN1.pickle,0,
qm9/O=C1N[C@H]2CC[C@@H]12.pickle,0,
qm9/C#Cc1noc(=NC)o1.pickle,0,
qm9/O[C@H]1[C@H]2CC[C@H]2[C@@]12CN2.pickle,0,
qm9/[NH][C](C=O)N1CCC1=O.pickle,0,
qm9/C1=NC[C@@H]2[C@@H]3C[C@H](O1)[C@@H]32.pickle,0,
qm9/C[C@H]1C=C[C@H]2[C@@H](O)CN12.pickle,0,
qm9/[NH3][C@H]1[C@@H](O)[C@]1(O)C(=O)[O].pickle,0,
qm9/C[C@H]1O[C]([NH])N(C)C1=O.pickle,0,
qm9/Nc1cc(O)ncn1.pickle,0,
qm9/C[C@@H](O)[C@@](C)(N)C#N.pickle,0,
qm9/N#Cc1c(O)c[nH]c1N.pickle,0,
qm9/C[C@@]1(C=O)C[C@H]2N[C@H]21.pickle,0,
qm9/O[C@@]12CCO[C@H]3[C@@H]1O[C@H]32.pickle,0,
qm9/NC(=O)C1=CC[C@H]2N[C@@H]12.pickle,0,
qm9/CC[C@@]1(CC=O)CN1C.pickle,0,
qm9/N=CNc1nnon1.pickle,0,
qm9/C#CCCC(C)(C)O.pickle,0,
qm9/O=C[C@@]12CC[C@H]3[C@@H]1N3C2.pickle,0,
qm9/Cc1cc(N)nc(=O)o1.pickle,0,
qm9/Nc1coc(N)c1N.pickle,0,
qm9/C#C[C@H](C(N)=O)C1CC1.pickle,0,
qm9/[NH][C]1Cn2nccc2N1.pickle,0,
qm9/CCC1=C[C@@](C)(O)CC1.pickle,0,
qm9/c1cc2c([nH]1)[C@H]1C[C@@H]2C1.pickle,0,
qm9/O=C[C@]12C[C@H](C[C@@H]1O)C2.pickle,0,
qm9/[NH][C@@H]1OC(O)=CN1C=O.pickle,0,
qm9/CC(C)[C@H]1CC[C@H]1C.pickle,0,
qm9/NC(=O)N[C@H]1C[C@H]2O[C@@H]12.pickle,0,
qm9/CCC[C@@H](C)C(N)=O.pickle,0,
qm9/O=CC#C[C@H]1CCOC1.pickle,0,
qm9/C[C@H]1[C@H]2[C@H]3[C@@H]1[C@@H](C#N)N23.pickle,0,
qm9/C#CC[C@H](O)C[C@@H](C)O.pickle,0,
qm9/N#CC(=O)C1(C#N)CC1.pickle,0,
qm9/CCC[C@]1(O)[C@@H]2C[C@H]1O2.pickle,0,
qm9/CNc1c[nH]cc1NC.pickle,0,
qm9/O=C1C[C@]23CC[C@H](C2)[C@@H]13.pickle,0,
qm9/CC[C@H]1C[C@H]1[C@@H](C)C#N.pickle,0,
qm9/CC1(C)[C@H]2CC[C@@H]1C2.pickle,0,
qm9/C[C@H]1N[C@@H](C#N)C1=NO.pickle,0,
qm9/O=C[C@@H]1[C@@H]2N[C@@H]2[C@@H]2N[C@H]12.pickle,0,
qm9/C[C@@H](CO)CC#N.pickle,0,
qm9/CCC=O.pickle,0,
qm9/[NH][C]1O[C@H]2[C@H]3C[C@H]3[C@H]2O1.pickle,0,
qm9/[NH]C1=C[C@H](C=O)C=CO1.pickle,0,
qm9/CCc1cc[nH]c(=O)c1.pickle,0,
qm9/O=C1[C@@H](O)C[C@]12CCO2.pickle,0,
qm9/CC[C@@H](C#N)[C@H]1CO1.pickle,0,
qm9/CO[C@@](C)(C#N)[C@H]1CO1.pickle,0,
qm9/Nc1[nH]nc2c1COC2.pickle,0,
qm9/C#C[C@H](N)c1ncco1.pickle,0,
qm9/O[C@H]1C[C@H]2C[C@H]3O[C@@H]1[C@@H]23.pickle,0,
qm9/N#CCN(C=N)C(N)=O.pickle,0,
qm9/CC[C@@H]1[C@H](C#N)[C@@H]2C[C@H]12.pickle,0,
qm9/C[C@@H]1[C@H]2[C@H]3[C@@H]1[C@H]3[C@@]2(C)O.pickle,0,
qm9/C1=C[C@]2(CCC1)CN2.pickle,0,
qm9/CC1=C[C@@H](CCO)OC1.pickle,0,
qm9/CC[C@H]1C[C@@H](C)C(=O)O1.pickle,0,
qm9/C[C@H]1CC=CC[C@H]1C=O.pickle,0,
qm9/NC(=O)COCC(N)=O.pickle,0,
qm9/C[C@@H](O)C(=O)CC=O.pickle,0,
qm9/C[C@@H]1C(=O)[C@@H]2CN21.pickle,0,
qm9/O=CNc1ncc[nH]1.pickle,0,
qm9/Cc1nc(N2CC2)co1.pickle,0,
qm9/[NH]C1=C[C@H](O)C(O)=NN1.pickle,0,
qm9/C#C[C@](C)(C#N)[C@H]1CO1.pickle,0,
qm9/CC(C)[C@@H]1C=C[C@H](C)C1.pickle,0,
qm9/[NH]C1=C(N)[N]C(O)=CO1.pickle,0,
qm9/OC[C@@]12CO[C@H]3C[C@@H]1[C@H]32.pickle,0,
qm9/CC1=CCc2[nH]ccc21.pickle,0,
qm9/C[C@H]1Cc2cnc(O)n21.pickle,0,
qm9/CCc1ccc(CO)[nH]1.pickle,0,
qm9/OC[C@H]1CO[C@H]2C[C@@H]1C2.pickle,0,
qm9/O[C@H]1CC[C@@H](O)C1.pickle,0,
qm9/CC[C@@H](C)[C@@H](C)CC=O.pickle,0,
qm9/O=C1NC=C[C@H]1[C@H]1CN1.pickle,0,
qm9/C[C@]1(O)[C@@H]2N3C[C@]2(O)[C@H]31.pickle,0,
qm9/O=C[C@]12C=C[C@H](C1)OC2.pickle,0,
qm9/Cc1c[nH]c(O)c1N.pickle,0,
qm9/COC=Nc1ccn[nH]1.pickle,0,
qm9/C1O[C@H]2[C@H]3C[C@H](O3)[C@H]2O1.pickle,0,
qm9/C1=CC[C@@H]2OC[C@@H]2C1.pickle,0,
qm9/COC=NC(C)(C)C=O.pickle,0,
qm9/[CH]1CO[C@H]2COC[C]12.pickle,0,
qm9/C[C]([NH])OCC#N.pickle,0,
qm9/N#CCC1CC2(CC2)C1.pickle,0,
qm9/CCCn1nccc1O.pickle,0,
qm9/O[C@@]12C=C[C@H]3C[C@@H]1C[C@H]32.pickle,0,
qm9/N#CC[C@H]1COC(=O)C1.pickle,0,
qm9/CCn1ncoc1=NC.pickle,0,
qm9/[NH][CH]O[C@@H]1OCC[C@@H]1O.pickle,0,
qm9/C[C@H]1O[C@@]12C[C@@]1(O)C[C@H]12.pickle,0,
qm9/C[C@H]1[C@H]2C[C@]1(O)[C@@]21CO1.pickle,0,
qm9/NC(=O)NCC[C@H]1CO1.pickle,0,
qm9/C[C@H]1[C@H]2C[C@]1(CO)C2.pickle,0,
qm9/O=C1C[C@@H]2C[C@H]1O2.pickle,0,
qm9/C[C@H]1C[C@@]12CNC2=O.pickle,0,
qm9/CN1C[C@@]2(O)[C@@H](O)[C@@H]12.pickle,0,
qm9/N#C[C@@H]1CNC[C@@H]1C#N.pickle,0,
qm9/C1CCCCC1.pickle,0,
qm9/C#C[C@@]12[C@H]3C(=O)[C@@H]1C[C@H]32.pickle,0,
qm9/C[C@H]1[C@H]2[C@H]3O[C@H]3C[C@@]12O.pickle,0,
qm9/CC[C@]1(C)C(=O)[C@@H]2O[C@@H]21.pickle,0,
qm9/CC[C@@]1(C)[C@@H](C)N1C.pickle,0,
qm9/C#C[C@@]1(C#N)CN1.pickle,0,
qm9/C[C@H]1C[C@H]1[C@@]12CO[C@@H]1C2.pickle,0,
qm9/CC[C@@H]1C(=O)C[C@@H]2O[C@@H]21.pickle,0,
qm9/CC(=O)O[C@H]1CO[C]1[NH].pickle,0,
qm9/CN=CN1C=N[C@H]2C[C@H]21.pickle,0,
qm9/C[C@@H](CC#N)[C@H]1C[C@H]1C.pickle,0,
qm9/O=C1CCCN[C@@H]1CO.pickle,0,
qm9/CN=C1O[C@@H](C#N)[C@H]1N.pickle,0,
qm9/N#C[C@@H]1NCC[C@@H]1O.pickle,0,
qm9/C[C@H]1CC(=O)CC1(C)C.pickle,0,
qm9/C#C[C@@H]1C[C@@H]1NC(C)=O.pickle,0,
qm9/CC[C@H]1C[C@]1(C)C1CC1.pickle,0,
qm9/C[C@H]1[C@H]2C[C@]1(O)[C@H]1CN21.pickle,0,
qm9/O=C1CN2C[C@H]3C[C@@H]1[C@H]32.pickle,0,
qm9/Oc1cn[nH]c1C1CC1.pickle,0,
qm9/[NH][C]1CNCC(=O)N1.pickle,0,
qm9/O=CNCc1cn[nH]c1.pickle,0,
qm9/C[C@H]1C[C@]2(C[C@H]2CO)C1.pickle,0,
qm9/N#CC[C@@]1(N)[C@@H]2C[C@H]1O2.pickle,0,
qm9/C[C@H]1Cn2cc(O)cc21.pickle,0,
qm9/C[C@@]12CCN(CC1=O)C2.pickle,0,
qm9/C#CC(C#N)(C#N)NC.pickle,0,
qm9/CO[C@]12C[C@@H]3[C@@H]4[C@H]1[C@H]2N43.pickle,0,
qm9/O[C@H]1CC[C@]12C=CCO2.pickle,0,
qm9/C#C[C@H](NC=O)[C@H]1CO1.pickle,0,
qm9/CCNC(=O)NCCO.pickle,0,
qm9/C#C[C@H]1CC[C@@H]2C[C@H]1O2.pickle,0,
qm9/C[C@H]1COCC(=O)C1.pickle,0,
qm9/Nc1nc(O)nc(F)n1.pickle,0,
qm9/O=C[C@H](O)c1cocn1.pickle,0,
qm9/O=C[C@H]1[C@@H]2O[C@H]1C2=NO.pickle,0,
qm9/O[C@H]1CCCCC12CC2.pickle,0,
qm9/O=C1CN2C[C@@H]1[C@@H]2CO.pickle,0,
qm9/O[C@@]12C[C@H]3OC[C@@H]1[C@]32O.pickle,0,
qm9/CC1=C[C@H]2CC[C@@H]1[C@H]2O.pickle,0,
qm9/C[C@]12C[C@]3(C)[C@@H]4[C@H]1[C@H]2[C@@H]43.pickle,0,
qm9/NC(=O)Nc1ncco1.pickle,0,
qm9/C[C@@H]1C=CC2(CCC2)C1.pickle,0,
qm9/CC1=C[C@](C)(C=O)OC1.pickle,0,
qm9/C[C@]12C[C@H]1[C@H]1OC[C@]12C.pickle,0,
qm9/C1=CC[C@@H]2C[C@@H]2C=CC1.pickle,0,
qm9/[NH]C1=C(F)[CH]C(N)=NO1.pickle,0,
qm9/C[C@H]1C[C@@]12O[C@H]1CC[C@H]12.pickle,0,
qm9/CCO[C@H]1C[C@H]1[C@H]1CO1.pickle,0,
qm9/CC#Cc1cnn(C)c1.pickle,0,
qm9/C#Cc1occ(N)c1C.pickle,0,
qm9/N#C[C@@H]1[C@H](N)[C@@]1(O)C#N.pickle,0,
qm9/CN1C[C@@]2(C=O)NC[C@@H]12.pickle,0,
qm9/COc1cccc(F)n1.pickle,0,
qm9/C[C@H](C=O)C[C@@H](C)C#N.pickle,0,
qm9/O=C1NCC2(CN1)CO2.pickle,0,
qm9/O[C@@H]1[C@@H]2CCCC[C@H]1O2.pickle,0,
qm9/C#C[C@]12CN3[C@H](C1=O)[C@@H]32.pickle,0,
qm9/OC1(C2CCC2)CCC1.pickle,0,
qm9/C[C@@H](CC=O)C(=O)C#N.pickle,0,
qm9/C[C@]12C[C@H](O)C[C@@]1(C)N2.pickle,0,
qm9/CN(C)C(=O)N(C)C=N.pickle,0,
qm9/C#C[C@H]1C=C(C)C(=O)C1.pickle,0,
qm9/CO[C@]12C[C@@H]3C[C@H]1N3C2.pickle,0,
qm9/CN1C[C@H]1[C@@](C)(N)C#N.pickle,0,
qm9/O[C@@H]1C=C2CCC[C@@H]2C1.pickle,0,
qm9/CC(=O)[C@]12C[C@H](C1)O2.pickle,0,
qm9/C[C@@H](CO)CC(N)=O.pickle,0,
qm9/C[C@H]1CC(C)(C)[C@H]1O.pickle,0,
qm9/Oc1ccc([C@H]2CO2)[nH]1.pickle,0,
qm9/OCC[C@@]12O[C@H]3[C@@H]1C[C@H]32.pickle,0,
qm9/CC(C)[C@@]1(CO)CCO1.pickle,0,
qm9/NCc1nnncc1O.pickle,0,
qm9/C[C@H]1[C@@H]2C=C[C@H](O)[C@H]1O2.pickle,0,
qm9/C#CC[C@@]1(C#C)CCO1.pickle,0,
qm9/C[C@@H]1OCO[C@@H]1[C@@H](C)O.pickle,0,
qm9/O[C@]12C[C@@H]3[C@@H]4[C@H]1[C@H]2N43.pickle,0,
qm9/CC(=O)C1=NC[C@H]2CN12.pickle,0,
qm9/N#C[C@H](O)c1ncc[nH]1.pickle,0,
qm9/CC[C@@]12C[C@H]3[C@@H]([C@H]1O)N32.pickle,0,
qm9/CNC(=O)[C@H]1C[C@H]2C[C@@H]12.pickle,0,
qm9/CC#CC(=O)[C@@H](C)C=O.pickle,0,
qm9/C1=C[C@H]2[C@H]3C[C@@H](C1)O[C@@H]23.pickle,0,
qm9/C1CN2[C@H]3[C@@H]4C[C@@]3(C1)[C@@H]42.pickle,0,
qm9/O=C[C@@]12N[C@@H]1[C@H](O)[C@@H]2O.pickle,0,
qm9/C[C@]12C[C@H]1[C]([NH])O2.pickle,0,
qm9/C[C@]12C[C@H](C1)O[C@H]2C=O.pickle,0,
qm9/C#C[C@@H](C#N)N1CCC1.pickle,0,
qm9/CCc1ccoc1C#N.pickle,0,
qm9/OCCO[C@H]1CCOC1.pickle,0,
qm9/C[C@H]1[C@@H](C)O[C@H]1[C@H]1CO1.pickle,0,
qm9/C[C@@H]1C(=O)CN[C@H]1C#N.pickle,0,
qm9/CC1=C[C@H]2C[C@H]2C[C@H]1O.pickle,0,
qm9/C#C[C@@H]1[C@@H]2[C@@H]3[C@H]1C[C@]23C.pickle,0,
qm9/COCc1ncc(C)[nH]1.pickle,0,
qm9/CCC1=CC(=O)OC1.pickle,0,
qm9/C[C@@]12OC=N[C@@H]1CCO2.pickle,0,
qm9/O=C1COC2(COC2)C1.pickle,0,
qm9/C[C@@]1(C#N)CNC12CC2.pickle,0,
qm9/C#C[C@@]12C[C@@H]1C=C[C@@H]2O.pickle,0,
qm9/C[C@H]1[C@@H](O)CN[C@H]1C#N.pickle,0,
qm9/C#C[C@H]1O[C@]12[C@@H]1C[C@H]2C1.pickle,0,
qm9/CC1=CC[C@H](C)C1.pickle,0,
qm9/CO[C@@]12CCCO[C@@H]1C2.pickle,0,
qm9/COC(C)(C)C(=O)CO.pickle,0,
qm9/O=C1N[C@@H]2C[C@]2(CO)N1.pickle,0,
qm9/C[C@H]1N[C@H]2C(=O)O[C@@]12C.pickle,0,
qm9/CC[C@H]1CCOCC1=O.pickle,0,
qm9/O=C1N[C@@H]2CO[C@]12CO.pickle,0,
qm9/C1=C[C@H](C2CC2)[C@@H]2C[C@H]12.pickle,0,
qm9/C1[C@H]2[C@H]3[C@@H]1[C@H]1[C@@H]2N31.pickle,0,
qm9/CC#C[C@H]1CC(C)(C)O1.pickle,0,
qm9/[NH]C1=NCNN=C1N.pickle,0,
qm9/[NH][C]1O[C@H]2[C@H]3CC[C@H]3[C@@H]12.pickle,0,
qm9/CC1(C)C[C]([NH])OCO1.pickle,0,
qm9/O=C1N[C@@H]2C[C@]12O.pickle,0,
qm9/C1C[C@@]23CCO[C@]2(C1)C3.pickle,0,
qm9/C[C@@]1([C@H]2CN2)CN1C=O.pickle,0,
qm9/C[C@@]12[C@H]3C[C@]1(C#N)O[C@H]32.pickle,0,
qm9/C#CCCC#CC.pickle,0,
qm9/O=CC#CC1=CCOC1.pickle,0,
qm9/CC[C@H]1[C@H]2C[C@H]2C12CC2.pickle,0,
qm9/Nc1ccc(O)cc1N.pickle,0,
qm9/O=CNc1[nH]ccc1O.pickle,0,
qm9/C#C[C@@H]1[C@H](OC)[C@@]1(C)O.pickle,0,
qm9/C#CCCn1nccn1.pickle,0,
qm9/C[C@@]12C[C@@]3(O)[C@H]4[C@@H]1[C@@H]2[C@H]43.pickle,0,
qm9/[NH][C]1O[C@H](C(N)=O)[C@@H]1O.pickle,0,
qm9/N#C[C@H]1CN2CC(C2)N1.pickle,0,
qm9/O=CC[C@]12CN1CC2=O.pickle,0,
qm9/CC(C)(C)C(=O)C(N)=O.pickle,0,
qm9/C#C[C@@H]1C[C@H]2[C@@H](O)CN12.pickle,0,
qm9/C[C@H]1C(=O)[C@H]2CC[C@]21C.pickle,0,
qm9/CC1=C[C@@H]2C[C@H]1NC2=O.pickle,0,
qm9/O=C1CN=CNC(=O)N1.pickle,0,
qm9/C1=CC[C@H]2C[C@@H](C1)C2.pickle,0,
qm9/O[C@H]1C[C@H]2CO[C@@H]1[C@H]2O.pickle,0,
qm9/N#C[C@@H]1C=CC(=NO)C1.pickle,0,
qm9/C[C@H]1C[C@@]12C=C[C@H]1O[C@H]12.pickle,0,
qm9/C#C[C@@H]1OC(=O)[C@H]1NC.pickle,0,
qm9/C1C[C@@]23O[C@H]4C[C@@]12C[C@H]43.pickle,0,
qm9/CC(=NO)[C@@H]1O[C@@H]1C.pickle,0,
qm9/CC1=C[C@H]2[C@H]3O[C@@H]1[C@@]23O.pickle,0,
qm9/CNC(=N)C(=O)NC=N.pickle,0,
qm9/O[C@H]1[C@H]2OC3(CC3)[C@H]21.pickle,0,
qm9/CC#C[C@@H]1C=C(C)CO1.pickle,0,
qm9/[CH]1[C]2C=C[C@@H]3N=C[C@H]1[C@H]23.pickle,0,
qm9/O=C1[C@@H]2CCC[C@H]1N2.pickle,0,
qm9/Cc1n[nH]c(F)nc1[NH].pickle,0,
qm9/C[C@@]12C[N][C]3N[C@]1(C)[C@H]32.pickle,0,
qm9/[CH]1[N][C@@]23CN4[C@@H]2[C@@H](O1)[C@H]43.pickle,0,
qm9/CC[C@H](C#N)C[C@H]1CO1.pickle,0,
qm9/[NH][C]1NC=C(C=O)C1=O.pickle,0,
qm9/CC(=O)[C@@]12CCN1[C@@H]2C.pickle,0,
qm9/O=CCC[C@H]1CCCO1.pickle,0,
qm9/CC1(C)N[C@H]1CC(N)=O.pickle,0,
qm9/O=C1C[C@]2(O)[C@H]3O[C@@H]2[C@@H]13.pickle,0,
qm9/CC#C[C@@H](C)CC#N.pickle,0,
qm9/CC1(C2(O)COC2)CC1.pickle,0,
qm9/C#C[C@]1(N2CC2)C[C@@H]1O.pickle,0,
qm9/O[C@H]1[C@@H]2[C@@H]3C[C@H]1N1[C@@H]3[C@@H]21.pickle,0,
qm9/O=C1C[C@H]2O[C@H]3[C@@H]1O[C@@H]23.pickle,0,
qm9/O=C1OCC[C@H]2CCN12.pickle,0,
qm9/COC[C@@]12C[C@H](O)[C@@H]1C2.pickle,0,
qm9/c1cnn2ncnc2c1.pickle,0,
qm9/C#C[C@H](O)C[C@@H]1C[C@@H]1C.pickle,0,
qm9/C#C[C@@H](C#N)CCO.pickle,0,
qm9/C1N[C@H]2[C@H]3O[C@@]12[C@H]1O[C@H]13.pickle,0,
qm9/OCC[C@H]1CC[C@H]2O[C@@H]12.pickle,0,
qm9/N=CN(C=O)C(=O)C=O.pickle,0,
qm9/CC1=CCOCC1=O.pickle,0,
qm9/CCC(CC)NC(N)=O.pickle,0,
qm9/Cc1nn2nnnc2o1.pickle,0,
qm9/CC#C[C@H]1NC(=O)[C@H]1C.pickle,0,
qm9/C[C@H]1[C@H]2[C@H]3O[C@@H]1C[C@@]23O.pickle,0,
qm9/C1O[C@H]1[C@@]12O[C@H]3C[C@@H]1[C@H]32.pickle,0,
qm9/N#CCNc1ccon1.pickle,0,
qm9/COC[C@H]1O[C@H]2C[C@]21O.pickle,0,
qm9/CN1C(=O)[C@H]2C[C@]21CO.pickle,0,
qm9/COC(=O)NC(N)=O.pickle,0,
qm9/CC[C@@H](C)C[C@H]1C[C@H]1C.pickle,0,
qm9/CC1=C[C@@H]2O[C@H]1OC2=O.pickle,0,
qm9/C[C@H]1N[C@H]1CCC#N.pickle,0,
qm9/CC[C@@H](O)[C@H]1C[C@H]1CO.pickle,0,
qm9/CC[C@H]1C[C@@H](OC)[C@H]1O.pickle,0,
qm9/CO[C@@H]1C=CC(=NO)C1.pickle,0,
qm9/C#CCOCC(=O)C#N.pickle,0,
qm9/CC(C)(O)C(=O)[C@H]1CO1.pickle,0,
qm9/O=C1CN=C2NCCN12.pickle,0,
qm9/N#C[C@H](O)CNCCO.pickle,0,
qm9/Cc1c[nH]c2c1C=CC2.pickle,0,
qm9/C[C@H]1[C@@H]2C[C@H]1[C@H]2C.pickle,0,
qm9/CN1C[C@H]2C[C@@]13CO[C@@H]23.pickle,0,
qm9/N#C[C@]12C[C@@H]3C(=O)[C@H]1[C@@H]32.pickle,0,
qm9/O=C1CCC(=O)N2C[C@@H]12.pickle,0,
qm9/O=C(C1CCC1)[C@H]1CO1.pickle,0,
qm9/CC1=CC(=O)CNCC1.pickle,0,
qm9/C[C@]12CC[C@@]1(C)[C@]2(C)O.pickle,0,
qm9/C#C[C@@]1(C)[C@@H]2N[C@H]1[C@@H]2O.pickle,0,
qm9/O=C1NC[C@H]2C[C@H]2O1.pickle,0,
qm9/CO[C@H]1C=C([NH])C=NN1.pickle,0,
qm9/CC1=CC[C@H](C(C)C)C1.pickle,0,
qm9/Nc1ncc(O)c(F)n1.pickle,0,
qm9/CC1(C)C[C@]2(C[C@H]2O)O1.pickle,0,
qm9/CC(C)[C@@H]1[C@@H]2CC[C@H]1O2.pickle,0,
qm9/CC(=O)[C@H]1C[C@]1(O)CO.pickle,0,
qm9/O=C[C@]12C[C@H](C1)C21CC1.pickle,0,
qm9/C[C@H]1[C@@H]2COC[C@@]1(O)C2.pickle,0,
qm9/CCn1cc(OC)cn1.pickle,0,
qm9/C[C@H]1[C@H]2OC[C@@]12C(N)=O.pickle,0,
qm9/O=C1CO[CH][C]2CN[C@H]21.pickle,0,
qm9/N#C[C@]12CCC=C[C@H]1N2.pickle,0,
qm9/C[C@H]1[C@@H](O)[C@H]2[C@@H](C=O)N12.pickle,0,
qm9/C[C@H]1CCO[C@@H](C)O1.pickle,0,
qm9/C#C[C@@H](C#N)CCOC.pickle,0,
qm9/O=Cc1ccoc1.pickle,0,
qm9/CCNc1nc[nH]c1C.pickle,0,
qm9/c1nnoc1CN1CC1.pickle,0,
qm9/C[C@](C#N)(C=O)CC=O.pickle,0,
qm9/CC#C[C@H](CC)[C@H]1CO1.pickle,0,
qm9/CC(=O)Nc1ccno1.pickle,0,
qm9/N#C[C@](O)(CN)C1CC1.pickle,0,
qm9/CC[C@]12O[C@H]([C@H]1O)[C@H]2O.pickle,0,
qm9/C[C@H]1[C@H]2C(=O)N(C)[C@@]12C.pickle,0,
qm9/C[C@]12C[C@H](C1)NC(=O)O2.pickle,0,
qm9/C[C@@H]1[C@H](C=O)[C@@H]2CC[C@H]12.pickle,0,
qm9/C#C[C@](C)(CC)CCC.pickle,0,
qm9/C[C@H]1[C@H]2[C@]3(C)C[C@@]2(C)N13.pickle,0,
qm9/Nc1ccoc(=O)c1.pickle,0,
qm9/COC(=O)CN(C)C=O.pickle,0,
qm9/O=Cc1occc1CO.pickle,0,
qm9/C[C@@]12[C@@H]3[C@H]4[C@@H](N31)[C@]42C=O.pickle,0,
qm9/CO[C@@]1(C)C[C@H]2O[C@]21C.pickle,0,
qm9/C[C@H]1C[C@@H]2C[C@H]1OCO2.pickle,0,
qm9/CC[C@@](O)(CO)[C@H]1CN1.pickle,0,
qm9/CC(CCO)CCO.pickle,0,
qm9/C[C@H]1OC[C@@]12O[C@H]2C#N.pickle,0,
qm9/OC[C@@H]1[C@@H]2O[C@H]1[C@@H]2O.pickle,0,
qm9/CC1=NC(C)(C)[C]([NH])N1.pickle,0,
qm9/O=CNc1ccccn1.pickle,0,
qm9/C#C[C@H](C=O)C(C)=O.pickle,0,
qm9/CC1(C)CC[C@H]1C#N.pickle,0,
qm9/OCCCc1c[nH]nn1.pickle,0,
qm9/C[C@H]1CCN1[C]([NH])C#N.pickle,0,
qm9/N#C[C@](N)(CN)[C@H]1CO1.pickle,0,
qm9/CCNC(=O)NC(C)=N.pickle,0,
qm9/C1C[C@@]23CO[C@@H](C2)O[C@@H]13.pickle,0,
qm9/Nc1ncnn1C=O.pickle,0,
qm9/O=[N+]([O-])c1cn[nH]n1.pickle,0,
qm9/CN[C@H]1C[C@]1(O)C#N.pickle,0,
qm9/C[C@H]1O[C@H]2C[C@H]3C[C@@H]1[C@@H]23.pickle,0,
qm9/O[C@]12C=C[C@@H]3C[C@H]1[C@H]2C3.pickle,0,
qm9/N#C[C@@]1([C@H]2CCO2)CN1.pickle,0,
qm9/N#CC1=NC[C@H]2CN12.pickle,0,
qm9/CCN1CCCCC1=O.pickle,0,
qm9/Cc1c(O)ccn1C=O.pickle,0,
qm9/O=C1C=C[C@]23CC[C@]12C3.pickle,0,
qm9/C#C[C@@]12C[C@H]3CO[C@@H]1[C@H]32.pickle,0,
qm9/C#C[C@@]1(O)C[C@@]1(O)C=O.pickle,0,
qm9/C[C@H]1[C@H]2[C@@H]1[C@@]1(O)[C@@H](O)[C@@H]21.pickle,0,
qm9/C#C[C@@H]1C[C@@]2(C)CO[C@@H]12.pickle,0,
qm9/O=C1N2C[C@@H]3[C@H]4[C@@H]([C@@H]32)N14.pickle,0,
qm9/O=c1ccnc(F)[nH]1.pickle,0,
qm9/CC1=C[C@](C)(C=O)CC1.pickle,0,
qm9/N#C[C@@]12N[C@@H]1[C@@H]1C[C@@]12O.pickle,0,
qm9/Nc1nc(O)cnc1F.pickle,0,
qm9/N#C[C@H](O)[C@@]12CO[C@@H]1C2.pickle,0,
qm9/C[C@H]1OC(=O)[C@]1(C)CO.pickle,0,
qm9/CC[C@@]12C[C@@H](O1)[C@H]1O[C@H]12.pickle,0,
qm9/C[C@@]12C[C@@H]3C[C@@H]3[C@@H](C1)O2.pickle,0,
qm9/C[C@@H]1C=CCO1.pickle,0,
qm9/C1=C[C@H]2CO[C@H]2COC1.pickle,0,
qm9/C[C@]12C[C@H](C=C1C#N)N2.pickle,0,
qm9/CC(C)c1onnc1N.pickle,0,
qm9/C1[C@H](N2CC2)[C@@H]2CO[C@H]12.pickle,0,
qm9/N#CC(C=O)(C=O)C=O.pickle,0,
qm9/C[C@H]1[C@@H]2[C@]3(CN3)C[C@]12O.pickle,0,
qm9/C[C@@]1(C#N)CNC(=O)O1.pickle,0,
qm9/C[C@H]1C[C@H]2[C@H]3O[C@@H]1[C@@]23C.pickle,0,
qm9/O=C[C@H]1C=C(CO)CO1.pickle,0,
qm9/CC#CCOCCOC.pickle,0,
qm9/CCc1n[nH]nnc1[NH].pickle,0,
qm9/C[C@]12CC[C@H]1[C@H]2C(N)=O.pickle,0,
qm9/C1CC(CN2CC2)C1.pickle,0,
qm9/C[C@@]12C=C[C@H]3[C@@H]1C=C[C@H]32.pickle,0,
qm9/O[C@H]1[C@H]2CCC3(CC3)[C@@H]12.pickle,0,
qm9/CC[C@H]1OC[C@@]12N[C@H]2C.pickle,0,
qm9/CN[C@H](C#N)CN1CC1.pickle,0,
qm9/[NH][C]1O[C@H]2[C@H]3OC[C@@H]1[C@H]32.pickle,0,
qm9/[NH][C]1OC[C@H]2OC[C@H]2O1.pickle,0,
qm9/COC[C@@]12O[C@H]3C[C@@H]1[C@H]32.pickle,0,
qm9/C#C[C@@]12C[N][C]3N[C@@H]1[C@H]32.pickle,0,
qm9/O[C@@H]1Cc2cn[nH]c2C1.pickle,0,
qm9/CN(C)c1ocnc1N.pickle,0,
qm9/C[C@H]1[C@H]2O[C@H]3[C@@H](O)[C@H]3[C@@H]12.pickle,0,
qm9/CC(=O)[C@]12C[C@H]1[C@H]1O[C@H]12.pickle,0,
qm9/CCN1CC=CC(=O)C1.pickle,0,
qm9/COCCc1cn[nH]n1.pickle,0,
qm9/C#Cc1cnno1.pickle,0,
qm9/O=C1C=CC[C@@H]1CO.pickle,0,
qm9/C#CC[C@@H](CC)CCO.pickle,0,
qm9/Nc1cccc(C=O)n1.pickle,0,
qm9/C#CCO[C@@H](C)CCO.pickle,0,
qm9/C#Cc1coc(C#N)c1.pickle,0,
qm9/CCN=C1COC(=O)O1.pickle,0,
qm9/Nc1nccnn1.pickle,0,
qm9/C[C@@H](CO)[C@@]1(C)C[C@H]1C.pickle,0,
qm9/C#CCn1cnnn1.pickle,0,
qm9/C[C@H]1CNC(=O)N[C@H]1C.pickle,0,
qm9/O=CC1(C=O)CCCC1.pickle,0,
qm9/CC[C@@H](C)[C@H](C#N)CC.pickle,0,
qm9/CC1=C(C#N)C[C@@H](O)C1.pickle,0,
qm9/CC1(O)COC1.pickle,0,
qm9/COc1occ(N)c1N.pickle,0,
qm9/C[C@H]1[C@H]2[C@@H]1[C@@]1(O)C[C@@]21C.pickle,0,
qm9/C[C@H]1C(=O)C=C(N)C1=O.pickle,0,
qm9/C[C@@H](CC#N)CN1CC1.pickle,0,
qm9/CC[C@H]1CC[C@@H](C)O1.pickle,0,
qm9/C[C@@H]1[C@@H]2C[C@H]1CC[C@@H]2O.pickle,0,
qm9/c1cc2c([nH]1)NCCO2.pickle,0,
qm9/Nc1cncc(=O)cn1.pickle,0,
qm9/Oc1c[nH]c2oncc12.pickle,0,
qm9/C[C@H]1O[C@@H]2[C@H]3C[C@]21CO3.pickle,0,
qm9/C[C@@H](O)C[C@H]1CNC1=O.pickle,0,
qm9/N#C[C@@]1(O)C=CC(=O)C1.pickle,0,
qm9/CN1C[C@]12[C@@H]1[C@H]3O[C@@H]1[C@H]32.pickle,0,
qm9/[NH][C]1O[C@H]2CN3C[C@H]2[C@H]13.pickle,0,
qm9/O=C1OCC(CO)CO1.pickle,0,
qm9/[NH][CH]OCCCOC=O.pickle,0,
qm9/C[C@@]1(O)[C@H]2CO[C@@H]1[C@H]2O.pickle,0,
qm9/C[C@H]1C[C@H]1C=O.pickle,0,
qm9/C#CCC#CCCO.pickle,0,
qm9/CC(=O)CC1CCCC1.pickle,0,
qm9/CC(C)(N)CCC(=O)O.pickle,0,
qm9/C[C]([NH])O[C@H]1[C@H]2CC[C@H]21.pickle,0,
qm9/CC(=O)OC(C)C.pickle,0,
qm9/CC[C@]12C[C@H]1OC[C@H]2C.pickle,0,
qm9/OC[C@@]12C[C@H]3[C@@H]1C[C@]32O.pickle,0,
qm9/CO[C@@H](C#N)[C@@H](C)C#N.pickle,0,
qm9/Oc1c[nH]c2c1NCC2.pickle,0,
qm9/NC(=O)[C@H]1N[C@H]1[C@H]1CO1.pickle,0,
qm9/CCC(=O)CCC1CC1.pickle,0,
qm9/CN1[CH][N][C@@](C)(C#N)C1.pickle,0,
qm9/C#C[C@H]1CO[C]([NH])O1.pickle,0,
qm9/C#C[C@@H]1[C@H](CC)C1(C)C.pickle,0,
qm9/O=C1CN[C@@H]2[C@H](O)[C@H]12.pickle,0,
qm9/CN1[C@H]2C[C@@](C)(O)C[C@H]21.pickle,0,
qm9/N#C[C@H]1CCN2CC[C@@H]12.pickle,0,
qm9/CC1=CN(C)[C]([NH])C1=O.pickle,0,
qm9/Cc1c(F)ccnc1N.pickle,0,
qm9/C[C@@H]1[C@@H]2C[C@]2(O)[C@@H]2N[C@H]12.pickle,0,
qm9/CCCCCC1(O)CC1.pickle,0,
qm9/CO[C@H]1[C@@H](O)[C@H]2C[C@]21C.pickle,0,
qm9/CCCc1onnc1N.pickle,0,
qm9/C#CC(C#C)CCCO.pickle,0,
qm9/CC(=O)C[C@@H](O)[C@H]1CO1.pickle,0,
qm9/C[C@H]1C[C@H]2[C@H]3O[C@H]3[C@@]12C.pickle,0,
qm9/C#C[C@]12N[C@@]1(C)[C@@H]1O[C@@H]12.pickle,0,
qm9/C[C@H]1[C@H]2C[C@]1(C)OCO2.pickle,0,
qm9/Cc1ncc(CC=O)o1.pickle,0,
qm9/C[C@H]1[C@H]2[C@@H]3C[C@H]4[C@@H]3[C@@H]1N42.pickle,0,
qm9/C[C@]12CC[C@@]1(C#N)NC2.pickle,0,
qm9/NC(=O)c1cc(O)n[nH]1.pickle,0,
qm9/C#CC[C@@H]1CC[C@@H]1CC.pickle,0,
qm9/O=C1CCCC(=NO)C1.pickle,0,
qm9/Oc1[nH]c(O)c(O)c1O.pickle,0,
qm9/CC1=CC[C@@H](O)[C@H]2O[C@@H]12.pickle,0,
qm9/C[C@@]1(C=O)COC12CC2.pickle,0,
qm9/CC[C@H]1[C@@H]2[C@H]3[C@H](O)[C@@H]2[C@@H]13.pickle,0,
qm9/CCCc1cnoc1.pickle,0,
qm9/ON=C1[C@@H]2[C@H]3[C@H]4[C@@H]2[C@@H]1N34.pickle,0,
qm9/C#C[C@@H]1CN(CC)C1=O.pickle,0,
qm9/COC[C@@H](C)[C@H]1C[C@H]1O.pickle,0,
qm9/C[C]([NH])OC1(C#N)CC1.pickle,0,
qm9/C1C[C@@H]2C[C@H]3CC[C@@]23O1.pickle,0,
qm9/CC1(C)[C@H]2CC(=O)O[C@H]21.pickle,0,
qm9/O[C@H]1[C@H]2O[C@H]3CC[C@H]3[C@H]21.pickle,0,
qm9/C#C[C@@]1(C)[C@@H]2[C@H]3CN2[C@H]31.pickle,0,
qm9/CCO[C@H]1C[C@H]1C.pickle,0,
qm9/C[C@H]1OC[C@@H]2[C@H]3[C@@H]2O[C@H]31.pickle,0,
qm9/O=CCC(=O)N1CC1.pickle,0,
qm9/O=c1cncc(O)o1.pickle,0,
qm9/CN1C(=O)CNC1=O.pickle,0,
qm9/CCCC[C@H]1C[C@H]2C[C@@H]12.pickle,0,
qm9/C#CC[C@@](O)(C#C)C=O.pickle,0,
qm9/C#C[C@]12C[C@@H]3[C@H]1C=C[C@@H]32.pickle,0,
qm9/[NH][C]1OCC(C=O)CO1.pickle,0,
qm9/N#C[C@@]12CCC[C@@H]1[C@@H]2O.pickle,0,
qm9/C[C@@]12CO[C@H]3CC[C@@H]1[C@H]32.pickle,0,
qm9/CCC#C[C@H]1CN1.pickle,0,
qm9/C#C[C@]1(C)CCCOC1.pickle,0,
qm9/C#CCC(=O)[C@@H](C)O.pickle,0,
qm9/C#CC(O)(CC)CC.pickle,0,
qm9/N#C[C@H]1N[C@@H]2[C@H]1[C@@H]1O[C@@H]12.pickle,0,
qm9/C[C@@H]1[C@H]([C@@H](N)C#N)[C@@H]1C.pickle,0,
qm9/CN1[C@H]2C=C[C@@H]1[C@H]1O[C@@H]21.pickle,0,
qm9/O=C1CC=C[C@H]2CN12.pickle,0,
qm9/COC(=O)CN(C)C.pickle,0,
qm9/C[C@H]1C[C@]2(O1)[C@@H]1C[C@H]2O1.pickle,0,
qm9/O[C@]12CC[C@@H]3[C@H]1[C@]3(O)C2.pickle,0,
qm9/[NH]C1=C(N)[C@H](F)N=CN1.pickle,0,
qm9/O=C[C@]12C[C@@]1(O)[C@@H]1CN12.pickle,0,
qm9/CO[C@@]1(C)C[C@@H]2C[C@H]1O2.pickle,0,
qm9/O[C@H]1C[C@H]2CC[C@@H]1OC2.pickle,0,
qm9/CC[C@H]1C=C[C@H]2C[C@H]21.pickle,0,
qm9/CNc1cc(N)n[nH]1.pickle,0,
qm9/OCCc1c[nH]c(O)n1.pickle,0,
qm9/CCO[C@H]1COC(=O)C1.pickle,0,
qm9/Nc1nccn1C=O.pickle,0,
qm9/N#Cc1cncc(O)c1.pickle,0,
qm9/CC[C@@](C)(O)CNC=O.pickle,0,
qm9/C[C@H]1[C@@H]2[C@@H]3COC[C@@H]3[C@H]12.pickle,0,
qm9/N#CCCOC(=O)CN.pickle,0,
qm9/O=C1CC2(C1)[C@H](O)[C@@H]2O.pickle,0,
qm9/C[C@H]1[C@H]2CC=CC[C@@]12C.pickle,0,
qm9/CCC(C)(C)C[C@@H](C)O.pickle,0,
qm9/CC#C[C@H](C=O)CCO.pickle,0,
qm9/O=C1CN2C[C@@H]3[C@H]2[C@@H]3N1.pickle,0,
qm9/C[C@]12C[C@H]1NC(=O)[C@H]2O.pickle,0,
qm9/C[C@H]1NCC(=O)[C@H]2C[C@H]21.pickle,0,
qm9/C[C@@]12CN3C[C@@H]1[C@@H](O)[C@H]32.pickle,0,
qm9/N#C[C@]1(C=O)N[C@H]2C[C@H]21.pickle,0,
qm9/O=CN[C@]12[C@H]3[C@@H]4[C@H]3[C@H]1[C@@H]42.pickle,0,
qm9/CNC(=O)OCCC#N.pickle,0,
qm9/CC[C@H]1CCCC1=NO.pickle,0,
qm9/CC(C)[C@H]1[C@H]2C[C@]1(C)O2.pickle,0,
qm9/CC(C)c1cnc(O)[nH]1.pickle,0,
qm9/C[C@@]12CC[CH][C]1C[C@H]2O.pickle,0,
qm9/CCC(O)(C=O)C=O.pickle,0,
qm9/C[C@H]1NC(=O)O[C@H]1CO.pickle,0,
qm9/OCC1(CO)C[C@H]2CN21.pickle,0,
qm9/CCCCc1cn[nH]n1.pickle,0,
qm9/O[C@@]12CC[C@H]3C[C@@H]1C[C@H]32.pickle,0,
qm9/C[C@H]1O[C@@]12C[C@H]1N[C@]12C.pickle,0,
qm9/CC[C@H]1O[C@@]12C[C@H]1N[C@H]12.pickle,0,
qm9/C[C@H]1COCCN1C=O.pickle,0,
qm9/C#CC(C)(C)[C@H]1C[C@H]1O.pickle,0,
qm9/CNc1ncn2c1CC2.pickle,0,
qm9/O=c1cncncn1.pickle,0,
qm9/O=C1C[C@@]23OC[C@@H]2N[C@@H]13.pickle,0,
qm9/OCCN1C[C@H]1[C@H]1CN1.pickle,0,
qm9/Cc1cnn2c1[C@@H](O)C2.pickle,0,
qm9/CC[C@@](C)(C=O)C(C)=O.pickle,0,
qm9/C[C@H]1CO[C@]1(C)CC#N.pickle,0,
qm9/CCc1c[nH]c(=O)o1.pickle,0,
qm9/[NH][CH]OC1COCOC1.pickle,0,
qm9/CC[C@H]1[C@@H](O)CC[C@H]1O.pickle,0,
qm9/C#CC1=C[C@H]2CO[C@@H]1C2.pickle,0,
qm9/CC(=O)NC[C@@H]1C[C@@H]1C.pickle,0,
qm9/O=C1N[C@@H]2[C@@H]3O[C@@H]3[C@@H]2N1.pickle,0,
qm9/NC1=NCC(=O)[C@@]12CO2.pickle,0,
qm9/C#C[C@]1(C#N)[C@H](O)[C@@H]1O.pickle,0,
qm9/C#C[C@H]1C[CH][C]2CC[C@H]21.pickle,0,
qm9/O=C[C@H]1COCOC=N1.pickle,0,
qm9/O[C@H]1COC[C@H]2C[C@@H]1C2.pickle,0,
qm9/C[C@H]1COCCOCO1.pickle,0,
qm9/NC(=O)C#CC1(O)CC1.pickle,0,
qm9/C#CC(=NC)OCC#N.pickle,0,
qm9/O1[C@H]2[C@H]3[C@@H]4O[C@H]3[C@@H]4[C@@H]12.pickle,0,
qm9/CC(=O)C1=C[C@H]2O[C@H]2C1.pickle,0,
qm9/O=C1C[C@H]2[C@H]3CC[C@H]3N12.pickle,0,
qm9/C[C@H]1[C@H]2[C@@H]3C[C@H]2O[C@H]1O3.pickle,0,
qm9/O=C1C(=O)[C@H]2[C@@H]3CN2[C@H]13.pickle,0,
qm9/O[C@]12[C@@H]3[C@H]1[C@@H]1[C@H]2CN13.pickle,0,
qm9/C[C@H]1C[C@@]23CO[C@@]12CN3.pickle,0,
qm9/C[C@H]1C[C@@]2(C)O[C@H]2[C@H]1C.pickle,0,
qm9/CC[C@H]1C[C@H]1OC1CC1.pickle,0,
qm9/C#CC#C[C@H](C)OC.pickle,0,
qm9/CN=C(N)C=O.pickle,0,
qm9/CN1C(=O)[C@@H]2[C@H](C=O)[C@@H]21.pickle,0,
qm9/C[C@@]12C[C@H]3[C@@H]1CO[C@H]32.pickle,0,
qm9/O=CCNc1cnco1.pickle,0,
qm9/C[C@H]1C[C@]1(CO)N1CC1.pickle,0,
qm9/C#CC[C@@H]1C[C@H](C)[C@@H]1O.pickle,0,
qm9/C[C@@]12CO[C@@H](C1)[C@H]1N[C@H]12.pickle,0,
qm9/C[C@H]1[C@@H](O)[C]([NH])N1[CH][NH].pickle,0,
qm9/O=C1CCN1C1COC1.pickle,0,
qm9/C[C@]12C[C@H](C=O)C[C@H]1N2.pickle,0,
qm9/O=CN1C=NCC12CC2.pickle,0,
qm9/N#C[C@H]1C[C@H]1[C@H]1CCO1.pickle,0,
qm9/OC[C@H]1Cc2ncnn21.pickle,0,
qm9/COc1coc(=O)[nH]1.pickle,0,
qm9/O=C1[C@H]2C[C@@H]3O[C@H]2O[C@H]13.pickle,0,
qm9/CC(C)[C@@H]1O[C@@H]1C(C)C.pickle,0,
qm9/CCC1=CCC[C@H]1CO.pickle,0,
qm9/C1C[C@@H]2C[C@H]1CC21CC1.pickle,0,
qm9/C[C@@]1(CO)O[C@H]1CCO.pickle,0,
qm9/C#CC(=O)C(=O)CO.pickle,0,
qm9/CCN1C[C@@]2(O)C[C@@]12C.pickle,0,
qm9/C[C@H]1NC[C@@H](O)CC1=O.pickle,0,
qm9/Cc1ccc(CO)cn1.pickle,0,
qm9/CC[C@@H](C)[C@@](C)(N)C#N.pickle,0,
qm9/Nc1occc1[N+](=O)[O-].pickle,0,
qm9/CC(C)[C@@H](C)CCC=O.pickle,0,
qm9/C[C@H]1C[C@@H]2[C]([N]1)O[C@@H]2C.pickle,0,
qm9/C[C@H]1[C@@H](C)N1C[C@@H](C)O.pickle,0,
qm9/C1=C[C@]23C=CC[C@@]2(C1)O3.pickle,0,
qm9/COc1cnn[nH]c1=O.pickle,0,
qm9/C[C@H]1O[C@H]2[C@@H]1OC21CC1.pickle,0,
qm9/CC1=C[C@H]2CCC[C@@H]1C2.pickle,0,
qm9/CC1(C)C(=NO)[C@@H]2CN21.pickle,0,
qm9/C#C[C@]1(C)C[C@]2(CO2)C1.pickle,0,
qm9/CN=c1cc(F)nc[nH]1.pickle,0,
qm9/O=C1C=C(N2CC2)CC1.pickle,0,
qm9/C[C@H]1[NH2]CC=C1C(=O)[O].pickle,0,
qm9/CC1=C(CN)N[C@@H]([NH])O1.pickle,0,
qm9/C#CC[C@]12C[C@@]1(O)CO2.pickle,0,
qm9/C[C@@]12[C@H]3CN1C[C@]32O.pickle,0,
qm9/C[C@@](O)(CO)C(=O)C=O.pickle,0,
qm9/Nc1cocc1CC=O.pickle,0,
qm9/CC#CC1=C[C@H]2C[C@H]2C1.pickle,0,
qm9/CN=C1[C@H]2O[C@H]2[C@H]2CN12.pickle,0,
qm9/C[C@H]1CN2[C@@H](C)[C@H]2[C@H]1O.pickle,0,
qm9/CN1[C@H]2C[C@@H](O)[C@]21C.pickle,0,
qm9/CC1=CC(=O)C=CCN1.pickle,0,
qm9/C1N[C]2[N][C@H]3C[C@H]3O[C@@H]12.pickle,0,
qm9/CO[C@H]1CN2C[C@@H]3[C@H]2[C@H]13.pickle,0,
qm9/C[C@H]1C=Cc2cnnn21.pickle,0,
qm9/C[C@@H](O)[C@H]1CN1CC=O.pickle,0,
qm9/C#C[C@@H]1C[C@@]2(CO)C[C@@H]12.pickle,0,
qm9/O[C@]12CO[C@@H]3CN(C1)[C@@H]32.pickle,0,
qm9/CC(=O)[C@]12CN1C[C@H]2O.pickle,0,
qm9/C#C[C@H](CCO)COC.pickle,0,
qm9/C[C@H]1O[C@@]2(C)C[C@@]12C.pickle,0,
qm9/C1[C@@H]2[C@H]3O[C@H]3[C@@H]3[C@H]1C[C@H]23.pickle,0,
qm9/C#C[C@H]1[CH]C(C)=C([NH])O1.pickle,0,
qm9/CC[C@H]1[C@@H](O)C12CCC2.pickle,0,
qm9/CO[C@@]1(C)[C@H]2O[C@@H](C)[C@H]21.pickle,0,
qm9/C[C@](O)(C=O)C[C@H]1CN1.pickle,0,
qm9/[NH]C1=C[C](F)NC(=O)N1.pickle,0,
qm9/C#C[C@@H]1C[C@]1(O)CO.pickle,0,
qm9/C[C@H]1[C@H]2O[C@H]2C1(C)C.pickle,0,
qm9/O=C[C@H]1C[C@H]2OC(=O)[C@@H]12.pickle,0,
qm9/O=C[C@@H](O)CC1(O)CC1.pickle,0,
qm9/C1[C@H]2CC3(COC3)N12.pickle,0,
qm9/O[C@H]1[C@H]2C[C@H]2[C@H]2C[C@@]12O.pickle,0,
qm9/C1C[C@@]23C[C@@H]4[C@@H](O[C@@H]42)[C@@H]13.pickle,0,
qm9/C[C@@H]1C=CC(=O)N1.pickle,0,
qm9/O[C@@H]1[C@@H]2[C@H]3[C@H]4[C@@H]2[C@@H]1CN34.pickle,0,
qm9/N#C[C@@]1(CO)[C@H](N)[C@@H]1N.pickle,0,
qm9/C[C@@]12CC(CO)=C[C@@H]1C2.pickle,0,
qm9/C[C@@]1(O)[C@H]2OCC(=O)[C@H]21.pickle,0,
qm9/C[C@@H](O)[C@@]12O[C@H]3[C@@H]1N[C@H]32.pickle,0,
qm9/Cc1occ2c1C=CC2.pickle,0,
qm9/O=C1[CH][C]2N[C@@H]3[C@H](N1)[C@H]23.pickle,0,
qm9/CO[C@H]1CC=C[C@H]1OC.pickle,0,
qm9/C[C@@H]1N2CC[C@]12[C@@H](C)O.pickle,0,
qm9/O=C1C[C@@H]2[C@H]1[C@@H]1N[C@@H]12.pickle,0,
qm9/COC[C@@]1(C)OC[C@H]1O.pickle,0,
qm9/C[C@H]1O[C@@H]2C[C@H]1[C@H]1C[C@@H]21.pickle,0,
qm9/C1[C@H]2C[C@@]34C[C@@]3(CO4)[C@@H]12.pickle,0,
qm9/CC#CC(C)(CC)CC.pickle,0,
qm9/O=C1[C@H]2O[C@H]2[C@H]2CN12.pickle,0,
qm9/Cc1cn2c(n1)CC=C2.pickle,0,
qm9/C#CC1([C@H]2CN2)COC1.pickle,0,
qm9/CC(=O)[C@@H]1CC=C[C@@H]1C.pickle,0,
qm9/C[C@H]1C[C@](C)(OC=O)C1.pickle,0,
qm9/O=CN1C[C@H]2[C@@H]3O[C@H]2[C@@H]31.pickle,0,
qm9/C1=C[C@H]2O[C@H]2[C@H]2N[C@@H]12.pickle,0,
qm9/Cc1nocc1C(N)=O.pickle,0,
qm9/CC1=C(C=O)[C@@H](C)CN1.pickle,0,
qm9/C[C@H]1C[C@H]1[C@H]1C[C@H]1C.pickle,0,
qm9/C#C[C@@](C)(C#CC)C=O.pickle,0,
qm9/CC(=O)N(C=O)CC=O.pickle,0,
qm9/C[C@H]1C(=O)O[C@]1(C)C#N.pickle,0,
qm9/C[C@@]1(O)[C@H]2N[C@H]2[C@H]2O[C@H]21.pickle,0,
qm9/CC#C[C@H](O)[C@H](C)OC.pickle,0,
qm9/NCc1nc(=O)cno1.pickle,0,
qm9/O=C[C@]12CC[C@H]1N1C[C@H]12.pickle,0,
qm9/C1=C[C@]23C[C@H](C[C@@H]2C1)C3.pickle,0,
qm9/O[C@H]1C[C@]12C[C@@H]1C[C@@H]1C2.pickle,0,
qm9/CCC[C@H]1[C@@H](C#N)N1C.pickle,0,
qm9/CC(C)[C@@]1(O)C[C@H]1C.pickle,0,
qm9/C#CC[C@@]12CC[C@]1(O)C2.pickle,0,
qm9/Cc1ncc(N)nc1C.pickle,0,
qm9/C[C@]1(C=O)C=CCC1.pickle,0,
qm9/C[C@@H](N)[C@H]1C[C@H]1C(=O)O.pickle,0,
qm9/Oc1ccc(F)nn1.pickle,0,
qm9/C[C@@H]1[C@@H]2CC(=NO)C[C@@H]21.pickle,0,
qm9/C[C@@]1(CO)O[C@H]1CC#N.pickle,0,
qm9/C[C@@]12CC[C@H]3[C@@H]([C@H]1O)N32.pickle,0,
qm9/CC(=O)O[C@H](C)C1CC1.pickle,0,
qm9/COc1ccc(=O)oc1.pickle,0,
qm9/CC(C)(C)C(C=O)C=O.pickle,0,
qm9/CCCN1N=CO[C@@H]1[NH].pickle,0,
qm9/N#CCCC(=O)C(=N)N.pickle,0,
qm9/C[C@H]1C[C@@H]2C[C@H]1[C@H]1C[C@@H]21.pickle,0,
qm9/C[C@@H]1[C@@H]2[C@@H]3C[C@H](C[C@H]12)O3.pickle,0,
qm9/C#CC(=O)O[C@H](C)C#N.pickle,0,
qm9/CN1[C@H]2CC[C@H]3N[C@H]3[C@H]21.pickle,0,
qm9/C[C@@H]1C(=O)C=C[C@@H]1CO.pickle,0,
qm9/O[C@H]1[C@H]2CCC=CC[C@@H]12.pickle,0,
qm9/N#Cc1ncnnn1.pickle,0,
qm9/OC[C@H]1C=C[C@H]2C[C@@]12O.pickle,0,
qm9/O=C[C@@H]1CC1(CO)CO.pickle,0,
qm9/C[C@@]12C[C@@H](CN3C[C@H]31)O2.pickle,0,
qm9/Nc1[nH]cnc1[C@H]1CO1.pickle,0,
qm9/C[C@H]1[C@H]2O[C@@H]1[C@H]1C[C@@H]21.pickle,0,
qm9/CC(C)Nc1cnno1.pickle,0,
qm9/CNC(=O)[C@H]1CN1C=O.pickle,0,
qm9/O[C@]1([C@H]2CN2)[C@@H]2C[C@H]1O2.pickle,0,
qm9/C#Cc1cnc(F)nn1.pickle,0,
qm9/N#C[C@]1(O)CC[C@H]2C[C@H]21.pickle,0,
qm9/C#C[C@]1(C)N[C@H]1C=O.pickle,0,
qm9/C#Cc1c(O)n[nH]c1O.pickle,0,
qm9/CCOC(=O)C[C@H]1CO1.pickle,0,
qm9/C[C@@]12[C@@H]3[C@H]4[C@@H]3O[C@@H]1CN42.pickle,0,
qm9/OC[C@@]1(O)COC12CC2.pickle,0,
qm9/CC1(C)[C@H]2COCO[C@H]21.pickle,0,
qm9/N#CC(=O)N1[C@H]2CC[C@H]21.pickle,0,
qm9/CC[C@@H](O)[C@@]1(C)N[C@H]1C.pickle,0,
qm9/C#C[C@H](O)[C@H](O)CO.pickle,0,
qm9/C#CCNC(=O)NC.pickle,0,
qm9/C#CCC#CCCCO.pickle,0,
qm9/CC[C@@H](C)C[C@H]1CCO1.pickle,0,
qm9/[NH][C]1NN=C[CH]C=C1[NH].pickle,0,
qm9/CC[C@@]1([C@@H](O)C#N)CO1.pickle,0,
qm9/C[C@@]12[C@H]3O[C@@H]1[C@@H]2CC3=O.pickle,0,
qm9/N#C[C@H]1CN1CC1CC1.pickle,0,
qm9/Nc1[nH]ncc1CCO.pickle,0,
qm9/[NH][C]1O[C@@H]2C[C@H]1C21CC1.pickle,0,
qm9/OC1CCCC1.pickle,0,
qm9/CC(C)[C@]12C[C@H]1CCO2.pickle,0,
qm9/C[C@]12N[C@H]1C[C@@]21C[C@H]1O.pickle,0,
qm9/C#C[C@@H]1C=C[C@@H](CO)C1.pickle,0,
qm9/Nc1nonc1CCO.pickle,0,
qm9/CCCC(C)(C)C1CC1.pickle,0,
qm9/C#C[C@]1(C#N)OC[C@@H]1C.pickle,0,
qm9/COC(C)=NC1CC1.pickle,0,
qm9/C[C@H]1O[C@H]1C#CC1CC1.pickle,0,
qm9/C[C@H]1CC=C[C@H]2N[C@H]2C1.pickle,0,
qm9/N#CC1=C[C@@H]2O[C@H]1C2=O.pickle,0,
qm9/N#C[C@]12C[C@](C=O)(C1)N2.pickle,0,
qm9/C#Cc1noc(CN)n1.pickle,0,
qm9/O[C@H]1C[C@H]2CC[C@H]2[C@H]1O.pickle,0,
qm9/C[C@@]1(O)C[C@H]2C[C@H]3[C@@H]1N32.pickle,0,
qm9/C[C@@H](C=O)[C@H]1CN2C[C@@H]12.pickle,0,
qm9/OCC(=NO)C1CCC1.pickle,0,
qm9/C[C@H]1CN=C(CC#N)O1.pickle,0,
qm9/C#C[C@H](O)[C@@H](O)C#N.pickle,0,
qm9/C[C@H]1OC[C@]1(O)C1CC1.pickle,0,
qm9/CC(C)(O)c1ccoc1.pickle,0,
qm9/CC12CN(C[C@H]1C#N)C2.pickle,0,
qm9/C[C@@H]1[C@@H]2C(=O)C[C@H]12.pickle,0,
qm9/CN=c1cc(F)nco1.pickle,0,
qm9/c1[nH]cc2c1CCCN2.pickle,0,
qm9/COC[C@@H](O)C#CCO.pickle,0,
qm9/CC[C@@H](C)N(C)C(C)=O.pickle,0,
qm9/CCC(=O)C#CC(C)C.pickle,0,
qm9/[NH][C]1[C@H]2N[C@H]2CN1C=O.pickle,0,
qm9/CC[C@H]1[C@@H](COC)N1C.pickle,0,
qm9/CC(C)N1CC(=O)[C@H]1C.pickle,0,
qm9/CCCNC(=O)NC=N.pickle,0,
qm9/C#C[C@]12CC(=O)C[C@H]1O2.pickle,0,
qm9/c1cc2c(cn1)CCC2.pickle,0,
qm9/C#CC1(CC#N)CCC1.pickle,0,
qm9/O[C@H]1CC[C@@]23CC[C@@]12O3.pickle,0,
qm9/CC(=O)C1=CCC[C@H]1O.pickle,0,
qm9/N#C[C@@H](O)CCN1CC1.pickle,0,
qm9/O=c1nc(F)nno1.pickle,0,
qm9/c1cc2c(o1)OCO2.pickle,0,
qm9/N#CCn1ncoc1=O.pickle,0,
qm9/C[C@H]1[C@H]2C[C@@H]3[C@@]2(C)[C@]13C.pickle,0,
qm9/C[C@@]12C=C[C@H]3C[C@@H]1[C@H]32.pickle,0,
qm9/[NH][CH]OCCC#CC=O.pickle,0,
qm9/[NH][CH]OC(=O)NC=O.pickle,0,
qm9/CC[C@H]1[C@H]2OCO[C@@]12C.pickle,0,
qm9/C[C@@H]1C=CC(=O)O1.pickle,0,
qm9/CO[C@]12C=C[C@H](CO1)C2.pickle,0,
qm9/C[C@@]1(C=O)N2CC1(O)C2.pickle,0,
qm9/N#C[C@H]1CO[C@H]2CC[C@@H]12.pickle,0,
qm9/C[C@H]1C[C@@H]2[C@H](N3CC3)[C@H]12.pickle,0,
qm9/O[C@H]1[C@H]2OCC3(CC3)[C@H]21.pickle,0,
qm9/CC1(C)OC(=O)C[C@H]1O.pickle,0,
qm9/Cn1nnoc(=O)c1=O.pickle,0,
qm9/CC[C@@H]1N=C([NH])N=CN1.pickle,0,
qm9/O=CCN[C@@H](C=O)CO.pickle,0,
qm9/[NH][C]1O[C@@H]2C=C[C@@H](C2)O1.pickle,0,
qm9/C1=C[C@@H]2C=C[C@@H]3[C@H]1[C@@H]3O2.pickle,0,
qm9/CO[C@H]1C[C@H]1C(C)(C)O.pickle,0,
qm9/C#C[C@@]1(O)[C@@H]2CC[C@H]1O2.pickle,0,
qm9/CC1(C)[C@H]2C=CC[C@]21C.pickle,0,
qm9/Cn1cnc(CO)c1O.pickle,0,
qm9/O[C@H]1C[C@H]1CC1COC1.pickle,0,
qm9/C[C@@]12COC[C@]1(C)CO2.pickle,0,
qm9/CC[C@@H](COC)C(C)=O.pickle,0,
qm9/C[C@]12O[C@H]1C=CNC2=O.pickle,0,
qm9/C[C@@H](C=O)C(=O)C1CC1.pickle,0,
qm9/CC[C@H]1CC2(CC2)C1=O.pickle,0,
qm9/C[C@]12CO[C@H]([C@H]1O)[C@H]2O.pickle,0,
qm9/CC1(C(N)=O)CCC1.pickle,0,
qm9/OC[C@@]12O[C@H]3[C@@H]1C[C@H]32.pickle,0,
qm9/CN1CCC(=O)CC1.pickle,0,
qm9/OCCN=C1NCCO1.pickle,0,
qm9/CC(C)N(C=O)C(N)=O.pickle,0,
qm9/CO[C@@H]1[C@@H]2O[C@H]1[C@]21CO1.pickle,0,
qm9/O[C@H]1C[C@@H]2C[C@H]1[C@@]21CN1.pickle,0,
qm9/CC(=O)CC[C@H]1CO1.pickle,0,
qm9/C1=C[C@@H]2CC[C@H]1[C@@H]1C[C@H]21.pickle,0,
qm9/O=C(CO)[C@H]1CCO1.pickle,0,
qm9/C1=CC[C@@H]2C[C@@H]2C=C1.pickle,0,
qm9/CO[C@H]1C[C@H]2CC[CH][C]12.pickle,0,
qm9/CO[C@@H](C)[C@@H](C)C(C)C.pickle,0,
qm9/O[C@@H]1C=CC2(COC2)C1.pickle,0,
qm9/N#Cc1cc(N)ccn1.pickle,0,
qm9/C[C@H]1CN2C[C@H]2[C@]1(C)O.pickle,0,
qm9/CCCCN1CC1.pickle,0,
qm9/C#C[C@H]1C=C(C)CCO1.pickle,0,
qm9/OC[C@H]1C[C@H]1O.pickle,0,
qm9/O[C@]12C[C@H]1[C@]1(CN1)C2.pickle,0,
qm9/C[C@@H](O)c1c[nH]nn1.pickle,0,
qm9/C1OC[C@@H]2CO[C@H]1CO2.pickle,0,
qm9/CC[C@H]1C[C@H]2[C@@H](C)[C@@H]12.pickle,0,
qm9/N#N.[O][C][CH]C(=O)F.pickle,0,RDKit molecule import failed (ValueError): IMPORT_MOLECULE: The imported structure contains disconnected fragments. SCOPE Molecule objects must represent a single connected molecule.
qm9/C[C@@]12C[C@H]3[C@@](O)(C1)[C@]32O.pickle,0,
qm9/C[C@@H]1C[C@@H]2C(=O)O[C@@H]2C1.pickle,0,
qm9/C[C@]12CCC[C@H](C1)OC2.pickle,0,
qm9/COC1=NON=C[C]1[NH].pickle,0,
qm9/CO[C@H]1C[C@H]1COC=O.pickle,0,
qm9/Cc1c(O)nnn1C=O.pickle,0,
qm9/O=C1C=C[C@@]23C[C@@]12CO3.pickle,0,
qm9/CCCc1nccnn1.pickle,0,
qm9/C#C[C@@](N)(C#N)[C@@H](C)O.pickle,0,
qm9/C#C[C@]12C[C@@]1(O)[C@@H]1C[C@@H]12.pickle,0,
qm9/CC(C)[C@H]1[C@H]2CC[C@@]12C.pickle,0,
qm9/N#C[C@@H](O)CCC=O.pickle,0,
qm9/C[C@]12[C@@H]3N4[C@@]1(C)[C@H]2[C@]34C.pickle,0,
qm9/OC[C@H]1CC12COC2.pickle,0,
qm9/C[C@H]1OC[C@@]12[C@H]1CCN12.pickle,0,
qm9/CCc1nnoc(=O)n1.pickle,0,
qm9/C[N]C1=C[N]C(O)=CO1.pickle,0,
qm9/C1OCC12[C@H]1[C@@H]3C[C@H]1[C@@H]32.pickle,0,
qm9/C[C@@H](O)[C@H]1N[C@H]1CC=O.pickle,0,
qm9/C[C@@H]1C=CCOC(=O)C1.pickle,0,
qm9/C#Cc1cc(=O)nc[nH]1.pickle,0,
qm9/O=C1[C@@H]2C[C@@H]3O[C@H]1[C@@H]3N2.pickle,0,
qm9/CCC[C@H]1OCC[C@H]1O.pickle,0,
qm9/C#C[C@@]12CN1CC[C@@H]2O.pickle,0,
qm9/C#CCOC12CN(C1)C2.pickle,0,
qm9/CO[C@]12C=C[C@H](C=C1)C2.pickle,0,
qm9/CCc1ccn(C=O)n1.pickle,0,
qm9/O=CC1=NCC(=O)CO1.pickle,0,
qm9/C[C@H](C#N)NC(=N)C#N.pickle,0,
qm9/C#C[C@H](O)CN=COC.pickle,0,
qm9/N#C[C@@H]1CC(=O)CCO1.pickle,0,
qm9/C[C@H]1[C@H](C#N)NC12CC2.pickle,0,
qm9/C[C@H]1C=CCCOC1=O.pickle,0,
qm9/CN1C[C@H]1C[C@@H](O)CO.pickle,0,
qm9/C1=C[C@]2(CC1)CO2.pickle,0,
qm9/O=COC1(C=O)COC1.pickle,0,
qm9/C[C@@]12C[C@H]3C[C@@H]1C[C@@H]2O3.pickle,0,
qm9/CCN=COC(=O)CC.pickle,0,
qm9/O=C1C=C(CO)COC1.pickle,0,
qm9/C[C@]12C[C@](C)(C1)[C]([NH])O2.pickle,0,
qm9/C[C@H]1CO[C@@H](CCO)C1.pickle,0,
qm9/CO[C@@]1(C#N)CN=CO1.pickle,0,
qm9/C#CCC(C=O)C=O.pickle,0,
qm9/[NH]C1=C(N)CC(O)=CO1.pickle,0,
qm9/CC1=C[C@@H]2[C@@H]3[C]1[CH]CN32.pickle,0,
qm9/CCCCOC1COC1.pickle,0,
qm9/C[C@]12CO[C]([NH])C[C@H]1N2.pickle,0,
qm9/CC[C@]12CCN1CC2=O.pickle,0,
qm9/C[C@H]1C[C@@H](CCO)C1=O.pickle,0,
qm9/C[C@@H]1C(=O)[C@]2(CO)CN12.pickle,0,
qm9/C#CC(=O)C1OCCO1.pickle,0,
qm9/CC1=C[C@H]2C=C[C@H]3[C@@H]1N32.pickle,0,
qm9/C#CC1([C@@H]2O[C@@H]2C)CC1.pickle,0,
qm9/C#CC1=CC(=O)OCC1.pickle,0,
qm9/NC(=O)[C@H]1[C@H]2CO[C@H]21.pickle,0,
qm9/COCC1(CCO)CC1.pickle,0,
qm9/C[C@]12C[C@H]1C(=O)C[C@H]2O.pickle,0,
qm9/C#CCN=COCCO.pickle,0,
qm9/C[C@H]1CC2(CC2)[C@]1(C)O.pickle,0,
qm9/CO[C@H]1[C@H]2CCC=C[C@H]21.pickle,0,
qm9/C1O[C@@H]2O[C@H]1CC21CC1.pickle,0,
qm9/C[C@H]1CO[C@@H]2[C@H]3O[C@@H]2[C@H]31.pickle,0,
qm9/NC(N)=NCC(=O)O.pickle,0,
qm9/CCCNc1ncon1.pickle,0,
qm9/FC(F)(F)C#C[C@H]1CO1.pickle,0,
qm9/C[C@H]1O[C]([NH])C[C@@]12CN2.pickle,0,
qm9/O=C1CC[C@H]1N1CCC1.pickle,0,
qm9/C[C]([NH])OCC#CCO.pickle,0,
qm9/O=c1ccnc(CO)[nH]1.pickle,0,
qm9/CN(C)C[C@H](C#N)CO.pickle,0,
qm9/C[C@]12O[C@H]1CN1C[C@H]12.pickle,0,
qm9/C[C@@]12[C@@H]3[C@H]4[C@@H]5[C@@H]([C@@H]5N31)[C@H]42.pickle,0,
qm9/CC1(C)C=C[C@@H](C#N)N1.pickle,0,
qm9/C1C[C@H]2C[C@H]2C2(C1)CC2.pickle,0,
qm9/CC1=C[C@@]23CC[C@]2(C1)O3.pickle,0,
qm9/C#CCC#CCCOC.pickle,0,
qm9/C[C@@]12C[C@@]3(O)[C@@H](N1)[C@@]23O.pickle,0,
qm9/C[C@H]1[C@@H]2C=CC(=O)[C@H]1O2.pickle,0,
qm9/C[C@H]1[C@H]2[C@H]3C[C@]1(C)N23.pickle,0,
qm9/C[C@]12CC[C@H]1CCCO2.pickle,0,
qm9/CC1(C)C=CCCC1.pickle,0,
qm9/O[C@H]1CN2C[C@@H]12.pickle,0,
qm9/OCC[C@H]1O[C@H]1C1CC1.pickle,0,
qm9/O=C1CCC[C@H]2OC[C@@H]12.pickle,0,
qm9/C1COc2nn[nH]c2C1.pickle,0,
qm9/C[C@@]12C[C@H]3C[C@]1(C)[C@H]32.pickle,0,
qm9/C[C@H]1CN2[C@@H]3C[C@]3(O)[C@@H]12.pickle,0,
qm9/CCn1nc(C)oc1=O.pickle,0,
qm9/Cc1cccn1CC=O.pickle,0,
qm9/C#C[C@@H]1C[C@@H]1C(=O)OC.pickle,0,
qm9/C#C[C@@H]1N=CO[C@@H]1C#C.pickle,0,
qm9/O=Cc1c[nH]cn1.pickle,0,
qm9/CC[C@@H](C)CN(C)C=O.pickle,0,
qm9/CNc1cn[nH]c1NC.pickle,0,
qm9/C#C[C@@]1(C#N)C[N][CH]N1.pickle,0,
qm9/CC#C[C@]1(O)[C@@H]2C[C@H]1O2.pickle,0,
qm9/O=C1N[C@H]2CC[C@H](C2)N1.pickle,0,
qm9/O=C[C@H]1C[C@H]2C(=O)O[C@@H]12.pickle,0,
qm9/C#C[C@@]12C[C@H]3[C@@H](C1)O[C@H]32.pickle,0,
qm9/CC1=C(C)C(=O)NC1=O.pickle,0,
qm9/CC[C@H]1C[C@H]1C(=O)NC.pickle,0,
qm9/CCO[C@H]1CN(C)C1=O.pickle,0,
qm9/c1cnc2n[nH]nc2n1.pickle,0,
qm9/COCC[C@@]1(C=O)CO1.pickle,0,
qm9/C1O[C@]23[C@@H]4O[C@]12[C@H]1[C@@H]4[C@H]13.pickle,0,
qm9/N#CCN1[C@H]2C[C@@H]1[C@@H]2O.pickle,0,
qm9/OC[C@@]12[C@H]3[C@H]4CN1[C@H]4[C@H]32.pickle,0,
qm9/CN=C1C[C@@H](O)C(=O)O1.pickle,0,
qm9/CC(=O)O[C@H]1C[C@H]1C=O.pickle,0,
qm9/CC(=O)[C@H]1C=CC[C@H]1O.pickle,0,
qm9/O=C[C@@H]1C=CN(C=O)C1.pickle,0,
qm9/N#CC#CC(=O)CCO.pickle,0,
qm9/O=CNCC[C@H]1CCO1.pickle,0,
qm9/O[C@@]12CN3CCO[C@@H]1[C@H]32.pickle,0,
qm9/C#C[C@@H]1C=CCC1=NO.pickle,0,
qm9/CC#CC[C@@H](C)CO.pickle,0,
qm9/C#CC1=C[C@@H]2C[C@H]1N2C.pickle,0,
qm9/C[C@H]1OC[C@@]2(C)C[C@H]2O1.pickle,0,
qm9/C[C@@]12[C@H]3C[C@]1(O)[C]([NH])N32.pickle,0,
qm9/O=CC[C@]12CN1[C@H]1C[C@H]12.pickle,0,
qm9/CCC(=O)[C@H]1COCO1.pickle,0,
qm9/C[C@](C#N)(C=O)CO.pickle,0,
qm9/C[C@@]1(C(=O)C=O)CO1.pickle,0,
qm9/CCC(=O)[C@]12C[C@H](C1)O2.pickle,0,
qm9/C#CCC[C@H]1O[C@H]1C#N.pickle,0,
qm9/Cc1nn(C)cc1N.pickle,0,
qm9/N#C[C@H](O)[C@@]12CC[C@@H]1C2.pickle,0,
qm9/O=C1[C@@H]2OCC23CO[C@@H]13.pickle,0,
qm9/[NH][C]1CC=CCC(=O)O1.pickle,0,
qm9/Cc1cn[nH]c(=O)c1N.pickle,0,
qm9/CO[C@H]1CCNC(=O)O1.pickle,0,
qm9/C[C@]12N[C@H]1C(=O)NC2=O.pickle,0,
qm9/C[C@@]12O[C@H]3CO[C@@H]1C[C@H]32.pickle,0,
qm9/O=C1[C@H]2CC[C@@H]3[C@H]2N13.pickle,0,
qm9/CC1(C)[C@H]2C[C@@]13CCN23.pickle,0,
qm9/ON=C1C=C[C@H]2N[C@@H]12.pickle,0,
qm9/CC1(CO)CCC1.pickle,0,
qm9/C[C@@H](CO)c1cnco1.pickle,0,
qm9/NC(=O)C[C@H]1CCC1=O.pickle,0,
qm9/C1=C[C@H]2C[C@@H]1O2.pickle,0,
qm9/C#Cc1cc(N)n(C)c1.pickle,0,
qm9/C[C@@H]1O[C@H](C)[C@@H]2O[C@H]12.pickle,0,
qm9/[NH][C]1OC[C@@H]1C1(O)CC1.pickle,0,
qm9/CCc1[nH]nnc1C.pickle,0,
qm9/[NH][CH]OCc1cn[nH]c1.pickle,0,
qm9/C#C[C@]1(COC)CN1C.pickle,0,
qm9/C1=NCc2c[nH]nc2O1.pickle,0,
qm9/O=C1C[C@H](CCCO)N1.pickle,0,
qm9/O=C1CC[C@H]2N[C@H]2CN1.pickle,0,
qm9/C#C[C@]12C[C@](C#N)(C1)N2.pickle,0,
qm9/C[C@@H](O)C(=O)[C@@H](C)O.pickle,0,
qm9/Nc1nc(=O)nc(N)[nH]1.pickle,0,
qm9/CC[C@@]12N[C@H]3C[C@@H]1O[C@H]32.pickle,0,
qm9/CC1(C)CN2CC1(O)C2.pickle,0,
qm9/C#CC(=O)c1ccc[nH]1.pickle,0,
qm9/C[C@H]1[C@H]2[C@@H](C)[C@@H]1[C@@H]2C=O.pickle,0,
qm9/COC1=NN(C)[C@@H]([NH])O1.pickle,0,
qm9/C#CC(=O)CCCCO.pickle,0,
qm9/C[C@@H]1C=CC2(COC2)O1.pickle,0,
qm9/C[C@H]1CC(=O)[C@@H](O)CO1.pickle,0,
qm9/O=C1NCC=CCN1.pickle,0,
qm9/[NH][C]1O[C@@]2(C=O)CC[C@@H]12.pickle,0,
qm9/Nc1nc(F)c[nH]c1=O.pickle,0,
qm9/CN1CCN2[C@H]3C[C@@H]2[C@H]31.pickle,0,
qm9/C[C@@H](CO[CH][NH])O[CH][NH].pickle,0,
qm9/O=C[C@H](O)[C@H]1CC(=O)O1.pickle,0,
qm9/C[C@H]1C[C@H]2N[C@H]2[C@]1(C)O.pickle,0,
qm9/O=C[C@H](O)[C@@]12CO[C@@H]1C2.pickle,0,
qm9/OCCCCCO.pickle,0,
qm9/CC1=C[C@H]2CC=C[C@H]2C1.pickle,0,
qm9/O=C1[C@@H]2C[C@@H]3O[C@@H]3[C@H]1C2.pickle,0,
qm9/CC1=CC(=O)C(=O)N1.pickle,0,
qm9/N#C[C@@]1(O)C[C@@H]1C(N)=O.pickle,0,
qm9/C#CC#CC#CC(C)=O.pickle,0,
qm9/O[C@H]1C[C@H]2C[C@H]2[C@H]2N[C@@H]12.pickle,0,
qm9/O=C1CCCN1CCO.pickle,0,
qm9/C[C@]12C[C@H](C1)C(=O)C2=O.pickle,0,
qm9/CC#CCCC1CCC1.pickle,0,
qm9/O=C1CNCCCCO1.pickle,0,
qm9/CN1CCN2C[C@H]2C1=O.pickle,0,
qm9/C[C@H]1N=COC[C@H]2O[C@@H]12.pickle,0,
qm9/C#C[C@@]12C[C@]1(C)C(=O)N2.pickle,0,
qm9/COCc1cc(N)no1.pickle,0,
qm9/C#CC(=O)NC1CCC1.pickle,0,
qm9/C[C@H]1CO[C@H](C(N)=O)O1.pickle,0,
qm9/C1=N[C@H]2CN3C[C@H]3[C@H]2O1.pickle,0,
qm9/O[C@H]1[C@H]2C[C@]1(O)[C@H]1N[C@@H]21.pickle,0,
qm9/C[C@@H]1[C@H]2[C@@H]1OC(=O)N2C.pickle,0,
qm9/C#C[C@]1(O)[C@H]2CCC[C@H]21.pickle,0,
qm9/CC1(C)[C@H](O)[C@H](O)[C@@H]1O.pickle,0,
qm9/C#C[C@@H]1C=C[C@@H]2[C@H](O)[C@@H]21.pickle,0,
qm9/N#CC[C@@H](O)CO[CH][NH].pickle,0,
qm9/[NH][CH]O[C@@H]1C[C@H](O)[C@@H]1O.pickle,0,
qm9/C[C@H]1C[C@H]1[C@H]1OCC1=O.pickle,0,
qm9/CO[C@H]1[C@H]2O[C@@H]1[C@H]1C[C@@H]21.pickle,0,
qm9/O=CN1CCNCC1=O.pickle,0,
qm9/C[C@H]1C[C@@H](C=O)N=CO1.pickle,0,
qm9/C[C@H]1[C@@H]2[C@H]3[C@@H]2C(=O)N13.pickle,0,
qm9/CCN1C[C@]2(CN2)C1=O.pickle,0,
qm9/C[C@@H]1O[C@H](C)C=C1C#N.pickle,0,
qm9/COc1cc(OC)[nH]n1.pickle,0,
qm9/C#CC(=O)N(C)C(C)=O.pickle,0,
qm9/N#CC1=NCCN=CN1.pickle,0,
qm9/CN1C(=O)CC[C@H]1C#N.pickle,0,
qm9/O=CN1[C@H]2CC3(CC3)[C@H]21.pickle,0,
qm9/O=C1CNC2(CC2)CO1.pickle,0,
qm9/CO[C@H]1CC[C@H]2N[C@@H]12.pickle,0,
qm9/C[C@]1(C=O)C=C[C@H](O)C1.pickle,0,
qm9/C[C@@H]1[C@@H]2C[C@@]3(CO3)C[C@@H]21.pickle,0,
qm9/Cc1[nH]nnc1C(=N)N.pickle,0,
qm9/CC(=O)Oc1c[nH]cn1.pickle,0,
qm9/Nc1ccc([C@H]2CN2)o1.pickle,0,
qm9/N#C[C@]12O[C@H]1[C@H]1C[C@@H]2C1.pickle,0,
qm9/C[C@@H]1C=CCCOCO1.pickle,0,
qm9/C1CNc2[nH]nnc2C1.pickle,0,
qm9/CN[C@@H]1C=CN=C([NH])O1.pickle,0,
qm9/N#C[C@H](O)c1ncco1.pickle,0,
qm9/C[C@H]1O[C@@]2(C)CCC[C@@H]12.pickle,0,
qm9/C[C@]12O[C@]3(C)[C@H]4[C@H]([C@H]41)[C@H]23.pickle,0,
qm9/CC(=O)CC(=O)CC#N.pickle,0,
qm9/C[C@@H]1[C@H](N2CC2)[C@@H]1C.pickle,0,
qm9/C[C@@]12CCOC[C@@H]1CC2.pickle,0,
qm9/O[C@H]1C[N][C]2OC[C@H]21.pickle,0,
qm9/CC1(C)C[C@@H]2[C@H]1[C@@H]2C#N.pickle,0,
qm9/COC(=O)C#CC(C)=O.pickle,0,
qm9/O=CCCc1ccoc1.pickle,0,
qm9/CC(=NO)[C@@H]1N[C@@H]1C.pickle,0,
qm9/O[C@@]12[C@H]3C=C[C@@H]1[C@@H]2CO3.pickle,0,
qm9/COCCc1ccon1.pickle,0,
qm9/C#CC1(O[CH][NH])COC1.pickle,0,
qm9/N#C[C@]12C[C@@H]3[C@H]1N3[CH][N]2.pickle,0,
qm9/NC(=O)C1(O)COC1.pickle,0,
qm9/[NH][C]1Cc2nc[nH]c2O1.pickle,0,
qm9/[NH][C]1[C@H]2CC[C@H]2N1C=O.pickle,0,
qm9/CCCNCC#N.pickle,0,
qm9/O[C@H]1CC[C@H]1CC1CC1.pickle,0,
qm9/C[C@H]1[C@H]2[C@@H]3CN2[C@]13CO.pickle,0,
qm9/N#C[C]1[N][C@H]2C[C@H](C2)O1.pickle,0,
qm9/CN1C[C@H]1[C@H]1CCCO1.pickle,0,
qm9/C[C@@]12CCC3(CC3)[C@@H]1C2.pickle,0,
qm9/CC(COCCO)=NO.pickle,0,
qm9/CC[C@H]1C[C@@H](C=O)[C@H]1C.pickle,0,
qm9/O[C@H]1C[C@@]12[C@@H]1C=C[C@H]2O1.pickle,0,
qm9/NC(=O)C#C[C@@H](O)C=O.pickle,0,
qm9/OC[C@]12N[C@H]1[C@H]1CC[C@H]12.pickle,0,
qm9/C#C[C@@H]1N[C@@H](C=O)[C@@H]1O.pickle,0,
qm9/C[C@@H](CO[CH][NH])C(N)=O.pickle,0,
qm9/C[C@]12O[C@H]1C=CC2=O.pickle,0,
qm9/OC[C@@H]1[C@@H]2CC[C@H]1[C@@H]2O.pickle,0,
qm9/N#C[C@H](N)[C@H]1C[C@H]2C[C@@H]12.pickle,0,
qm9/C[C@H]1CN[C@H]1C(=O)C#N.pickle,0,
qm9/C[C@@]12[C@H]3OC[C@@]14CN2[C@@H]34.pickle,0,
qm9/COC(=N)NC(N)=O.pickle,0,
qm9/O=C[C@@]12C=C[C@@H](CO1)O2.pickle,0,
qm9/C[C@H]1C=C[C@@H]([C@@H](C)O)C1.pickle,0,
qm9/C[C@]12C[C@H]1C1(COC1)O2.pickle,0,
qm9/C1CC2(C1)[C@@H]1CC[C@H]2O1.pickle,0,
qm9/C#C[C@@H]1NC1(C)C.pickle,0,
qm9/c1cc2n(c1)[C@H]1C[C@@H]2C1.pickle,0,
qm9/C[C@]12C[C@@H]3O[C@H]1[C@]3(C)N2.pickle,0,
qm9/C[C@H]1C[C@@H]2CC[C@H](C1)C2.pickle,0,
qm9/CC1(C)CC1.pickle,0,
qm9/O=C1OC[C@@H]2C[C@H]1[C@H]2O.pickle,0,
qm9/O=C1C[C@]2(CO)C[C@H]1O2.pickle,0,
qm9/N#C[C@@H]1[C]2[CH]CN3[C@@H]2[C@@H]13.pickle,0,
qm9/C[C@H]1N=COCO[C]1[NH].pickle,0,
qm9/CN1[C@H]2CC[C@@H]1[C@H]1O[C@@H]21.pickle,0,
qm9/C1=C(C2CC2)CCCC1.pickle,0,
qm9/C1CO[C@@H]2CC[C@H](C1)O2.pickle,0,
qm9/C1C[C@]2(CO2)CN2C[C@H]12.pickle,0,
qm9/C[C@H]1C[C@]1(O)C1(C)CC1.pickle,0,
qm9/C#Cc1nocc1N.pickle,0,
qm9/Nc1[nH]cc2c1CCC2.pickle,0,
qm9/CC1=C[C@H]2C[C@@H]3O[C@H]2[C@H]13.pickle,0,
qm9/Cc1cc(F)cc(F)n1.pickle,0,
qm9/CC(=O)C1(C2CC2)CC1.pickle,0,
qm9/O=CCn1cc(O)nn1.pickle,0,
qm9/OCCn1cc(O)nn1.pickle,0,
qm9/CC[C@@H](O)[C@@H](C)C(N)=O.pickle,0,
qm9/O=CNC1=N[C@H]2C[C@H]2N1.pickle,0,
qm9/C#C[C@@H]1C=C(C)NC1=O.pickle,0,
qm9/O[C@@]12C[C@H]3[C@H]4C[C@@H]1[C@@H]2[C@@H]34.pickle,0,
qm9/O=CCC1=CNC(=O)C1.pickle,0,
qm9/C[C@@H]1[C@H](CO)[C@@H]1CO.pickle,0,
qm9/C1=C[C@@]23OC[C@@H]2N[C@H]3C1.pickle,0,
qm9/C[C@H]1CCC(=O)[C@H]2O[C@@H]12.pickle,0,
qm9/C(OC[C@H]1CN1)[C@H]1CO1.pickle,0,
qm9/C1=C[C@@H]2[C@@H]3CC[C@H]1[C@H]2O3.pickle,0,
qm9/C[C@H]1C[C@H]2N[C@H]2[C@H]1CO.pickle,0,
qm9/C#Cc1[nH]nnc1CC.pickle,0,
qm9/C#C[C@@H]1C[C@@H]1C(=O)CO.pickle,0,
qm9/N[C@H](C(=O)O)[C@H]1CN1.pickle,0,
qm9/O=CC[C@H]1COC(=O)O1.pickle,0,
qm9/C#C[C@H](CC=O)O[CH][NH].pickle,0,
qm9/C[C@]12C[C@H]1CC[C@H]2C=O.pickle,0,
qm9/O=C[C@@]12[C]3[CH]C[C@@H]1[C@@H]2C3.pickle,0,
qm9/O=C1CN2C[C@@H]12.pickle,0,
qm9/C#C[C@]1(C)C[C@H]2CC[C@H]21.pickle,0,
qm9/COC=NCC#N.pickle,0,
qm9/CC[C@H]1OCCC1=O.pickle,0,
qm9/O=CCCn1nnnn1.pickle,0,
qm9/C#CCC[C@@H](C=O)OC.pickle,0,
qm9/O=C1C[C@]2(O)C[C@]12O.pickle,0,
qm9/C[C@]12OC[C@H]1CC2=NO.pickle,0,
qm9/C1COC[C@H]2O[C@H]2CO1.pickle,0,
qm9/CN=C1NCCC(=O)N1.pickle,0,
qm9/N#C[C@H]1[C@H]2[C@@H]3CO[C@H]2[C@H]13.pickle,0,
qm9/C1[C@H]2C[C@H]3O[C@@H]1[C@@H]23.pickle,0,
qm9/CC1=C([NH])OCC[CH]1.pickle,0,
qm9/C#Cc1ccncc1O.pickle,0,
qm9/C[C@H]1C(=O)[C@@H](O)[C@@]12CO2.pickle,0,
qm9/C#C[C@@]1(C)C=C(C)CO1.pickle,0,
qm9/[NH][CH]OC(=O)NC=N.pickle,0,
qm9/C#C[C@@H]1CC[C@]2(C)N[C@H]12.pickle,0,
qm9/C[C@H]1N2[C@H]3[C@@H]4CC[C@@]31[C@@H]42.pickle,0,
qm9/CN=c1onc(N)n1C.pickle,0,
qm9/Cc1n[nH]c([C@H]2CN2)n1.pickle,0,
qm9/CC1([C@H]2O[C@H]2C#N)CC1.pickle,0,
qm9/Cc1cnc(=O)oc1O.pickle,0,
qm9/O=C1CN=C([C@H]2CO2)N1.pickle,0,
qm9/CC(C)[C@@]1(C)C[C@H]2N[C@H]21.pickle,0,
qm9/N[C@@]1(C(=O)O)C[C@H]2C[C@H]21.pickle,0,
qm9/O=C1[C@@H]2O[C@H]3[C@@H]2[C@@H]2[C@H]3N12.pickle,0,
qm9/N#C[C@@]12C[C@@H]1O[C]([NH])O2.pickle,0,
qm9/CC[C@@]12CO[C@@H]1C2.pickle,0,
qm9/C#C[C@H]1[C@@H](O)CC12CC2.pickle,0,
qm9/CCn1cnn(C)c1=O.pickle,0,
qm9/CCc1coc(C)c1.pickle,0,
qm9/C#CC[C@@]12C[C@H]3[C@@H](C1)N32.pickle,0,
qm9/C[C@@]12C=C[C@@H](C#N)N1C2.pickle,0,
qm9/C1CN2[C@H]3[C@@H]4O[C@H]3[C@@]42C1.pickle,0,
qm9/ON=C1[C@H]2[C@H]3[C@H]4[C@@H]1N4[C@@H]23.pickle,0,
qm9/O=C1C=C[C@H]2CN[CH][C]12.pickle,0,
qm9/[NH]C1=C[CH]C(CO)=NO1.pickle,0,
qm9/C[C@H]1O[C@H]2[C@H]3N[C@H]3C[C@@H]12.pickle,0,
qm9/CO[C@@]12[C@H]3C[C@]1(O)C[C@H]32.pickle,0,
qm9/O=C[C@@]12OC[C@H]3[C@@H]1O[C@H]32.pickle,0,
qm9/CN=C(C)OC(N)=O.pickle,0,
qm9/CCOC1(C(N)=O)CC1.pickle,0,
qm9/CC[C@@H]1[C@H](C#N)[C@@H]1C#N.pickle,0,
qm9/CC[C@@H](OC)[C@H]1CN1C.pickle,0,
qm9/CN=C1N[C]([NH])C=NO1.pickle,0,
qm9/CO[C@@H]1C(=O)[C@@H]2OC[C@H]12.pickle,0,
qm9/C[C@]12[C@H](O[C@H]1CO)[C@@H]2O.pickle,0,
qm9/CCO[C@H]1OC[C@H]2N[C@H]21.pickle,0,
qm9/OC[C@H]1[C@H]2N1[C@H]1C[C@]12O.pickle,0,
qm9/N#C[C@@H]1[C@@H]2CC[C@H]1CO2.pickle,0,
qm9/C[C@@H](C#N)C(=O)[C@H]1CO1.pickle,0,
qm9/C#CCC1CCOCC1.pickle,0,
qm9/CC[C@@H]1[C@@H]2CC[C@@H]2[C@@H]1O.pickle,0,
qm9/O=C1NC[C@@]12OC[C@@H]2O.pickle,0,
qm9/Cc1cn2c(n1)CCC2.pickle,0,
qm9/C#CC1=CC([NH])=N[N]O1.pickle,0,
qm9/C[C@H]1CC=C[C@H]1O.pickle,0,
qm9/OCCO[C@H]1[C@H]2C[C@@H]1C2.pickle,0,
qm9/CCCOC(=O)[C@@H](C)N.pickle,0,
qm9/C[C@@]1(CC(=O)O)C[C@H]1N.pickle,0,
qm9/CC[C@@H](O)C1CCCC1.pickle,0,
qm9/ON=C1[C@H]2O[C@H]2C12CC2.pickle,0,
qm9/CC[C@@H]1[C]([NH])O[C@@H]1CO.pickle,0,
qm9/O=CCCn1nccn1.pickle,0,
qm9/C1OCC2(CC2)[C@@H]2C[C@H]12.pickle,0,
qm9/OC[C@@H](O)[C@H]1COCO1.pickle,0,
qm9/C[C@]12[C@@H]3C[C@H]1[C@@]2(C)CO3.pickle,0,
qm9/N#C[C@]1(O)[C@H]2NC=N[C@H]21.pickle,0,
qm9/N[C@@H](CCO)CC(=O)O.pickle,0,
qm9/C#CC[C@@]1(C)CO[C@@H]1C.pickle,0,
qm9/C#Cc1c[nH]cc1OC.pickle,0,
qm9/CN=C1O[C@H]2C[C@@H]1C2.pickle,0,
qm9/C[C@@H]1N[C@@H]1[C@H](O)[C@@H](C)O.pickle,0,
qm9/NC(=O)C(O)(CO)CO.pickle,0,
qm9/O=c1ccc(=O)[nH]nn1.pickle,0,
qm9/C#CC#C[C@H](O)CC.pickle,0,
qm9/CC1=C[C@H]2CO[C@H]2[C@H]1O.pickle,0,
qm9/CNc1ccoc1CO.pickle,0,
qm9/C[C@H]1CCO[C@H]1C.pickle,0,
qm9/CC[C@H]1[C@H]2CO[C@@]12C=O.pickle,0,
qm9/CC[C@H]1CC2(CC2)[C@H]1O.pickle,0,
qm9/CCN1[C@H]2[C@H]3[C@@H]1[C@H]1[C@@H]2N31.pickle,0,
qm9/C#CCN1C[C@H]1[C@H]1CN1.pickle,0,
qm9/CC#CC1=CO[C@H]([NH])N1.pickle,0,
qm9/C#C[C@]12CC[C@H]1O2.pickle,0,
qm9/C[C@]12[C@@H]3CO[C@H]1[C@@]2(O)C3.pickle,0,
qm9/N#CC1=CCN=COC1.pickle,0,
qm9/CC(=O)CCCCC=O.pickle,0,
qm9/O=C1C[C@@H]2C=CC[C@@H]2C1.pickle,0,
qm9/CN1[C@H]2[C@@H]3C(=O)[C@@]2(C)[C@@H]31.pickle,0,
qm9/C[C@H]1O[C@H]1C#N.pickle,0,
qm9/C[C@@]1(CCC=O)C[C@H]1O.pickle,0,
qm9/CC1=CCC(=NO)C1.pickle,0,
qm9/C.pickle,0,
qm9/NC(=O)CCC(=O)CO.pickle,0,
qm9/CC1(C)C(=O)NC12CC2.pickle,0,
qm9/Cn1ccc(C=O)c1O.pickle,0,
qm9/CCO[C@H]1OC[C@H]2C[C@H]21.pickle,0,
qm9/C1=C[C@]23C[C@H]2O[C@@H]3CC1.pickle,0,
qm9/CN(C)c1[nH]ccc1O.pickle,0,
qm9/N#CC[C@@H]1CCCC1=O.pickle,0,
qm9/C#C[C@@]1(O)C[C@@]1(C)C#N.pickle,0,
qm9/CN1CC(=O)[C@@]2(C)C[C@@H]12.pickle,0,
qm9/C#C[C@@]12C=C[C@H](O)[C@@H]1O2.pickle,0,
qm9/[CH]1CC[C@H]2CC[C]12.pickle,0,
qm9/COc1nn[nH]c1CN.pickle,0,
qm9/N#CCO[C@@H](C#N)CO.pickle,0,
qm9/N#CCc1nccnn1.pickle,0,
qm9/C[C@@H](O)C[C@@](C)(O)C=O.pickle,0,
qm9/CCC(=O)[C@@H]1[C@H](O)[C@@H]1O.pickle,0,
qm9/N#CC[C@]1(C=O)CCO1.pickle,0,
qm9/Nc1nn[nH]c(=O)c1F.pickle,0,
qm9/C[C@@H]1C(=O)C=C[C@@H]2O[C@@H]21.pickle,0,
qm9/O=CO[C@H]1C[C@H]2CO[C@H]21.pickle,0,
qm9/N#CC1=C[C@@H](CO)OC1.pickle,0,
qm9/CC[C@H]1C[C@@]12CO[C]2[NH].pickle,0,
qm9/C[C@]12OC[C@H]1OCC2=O.pickle,0,
qm9/CO[C@@]1(C)OC=N[C@H]1C.pickle,0,
qm9/O=C[C@H]1[C@H]2C[C@]3(CO3)[C@@H]12.pickle,0,
qm9/CC1=C(C)CC(=O)OC1.pickle,0,
qm9/CN=C1CCC2(CC2)O1.pickle,0,
qm9/CN1CC=CCCC1=O.pickle,0,
qm9/CC1(C)[C@H]2O[C@@H]1[C@@H]2C#N.pickle,0,
qm9/C[C@](O)(C=O)CO[CH][NH].pickle,0,
qm9/C#C[C@H](C)C(=O)NCC.pickle,0,
qm9/CC[C@@]1(OC)CN=CO1.pickle,0,
qm9/O=C1OC[C@@]12C[C@H]1CN12.pickle,0,
qm9/C#C[C@@H](CCC)OC.pickle,0,
qm9/COc1nc(N)c(C)o1.pickle,0,
qm9/C1CC1[C@@H]1[C@@H]2[C@@H]3O[C@@H]3[C@@H]21.pickle,0,
qm9/CCN(C=O)C(=O)C#N.pickle,0,
qm9/O[C@@]12COC13CN(C3)C2.pickle,0,
qm9/CCc1onc(O)c1N.pickle,0,
qm9/CNC[C@](N)(C#N)CO.pickle,0,
qm9/N#C[C@H](O)[C@H]1N[C@H]1C#N.pickle,0,
qm9/C#C[C@@]1(C)C[C@@]1(C)C=O.pickle,0,
qm9/C1O[C@@H]2O[C@@H]3[C@H]1N1[C@H]2[C@H]31.pickle,0,
qm9/C#C[C@@]12CCN1[C@@H]2C.pickle,0,
qm9/CN=C(C#N)OC1CC1.pickle,0,
qm9/C[C@]12CN1C[C@H]1O[C@H]12.pickle,0,
qm9/N=C(N)NC(=O)C(=N)N.pickle,0,
qm9/CC[C@]12[C@@H]3C[C@H]1N2C3.pickle,0,
qm9/N#CC[C@H]1CC[C@H]2N[C@@H]12.pickle,0,
qm9/CCN1N=CCC=C1[NH].pickle,0,
qm9/C#Cc1n[nH]nc1C#N.pickle,0,
qm9/C[C@@]1(c2cn[nH]c2)CO1.pickle,0,
qm9/CC#Cc1cnn(C)n1.pickle,0,
qm9/CC[C@@]1(O)CCO[C]1[NH].pickle,0,
qm9/N#CC1=C([NH])OC[CH]1.pickle,0,
qm9/C#C[C@H]1C[C@@](C)(C#C)C1.pickle,0,
qm9/OC[C@@]12[C@@H](O)[C@H]3[C@@H]1O[C@H]32.pickle,0,
qm9/N#C[C@H]1[C@H]2[C@H]3N[C@H]3CN12.pickle,0,
qm9/C[C@H]1C[C@@H]2[C@H]1CC2(C)C.pickle,0,
qm9/CO[C@H]1C[C@]1(C)NC=O.pickle,0,
qm9/O[C@@H]1[C@H](O)[C@]2(O)C[C@H]12.pickle,0,
qm9/CC(C)N1C[C@H]1C.pickle,0,
qm9/CC[C@@]1(C)C[C@]1(C)C#N.pickle,0,
qm9/OCC1CC1.pickle,0,
qm9/C#CCN=COCC.pickle,0,
qm9/Nc1noc(N2CC2)n1.pickle,0,
qm9/C[C@H]1[C@H]2C[C@@H]3[C@H]2CO[C@H]13.pickle,0,
qm9/N#CC[C@H]1[C@H]2CCC[C@@H]12.pickle,0,
qm9/C1C[C@H]2C[C@H]3C[C@@H](C1)[C@@H]23.pickle,0,
qm9/CN1[C@H]2C[C@]3(CN3)[C@]21C.pickle,0,
qm9/C[C@]12N[C@H]1C(=O)[C@@]21CO1.pickle,0,
qm9/N#C[C@@H]1C=C[C@H](O)[C@@H]1O.pickle,0,
qm9/CC(C)N=C(N)NC=O.pickle,0,
qm9/C[C@H]1O[C@@]12[C@H]1O[C@H]1[C@H]2C.pickle,0,
qm9/O[C@@]12[C@H]3N[C@@H]1[C@@H]1[C@H]3[C@@]12O.pickle,0,
qm9/CC[C@]12C[C@](O)(C1)[C@H]2C.pickle,0,
qm9/Cn1nc(O)c(N)c1N.pickle,0,
qm9/C[C@](O)(C#CC#N)CO.pickle,0,
qm9/CC1(C)C[C@H]2C[C@]21O.pickle,0,
qm9/CC1=C[C@H]2C[C@H]2CC=C1.pickle,0,
qm9/CC(C)CNCC(=O)O.pickle,0,
qm9/CC1=C(N)CNC1=O.pickle,0,
qm9/C[C@@H]1[C@@H]2C(=O)[C@@H]3C[C@H]1[C@H]23.pickle,0,
qm9/CC[C@@H]1C(=O)C[C@@H]1C.pickle,0,
qm9/[NH][C]1C=NNC(=O)C=N1.pickle,0,
qm9/C#Cc1cncnc1N.pickle,0,
qm9/CC(=O)c1cc(C)on1.pickle,0,
qm9/CC1=CC[C@H](C)[C@@H]2O[C@H]12.pickle,0,
qm9/CC[C@H]1[C@@H](C=O)N1CC.pickle,0,
qm9/CC1=C[C@]2(O)[C@H]3O[C@@H]2[C@@H]13.pickle,0,
qm9/CC(C)(C)NC(=N)C#N.pickle,0,
qm9/O=CCOCC(F)(F)F.pickle,0,
qm9/Cc1cc2occc2o1.pickle,0,
qm9/C[C@@]1(C(=O)N2CC2)CN1.pickle,0,
qm9/C1O[C@H]2O[C@@H]3[C@H]4N[C@@]13[C@@H]24.pickle,0,
qm9/C1C[C@H]2OC3(CC3)C[C@@H]12.pickle,0,
qm9/N#CC1(C#N)[C@H]2C[C@@H]1C2.pickle,0,
qm9/C[C@@H]1[C@H](O)C(=O)[C@@H]2O[C@@H]21.pickle,0,
qm9/C[C@H]1N[C@@]2(C#N)CN[C@@H]12.pickle,0,
qm9/C#CC(=O)[C@@H](C)[C@H]1CO1.pickle,0,
qm9/CCc1[nH]c(N)nc1O.pickle,0,
qm9/N#C[C@@H]1C[C@]12CC(=O)O2.pickle,0,
qm9/CC1=NO[C]([NH])NC1=O.pickle,0,
qm9/C[C@@]12C=C[C@H](CO)[C@@H]1O2.pickle,0,
qm9/N#C[C@]12CC[C@@H]3[C@H](C1)[C@@H]32.pickle,0,
qm9/C[C@]12CC3(CC3)C[C@H]1O2.pickle,0,
qm9/C[C@@]12OC(=O)[C@H]3[C@@H]1O[C@H]32.pickle,0,
qm9/CCCCC(=O)OCC.pickle,0,
qm9/C1=C[C@H]2C[C@H]2O[C@H]2C[C@@H]12.pickle,0,
qm9/CC1(C)CCC2(CC2)C1.pickle,0,
qm9/O[C@H]1CNc2nonc21.pickle,0,
qm9/C#Cc1[nH]ncc1CO.pickle,0,
qm9/C[C@@]1(O)[C@H]2CC=C[C@H]21.pickle,0,
qm9/C[C@@]1(O)[C@H]2CCC[C@]21O.pickle,0,
qm9/COCC[C@]12CC[C@H]1O2.pickle,0,
qm9/N#C[C@@]12[C@H]3CO[C@@H]1[C@@H]2O3.pickle,0,
qm9/c1nc(OC2CC2)n[nH]1.pickle,0,
qm9/C[C@@]1(C(F)(F)F)CCO1.pickle,0,
qm9/C[C@]12OC[C@H]1CC2=O.pickle,0,
qm9/c1[nH]nc2c1N1CC2C1.pickle,0,
qm9/CN1C[C@]1(CO)CC=O.pickle,0,
qm9/C[C@H]1CO[C@H]2C[C@@H]1C2.pickle,0,
qm9/O=C1[C@H]2OC[C@@]2(O)[C@H]1O.pickle,0,
qm9/[NH][C]1O[C@H]2CN[C@@H]12.pickle,0,
qm9/C[C@H]1COCCC[C@H]1O.pickle,0,
qm9/C1OC[C@@]23C[C@@H]1C[C@@H]2O3.pickle,0,
qm9/CN1C[C@@]12CC[C@@H](O)C2.pickle,0,
qm9/CC1(C)[C@H]2O[C@H]3C[C@H]3[C@H]21.pickle,0,
qm9/C[C@@]12OC[C@H]3[C@@H]1CC[C@H]32.pickle,0,
qm9/CC#C[C@H](C#N)C=O.pickle,0,
qm9/C#C[C@@]12[C@H]3C[C@]1(C)CN32.pickle,0,
qm9/C[N]C1=CC=N[N]O1.pickle,0,
qm9/C#C[C@H]1[C@@H]2C[C@H]1N2C=O.pickle,0,
qm9/C[C@]12[C@@H]3C[C@@]1(O)C[C@H]2O3.pickle,0,
qm9/C[C@H]1O[C@@H]2O[C@H]1[C@H]1N[C@H]12.pickle,0,
qm9/C[C@]12O[C@@]1(C#N)CC2=O.pickle,0,
qm9/CC[C@H]1O[C@H]1C1COC1.pickle,0,
qm9/O=C(C#CCO)[C@H]1CN1.pickle,0,
qm9/CC1=CC[C@@H](O)CC=C1.pickle,0,
qm9/CC[C@@]12C[C@H](CO)[C@@H]1C2.pickle,0,
qm9/O[C@]12CC[N][C]1NCC2.pickle,0,
qm9/Cc1cc(N)nc(O)n1.pickle,0,
qm9/CO[C@H]1O[C@@H]2C[C@H]1[C@H]2C.pickle,0,
qm9/[NH][C]1C[C@](C=O)(CO)O1.pickle,0,
qm9/CCN1C[C@@H](C)[C@H]1C#N.pickle,0,
qm9/CC#C[C@]1(COC)CO1.pickle,0,
qm9/CNCc1cc(=O)o[nH]1.pickle,0,
qm9/O=C1NCC[C@H](CO)O1.pickle,0,
qm9/CO[C@H]1C[C@](C)(C#N)C1.pickle,0,
qm9/OC[C@@]12[C@H]3[C@@H]4O[C@@H]([C@@H]41)[C@H]32.pickle,0,
qm9/Cc1nc(=O)cno1.pickle,0,
qm9/C#C[C@H]1[C@H]2[C@@H]3C=C[C@H]2N31.pickle,0,
qm9/[NH]C1=NC(F)=C(F)CN1.pickle,0,
qm9/C#C[C@H]1C[C@H]2C=C[C@@H]1O2.pickle,0,
qm9/C#C[C@H]1[C@@H](O)[C@@H]2[C@H](O)[C@H]12.pickle,0,
qm9/N#C[C@H](O)C12CN(C1)C2.pickle,0,
qm9/N#CC[C@H]1N[C@H]1[C@H]1CN1.pickle,0,
qm9/COC(=O)CC1COC1.pickle,0,
qm9/C#CC1=C[C@H]2C=C[C@@H]1C2.pickle,0,
qm9/O=C[C@]1(CO)NCC1=O.pickle,0,
qm9/C[C@@H](O)C[C@@](C)(N)C#N.pickle,0,
qm9/C[C@H]1CCC(=NO)[C@H]1O.pickle,0,
qm9/O=C1CN=COC12CC2.pickle,0,
qm9/CC#C[C@@H](C)C(C)=NO.pickle,0,
qm9/O=CC[C@@H]1C=CC(=O)N1.pickle,0,
qm9/c1cc2onnc2cn1.pickle,0,
qm9/C#CC(=O)[C@@H](C)C(N)=O.pickle,0,
qm9/CN(C)C(=O)[C@@H](O)C=O.pickle,0,
qm9/C[C@@H](C=O)[C@H](C=O)CO.pickle,0,
qm9/CC[C@H]1C[C@@]1(C#N)NC.pickle,0,
qm9/CN=c1[nH]nn[nH]c1=O.pickle,0,
qm9/CN1[C@H]2C[C@H]3C[C@H](O3)[C@H]21.pickle,0,
qm9/C#Cc1[nH]c(C)cc1N.pickle,0,
qm9/CCN[C@H](C=O)CC#N.pickle,0,
qm9/[NH][C]1C[C@H]2C=CC(=O)N12.pickle,0,
qm9/CC#C[C@H]1[C@@H](C)C[C@H]1O.pickle,0,
qm9/CCCCc1nnon1.pickle,0,
qm9/CO[C@@H](C)[C@@]1(O)C[C@H]1O.pickle,0,
qm9/CC1(C)CCC1=NO.pickle,0,
qm9/C[C@H]1CNC(=O)OC1.pickle,0,
qm9/CN=C1N[C@@H](C)[C@]1(C)O.pickle,0,
qm9/C1[C@@H]2O[C@H]1c1nonc12.pickle,0,
qm9/C[C@@H](O)C(=O)C(F)(F)F.pickle,0,
qm9/C[C@H]1CO[C]([NH])O[C@H]1C.pickle,0,
qm9/N=C(N)n1nnnn1.pickle,0,
qm9/NCc1nnn[nH]1.pickle,0,
qm9/CC(C)c1ncnnn1.pickle,0,
qm9/CO[C@H]1[C@H]2OCO[C@@]12C.pickle,0,
qm9/C#CCO[C@@H](C)CC#N.pickle,0,
qm9/C[C@@H](CC#N)N(C)C=O.pickle,0,
qm9/OCC1=NC[C@H]2CCN12.pickle,0,
qm9/CCN1C[C@@H](C)CC1=O.pickle,0,
qm9/C#Cc1nc(CC)no1.pickle,0,
qm9/CC(=N)NC(=O)[C@H]1CN1.pickle,0,
qm9/C[C@H]1C=C[C@]2(CN2)C1=O.pickle,0,
qm9/C[C@]12OC[C@H]1[C@H]2NC=O.pickle,0,
qm9/C[C@H]1N[C@]12C[C@@H](C=O)C2.pickle,0,
qm9/CC[C@]12C[C@H]1N=C(C)O2.pickle,0,
qm9/O=C1OC[C@H]2N3CC12C3.pickle,0,
qm9/C1=C[C@@H]2[C@@H]3[C@H]1[C@]21OC[C@@H]31.pickle,0,
qm9/O=C[C@@]12[C@H]3[C@@H]4O[C@@H]([C@@H]41)[C@H]32.pickle,0,
qm9/C[C@@H](O)[C@H]1CC=CC1=O.pickle,0,
qm9/C[C@@]12C[C@@]3(O)C[C@]1(O)[C@@H]23.pickle,0,
qm9/O=CC(=O)[C@@H]1CN1C=O.pickle,0,
qm9/C1C[C@H]2C[C@@H]3C[C@H]2[C@@H]3O1.pickle,0,
qm9/CNC(=O)C1CC(=O)C1.pickle,0,
qm9/ON=C1C=CCOCC1.pickle,0,
qm9/N#C[C@]1(O)CCCNC1.pickle,0,
qm9/CC[C@H]1COCC(=O)N1.pickle,0,
qm9/C1C[C@]2(C[C@H]3O[C@H]32)O1.pickle,0,
qm9/CC(C)[C@@]1(O)C[C@H]1C#N.pickle,0,
qm9/C1CO[C@]23C[C@H]2O[C]3[N]1.pickle,0,
qm9/C1=Nc2onnc2CO1.pickle,0,
qm9/N#Cc1coc(=O)o1.pickle,0,
qm9/CN1[C@]2(C)C[C@@]1(C=O)C2.pickle,0,
qm9/OCC[C@H]1CCN=CO1.pickle,0,
qm9/CC#CCOC1(C)CC1.pickle,0,
qm9/CCC#Cc1cocn1.pickle,0,
qm9/C[C@@H]1C(=O)N[C@@H]1CO.pickle,0,
qm9/C#C[C@@H](O)C[C@H]1CO1.pickle,0,
qm9/CC1(C)[C@H]2[C@H]3[C@@H]4[C@H]3[C@H]2[C@@H]41.pickle,0,
qm9/CCCOc1nc[nH]n1.pickle,0,
qm9/C[C@@H](O)[C@]1(O)C[C@H](C)C1.pickle,0,
qm9/C#CC[C@@H]1CN=COC1.pickle,0,
qm9/C[C@H]1CO[C@@H](CC=O)O1.pickle,0,
qm9/C[C@H]1CCCO[C]1[NH].pickle,0,
qm9/CN1[C@H]2CNC[C@]21C#N.pickle,0,
qm9/O[C@@]12C=C[C@H]3O[C@@H]1C[C@H]32.pickle,0,
qm9/C[C@@H](O)C12CC(C1)C2.pickle,0,
qm9/C1CN1[C@H]1[C@H]2[C@@H]3O[C@H]2[C@@H]31.pickle,0,
qm9/C[C@@H](O)[C@@H](O)CCC=O.pickle,0,
qm9/CC#C[C@]1(CC)N[C@H]1C.pickle,0,
qm9/O[C@H]1CCC=C1[C@H]1CO1.pickle,0,
qm9/CCOC(=O)[C@@H](O)CC.pickle,0,
qm9/CNc1nc(C)n[nH]1.pickle,0,
qm9/C1C[C@H]2N[C@H]2COCO1.pickle,0,
qm9/N#CCCOCCC#N.pickle,0,
qm9/NC=Nc1cc(N)co1.pickle,0,
qm9/ON=C1[C@H]2C[C@H]2C[C@H]1O.pickle,0,
qm9/CCCCC1=CCCC1.pickle,0,
qm9/COCCC[C@@H](O)C=O.pickle,0,
qm9/C#CC#C[C@H](C=O)OC.pickle,0,
qm9/N[C@H]1COc2nnoc21.pickle,0,
qm9/c1noc2c1COCC2.pickle,0,
qm9/C#CCCCC(=O)C=O.pickle,0,
qm9/C[C@H]1C[C@H]2O[C@H]3C[C@@H]1[C@H]32.pickle,0,
qm9/O[C@]12CC[C@H]1N=COC2.pickle,0,
qm9/CC[C@H]1OC[C@H]1OC=O.pickle,0,
qm9/C#Cc1coc(N)c1N.pickle,0,
qm9/N#C[C@@H]1CCCC[C@@H]1O.pickle,0,
qm9/C1=C2CC[C@@H]2C[C@@H]2O[C@H]12.pickle,0,
qm9/C[C@]12OC[C@H]1[C@H]2CC=O.pickle,0,
qm9/C#CCNC(=O)C=O.pickle,0,
qm9/C[C@H]1OC[C@H]1C(N)=O.pickle,0,
qm9/COCC1=CCNC1=O.pickle,0,
qm9/CCO[C@]12C[C@@H]3[C@H]1[C@@H]3C2.pickle,0,
qm9/N#CC[C@@]12CC(=O)[C@@H]1C2.pickle,0,
qm9/N#N.O=C=NC(=O)CO.pickle,0,RDKit molecule import failed (ValueError): IMPORT_MOLECULE: The imported structure contains disconnected fragments. SCOPE Molecule objects must represent a single connected molecule.
qm9/C1[C@H]2O[C@]34C[C@H](C3)[C@@H]1[C@@H]24.pickle,0,
qm9/CNc1ccnoc1=O.pickle,0,
qm9/COC(C)(C)[C@@]1(C)CO1.pickle,0,
qm9/C[C@]12C[C@]([C@H]3CO3)(C1)C2.pickle,0,
qm9/CC(C)(C)C(=O)C1CC1.pickle,0,
qm9/C[C@H]1C=C[C@@H]([C@@H](C)O)O1.pickle,0,
qm9/CC(=O)CCN1C[C@@H]1C.pickle,0,
qm9/N1[C@@H]2[C@@H]3[C@H]4[C@@H]5O[C@@]4([C@H]12)[C@@H]53.pickle,0,
qm9/C#CC1=C(C)[C@@H]2O[C@@H]2C1.pickle,0,
qm9/C#CC1(C#C)C2CN1C2.pickle,0,
qm9/C[C@]1(O)[C@H]2CC[C@@H]1CC2.pickle,0,
qm9/C#C[C@@]12C[C@H]3[C@@H]1N(C)[C@H]32.pickle,0,
qm9/N#CC(=N)NCCO.pickle,0,
qm9/CC(C)(C)[C@H]1CN1C=O.pickle,0,
qm9/C[C@]12N[C@@H]3[C@@]1(O)C[C@@]32O.pickle,0,
qm9/C#C[C@@H](O)C[C@H]1CN1.pickle,0,
qm9/C#C[C@@H]1O[C@H](C)[C@@H]2O[C@H]12.pickle,0,
qm9/C[C@@]12C[C@@H](O)[C@H]3CN1[C@H]32.pickle,0,
qm9/[CH]1[C]2CC[C@@H]2O[C@@H]2C[C@H]12.pickle,0,
qm9/CC1=C[C@H]2N[C@@]2(C)C1.pickle,0,
qm9/C#CC[C@@]12CC[C@@H]1[C@@H]2O.pickle,0,
qm9/COC1(CO)COC1.pickle,0,
qm9/C#C[C@@H]1[C@H](CC)[C@@]1(C)O.pickle,0,
qm9/C#C[C@]1(C#N)C[C@@H]1CC.pickle,0,
qm9/CN(C)Cc1ncon1.pickle,0,
qm9/N#Cc1nocc1CO.pickle,0,
qm9/CC1(CCC#N)CC1.pickle,0,
qm9/C#C[C@@H]1O[C@@H]1C(C)C.pickle,0,
qm9/CCCC(=O)C1CCC1.pickle,0,
qm9/CO[C@]12C[C@H](O)[C@H](C1)C2.pickle,0,
qm9/CC[C@@H](COC)N1CC1.pickle,0,
qm9/C[C@H]1[C@@H](CO)N[C@H]1C#N.pickle,0,
qm9/CCNc1[nH]ncc1C.pickle,0,
qm9/O[C@]12CC[C@@H]3[C@@H]4[C@H]1[C@H]2[C@@H]43.pickle,0,
qm9/CC1(C)CCC[C@@]12CO2.pickle,0,
qm9/C[C@@H](C=O)[C@@H](O)C#N.pickle,0,
qm9/O[C@H]1C[CH][C]2CO[C@H]21.pickle,0,
qm9/C[C@@H](O)[C@H]1CC[C@H]1C#N.pickle,0,
qm9/C#CCC(C)C.pickle,0,
qm9/C[C@@H](O)[C@H]1C[C@H]1CCO.pickle,0,
qm9/CO[C@H]1[C@@H]2C=C(C)[C@H]1O2.pickle,0,
qm9/CC(=O)[C@H]1CN1CC#N.pickle,0,
qm9/Cc1c(CO)noc1N.pickle,0,
qm9/C[C@@]12CC[C@@H](O1)[C@H]2C=O.pickle,0,
qm9/Cc1nc(N)oc1N.pickle,0,
qm9/COc1cnc2n1CC2.pickle,0,
qm9/C#C[C@H](O)C(=O)CC.pickle,0,
qm9/COC(=O)N1CCC1=O.pickle,0,
qm9/O=C(C1CC1)C1COC1.pickle,0,
qm9/O=C[C@]12C[C@@]1(O)CC2=O.pickle,0,
qm9/C#C[C@H]1COC[C@H](C)O1.pickle,0,
qm9/C1=CCC2=CO[C@@H]2C=C1.pickle,0,
qm9/CCO[C]([NH])CNC=O.pickle,0,
qm9/CCC[C@]12OC[C@H]1[C@H]2C.pickle,0,
qm9/C[C@]12O[C@H]1[C@H]1CO[C@H]12.pickle,0,
qm9/O=CC(=O)[C@]12CC[C@H]1O2.pickle,0,
qm9/C#CC(=O)N1C[C@H]1C#C.pickle,0,
qm9/C#C[C@H](C#N)C[C@H]1CO1.pickle,0,
qm9/C[C@H]1[C@H]2C[C@]1(C)C(=O)N2.pickle,0,
